
         /\      Grafana   /‾‾/  
    /\  /  \     |\  __   /  /   
   /  \/    \    | |/ /  /   ‾‾\ 
  /          \   |   (  |  (‾)  |
 / __________ \  |_|\_\  \_____/ 


     execution: local
        script: /scripts/scenario.js
        output: -

     scenarios: (100.00%) 12 scenarios, 240 max VUs, 4m30s max duration (incl. graceful stop):
              * workload_01_binance: Up to 20 looping VUs for 4m30s over 4 stages (gracefulRampDown: 0s, exec: tenantWorkload, gracefulStop: 5s)
              * workload_02_datadog: Up to 20 looping VUs for 4m30s over 4 stages (gracefulRampDown: 0s, exec: tenantWorkload, gracefulStop: 5s)
              * workload_03_ibm: Up to 20 looping VUs for 4m30s over 4 stages (gracefulRampDown: 0s, exec: tenantWorkload, gracefulStop: 5s)
              * workload_04_intel: Up to 20 looping VUs for 4m30s over 4 stages (gracefulRampDown: 0s, exec: tenantWorkload, gracefulStop: 5s)
              * workload_05_mongo: Up to 20 looping VUs for 4m30s over 4 stages (gracefulRampDown: 0s, exec: tenantWorkload, gracefulStop: 5s)
              * workload_06_oracle: Up to 20 looping VUs for 4m30s over 4 stages (gracefulRampDown: 0s, exec: tenantWorkload, gracefulStop: 5s)
              * workload_07_qualcomm: Up to 20 looping VUs for 4m30s over 4 stages (gracefulRampDown: 0s, exec: tenantWorkload, gracefulStop: 5s)
              * workload_08_salesforce: Up to 20 looping VUs for 4m30s over 4 stages (gracefulRampDown: 0s, exec: tenantWorkload, gracefulStop: 5s)
              * workload_09_sap: Up to 20 looping VUs for 4m30s over 4 stages (gracefulRampDown: 0s, exec: tenantWorkload, gracefulStop: 5s)
              * workload_10_shopify: Up to 20 looping VUs for 4m30s over 4 stages (gracefulRampDown: 0s, exec: tenantWorkload, gracefulStop: 5s)
              * workload_11_stripe: Up to 20 looping VUs for 4m30s over 4 stages (gracefulRampDown: 0s, exec: tenantWorkload, gracefulStop: 5s)
              * workload_12_twilio: Up to 20 looping VUs for 4m30s over 4 stages (gracefulRampDown: 0s, exec: tenantWorkload, gracefulStop: 5s)


running (0m00.6s), 000/240 VUs, 0 complete and 0 interrupted iterations
workload_01_binance      [   0% ] 00/20 VUs  0m00.6s/4m30.0s
workload_02_datadog      [   0% ] 00/20 VUs  0m00.6s/4m30.0s
workload_03_ibm          [   0% ] 00/20 VUs  0m00.6s/4m30.0s
workload_04_intel        [   0% ] 00/20 VUs  0m00.6s/4m30.0s
workload_05_mongo        [   0% ] 00/20 VUs  0m00.6s/4m30.0s
workload_06_oracle       [   0% ] 00/20 VUs  0m00.6s/4m30.0s
workload_07_qualcomm     [   0% ] 00/20 VUs  0m00.6s/4m30.0s
workload_08_salesforce   [   0% ] 00/20 VUs  0m00.6s/4m30.0s
workload_09_sap          [   0% ] 00/20 VUs  0m00.6s/4m30.0s
workload_10_shopify      [   0% ] 00/20 VUs  0m00.6s/4m30.0s
workload_11_stripe       [   0% ] 00/20 VUs  0m00.6s/4m30.0s
workload_12_twilio       [   0% ] 00/20 VUs  0m00.6s/4m30.0s

running (0m01.6s), 012/240 VUs, 0 complete and 0 interrupted iterations
workload_01_binance      [   1% ] 01/20 VUs  0m01.6s/4m30.0s
workload_02_datadog      [   1% ] 01/20 VUs  0m01.6s/4m30.0s
workload_03_ibm          [   1% ] 01/20 VUs  0m01.6s/4m30.0s
workload_04_intel        [   1% ] 01/20 VUs  0m01.6s/4m30.0s
workload_05_mongo        [   1% ] 01/20 VUs  0m01.6s/4m30.0s
workload_06_oracle       [   1% ] 01/20 VUs  0m01.6s/4m30.0s
workload_07_qualcomm     [   1% ] 01/20 VUs  0m01.6s/4m30.0s
workload_08_salesforce   [   1% ] 01/20 VUs  0m01.6s/4m30.0s
workload_09_sap          [   1% ] 01/20 VUs  0m01.6s/4m30.0s
workload_10_shopify      [   1% ] 01/20 VUs  0m01.6s/4m30.0s
workload_11_stripe       [   1% ] 01/20 VUs  0m01.6s/4m30.0s
workload_12_twilio       [   1% ] 01/20 VUs  0m01.6s/4m30.0s

running (0m02.6s), 012/240 VUs, 8 complete and 0 interrupted iterations
workload_01_binance      [   1% ] 01/20 VUs  0m02.6s/4m30.0s
workload_02_datadog      [   1% ] 01/20 VUs  0m02.6s/4m30.0s
workload_03_ibm          [   1% ] 01/20 VUs  0m02.6s/4m30.0s
workload_04_intel        [   1% ] 01/20 VUs  0m02.6s/4m30.0s
workload_05_mongo        [   1% ] 01/20 VUs  0m02.6s/4m30.0s
workload_06_oracle       [   1% ] 01/20 VUs  0m02.6s/4m30.0s
workload_07_qualcomm     [   1% ] 01/20 VUs  0m02.6s/4m30.0s
workload_08_salesforce   [   1% ] 01/20 VUs  0m02.6s/4m30.0s
workload_09_sap          [   1% ] 01/20 VUs  0m02.6s/4m30.0s
workload_10_shopify      [   1% ] 01/20 VUs  0m02.6s/4m30.0s
workload_11_stripe       [   1% ] 01/20 VUs  0m02.6s/4m30.0s
workload_12_twilio       [   1% ] 01/20 VUs  0m02.6s/4m30.0s

running (0m03.6s), 024/240 VUs, 35 complete and 0 interrupted iterations
workload_01_binance      [   1% ] 02/20 VUs  0m03.6s/4m30.0s
workload_02_datadog      [   1% ] 02/20 VUs  0m03.6s/4m30.0s
workload_03_ibm          [   1% ] 02/20 VUs  0m03.6s/4m30.0s
workload_04_intel        [   1% ] 02/20 VUs  0m03.6s/4m30.0s
workload_05_mongo        [   1% ] 02/20 VUs  0m03.6s/4m30.0s
workload_06_oracle       [   1% ] 02/20 VUs  0m03.6s/4m30.0s
workload_07_qualcomm     [   1% ] 02/20 VUs  0m03.6s/4m30.0s
workload_08_salesforce   [   1% ] 02/20 VUs  0m03.6s/4m30.0s
workload_09_sap          [   1% ] 02/20 VUs  0m03.6s/4m30.0s
workload_10_shopify      [   1% ] 02/20 VUs  0m03.6s/4m30.0s
workload_11_stripe       [   1% ] 02/20 VUs  0m03.6s/4m30.0s
workload_12_twilio       [   1% ] 02/20 VUs  0m03.6s/4m30.0s

running (0m04.6s), 036/240 VUs, 69 complete and 0 interrupted iterations
workload_01_binance      [   2% ] 03/20 VUs  0m04.6s/4m30.0s
workload_02_datadog      [   2% ] 03/20 VUs  0m04.6s/4m30.0s
workload_03_ibm          [   2% ] 03/20 VUs  0m04.6s/4m30.0s
workload_04_intel        [   2% ] 03/20 VUs  0m04.6s/4m30.0s
workload_05_mongo        [   2% ] 03/20 VUs  0m04.6s/4m30.0s
workload_06_oracle       [   2% ] 03/20 VUs  0m04.6s/4m30.0s
workload_07_qualcomm     [   2% ] 03/20 VUs  0m04.6s/4m30.0s
workload_08_salesforce   [   2% ] 03/20 VUs  0m04.6s/4m30.0s
workload_09_sap          [   2% ] 03/20 VUs  0m04.6s/4m30.0s
workload_10_shopify      [   2% ] 03/20 VUs  0m04.6s/4m30.0s
workload_11_stripe       [   2% ] 03/20 VUs  0m04.6s/4m30.0s
workload_12_twilio       [   2% ] 03/20 VUs  0m04.6s/4m30.0s

running (0m05.6s), 036/240 VUs, 106 complete and 0 interrupted iterations
workload_01_binance      [   2% ] 03/20 VUs  0m05.6s/4m30.0s
workload_02_datadog      [   2% ] 03/20 VUs  0m05.6s/4m30.0s
workload_03_ibm          [   2% ] 03/20 VUs  0m05.6s/4m30.0s
workload_04_intel        [   2% ] 03/20 VUs  0m05.6s/4m30.0s
workload_05_mongo        [   2% ] 03/20 VUs  0m05.6s/4m30.0s
workload_06_oracle       [   2% ] 03/20 VUs  0m05.6s/4m30.0s
workload_07_qualcomm     [   2% ] 03/20 VUs  0m05.6s/4m30.0s
workload_08_salesforce   [   2% ] 03/20 VUs  0m05.6s/4m30.0s
workload_09_sap          [   2% ] 03/20 VUs  0m05.6s/4m30.0s
workload_10_shopify      [   2% ] 03/20 VUs  0m05.6s/4m30.0s
workload_11_stripe       [   2% ] 03/20 VUs  0m05.6s/4m30.0s
workload_12_twilio       [   2% ] 03/20 VUs  0m05.6s/4m30.0s

running (0m06.6s), 048/240 VUs, 174 complete and 0 interrupted iterations
workload_01_binance      [   2% ] 04/20 VUs  0m06.6s/4m30.0s
workload_02_datadog      [   2% ] 04/20 VUs  0m06.6s/4m30.0s
workload_03_ibm          [   2% ] 04/20 VUs  0m06.6s/4m30.0s
workload_04_intel        [   2% ] 04/20 VUs  0m06.6s/4m30.0s
workload_05_mongo        [   2% ] 04/20 VUs  0m06.6s/4m30.0s
workload_06_oracle       [   2% ] 04/20 VUs  0m06.6s/4m30.0s
workload_07_qualcomm     [   2% ] 04/20 VUs  0m06.6s/4m30.0s
workload_08_salesforce   [   2% ] 04/20 VUs  0m06.6s/4m30.0s
workload_09_sap          [   2% ] 04/20 VUs  0m06.6s/4m30.0s
workload_10_shopify      [   2% ] 04/20 VUs  0m06.6s/4m30.0s
workload_11_stripe       [   2% ] 04/20 VUs  0m06.6s/4m30.0s
workload_12_twilio       [   2% ] 04/20 VUs  0m06.6s/4m30.0s

running (0m07.6s), 060/240 VUs, 249 complete and 0 interrupted iterations
workload_01_binance      [   3% ] 05/20 VUs  0m07.6s/4m30.0s
workload_02_datadog      [   3% ] 05/20 VUs  0m07.6s/4m30.0s
workload_03_ibm          [   3% ] 05/20 VUs  0m07.6s/4m30.0s
workload_04_intel        [   3% ] 05/20 VUs  0m07.6s/4m30.0s
workload_05_mongo        [   3% ] 05/20 VUs  0m07.6s/4m30.0s
workload_06_oracle       [   3% ] 05/20 VUs  0m07.6s/4m30.0s
workload_07_qualcomm     [   3% ] 05/20 VUs  0m07.6s/4m30.0s
workload_08_salesforce   [   3% ] 05/20 VUs  0m07.6s/4m30.0s
workload_09_sap          [   3% ] 05/20 VUs  0m07.6s/4m30.0s
workload_10_shopify      [   3% ] 05/20 VUs  0m07.6s/4m30.0s
workload_11_stripe       [   3% ] 05/20 VUs  0m07.6s/4m30.0s
workload_12_twilio       [   3% ] 05/20 VUs  0m07.6s/4m30.0s

running (0m08.6s), 060/240 VUs, 315 complete and 0 interrupted iterations
workload_01_binance      [   3% ] 05/20 VUs  0m08.6s/4m30.0s
workload_02_datadog      [   3% ] 05/20 VUs  0m08.6s/4m30.0s
workload_03_ibm          [   3% ] 05/20 VUs  0m08.6s/4m30.0s
workload_04_intel        [   3% ] 05/20 VUs  0m08.6s/4m30.0s
workload_05_mongo        [   3% ] 05/20 VUs  0m08.6s/4m30.0s
workload_06_oracle       [   3% ] 05/20 VUs  0m08.6s/4m30.0s
workload_07_qualcomm     [   3% ] 05/20 VUs  0m08.6s/4m30.0s
workload_08_salesforce   [   3% ] 05/20 VUs  0m08.6s/4m30.0s
workload_09_sap          [   3% ] 05/20 VUs  0m08.6s/4m30.0s
workload_10_shopify      [   3% ] 05/20 VUs  0m08.6s/4m30.0s
workload_11_stripe       [   3% ] 05/20 VUs  0m08.6s/4m30.0s
workload_12_twilio       [   3% ] 05/20 VUs  0m08.6s/4m30.0s

running (0m09.6s), 072/240 VUs, 419 complete and 0 interrupted iterations
workload_01_binance      [   4% ] 06/20 VUs  0m09.6s/4m30.0s
workload_02_datadog      [   4% ] 06/20 VUs  0m09.6s/4m30.0s
workload_03_ibm          [   4% ] 06/20 VUs  0m09.6s/4m30.0s
workload_04_intel        [   4% ] 06/20 VUs  0m09.6s/4m30.0s
workload_05_mongo        [   4% ] 06/20 VUs  0m09.6s/4m30.0s
workload_06_oracle       [   4% ] 06/20 VUs  0m09.6s/4m30.0s
workload_07_qualcomm     [   4% ] 06/20 VUs  0m09.6s/4m30.0s
workload_08_salesforce   [   4% ] 06/20 VUs  0m09.6s/4m30.0s
workload_09_sap          [   4% ] 06/20 VUs  0m09.6s/4m30.0s
workload_10_shopify      [   4% ] 06/20 VUs  0m09.6s/4m30.0s
workload_11_stripe       [   4% ] 06/20 VUs  0m09.6s/4m30.0s
workload_12_twilio       [   4% ] 06/20 VUs  0m09.6s/4m30.0s

running (0m10.6s), 084/240 VUs, 504 complete and 0 interrupted iterations
workload_01_binance      [   4% ] 07/20 VUs  0m10.6s/4m30.0s
workload_02_datadog      [   4% ] 07/20 VUs  0m10.6s/4m30.0s
workload_03_ibm          [   4% ] 07/20 VUs  0m10.6s/4m30.0s
workload_04_intel        [   4% ] 07/20 VUs  0m10.6s/4m30.0s
workload_05_mongo        [   4% ] 07/20 VUs  0m10.6s/4m30.0s
workload_06_oracle       [   4% ] 07/20 VUs  0m10.6s/4m30.0s
workload_07_qualcomm     [   4% ] 07/20 VUs  0m10.6s/4m30.0s
workload_08_salesforce   [   4% ] 07/20 VUs  0m10.6s/4m30.0s
workload_09_sap          [   4% ] 07/20 VUs  0m10.6s/4m30.0s
workload_10_shopify      [   4% ] 07/20 VUs  0m10.6s/4m30.0s
workload_11_stripe       [   4% ] 07/20 VUs  0m10.6s/4m30.0s
workload_12_twilio       [   4% ] 07/20 VUs  0m10.6s/4m30.0s

running (0m11.6s), 084/240 VUs, 609 complete and 0 interrupted iterations
workload_01_binance      [   4% ] 07/20 VUs  0m11.6s/4m30.0s
workload_02_datadog      [   4% ] 07/20 VUs  0m11.6s/4m30.0s
workload_03_ibm          [   4% ] 07/20 VUs  0m11.6s/4m30.0s
workload_04_intel        [   4% ] 07/20 VUs  0m11.6s/4m30.0s
workload_05_mongo        [   4% ] 07/20 VUs  0m11.6s/4m30.0s
workload_06_oracle       [   4% ] 07/20 VUs  0m11.6s/4m30.0s
workload_07_qualcomm     [   4% ] 07/20 VUs  0m11.6s/4m30.0s
workload_08_salesforce   [   4% ] 07/20 VUs  0m11.6s/4m30.0s
workload_09_sap          [   4% ] 07/20 VUs  0m11.6s/4m30.0s
workload_10_shopify      [   4% ] 07/20 VUs  0m11.6s/4m30.0s
workload_11_stripe       [   4% ] 07/20 VUs  0m11.6s/4m30.0s
workload_12_twilio       [   4% ] 07/20 VUs  0m11.6s/4m30.0s

running (0m12.6s), 096/240 VUs, 743 complete and 0 interrupted iterations
workload_01_binance      [   5% ] 08/20 VUs  0m12.6s/4m30.0s
workload_02_datadog      [   5% ] 08/20 VUs  0m12.6s/4m30.0s
workload_03_ibm          [   5% ] 08/20 VUs  0m12.6s/4m30.0s
workload_04_intel        [   5% ] 08/20 VUs  0m12.6s/4m30.0s
workload_05_mongo        [   5% ] 08/20 VUs  0m12.6s/4m30.0s
workload_06_oracle       [   5% ] 08/20 VUs  0m12.6s/4m30.0s
workload_07_qualcomm     [   5% ] 08/20 VUs  0m12.6s/4m30.0s
workload_08_salesforce   [   5% ] 08/20 VUs  0m12.6s/4m30.0s
workload_09_sap          [   5% ] 08/20 VUs  0m12.6s/4m30.0s
workload_10_shopify      [   5% ] 08/20 VUs  0m12.6s/4m30.0s
workload_11_stripe       [   5% ] 08/20 VUs  0m12.6s/4m30.0s
workload_12_twilio       [   5% ] 08/20 VUs  0m12.6s/4m30.0s

running (0m13.6s), 108/240 VUs, 847 complete and 0 interrupted iterations
workload_01_binance      [   5% ] 09/20 VUs  0m13.6s/4m30.0s
workload_02_datadog      [   5% ] 09/20 VUs  0m13.6s/4m30.0s
workload_03_ibm          [   5% ] 09/20 VUs  0m13.6s/4m30.0s
workload_04_intel        [   5% ] 09/20 VUs  0m13.6s/4m30.0s
workload_05_mongo        [   5% ] 09/20 VUs  0m13.6s/4m30.0s
workload_06_oracle       [   5% ] 09/20 VUs  0m13.6s/4m30.0s
workload_07_qualcomm     [   5% ] 09/20 VUs  0m13.6s/4m30.0s
workload_08_salesforce   [   5% ] 09/20 VUs  0m13.6s/4m30.0s
workload_09_sap          [   5% ] 09/20 VUs  0m13.6s/4m30.0s
workload_10_shopify      [   5% ] 09/20 VUs  0m13.6s/4m30.0s
workload_11_stripe       [   5% ] 09/20 VUs  0m13.6s/4m30.0s
workload_12_twilio       [   5% ] 09/20 VUs  0m13.6s/4m30.0s

running (0m14.6s), 108/240 VUs, 984 complete and 0 interrupted iterations
workload_01_binance      [   5% ] 09/20 VUs  0m14.6s/4m30.0s
workload_02_datadog      [   5% ] 09/20 VUs  0m14.6s/4m30.0s
workload_03_ibm          [   5% ] 09/20 VUs  0m14.6s/4m30.0s
workload_04_intel        [   5% ] 09/20 VUs  0m14.6s/4m30.0s
workload_05_mongo        [   5% ] 09/20 VUs  0m14.6s/4m30.0s
workload_06_oracle       [   5% ] 09/20 VUs  0m14.6s/4m30.0s
workload_07_qualcomm     [   5% ] 09/20 VUs  0m14.6s/4m30.0s
workload_08_salesforce   [   5% ] 09/20 VUs  0m14.6s/4m30.0s
workload_09_sap          [   5% ] 09/20 VUs  0m14.6s/4m30.0s
workload_10_shopify      [   5% ] 09/20 VUs  0m14.6s/4m30.0s
workload_11_stripe       [   5% ] 09/20 VUs  0m14.6s/4m30.0s
workload_12_twilio       [   5% ] 09/20 VUs  0m14.6s/4m30.0s

running (0m15.6s), 120/240 VUs, 1153 complete and 0 interrupted iterations
workload_01_binance      [   6% ] 10/20 VUs  0m15.6s/4m30.0s
workload_02_datadog      [   6% ] 10/20 VUs  0m15.6s/4m30.0s
workload_03_ibm          [   6% ] 10/20 VUs  0m15.6s/4m30.0s
workload_04_intel        [   6% ] 10/20 VUs  0m15.6s/4m30.0s
workload_05_mongo        [   6% ] 10/20 VUs  0m15.6s/4m30.0s
workload_06_oracle       [   6% ] 10/20 VUs  0m15.6s/4m30.0s
workload_07_qualcomm     [   6% ] 10/20 VUs  0m15.6s/4m30.0s
workload_08_salesforce   [   6% ] 10/20 VUs  0m15.6s/4m30.0s
workload_09_sap          [   6% ] 10/20 VUs  0m15.6s/4m30.0s
workload_10_shopify      [   6% ] 10/20 VUs  0m15.6s/4m30.0s
workload_11_stripe       [   6% ] 10/20 VUs  0m15.6s/4m30.0s
workload_12_twilio       [   6% ] 10/20 VUs  0m15.6s/4m30.0s

running (0m16.6s), 132/240 VUs, 1276 complete and 0 interrupted iterations
workload_01_binance      [   6% ] 11/20 VUs  0m16.6s/4m30.0s
workload_02_datadog      [   6% ] 11/20 VUs  0m16.6s/4m30.0s
workload_03_ibm          [   6% ] 11/20 VUs  0m16.6s/4m30.0s
workload_04_intel        [   6% ] 11/20 VUs  0m16.6s/4m30.0s
workload_05_mongo        [   6% ] 11/20 VUs  0m16.6s/4m30.0s
workload_06_oracle       [   6% ] 11/20 VUs  0m16.6s/4m30.0s
workload_07_qualcomm     [   6% ] 11/20 VUs  0m16.6s/4m30.0s
workload_08_salesforce   [   6% ] 11/20 VUs  0m16.6s/4m30.0s
workload_09_sap          [   6% ] 11/20 VUs  0m16.6s/4m30.0s
workload_10_shopify      [   6% ] 11/20 VUs  0m16.6s/4m30.0s
workload_11_stripe       [   6% ] 11/20 VUs  0m16.6s/4m30.0s
workload_12_twilio       [   6% ] 11/20 VUs  0m16.6s/4m30.0s

running (0m17.6s), 132/240 VUs, 1453 complete and 0 interrupted iterations
workload_01_binance      [   7% ] 11/20 VUs  0m17.6s/4m30.0s
workload_02_datadog      [   7% ] 11/20 VUs  0m17.6s/4m30.0s
workload_03_ibm          [   7% ] 11/20 VUs  0m17.6s/4m30.0s
workload_04_intel        [   7% ] 11/20 VUs  0m17.6s/4m30.0s
workload_05_mongo        [   7% ] 11/20 VUs  0m17.6s/4m30.0s
workload_06_oracle       [   7% ] 11/20 VUs  0m17.6s/4m30.0s
workload_07_qualcomm     [   7% ] 11/20 VUs  0m17.6s/4m30.0s
workload_08_salesforce   [   7% ] 11/20 VUs  0m17.6s/4m30.0s
workload_09_sap          [   7% ] 11/20 VUs  0m17.6s/4m30.0s
workload_10_shopify      [   7% ] 11/20 VUs  0m17.6s/4m30.0s
workload_11_stripe       [   7% ] 11/20 VUs  0m17.6s/4m30.0s
workload_12_twilio       [   7% ] 11/20 VUs  0m17.6s/4m30.0s

running (0m18.6s), 144/240 VUs, 1607 complete and 0 interrupted iterations
workload_01_binance      [   7% ] 12/20 VUs  0m18.6s/4m30.0s
workload_02_datadog      [   7% ] 12/20 VUs  0m18.6s/4m30.0s
workload_03_ibm          [   7% ] 12/20 VUs  0m18.6s/4m30.0s
workload_04_intel        [   7% ] 12/20 VUs  0m18.6s/4m30.0s
workload_05_mongo        [   7% ] 12/20 VUs  0m18.6s/4m30.0s
workload_06_oracle       [   7% ] 12/20 VUs  0m18.6s/4m30.0s
workload_07_qualcomm     [   7% ] 12/20 VUs  0m18.6s/4m30.0s
workload_08_salesforce   [   7% ] 12/20 VUs  0m18.6s/4m30.0s
workload_09_sap          [   7% ] 12/20 VUs  0m18.6s/4m30.0s
workload_10_shopify      [   7% ] 12/20 VUs  0m18.6s/4m30.0s
workload_11_stripe       [   7% ] 12/20 VUs  0m18.6s/4m30.0s
workload_12_twilio       [   7% ] 12/20 VUs  0m18.6s/4m30.0s

running (0m19.6s), 156/240 VUs, 1772 complete and 0 interrupted iterations
workload_01_binance      [   7% ] 13/20 VUs  0m19.6s/4m30.0s
workload_02_datadog      [   7% ] 13/20 VUs  0m19.6s/4m30.0s
workload_03_ibm          [   7% ] 13/20 VUs  0m19.6s/4m30.0s
workload_04_intel        [   7% ] 13/20 VUs  0m19.6s/4m30.0s
workload_05_mongo        [   7% ] 13/20 VUs  0m19.6s/4m30.0s
workload_06_oracle       [   7% ] 13/20 VUs  0m19.6s/4m30.0s
workload_07_qualcomm     [   7% ] 13/20 VUs  0m19.6s/4m30.0s
workload_08_salesforce   [   7% ] 13/20 VUs  0m19.6s/4m30.0s
workload_09_sap          [   7% ] 13/20 VUs  0m19.6s/4m30.0s
workload_10_shopify      [   7% ] 13/20 VUs  0m19.6s/4m30.0s
workload_11_stripe       [   7% ] 13/20 VUs  0m19.6s/4m30.0s
workload_12_twilio       [   7% ] 13/20 VUs  0m19.6s/4m30.0s

running (0m20.6s), 156/240 VUs, 1950 complete and 0 interrupted iterations
workload_01_binance      [   8% ] 13/20 VUs  0m20.6s/4m30.0s
workload_02_datadog      [   8% ] 13/20 VUs  0m20.6s/4m30.0s
workload_03_ibm          [   8% ] 13/20 VUs  0m20.6s/4m30.0s
workload_04_intel        [   8% ] 13/20 VUs  0m20.6s/4m30.0s
workload_05_mongo        [   8% ] 13/20 VUs  0m20.6s/4m30.0s
workload_06_oracle       [   8% ] 13/20 VUs  0m20.6s/4m30.0s
workload_07_qualcomm     [   8% ] 13/20 VUs  0m20.6s/4m30.0s
workload_08_salesforce   [   8% ] 13/20 VUs  0m20.6s/4m30.0s
workload_09_sap          [   8% ] 13/20 VUs  0m20.6s/4m30.0s
workload_10_shopify      [   8% ] 13/20 VUs  0m20.6s/4m30.0s
workload_11_stripe       [   8% ] 13/20 VUs  0m20.6s/4m30.0s
workload_12_twilio       [   8% ] 13/20 VUs  0m20.6s/4m30.0s

running (0m21.6s), 168/240 VUs, 2141 complete and 0 interrupted iterations
workload_01_binance      [   8% ] 14/20 VUs  0m21.6s/4m30.0s
workload_02_datadog      [   8% ] 14/20 VUs  0m21.6s/4m30.0s
workload_03_ibm          [   8% ] 14/20 VUs  0m21.6s/4m30.0s
workload_04_intel        [   8% ] 14/20 VUs  0m21.6s/4m30.0s
workload_05_mongo        [   8% ] 14/20 VUs  0m21.6s/4m30.0s
workload_06_oracle       [   8% ] 14/20 VUs  0m21.6s/4m30.0s
workload_07_qualcomm     [   8% ] 14/20 VUs  0m21.6s/4m30.0s
workload_08_salesforce   [   8% ] 14/20 VUs  0m21.6s/4m30.0s
workload_09_sap          [   8% ] 14/20 VUs  0m21.6s/4m30.0s
workload_10_shopify      [   8% ] 14/20 VUs  0m21.6s/4m30.0s
workload_11_stripe       [   8% ] 14/20 VUs  0m21.6s/4m30.0s
workload_12_twilio       [   8% ] 14/20 VUs  0m21.6s/4m30.0s

running (0m22.6s), 180/240 VUs, 2312 complete and 0 interrupted iterations
workload_01_binance      [   8% ] 15/20 VUs  0m22.6s/4m30.0s
workload_02_datadog      [   8% ] 15/20 VUs  0m22.6s/4m30.0s
workload_03_ibm          [   8% ] 15/20 VUs  0m22.6s/4m30.0s
workload_04_intel        [   8% ] 15/20 VUs  0m22.6s/4m30.0s
workload_05_mongo        [   8% ] 15/20 VUs  0m22.6s/4m30.0s
workload_06_oracle       [   8% ] 15/20 VUs  0m22.6s/4m30.0s
workload_07_qualcomm     [   8% ] 15/20 VUs  0m22.6s/4m30.0s
workload_08_salesforce   [   8% ] 15/20 VUs  0m22.6s/4m30.0s
workload_09_sap          [   8% ] 15/20 VUs  0m22.6s/4m30.0s
workload_10_shopify      [   8% ] 15/20 VUs  0m22.6s/4m30.0s
workload_11_stripe       [   8% ] 15/20 VUs  0m22.6s/4m30.0s
workload_12_twilio       [   8% ] 15/20 VUs  0m22.6s/4m30.0s

running (0m23.6s), 180/240 VUs, 2547 complete and 0 interrupted iterations
workload_01_binance      [   9% ] 15/20 VUs  0m23.6s/4m30.0s
workload_02_datadog      [   9% ] 15/20 VUs  0m23.6s/4m30.0s
workload_03_ibm          [   9% ] 15/20 VUs  0m23.6s/4m30.0s
workload_04_intel        [   9% ] 15/20 VUs  0m23.6s/4m30.0s
workload_05_mongo        [   9% ] 15/20 VUs  0m23.6s/4m30.0s
workload_06_oracle       [   9% ] 15/20 VUs  0m23.6s/4m30.0s
workload_07_qualcomm     [   9% ] 15/20 VUs  0m23.6s/4m30.0s
workload_08_salesforce   [   9% ] 15/20 VUs  0m23.6s/4m30.0s
workload_09_sap          [   9% ] 15/20 VUs  0m23.6s/4m30.0s
workload_10_shopify      [   9% ] 15/20 VUs  0m23.6s/4m30.0s
workload_11_stripe       [   9% ] 15/20 VUs  0m23.6s/4m30.0s
workload_12_twilio       [   9% ] 15/20 VUs  0m23.6s/4m30.0s

running (0m24.6s), 192/240 VUs, 2742 complete and 0 interrupted iterations
workload_01_binance      [   9% ] 16/20 VUs  0m24.6s/4m30.0s
workload_02_datadog      [   9% ] 16/20 VUs  0m24.6s/4m30.0s
workload_03_ibm          [   9% ] 16/20 VUs  0m24.6s/4m30.0s
workload_04_intel        [   9% ] 16/20 VUs  0m24.6s/4m30.0s
workload_05_mongo        [   9% ] 16/20 VUs  0m24.6s/4m30.0s
workload_06_oracle       [   9% ] 16/20 VUs  0m24.6s/4m30.0s
workload_07_qualcomm     [   9% ] 16/20 VUs  0m24.6s/4m30.0s
workload_08_salesforce   [   9% ] 16/20 VUs  0m24.6s/4m30.0s
workload_09_sap          [   9% ] 16/20 VUs  0m24.6s/4m30.0s
workload_10_shopify      [   9% ] 16/20 VUs  0m24.6s/4m30.0s
workload_11_stripe       [   9% ] 16/20 VUs  0m24.6s/4m30.0s
workload_12_twilio       [   9% ] 16/20 VUs  0m24.6s/4m30.0s

running (0m25.6s), 204/240 VUs, 2955 complete and 0 interrupted iterations
workload_01_binance      [   9% ] 17/20 VUs  0m25.6s/4m30.0s
workload_02_datadog      [   9% ] 17/20 VUs  0m25.6s/4m30.0s
workload_03_ibm          [   9% ] 17/20 VUs  0m25.6s/4m30.0s
workload_04_intel        [   9% ] 17/20 VUs  0m25.6s/4m30.0s
workload_05_mongo        [   9% ] 17/20 VUs  0m25.6s/4m30.0s
workload_06_oracle       [   9% ] 17/20 VUs  0m25.6s/4m30.0s
workload_07_qualcomm     [   9% ] 17/20 VUs  0m25.6s/4m30.0s
workload_08_salesforce   [   9% ] 17/20 VUs  0m25.6s/4m30.0s
workload_09_sap          [   9% ] 17/20 VUs  0m25.6s/4m30.0s
workload_10_shopify      [   9% ] 17/20 VUs  0m25.6s/4m30.0s
workload_11_stripe       [   9% ] 17/20 VUs  0m25.6s/4m30.0s
workload_12_twilio       [   9% ] 17/20 VUs  0m25.6s/4m30.0s

running (0m26.7s), 204/240 VUs, 3187 complete and 0 interrupted iterations
workload_01_binance      [  10% ] 17/20 VUs  0m26.7s/4m30.0s
workload_02_datadog      [  10% ] 17/20 VUs  0m26.7s/4m30.0s
workload_03_ibm          [  10% ] 17/20 VUs  0m26.7s/4m30.0s
workload_04_intel        [  10% ] 17/20 VUs  0m26.7s/4m30.0s
workload_05_mongo        [  10% ] 17/20 VUs  0m26.7s/4m30.0s
workload_06_oracle       [  10% ] 17/20 VUs  0m26.7s/4m30.0s
workload_07_qualcomm     [  10% ] 17/20 VUs  0m26.7s/4m30.0s
workload_08_salesforce   [  10% ] 17/20 VUs  0m26.7s/4m30.0s
workload_09_sap          [  10% ] 17/20 VUs  0m26.7s/4m30.0s
workload_10_shopify      [  10% ] 17/20 VUs  0m26.7s/4m30.0s
workload_11_stripe       [  10% ] 17/20 VUs  0m26.7s/4m30.0s
workload_12_twilio       [  10% ] 17/20 VUs  0m26.7s/4m30.0s

running (0m27.6s), 216/240 VUs, 3399 complete and 0 interrupted iterations
workload_01_binance      [  10% ] 18/20 VUs  0m27.6s/4m30.0s
workload_02_datadog      [  10% ] 18/20 VUs  0m27.6s/4m30.0s
workload_03_ibm          [  10% ] 18/20 VUs  0m27.6s/4m30.0s
workload_04_intel        [  10% ] 18/20 VUs  0m27.6s/4m30.0s
workload_05_mongo        [  10% ] 18/20 VUs  0m27.6s/4m30.0s
workload_06_oracle       [  10% ] 18/20 VUs  0m27.6s/4m30.0s
workload_07_qualcomm     [  10% ] 18/20 VUs  0m27.6s/4m30.0s
workload_08_salesforce   [  10% ] 18/20 VUs  0m27.6s/4m30.0s
workload_09_sap          [  10% ] 18/20 VUs  0m27.6s/4m30.0s
workload_10_shopify      [  10% ] 18/20 VUs  0m27.6s/4m30.0s
workload_11_stripe       [  10% ] 18/20 VUs  0m27.6s/4m30.0s
workload_12_twilio       [  10% ] 18/20 VUs  0m27.6s/4m30.0s

running (0m28.6s), 228/240 VUs, 3611 complete and 0 interrupted iterations
workload_01_binance      [  11% ] 19/20 VUs  0m28.6s/4m30.0s
workload_02_datadog      [  11% ] 19/20 VUs  0m28.6s/4m30.0s
workload_03_ibm          [  11% ] 19/20 VUs  0m28.6s/4m30.0s
workload_04_intel        [  11% ] 19/20 VUs  0m28.6s/4m30.0s
workload_05_mongo        [  11% ] 19/20 VUs  0m28.6s/4m30.0s
workload_06_oracle       [  11% ] 19/20 VUs  0m28.6s/4m30.0s
workload_07_qualcomm     [  11% ] 19/20 VUs  0m28.6s/4m30.0s
workload_08_salesforce   [  11% ] 19/20 VUs  0m28.6s/4m30.0s
workload_09_sap          [  11% ] 19/20 VUs  0m28.6s/4m30.0s
workload_10_shopify      [  11% ] 19/20 VUs  0m28.6s/4m30.0s
workload_11_stripe       [  11% ] 19/20 VUs  0m28.6s/4m30.0s
workload_12_twilio       [  11% ] 19/20 VUs  0m28.6s/4m30.0s

running (0m29.6s), 228/240 VUs, 3890 complete and 0 interrupted iterations
workload_01_binance      [  11% ] 19/20 VUs  0m29.6s/4m30.0s
workload_02_datadog      [  11% ] 19/20 VUs  0m29.6s/4m30.0s
workload_03_ibm          [  11% ] 19/20 VUs  0m29.6s/4m30.0s
workload_04_intel        [  11% ] 19/20 VUs  0m29.6s/4m30.0s
workload_05_mongo        [  11% ] 19/20 VUs  0m29.6s/4m30.0s
workload_06_oracle       [  11% ] 19/20 VUs  0m29.6s/4m30.0s
workload_07_qualcomm     [  11% ] 19/20 VUs  0m29.6s/4m30.0s
workload_08_salesforce   [  11% ] 19/20 VUs  0m29.6s/4m30.0s
workload_09_sap          [  11% ] 19/20 VUs  0m29.6s/4m30.0s
workload_10_shopify      [  11% ] 19/20 VUs  0m29.6s/4m30.0s
workload_11_stripe       [  11% ] 19/20 VUs  0m29.6s/4m30.0s
workload_12_twilio       [  11% ] 19/20 VUs  0m29.6s/4m30.0s

running (0m30.6s), 240/240 VUs, 4140 complete and 0 interrupted iterations
workload_01_binance      [  11% ] 20/20 VUs  0m30.6s/4m30.0s
workload_02_datadog      [  11% ] 20/20 VUs  0m30.6s/4m30.0s
workload_03_ibm          [  11% ] 20/20 VUs  0m30.6s/4m30.0s
workload_04_intel        [  11% ] 20/20 VUs  0m30.6s/4m30.0s
workload_05_mongo        [  11% ] 20/20 VUs  0m30.6s/4m30.0s
workload_06_oracle       [  11% ] 20/20 VUs  0m30.6s/4m30.0s
workload_07_qualcomm     [  11% ] 20/20 VUs  0m30.6s/4m30.0s
workload_08_salesforce   [  11% ] 20/20 VUs  0m30.6s/4m30.0s
workload_09_sap          [  11% ] 20/20 VUs  0m30.6s/4m30.0s
workload_10_shopify      [  11% ] 20/20 VUs  0m30.6s/4m30.0s
workload_11_stripe       [  11% ] 20/20 VUs  0m30.6s/4m30.0s
workload_12_twilio       [  11% ] 20/20 VUs  0m30.6s/4m30.0s

running (0m31.6s), 240/240 VUs, 4365 complete and 0 interrupted iterations
workload_01_binance      [  12% ] 20/20 VUs  0m31.6s/4m30.0s
workload_02_datadog      [  12% ] 20/20 VUs  0m31.6s/4m30.0s
workload_03_ibm          [  12% ] 20/20 VUs  0m31.6s/4m30.0s
workload_04_intel        [  12% ] 20/20 VUs  0m31.6s/4m30.0s
workload_05_mongo        [  12% ] 20/20 VUs  0m31.6s/4m30.0s
workload_06_oracle       [  12% ] 20/20 VUs  0m31.6s/4m30.0s
workload_07_qualcomm     [  12% ] 20/20 VUs  0m31.6s/4m30.0s
workload_08_salesforce   [  12% ] 20/20 VUs  0m31.6s/4m30.0s
workload_09_sap          [  12% ] 20/20 VUs  0m31.6s/4m30.0s
workload_10_shopify      [  12% ] 20/20 VUs  0m31.6s/4m30.0s
workload_11_stripe       [  12% ] 20/20 VUs  0m31.6s/4m30.0s
workload_12_twilio       [  12% ] 20/20 VUs  0m31.6s/4m30.0s

running (0m32.6s), 240/240 VUs, 4674 complete and 0 interrupted iterations
workload_01_binance      [  12% ] 20/20 VUs  0m32.6s/4m30.0s
workload_02_datadog      [  12% ] 20/20 VUs  0m32.6s/4m30.0s
workload_03_ibm          [  12% ] 20/20 VUs  0m32.6s/4m30.0s
workload_04_intel        [  12% ] 20/20 VUs  0m32.6s/4m30.0s
workload_05_mongo        [  12% ] 20/20 VUs  0m32.6s/4m30.0s
workload_06_oracle       [  12% ] 20/20 VUs  0m32.6s/4m30.0s
workload_07_qualcomm     [  12% ] 20/20 VUs  0m32.6s/4m30.0s
workload_08_salesforce   [  12% ] 20/20 VUs  0m32.6s/4m30.0s
workload_09_sap          [  12% ] 20/20 VUs  0m32.6s/4m30.0s
workload_10_shopify      [  12% ] 20/20 VUs  0m32.6s/4m30.0s
workload_11_stripe       [  12% ] 20/20 VUs  0m32.6s/4m30.0s
workload_12_twilio       [  12% ] 20/20 VUs  0m32.6s/4m30.0s

running (0m33.6s), 240/240 VUs, 4976 complete and 0 interrupted iterations
workload_01_binance      [  12% ] 20/20 VUs  0m33.6s/4m30.0s
workload_02_datadog      [  12% ] 20/20 VUs  0m33.6s/4m30.0s
workload_03_ibm          [  12% ] 20/20 VUs  0m33.6s/4m30.0s
workload_04_intel        [  12% ] 20/20 VUs  0m33.6s/4m30.0s
workload_05_mongo        [  12% ] 20/20 VUs  0m33.6s/4m30.0s
workload_06_oracle       [  12% ] 20/20 VUs  0m33.6s/4m30.0s
workload_07_qualcomm     [  12% ] 20/20 VUs  0m33.6s/4m30.0s
workload_08_salesforce   [  12% ] 20/20 VUs  0m33.6s/4m30.0s
workload_09_sap          [  12% ] 20/20 VUs  0m33.6s/4m30.0s
workload_10_shopify      [  12% ] 20/20 VUs  0m33.6s/4m30.0s
workload_11_stripe       [  12% ] 20/20 VUs  0m33.6s/4m30.0s
workload_12_twilio       [  12% ] 20/20 VUs  0m33.6s/4m30.0s

running (0m34.6s), 240/240 VUs, 5297 complete and 0 interrupted iterations
workload_01_binance      [  13% ] 20/20 VUs  0m34.6s/4m30.0s
workload_02_datadog      [  13% ] 20/20 VUs  0m34.6s/4m30.0s
workload_03_ibm          [  13% ] 20/20 VUs  0m34.6s/4m30.0s
workload_04_intel        [  13% ] 20/20 VUs  0m34.6s/4m30.0s
workload_05_mongo        [  13% ] 20/20 VUs  0m34.6s/4m30.0s
workload_06_oracle       [  13% ] 20/20 VUs  0m34.6s/4m30.0s
workload_07_qualcomm     [  13% ] 20/20 VUs  0m34.6s/4m30.0s
workload_08_salesforce   [  13% ] 20/20 VUs  0m34.6s/4m30.0s
workload_09_sap          [  13% ] 20/20 VUs  0m34.6s/4m30.0s
workload_10_shopify      [  13% ] 20/20 VUs  0m34.6s/4m30.0s
workload_11_stripe       [  13% ] 20/20 VUs  0m34.6s/4m30.0s
workload_12_twilio       [  13% ] 20/20 VUs  0m34.6s/4m30.0s

running (0m35.6s), 240/240 VUs, 5616 complete and 0 interrupted iterations
workload_01_binance      [  13% ] 20/20 VUs  0m35.6s/4m30.0s
workload_02_datadog      [  13% ] 20/20 VUs  0m35.6s/4m30.0s
workload_03_ibm          [  13% ] 20/20 VUs  0m35.6s/4m30.0s
workload_04_intel        [  13% ] 20/20 VUs  0m35.6s/4m30.0s
workload_05_mongo        [  13% ] 20/20 VUs  0m35.6s/4m30.0s
workload_06_oracle       [  13% ] 20/20 VUs  0m35.6s/4m30.0s
workload_07_qualcomm     [  13% ] 20/20 VUs  0m35.6s/4m30.0s
workload_08_salesforce   [  13% ] 20/20 VUs  0m35.6s/4m30.0s
workload_09_sap          [  13% ] 20/20 VUs  0m35.6s/4m30.0s
workload_10_shopify      [  13% ] 20/20 VUs  0m35.6s/4m30.0s
workload_11_stripe       [  13% ] 20/20 VUs  0m35.6s/4m30.0s
workload_12_twilio       [  13% ] 20/20 VUs  0m35.6s/4m30.0s

running (0m36.6s), 240/240 VUs, 5932 complete and 0 interrupted iterations
workload_01_binance      [  14% ] 20/20 VUs  0m36.6s/4m30.0s
workload_02_datadog      [  14% ] 20/20 VUs  0m36.6s/4m30.0s
workload_03_ibm          [  14% ] 20/20 VUs  0m36.6s/4m30.0s
workload_04_intel        [  14% ] 20/20 VUs  0m36.6s/4m30.0s
workload_05_mongo        [  14% ] 20/20 VUs  0m36.6s/4m30.0s
workload_06_oracle       [  14% ] 20/20 VUs  0m36.6s/4m30.0s
workload_07_qualcomm     [  14% ] 20/20 VUs  0m36.6s/4m30.0s
workload_08_salesforce   [  14% ] 20/20 VUs  0m36.6s/4m30.0s
workload_09_sap          [  14% ] 20/20 VUs  0m36.6s/4m30.0s
workload_10_shopify      [  14% ] 20/20 VUs  0m36.6s/4m30.0s
workload_11_stripe       [  14% ] 20/20 VUs  0m36.6s/4m30.0s
workload_12_twilio       [  14% ] 20/20 VUs  0m36.6s/4m30.0s

running (0m37.6s), 240/240 VUs, 6259 complete and 0 interrupted iterations
workload_01_binance      [  14% ] 20/20 VUs  0m37.6s/4m30.0s
workload_02_datadog      [  14% ] 20/20 VUs  0m37.6s/4m30.0s
workload_03_ibm          [  14% ] 20/20 VUs  0m37.6s/4m30.0s
workload_04_intel        [  14% ] 20/20 VUs  0m37.6s/4m30.0s
workload_05_mongo        [  14% ] 20/20 VUs  0m37.6s/4m30.0s
workload_06_oracle       [  14% ] 20/20 VUs  0m37.6s/4m30.0s
workload_07_qualcomm     [  14% ] 20/20 VUs  0m37.6s/4m30.0s
workload_08_salesforce   [  14% ] 20/20 VUs  0m37.6s/4m30.0s
workload_09_sap          [  14% ] 20/20 VUs  0m37.6s/4m30.0s
workload_10_shopify      [  14% ] 20/20 VUs  0m37.6s/4m30.0s
workload_11_stripe       [  14% ] 20/20 VUs  0m37.6s/4m30.0s
workload_12_twilio       [  14% ] 20/20 VUs  0m37.6s/4m30.0s

running (0m38.6s), 240/240 VUs, 6587 complete and 0 interrupted iterations
workload_01_binance      [  14% ] 20/20 VUs  0m38.6s/4m30.0s
workload_02_datadog      [  14% ] 20/20 VUs  0m38.6s/4m30.0s
workload_03_ibm          [  14% ] 20/20 VUs  0m38.6s/4m30.0s
workload_04_intel        [  14% ] 20/20 VUs  0m38.6s/4m30.0s
workload_05_mongo        [  14% ] 20/20 VUs  0m38.6s/4m30.0s
workload_06_oracle       [  14% ] 20/20 VUs  0m38.6s/4m30.0s
workload_07_qualcomm     [  14% ] 20/20 VUs  0m38.6s/4m30.0s
workload_08_salesforce   [  14% ] 20/20 VUs  0m38.6s/4m30.0s
workload_09_sap          [  14% ] 20/20 VUs  0m38.6s/4m30.0s
workload_10_shopify      [  14% ] 20/20 VUs  0m38.6s/4m30.0s
workload_11_stripe       [  14% ] 20/20 VUs  0m38.6s/4m30.0s
workload_12_twilio       [  14% ] 20/20 VUs  0m38.6s/4m30.0s

running (0m39.6s), 240/240 VUs, 6920 complete and 0 interrupted iterations
workload_01_binance      [  15% ] 20/20 VUs  0m39.6s/4m30.0s
workload_02_datadog      [  15% ] 20/20 VUs  0m39.6s/4m30.0s
workload_03_ibm          [  15% ] 20/20 VUs  0m39.6s/4m30.0s
workload_04_intel        [  15% ] 20/20 VUs  0m39.6s/4m30.0s
workload_05_mongo        [  15% ] 20/20 VUs  0m39.6s/4m30.0s
workload_06_oracle       [  15% ] 20/20 VUs  0m39.6s/4m30.0s
workload_07_qualcomm     [  15% ] 20/20 VUs  0m39.6s/4m30.0s
workload_08_salesforce   [  15% ] 20/20 VUs  0m39.6s/4m30.0s
workload_09_sap          [  15% ] 20/20 VUs  0m39.6s/4m30.0s
workload_10_shopify      [  15% ] 20/20 VUs  0m39.6s/4m30.0s
workload_11_stripe       [  15% ] 20/20 VUs  0m39.6s/4m30.0s
workload_12_twilio       [  15% ] 20/20 VUs  0m39.6s/4m30.0s

running (0m40.6s), 240/240 VUs, 7246 complete and 0 interrupted iterations
workload_01_binance      [  15% ] 20/20 VUs  0m40.6s/4m30.0s
workload_02_datadog      [  15% ] 20/20 VUs  0m40.6s/4m30.0s
workload_03_ibm          [  15% ] 20/20 VUs  0m40.6s/4m30.0s
workload_04_intel        [  15% ] 20/20 VUs  0m40.6s/4m30.0s
workload_05_mongo        [  15% ] 20/20 VUs  0m40.6s/4m30.0s
workload_06_oracle       [  15% ] 20/20 VUs  0m40.6s/4m30.0s
workload_07_qualcomm     [  15% ] 20/20 VUs  0m40.6s/4m30.0s
workload_08_salesforce   [  15% ] 20/20 VUs  0m40.6s/4m30.0s
workload_09_sap          [  15% ] 20/20 VUs  0m40.6s/4m30.0s
workload_10_shopify      [  15% ] 20/20 VUs  0m40.6s/4m30.0s
workload_11_stripe       [  15% ] 20/20 VUs  0m40.6s/4m30.0s
workload_12_twilio       [  15% ] 20/20 VUs  0m40.6s/4m30.0s

running (0m41.6s), 240/240 VUs, 7583 complete and 0 interrupted iterations
workload_01_binance      [  15% ] 20/20 VUs  0m41.6s/4m30.0s
workload_02_datadog      [  15% ] 20/20 VUs  0m41.6s/4m30.0s
workload_03_ibm          [  15% ] 20/20 VUs  0m41.6s/4m30.0s
workload_04_intel        [  15% ] 20/20 VUs  0m41.6s/4m30.0s
workload_05_mongo        [  15% ] 20/20 VUs  0m41.6s/4m30.0s
workload_06_oracle       [  15% ] 20/20 VUs  0m41.6s/4m30.0s
workload_07_qualcomm     [  15% ] 20/20 VUs  0m41.6s/4m30.0s
workload_08_salesforce   [  15% ] 20/20 VUs  0m41.6s/4m30.0s
workload_09_sap          [  15% ] 20/20 VUs  0m41.6s/4m30.0s
workload_10_shopify      [  15% ] 20/20 VUs  0m41.6s/4m30.0s
workload_11_stripe       [  15% ] 20/20 VUs  0m41.6s/4m30.0s
workload_12_twilio       [  15% ] 20/20 VUs  0m41.6s/4m30.0s

running (0m42.6s), 240/240 VUs, 7912 complete and 0 interrupted iterations
workload_01_binance      [  16% ] 20/20 VUs  0m42.6s/4m30.0s
workload_02_datadog      [  16% ] 20/20 VUs  0m42.6s/4m30.0s
workload_03_ibm          [  16% ] 20/20 VUs  0m42.6s/4m30.0s
workload_04_intel        [  16% ] 20/20 VUs  0m42.6s/4m30.0s
workload_05_mongo        [  16% ] 20/20 VUs  0m42.6s/4m30.0s
workload_06_oracle       [  16% ] 20/20 VUs  0m42.6s/4m30.0s
workload_07_qualcomm     [  16% ] 20/20 VUs  0m42.6s/4m30.0s
workload_08_salesforce   [  16% ] 20/20 VUs  0m42.6s/4m30.0s
workload_09_sap          [  16% ] 20/20 VUs  0m42.6s/4m30.0s
workload_10_shopify      [  16% ] 20/20 VUs  0m42.6s/4m30.0s
workload_11_stripe       [  16% ] 20/20 VUs  0m42.6s/4m30.0s
workload_12_twilio       [  16% ] 20/20 VUs  0m42.6s/4m30.0s

running (0m43.6s), 240/240 VUs, 8224 complete and 0 interrupted iterations
workload_01_binance      [  16% ] 20/20 VUs  0m43.6s/4m30.0s
workload_02_datadog      [  16% ] 20/20 VUs  0m43.6s/4m30.0s
workload_03_ibm          [  16% ] 20/20 VUs  0m43.6s/4m30.0s
workload_04_intel        [  16% ] 20/20 VUs  0m43.6s/4m30.0s
workload_05_mongo        [  16% ] 20/20 VUs  0m43.6s/4m30.0s
workload_06_oracle       [  16% ] 20/20 VUs  0m43.6s/4m30.0s
workload_07_qualcomm     [  16% ] 20/20 VUs  0m43.6s/4m30.0s
workload_08_salesforce   [  16% ] 20/20 VUs  0m43.6s/4m30.0s
workload_09_sap          [  16% ] 20/20 VUs  0m43.6s/4m30.0s
workload_10_shopify      [  16% ] 20/20 VUs  0m43.6s/4m30.0s
workload_11_stripe       [  16% ] 20/20 VUs  0m43.6s/4m30.0s
workload_12_twilio       [  16% ] 20/20 VUs  0m43.6s/4m30.0s

running (0m44.6s), 240/240 VUs, 8563 complete and 0 interrupted iterations
workload_01_binance      [  17% ] 20/20 VUs  0m44.6s/4m30.0s
workload_02_datadog      [  17% ] 20/20 VUs  0m44.6s/4m30.0s
workload_03_ibm          [  17% ] 20/20 VUs  0m44.6s/4m30.0s
workload_04_intel        [  17% ] 20/20 VUs  0m44.6s/4m30.0s
workload_05_mongo        [  17% ] 20/20 VUs  0m44.6s/4m30.0s
workload_06_oracle       [  17% ] 20/20 VUs  0m44.6s/4m30.0s
workload_07_qualcomm     [  17% ] 20/20 VUs  0m44.6s/4m30.0s
workload_08_salesforce   [  17% ] 20/20 VUs  0m44.6s/4m30.0s
workload_09_sap          [  17% ] 20/20 VUs  0m44.6s/4m30.0s
workload_10_shopify      [  17% ] 20/20 VUs  0m44.6s/4m30.0s
workload_11_stripe       [  17% ] 20/20 VUs  0m44.6s/4m30.0s
workload_12_twilio       [  17% ] 20/20 VUs  0m44.6s/4m30.0s

running (0m45.6s), 240/240 VUs, 8883 complete and 0 interrupted iterations
workload_01_binance      [  17% ] 20/20 VUs  0m45.6s/4m30.0s
workload_02_datadog      [  17% ] 20/20 VUs  0m45.6s/4m30.0s
workload_03_ibm          [  17% ] 20/20 VUs  0m45.6s/4m30.0s
workload_04_intel        [  17% ] 20/20 VUs  0m45.6s/4m30.0s
workload_05_mongo        [  17% ] 20/20 VUs  0m45.6s/4m30.0s
workload_06_oracle       [  17% ] 20/20 VUs  0m45.6s/4m30.0s
workload_07_qualcomm     [  17% ] 20/20 VUs  0m45.6s/4m30.0s
workload_08_salesforce   [  17% ] 20/20 VUs  0m45.6s/4m30.0s
workload_09_sap          [  17% ] 20/20 VUs  0m45.6s/4m30.0s
workload_10_shopify      [  17% ] 20/20 VUs  0m45.6s/4m30.0s
workload_11_stripe       [  17% ] 20/20 VUs  0m45.6s/4m30.0s
workload_12_twilio       [  17% ] 20/20 VUs  0m45.6s/4m30.0s

running (0m46.6s), 240/240 VUs, 9220 complete and 0 interrupted iterations
workload_01_binance      [  17% ] 20/20 VUs  0m46.6s/4m30.0s
workload_02_datadog      [  17% ] 20/20 VUs  0m46.6s/4m30.0s
workload_03_ibm          [  17% ] 20/20 VUs  0m46.6s/4m30.0s
workload_04_intel        [  17% ] 20/20 VUs  0m46.6s/4m30.0s
workload_05_mongo        [  17% ] 20/20 VUs  0m46.6s/4m30.0s
workload_06_oracle       [  17% ] 20/20 VUs  0m46.6s/4m30.0s
workload_07_qualcomm     [  17% ] 20/20 VUs  0m46.6s/4m30.0s
workload_08_salesforce   [  17% ] 20/20 VUs  0m46.6s/4m30.0s
workload_09_sap          [  17% ] 20/20 VUs  0m46.6s/4m30.0s
workload_10_shopify      [  17% ] 20/20 VUs  0m46.6s/4m30.0s
workload_11_stripe       [  17% ] 20/20 VUs  0m46.6s/4m30.0s
workload_12_twilio       [  17% ] 20/20 VUs  0m46.6s/4m30.0s

running (0m47.6s), 240/240 VUs, 9560 complete and 0 interrupted iterations
workload_01_binance      [  18% ] 20/20 VUs  0m47.6s/4m30.0s
workload_02_datadog      [  18% ] 20/20 VUs  0m47.6s/4m30.0s
workload_03_ibm          [  18% ] 20/20 VUs  0m47.6s/4m30.0s
workload_04_intel        [  18% ] 20/20 VUs  0m47.6s/4m30.0s
workload_05_mongo        [  18% ] 20/20 VUs  0m47.6s/4m30.0s
workload_06_oracle       [  18% ] 20/20 VUs  0m47.6s/4m30.0s
workload_07_qualcomm     [  18% ] 20/20 VUs  0m47.6s/4m30.0s
workload_08_salesforce   [  18% ] 20/20 VUs  0m47.6s/4m30.0s
workload_09_sap          [  18% ] 20/20 VUs  0m47.6s/4m30.0s
workload_10_shopify      [  18% ] 20/20 VUs  0m47.6s/4m30.0s
workload_11_stripe       [  18% ] 20/20 VUs  0m47.6s/4m30.0s
workload_12_twilio       [  18% ] 20/20 VUs  0m47.6s/4m30.0s

running (0m48.6s), 240/240 VUs, 9878 complete and 0 interrupted iterations
workload_01_binance      [  18% ] 20/20 VUs  0m48.6s/4m30.0s
workload_02_datadog      [  18% ] 20/20 VUs  0m48.6s/4m30.0s
workload_03_ibm          [  18% ] 20/20 VUs  0m48.6s/4m30.0s
workload_04_intel        [  18% ] 20/20 VUs  0m48.6s/4m30.0s
workload_05_mongo        [  18% ] 20/20 VUs  0m48.6s/4m30.0s
workload_06_oracle       [  18% ] 20/20 VUs  0m48.6s/4m30.0s
workload_07_qualcomm     [  18% ] 20/20 VUs  0m48.6s/4m30.0s
workload_08_salesforce   [  18% ] 20/20 VUs  0m48.6s/4m30.0s
workload_09_sap          [  18% ] 20/20 VUs  0m48.6s/4m30.0s
workload_10_shopify      [  18% ] 20/20 VUs  0m48.6s/4m30.0s
workload_11_stripe       [  18% ] 20/20 VUs  0m48.6s/4m30.0s
workload_12_twilio       [  18% ] 20/20 VUs  0m48.6s/4m30.0s

running (0m49.6s), 240/240 VUs, 10199 complete and 0 interrupted iterations
workload_01_binance      [  18% ] 20/20 VUs  0m49.6s/4m30.0s
workload_02_datadog      [  18% ] 20/20 VUs  0m49.6s/4m30.0s
workload_03_ibm          [  18% ] 20/20 VUs  0m49.6s/4m30.0s
workload_04_intel        [  18% ] 20/20 VUs  0m49.6s/4m30.0s
workload_05_mongo        [  18% ] 20/20 VUs  0m49.6s/4m30.0s
workload_06_oracle       [  18% ] 20/20 VUs  0m49.6s/4m30.0s
workload_07_qualcomm     [  18% ] 20/20 VUs  0m49.6s/4m30.0s
workload_08_salesforce   [  18% ] 20/20 VUs  0m49.6s/4m30.0s
workload_09_sap          [  18% ] 20/20 VUs  0m49.6s/4m30.0s
workload_10_shopify      [  18% ] 20/20 VUs  0m49.6s/4m30.0s
workload_11_stripe       [  18% ] 20/20 VUs  0m49.6s/4m30.0s
workload_12_twilio       [  18% ] 20/20 VUs  0m49.6s/4m30.0s

running (0m50.6s), 240/240 VUs, 10526 complete and 0 interrupted iterations
workload_01_binance      [  19% ] 20/20 VUs  0m50.6s/4m30.0s
workload_02_datadog      [  19% ] 20/20 VUs  0m50.6s/4m30.0s
workload_03_ibm          [  19% ] 20/20 VUs  0m50.6s/4m30.0s
workload_04_intel        [  19% ] 20/20 VUs  0m50.6s/4m30.0s
workload_05_mongo        [  19% ] 20/20 VUs  0m50.6s/4m30.0s
workload_06_oracle       [  19% ] 20/20 VUs  0m50.6s/4m30.0s
workload_07_qualcomm     [  19% ] 20/20 VUs  0m50.6s/4m30.0s
workload_08_salesforce   [  19% ] 20/20 VUs  0m50.6s/4m30.0s
workload_09_sap          [  19% ] 20/20 VUs  0m50.6s/4m30.0s
workload_10_shopify      [  19% ] 20/20 VUs  0m50.6s/4m30.0s
workload_11_stripe       [  19% ] 20/20 VUs  0m50.6s/4m30.0s
workload_12_twilio       [  19% ] 20/20 VUs  0m50.6s/4m30.0s

running (0m51.6s), 240/240 VUs, 10844 complete and 0 interrupted iterations
workload_01_binance      [  19% ] 20/20 VUs  0m51.6s/4m30.0s
workload_02_datadog      [  19% ] 20/20 VUs  0m51.6s/4m30.0s
workload_03_ibm          [  19% ] 20/20 VUs  0m51.6s/4m30.0s
workload_04_intel        [  19% ] 20/20 VUs  0m51.6s/4m30.0s
workload_05_mongo        [  19% ] 20/20 VUs  0m51.6s/4m30.0s
workload_06_oracle       [  19% ] 20/20 VUs  0m51.6s/4m30.0s
workload_07_qualcomm     [  19% ] 20/20 VUs  0m51.6s/4m30.0s
workload_08_salesforce   [  19% ] 20/20 VUs  0m51.6s/4m30.0s
workload_09_sap          [  19% ] 20/20 VUs  0m51.6s/4m30.0s
workload_10_shopify      [  19% ] 20/20 VUs  0m51.6s/4m30.0s
workload_11_stripe       [  19% ] 20/20 VUs  0m51.6s/4m30.0s
workload_12_twilio       [  19% ] 20/20 VUs  0m51.6s/4m30.0s

running (0m52.6s), 240/240 VUs, 11181 complete and 0 interrupted iterations
workload_01_binance      [  19% ] 20/20 VUs  0m52.6s/4m30.0s
workload_02_datadog      [  19% ] 20/20 VUs  0m52.6s/4m30.0s
workload_03_ibm          [  19% ] 20/20 VUs  0m52.6s/4m30.0s
workload_04_intel        [  19% ] 20/20 VUs  0m52.6s/4m30.0s
workload_05_mongo        [  19% ] 20/20 VUs  0m52.6s/4m30.0s
workload_06_oracle       [  19% ] 20/20 VUs  0m52.6s/4m30.0s
workload_07_qualcomm     [  19% ] 20/20 VUs  0m52.6s/4m30.0s
workload_08_salesforce   [  19% ] 20/20 VUs  0m52.6s/4m30.0s
workload_09_sap          [  19% ] 20/20 VUs  0m52.6s/4m30.0s
workload_10_shopify      [  19% ] 20/20 VUs  0m52.6s/4m30.0s
workload_11_stripe       [  19% ] 20/20 VUs  0m52.6s/4m30.0s
workload_12_twilio       [  19% ] 20/20 VUs  0m52.6s/4m30.0s

running (0m53.6s), 240/240 VUs, 11496 complete and 0 interrupted iterations
workload_01_binance      [  20% ] 20/20 VUs  0m53.6s/4m30.0s
workload_02_datadog      [  20% ] 20/20 VUs  0m53.6s/4m30.0s
workload_03_ibm          [  20% ] 20/20 VUs  0m53.6s/4m30.0s
workload_04_intel        [  20% ] 20/20 VUs  0m53.6s/4m30.0s
workload_05_mongo        [  20% ] 20/20 VUs  0m53.6s/4m30.0s
workload_06_oracle       [  20% ] 20/20 VUs  0m53.6s/4m30.0s
workload_07_qualcomm     [  20% ] 20/20 VUs  0m53.6s/4m30.0s
workload_08_salesforce   [  20% ] 20/20 VUs  0m53.6s/4m30.0s
workload_09_sap          [  20% ] 20/20 VUs  0m53.6s/4m30.0s
workload_10_shopify      [  20% ] 20/20 VUs  0m53.6s/4m30.0s
workload_11_stripe       [  20% ] 20/20 VUs  0m53.6s/4m30.0s
workload_12_twilio       [  20% ] 20/20 VUs  0m53.6s/4m30.0s

running (0m54.6s), 240/240 VUs, 11824 complete and 0 interrupted iterations
workload_01_binance      [  20% ] 20/20 VUs  0m54.6s/4m30.0s
workload_02_datadog      [  20% ] 20/20 VUs  0m54.6s/4m30.0s
workload_03_ibm          [  20% ] 20/20 VUs  0m54.6s/4m30.0s
workload_04_intel        [  20% ] 20/20 VUs  0m54.6s/4m30.0s
workload_05_mongo        [  20% ] 20/20 VUs  0m54.6s/4m30.0s
workload_06_oracle       [  20% ] 20/20 VUs  0m54.6s/4m30.0s
workload_07_qualcomm     [  20% ] 20/20 VUs  0m54.6s/4m30.0s
workload_08_salesforce   [  20% ] 20/20 VUs  0m54.6s/4m30.0s
workload_09_sap          [  20% ] 20/20 VUs  0m54.6s/4m30.0s
workload_10_shopify      [  20% ] 20/20 VUs  0m54.6s/4m30.0s
workload_11_stripe       [  20% ] 20/20 VUs  0m54.6s/4m30.0s
workload_12_twilio       [  20% ] 20/20 VUs  0m54.6s/4m30.0s

running (0m55.6s), 240/240 VUs, 12165 complete and 0 interrupted iterations
workload_01_binance      [  21% ] 20/20 VUs  0m55.6s/4m30.0s
workload_02_datadog      [  21% ] 20/20 VUs  0m55.6s/4m30.0s
workload_03_ibm          [  21% ] 20/20 VUs  0m55.6s/4m30.0s
workload_04_intel        [  21% ] 20/20 VUs  0m55.6s/4m30.0s
workload_05_mongo        [  21% ] 20/20 VUs  0m55.6s/4m30.0s
workload_06_oracle       [  21% ] 20/20 VUs  0m55.6s/4m30.0s
workload_07_qualcomm     [  21% ] 20/20 VUs  0m55.6s/4m30.0s
workload_08_salesforce   [  21% ] 20/20 VUs  0m55.6s/4m30.0s
workload_09_sap          [  21% ] 20/20 VUs  0m55.6s/4m30.0s
workload_10_shopify      [  21% ] 20/20 VUs  0m55.6s/4m30.0s
workload_11_stripe       [  21% ] 20/20 VUs  0m55.6s/4m30.0s
workload_12_twilio       [  21% ] 20/20 VUs  0m55.6s/4m30.0s

running (0m56.6s), 240/240 VUs, 12483 complete and 0 interrupted iterations
workload_01_binance      [  21% ] 20/20 VUs  0m56.6s/4m30.0s
workload_02_datadog      [  21% ] 20/20 VUs  0m56.6s/4m30.0s
workload_03_ibm          [  21% ] 20/20 VUs  0m56.6s/4m30.0s
workload_04_intel        [  21% ] 20/20 VUs  0m56.6s/4m30.0s
workload_05_mongo        [  21% ] 20/20 VUs  0m56.6s/4m30.0s
workload_06_oracle       [  21% ] 20/20 VUs  0m56.6s/4m30.0s
workload_07_qualcomm     [  21% ] 20/20 VUs  0m56.6s/4m30.0s
workload_08_salesforce   [  21% ] 20/20 VUs  0m56.6s/4m30.0s
workload_09_sap          [  21% ] 20/20 VUs  0m56.6s/4m30.0s
workload_10_shopify      [  21% ] 20/20 VUs  0m56.6s/4m30.0s
workload_11_stripe       [  21% ] 20/20 VUs  0m56.6s/4m30.0s
workload_12_twilio       [  21% ] 20/20 VUs  0m56.6s/4m30.0s

running (0m57.6s), 240/240 VUs, 12745 complete and 0 interrupted iterations
workload_01_binance      [  21% ] 20/20 VUs  0m57.6s/4m30.0s
workload_02_datadog      [  21% ] 20/20 VUs  0m57.6s/4m30.0s
workload_03_ibm          [  21% ] 20/20 VUs  0m57.6s/4m30.0s
workload_04_intel        [  21% ] 20/20 VUs  0m57.6s/4m30.0s
workload_05_mongo        [  21% ] 20/20 VUs  0m57.6s/4m30.0s
workload_06_oracle       [  21% ] 20/20 VUs  0m57.6s/4m30.0s
workload_07_qualcomm     [  21% ] 20/20 VUs  0m57.6s/4m30.0s
workload_08_salesforce   [  21% ] 20/20 VUs  0m57.6s/4m30.0s
workload_09_sap          [  21% ] 20/20 VUs  0m57.6s/4m30.0s
workload_10_shopify      [  21% ] 20/20 VUs  0m57.6s/4m30.0s
workload_11_stripe       [  21% ] 20/20 VUs  0m57.6s/4m30.0s
workload_12_twilio       [  21% ] 20/20 VUs  0m57.6s/4m30.0s

running (0m58.6s), 240/240 VUs, 13053 complete and 0 interrupted iterations
workload_01_binance      [  22% ] 20/20 VUs  0m58.6s/4m30.0s
workload_02_datadog      [  22% ] 20/20 VUs  0m58.6s/4m30.0s
workload_03_ibm          [  22% ] 20/20 VUs  0m58.6s/4m30.0s
workload_04_intel        [  22% ] 20/20 VUs  0m58.6s/4m30.0s
workload_05_mongo        [  22% ] 20/20 VUs  0m58.6s/4m30.0s
workload_06_oracle       [  22% ] 20/20 VUs  0m58.6s/4m30.0s
workload_07_qualcomm     [  22% ] 20/20 VUs  0m58.6s/4m30.0s
workload_08_salesforce   [  22% ] 20/20 VUs  0m58.6s/4m30.0s
workload_09_sap          [  22% ] 20/20 VUs  0m58.6s/4m30.0s
workload_10_shopify      [  22% ] 20/20 VUs  0m58.6s/4m30.0s
workload_11_stripe       [  22% ] 20/20 VUs  0m58.6s/4m30.0s
workload_12_twilio       [  22% ] 20/20 VUs  0m58.6s/4m30.0s

running (0m59.6s), 240/240 VUs, 13377 complete and 0 interrupted iterations
workload_01_binance      [  22% ] 20/20 VUs  0m59.6s/4m30.0s
workload_02_datadog      [  22% ] 20/20 VUs  0m59.6s/4m30.0s
workload_03_ibm          [  22% ] 20/20 VUs  0m59.6s/4m30.0s
workload_04_intel        [  22% ] 20/20 VUs  0m59.6s/4m30.0s
workload_05_mongo        [  22% ] 20/20 VUs  0m59.6s/4m30.0s
workload_06_oracle       [  22% ] 20/20 VUs  0m59.6s/4m30.0s
workload_07_qualcomm     [  22% ] 20/20 VUs  0m59.6s/4m30.0s
workload_08_salesforce   [  22% ] 20/20 VUs  0m59.6s/4m30.0s
workload_09_sap          [  22% ] 20/20 VUs  0m59.6s/4m30.0s
workload_10_shopify      [  22% ] 20/20 VUs  0m59.6s/4m30.0s
workload_11_stripe       [  22% ] 20/20 VUs  0m59.6s/4m30.0s
workload_12_twilio       [  22% ] 20/20 VUs  0m59.6s/4m30.0s

running (1m00.6s), 240/240 VUs, 13719 complete and 0 interrupted iterations
workload_01_binance      [  22% ] 20/20 VUs  1m00.6s/4m30.0s
workload_02_datadog      [  22% ] 20/20 VUs  1m00.6s/4m30.0s
workload_03_ibm          [  22% ] 20/20 VUs  1m00.6s/4m30.0s
workload_04_intel        [  22% ] 20/20 VUs  1m00.6s/4m30.0s
workload_05_mongo        [  22% ] 20/20 VUs  1m00.6s/4m30.0s
workload_06_oracle       [  22% ] 20/20 VUs  1m00.6s/4m30.0s
workload_07_qualcomm     [  22% ] 20/20 VUs  1m00.6s/4m30.0s
workload_08_salesforce   [  22% ] 20/20 VUs  1m00.6s/4m30.0s
workload_09_sap          [  22% ] 20/20 VUs  1m00.6s/4m30.0s
workload_10_shopify      [  22% ] 20/20 VUs  1m00.6s/4m30.0s
workload_11_stripe       [  22% ] 20/20 VUs  1m00.6s/4m30.0s
workload_12_twilio       [  22% ] 20/20 VUs  1m00.6s/4m30.0s

running (1m01.6s), 240/240 VUs, 14032 complete and 0 interrupted iterations
workload_01_binance      [  23% ] 20/20 VUs  1m01.6s/4m30.0s
workload_02_datadog      [  23% ] 20/20 VUs  1m01.6s/4m30.0s
workload_03_ibm          [  23% ] 20/20 VUs  1m01.6s/4m30.0s
workload_04_intel        [  23% ] 20/20 VUs  1m01.6s/4m30.0s
workload_05_mongo        [  23% ] 20/20 VUs  1m01.6s/4m30.0s
workload_06_oracle       [  23% ] 20/20 VUs  1m01.6s/4m30.0s
workload_07_qualcomm     [  23% ] 20/20 VUs  1m01.6s/4m30.0s
workload_08_salesforce   [  23% ] 20/20 VUs  1m01.6s/4m30.0s
workload_09_sap          [  23% ] 20/20 VUs  1m01.6s/4m30.0s
workload_10_shopify      [  23% ] 20/20 VUs  1m01.6s/4m30.0s
workload_11_stripe       [  23% ] 20/20 VUs  1m01.6s/4m30.0s
workload_12_twilio       [  23% ] 20/20 VUs  1m01.6s/4m30.0s

running (1m02.6s), 240/240 VUs, 14341 complete and 0 interrupted iterations
workload_01_binance      [  23% ] 20/20 VUs  1m02.6s/4m30.0s
workload_02_datadog      [  23% ] 20/20 VUs  1m02.6s/4m30.0s
workload_03_ibm          [  23% ] 20/20 VUs  1m02.6s/4m30.0s
workload_04_intel        [  23% ] 20/20 VUs  1m02.6s/4m30.0s
workload_05_mongo        [  23% ] 20/20 VUs  1m02.6s/4m30.0s
workload_06_oracle       [  23% ] 20/20 VUs  1m02.6s/4m30.0s
workload_07_qualcomm     [  23% ] 20/20 VUs  1m02.6s/4m30.0s
workload_08_salesforce   [  23% ] 20/20 VUs  1m02.6s/4m30.0s
workload_09_sap          [  23% ] 20/20 VUs  1m02.6s/4m30.0s
workload_10_shopify      [  23% ] 20/20 VUs  1m02.6s/4m30.0s
workload_11_stripe       [  23% ] 20/20 VUs  1m02.6s/4m30.0s
workload_12_twilio       [  23% ] 20/20 VUs  1m02.6s/4m30.0s

running (1m03.6s), 240/240 VUs, 14665 complete and 0 interrupted iterations
workload_01_binance      [  24% ] 20/20 VUs  1m03.6s/4m30.0s
workload_02_datadog      [  24% ] 20/20 VUs  1m03.6s/4m30.0s
workload_03_ibm          [  24% ] 20/20 VUs  1m03.6s/4m30.0s
workload_04_intel        [  24% ] 20/20 VUs  1m03.6s/4m30.0s
workload_05_mongo        [  24% ] 20/20 VUs  1m03.6s/4m30.0s
workload_06_oracle       [  24% ] 20/20 VUs  1m03.6s/4m30.0s
workload_07_qualcomm     [  24% ] 20/20 VUs  1m03.6s/4m30.0s
workload_08_salesforce   [  24% ] 20/20 VUs  1m03.6s/4m30.0s
workload_09_sap          [  24% ] 20/20 VUs  1m03.6s/4m30.0s
workload_10_shopify      [  24% ] 20/20 VUs  1m03.6s/4m30.0s
workload_11_stripe       [  24% ] 20/20 VUs  1m03.6s/4m30.0s
workload_12_twilio       [  24% ] 20/20 VUs  1m03.6s/4m30.0s

running (1m04.6s), 240/240 VUs, 15003 complete and 0 interrupted iterations
workload_01_binance      [  24% ] 20/20 VUs  1m04.6s/4m30.0s
workload_02_datadog      [  24% ] 20/20 VUs  1m04.6s/4m30.0s
workload_03_ibm          [  24% ] 20/20 VUs  1m04.6s/4m30.0s
workload_04_intel        [  24% ] 20/20 VUs  1m04.6s/4m30.0s
workload_05_mongo        [  24% ] 20/20 VUs  1m04.6s/4m30.0s
workload_06_oracle       [  24% ] 20/20 VUs  1m04.6s/4m30.0s
workload_07_qualcomm     [  24% ] 20/20 VUs  1m04.6s/4m30.0s
workload_08_salesforce   [  24% ] 20/20 VUs  1m04.6s/4m30.0s
workload_09_sap          [  24% ] 20/20 VUs  1m04.6s/4m30.0s
workload_10_shopify      [  24% ] 20/20 VUs  1m04.6s/4m30.0s
workload_11_stripe       [  24% ] 20/20 VUs  1m04.6s/4m30.0s
workload_12_twilio       [  24% ] 20/20 VUs  1m04.6s/4m30.0s

running (1m05.6s), 240/240 VUs, 15305 complete and 0 interrupted iterations
workload_01_binance      [  24% ] 20/20 VUs  1m05.6s/4m30.0s
workload_02_datadog      [  24% ] 20/20 VUs  1m05.6s/4m30.0s
workload_03_ibm          [  24% ] 20/20 VUs  1m05.6s/4m30.0s
workload_04_intel        [  24% ] 20/20 VUs  1m05.6s/4m30.0s
workload_05_mongo        [  24% ] 20/20 VUs  1m05.6s/4m30.0s
workload_06_oracle       [  24% ] 20/20 VUs  1m05.6s/4m30.0s
workload_07_qualcomm     [  24% ] 20/20 VUs  1m05.6s/4m30.0s
workload_08_salesforce   [  24% ] 20/20 VUs  1m05.6s/4m30.0s
workload_09_sap          [  24% ] 20/20 VUs  1m05.6s/4m30.0s
workload_10_shopify      [  24% ] 20/20 VUs  1m05.6s/4m30.0s
workload_11_stripe       [  24% ] 20/20 VUs  1m05.6s/4m30.0s
workload_12_twilio       [  24% ] 20/20 VUs  1m05.6s/4m30.0s

running (1m06.6s), 240/240 VUs, 15627 complete and 0 interrupted iterations
workload_01_binance      [  25% ] 20/20 VUs  1m06.6s/4m30.0s
workload_02_datadog      [  25% ] 20/20 VUs  1m06.6s/4m30.0s
workload_03_ibm          [  25% ] 20/20 VUs  1m06.6s/4m30.0s
workload_04_intel        [  25% ] 20/20 VUs  1m06.6s/4m30.0s
workload_05_mongo        [  25% ] 20/20 VUs  1m06.6s/4m30.0s
workload_06_oracle       [  25% ] 20/20 VUs  1m06.6s/4m30.0s
workload_07_qualcomm     [  25% ] 20/20 VUs  1m06.6s/4m30.0s
workload_08_salesforce   [  25% ] 20/20 VUs  1m06.6s/4m30.0s
workload_09_sap          [  25% ] 20/20 VUs  1m06.6s/4m30.0s
workload_10_shopify      [  25% ] 20/20 VUs  1m06.6s/4m30.0s
workload_11_stripe       [  25% ] 20/20 VUs  1m06.6s/4m30.0s
workload_12_twilio       [  25% ] 20/20 VUs  1m06.6s/4m30.0s

running (1m07.6s), 240/240 VUs, 15953 complete and 0 interrupted iterations
workload_01_binance      [  25% ] 20/20 VUs  1m07.6s/4m30.0s
workload_02_datadog      [  25% ] 20/20 VUs  1m07.6s/4m30.0s
workload_03_ibm          [  25% ] 20/20 VUs  1m07.6s/4m30.0s
workload_04_intel        [  25% ] 20/20 VUs  1m07.6s/4m30.0s
workload_05_mongo        [  25% ] 20/20 VUs  1m07.6s/4m30.0s
workload_06_oracle       [  25% ] 20/20 VUs  1m07.6s/4m30.0s
workload_07_qualcomm     [  25% ] 20/20 VUs  1m07.6s/4m30.0s
workload_08_salesforce   [  25% ] 20/20 VUs  1m07.6s/4m30.0s
workload_09_sap          [  25% ] 20/20 VUs  1m07.6s/4m30.0s
workload_10_shopify      [  25% ] 20/20 VUs  1m07.6s/4m30.0s
workload_11_stripe       [  25% ] 20/20 VUs  1m07.6s/4m30.0s
workload_12_twilio       [  25% ] 20/20 VUs  1m07.6s/4m30.0s

running (1m08.6s), 240/240 VUs, 16267 complete and 0 interrupted iterations
workload_01_binance      [  25% ] 20/20 VUs  1m08.6s/4m30.0s
workload_02_datadog      [  25% ] 20/20 VUs  1m08.6s/4m30.0s
workload_03_ibm          [  25% ] 20/20 VUs  1m08.6s/4m30.0s
workload_04_intel        [  25% ] 20/20 VUs  1m08.6s/4m30.0s
workload_05_mongo        [  25% ] 20/20 VUs  1m08.6s/4m30.0s
workload_06_oracle       [  25% ] 20/20 VUs  1m08.6s/4m30.0s
workload_07_qualcomm     [  25% ] 20/20 VUs  1m08.6s/4m30.0s
workload_08_salesforce   [  25% ] 20/20 VUs  1m08.6s/4m30.0s
workload_09_sap          [  25% ] 20/20 VUs  1m08.6s/4m30.0s
workload_10_shopify      [  25% ] 20/20 VUs  1m08.6s/4m30.0s
workload_11_stripe       [  25% ] 20/20 VUs  1m08.6s/4m30.0s
workload_12_twilio       [  25% ] 20/20 VUs  1m08.6s/4m30.0s

running (1m09.6s), 240/240 VUs, 16589 complete and 0 interrupted iterations
workload_01_binance      [  26% ] 20/20 VUs  1m09.6s/4m30.0s
workload_02_datadog      [  26% ] 20/20 VUs  1m09.6s/4m30.0s
workload_03_ibm          [  26% ] 20/20 VUs  1m09.6s/4m30.0s
workload_04_intel        [  26% ] 20/20 VUs  1m09.6s/4m30.0s
workload_05_mongo        [  26% ] 20/20 VUs  1m09.6s/4m30.0s
workload_06_oracle       [  26% ] 20/20 VUs  1m09.6s/4m30.0s
workload_07_qualcomm     [  26% ] 20/20 VUs  1m09.6s/4m30.0s
workload_08_salesforce   [  26% ] 20/20 VUs  1m09.6s/4m30.0s
workload_09_sap          [  26% ] 20/20 VUs  1m09.6s/4m30.0s
workload_10_shopify      [  26% ] 20/20 VUs  1m09.6s/4m30.0s
workload_11_stripe       [  26% ] 20/20 VUs  1m09.6s/4m30.0s
workload_12_twilio       [  26% ] 20/20 VUs  1m09.6s/4m30.0s

running (1m10.6s), 240/240 VUs, 16918 complete and 0 interrupted iterations
workload_01_binance      [  26% ] 20/20 VUs  1m10.6s/4m30.0s
workload_02_datadog      [  26% ] 20/20 VUs  1m10.6s/4m30.0s
workload_03_ibm          [  26% ] 20/20 VUs  1m10.6s/4m30.0s
workload_04_intel        [  26% ] 20/20 VUs  1m10.6s/4m30.0s
workload_05_mongo        [  26% ] 20/20 VUs  1m10.6s/4m30.0s
workload_06_oracle       [  26% ] 20/20 VUs  1m10.6s/4m30.0s
workload_07_qualcomm     [  26% ] 20/20 VUs  1m10.6s/4m30.0s
workload_08_salesforce   [  26% ] 20/20 VUs  1m10.6s/4m30.0s
workload_09_sap          [  26% ] 20/20 VUs  1m10.6s/4m30.0s
workload_10_shopify      [  26% ] 20/20 VUs  1m10.6s/4m30.0s
workload_11_stripe       [  26% ] 20/20 VUs  1m10.6s/4m30.0s
workload_12_twilio       [  26% ] 20/20 VUs  1m10.6s/4m30.0s

running (1m11.6s), 240/240 VUs, 17240 complete and 0 interrupted iterations
workload_01_binance      [  27% ] 20/20 VUs  1m11.6s/4m30.0s
workload_02_datadog      [  27% ] 20/20 VUs  1m11.6s/4m30.0s
workload_03_ibm          [  27% ] 20/20 VUs  1m11.6s/4m30.0s
workload_04_intel        [  27% ] 20/20 VUs  1m11.6s/4m30.0s
workload_05_mongo        [  27% ] 20/20 VUs  1m11.6s/4m30.0s
workload_06_oracle       [  27% ] 20/20 VUs  1m11.6s/4m30.0s
workload_07_qualcomm     [  27% ] 20/20 VUs  1m11.6s/4m30.0s
workload_08_salesforce   [  27% ] 20/20 VUs  1m11.6s/4m30.0s
workload_09_sap          [  27% ] 20/20 VUs  1m11.6s/4m30.0s
workload_10_shopify      [  27% ] 20/20 VUs  1m11.6s/4m30.0s
workload_11_stripe       [  27% ] 20/20 VUs  1m11.6s/4m30.0s
workload_12_twilio       [  27% ] 20/20 VUs  1m11.6s/4m30.0s

running (1m12.6s), 240/240 VUs, 17568 complete and 0 interrupted iterations
workload_01_binance      [  27% ] 20/20 VUs  1m12.6s/4m30.0s
workload_02_datadog      [  27% ] 20/20 VUs  1m12.6s/4m30.0s
workload_03_ibm          [  27% ] 20/20 VUs  1m12.6s/4m30.0s
workload_04_intel        [  27% ] 20/20 VUs  1m12.6s/4m30.0s
workload_05_mongo        [  27% ] 20/20 VUs  1m12.6s/4m30.0s
workload_06_oracle       [  27% ] 20/20 VUs  1m12.6s/4m30.0s
workload_07_qualcomm     [  27% ] 20/20 VUs  1m12.6s/4m30.0s
workload_08_salesforce   [  27% ] 20/20 VUs  1m12.6s/4m30.0s
workload_09_sap          [  27% ] 20/20 VUs  1m12.6s/4m30.0s
workload_10_shopify      [  27% ] 20/20 VUs  1m12.6s/4m30.0s
workload_11_stripe       [  27% ] 20/20 VUs  1m12.6s/4m30.0s
workload_12_twilio       [  27% ] 20/20 VUs  1m12.6s/4m30.0s

running (1m13.6s), 240/240 VUs, 17899 complete and 0 interrupted iterations
workload_01_binance      [  27% ] 20/20 VUs  1m13.6s/4m30.0s
workload_02_datadog      [  27% ] 20/20 VUs  1m13.6s/4m30.0s
workload_03_ibm          [  27% ] 20/20 VUs  1m13.6s/4m30.0s
workload_04_intel        [  27% ] 20/20 VUs  1m13.6s/4m30.0s
workload_05_mongo        [  27% ] 20/20 VUs  1m13.6s/4m30.0s
workload_06_oracle       [  27% ] 20/20 VUs  1m13.6s/4m30.0s
workload_07_qualcomm     [  27% ] 20/20 VUs  1m13.6s/4m30.0s
workload_08_salesforce   [  27% ] 20/20 VUs  1m13.6s/4m30.0s
workload_09_sap          [  27% ] 20/20 VUs  1m13.6s/4m30.0s
workload_10_shopify      [  27% ] 20/20 VUs  1m13.6s/4m30.0s
workload_11_stripe       [  27% ] 20/20 VUs  1m13.6s/4m30.0s
workload_12_twilio       [  27% ] 20/20 VUs  1m13.6s/4m30.0s

running (1m14.6s), 240/240 VUs, 18248 complete and 0 interrupted iterations
workload_01_binance      [  28% ] 20/20 VUs  1m14.6s/4m30.0s
workload_02_datadog      [  28% ] 20/20 VUs  1m14.6s/4m30.0s
workload_03_ibm          [  28% ] 20/20 VUs  1m14.6s/4m30.0s
workload_04_intel        [  28% ] 20/20 VUs  1m14.6s/4m30.0s
workload_05_mongo        [  28% ] 20/20 VUs  1m14.6s/4m30.0s
workload_06_oracle       [  28% ] 20/20 VUs  1m14.6s/4m30.0s
workload_07_qualcomm     [  28% ] 20/20 VUs  1m14.6s/4m30.0s
workload_08_salesforce   [  28% ] 20/20 VUs  1m14.6s/4m30.0s
workload_09_sap          [  28% ] 20/20 VUs  1m14.6s/4m30.0s
workload_10_shopify      [  28% ] 20/20 VUs  1m14.6s/4m30.0s
workload_11_stripe       [  28% ] 20/20 VUs  1m14.6s/4m30.0s
workload_12_twilio       [  28% ] 20/20 VUs  1m14.6s/4m30.0s

running (1m15.6s), 240/240 VUs, 18569 complete and 0 interrupted iterations
workload_01_binance      [  28% ] 20/20 VUs  1m15.6s/4m30.0s
workload_02_datadog      [  28% ] 20/20 VUs  1m15.6s/4m30.0s
workload_03_ibm          [  28% ] 20/20 VUs  1m15.6s/4m30.0s
workload_04_intel        [  28% ] 20/20 VUs  1m15.6s/4m30.0s
workload_05_mongo        [  28% ] 20/20 VUs  1m15.6s/4m30.0s
workload_06_oracle       [  28% ] 20/20 VUs  1m15.6s/4m30.0s
workload_07_qualcomm     [  28% ] 20/20 VUs  1m15.6s/4m30.0s
workload_08_salesforce   [  28% ] 20/20 VUs  1m15.6s/4m30.0s
workload_09_sap          [  28% ] 20/20 VUs  1m15.6s/4m30.0s
workload_10_shopify      [  28% ] 20/20 VUs  1m15.6s/4m30.0s
workload_11_stripe       [  28% ] 20/20 VUs  1m15.6s/4m30.0s
workload_12_twilio       [  28% ] 20/20 VUs  1m15.6s/4m30.0s

running (1m16.6s), 240/240 VUs, 18873 complete and 0 interrupted iterations
workload_01_binance      [  28% ] 20/20 VUs  1m16.6s/4m30.0s
workload_02_datadog      [  28% ] 20/20 VUs  1m16.6s/4m30.0s
workload_03_ibm          [  28% ] 20/20 VUs  1m16.6s/4m30.0s
workload_04_intel        [  28% ] 20/20 VUs  1m16.6s/4m30.0s
workload_05_mongo        [  28% ] 20/20 VUs  1m16.6s/4m30.0s
workload_06_oracle       [  28% ] 20/20 VUs  1m16.6s/4m30.0s
workload_07_qualcomm     [  28% ] 20/20 VUs  1m16.6s/4m30.0s
workload_08_salesforce   [  28% ] 20/20 VUs  1m16.6s/4m30.0s
workload_09_sap          [  28% ] 20/20 VUs  1m16.6s/4m30.0s
workload_10_shopify      [  28% ] 20/20 VUs  1m16.6s/4m30.0s
workload_11_stripe       [  28% ] 20/20 VUs  1m16.6s/4m30.0s
workload_12_twilio       [  28% ] 20/20 VUs  1m16.6s/4m30.0s

running (1m17.6s), 240/240 VUs, 19205 complete and 0 interrupted iterations
workload_01_binance      [  29% ] 20/20 VUs  1m17.6s/4m30.0s
workload_02_datadog      [  29% ] 20/20 VUs  1m17.6s/4m30.0s
workload_03_ibm          [  29% ] 20/20 VUs  1m17.6s/4m30.0s
workload_04_intel        [  29% ] 20/20 VUs  1m17.6s/4m30.0s
workload_05_mongo        [  29% ] 20/20 VUs  1m17.6s/4m30.0s
workload_06_oracle       [  29% ] 20/20 VUs  1m17.6s/4m30.0s
workload_07_qualcomm     [  29% ] 20/20 VUs  1m17.6s/4m30.0s
workload_08_salesforce   [  29% ] 20/20 VUs  1m17.6s/4m30.0s
workload_09_sap          [  29% ] 20/20 VUs  1m17.6s/4m30.0s
workload_10_shopify      [  29% ] 20/20 VUs  1m17.6s/4m30.0s
workload_11_stripe       [  29% ] 20/20 VUs  1m17.6s/4m30.0s
workload_12_twilio       [  29% ] 20/20 VUs  1m17.6s/4m30.0s

running (1m18.6s), 240/240 VUs, 19535 complete and 0 interrupted iterations
workload_01_binance      [  29% ] 20/20 VUs  1m18.6s/4m30.0s
workload_02_datadog      [  29% ] 20/20 VUs  1m18.6s/4m30.0s
workload_03_ibm          [  29% ] 20/20 VUs  1m18.6s/4m30.0s
workload_04_intel        [  29% ] 20/20 VUs  1m18.6s/4m30.0s
workload_05_mongo        [  29% ] 20/20 VUs  1m18.6s/4m30.0s
workload_06_oracle       [  29% ] 20/20 VUs  1m18.6s/4m30.0s
workload_07_qualcomm     [  29% ] 20/20 VUs  1m18.6s/4m30.0s
workload_08_salesforce   [  29% ] 20/20 VUs  1m18.6s/4m30.0s
workload_09_sap          [  29% ] 20/20 VUs  1m18.6s/4m30.0s
workload_10_shopify      [  29% ] 20/20 VUs  1m18.6s/4m30.0s
workload_11_stripe       [  29% ] 20/20 VUs  1m18.6s/4m30.0s
workload_12_twilio       [  29% ] 20/20 VUs  1m18.6s/4m30.0s

running (1m19.6s), 240/240 VUs, 19867 complete and 0 interrupted iterations
workload_01_binance      [  29% ] 20/20 VUs  1m19.6s/4m30.0s
workload_02_datadog      [  29% ] 20/20 VUs  1m19.6s/4m30.0s
workload_03_ibm          [  29% ] 20/20 VUs  1m19.6s/4m30.0s
workload_04_intel        [  29% ] 20/20 VUs  1m19.6s/4m30.0s
workload_05_mongo        [  29% ] 20/20 VUs  1m19.6s/4m30.0s
workload_06_oracle       [  29% ] 20/20 VUs  1m19.6s/4m30.0s
workload_07_qualcomm     [  29% ] 20/20 VUs  1m19.6s/4m30.0s
workload_08_salesforce   [  29% ] 20/20 VUs  1m19.6s/4m30.0s
workload_09_sap          [  29% ] 20/20 VUs  1m19.6s/4m30.0s
workload_10_shopify      [  29% ] 20/20 VUs  1m19.6s/4m30.0s
workload_11_stripe       [  29% ] 20/20 VUs  1m19.6s/4m30.0s
workload_12_twilio       [  29% ] 20/20 VUs  1m19.6s/4m30.0s

running (1m20.6s), 240/240 VUs, 20192 complete and 0 interrupted iterations
workload_01_binance      [  30% ] 20/20 VUs  1m20.6s/4m30.0s
workload_02_datadog      [  30% ] 20/20 VUs  1m20.6s/4m30.0s
workload_03_ibm          [  30% ] 20/20 VUs  1m20.6s/4m30.0s
workload_04_intel        [  30% ] 20/20 VUs  1m20.6s/4m30.0s
workload_05_mongo        [  30% ] 20/20 VUs  1m20.6s/4m30.0s
workload_06_oracle       [  30% ] 20/20 VUs  1m20.6s/4m30.0s
workload_07_qualcomm     [  30% ] 20/20 VUs  1m20.6s/4m30.0s
workload_08_salesforce   [  30% ] 20/20 VUs  1m20.6s/4m30.0s
workload_09_sap          [  30% ] 20/20 VUs  1m20.6s/4m30.0s
workload_10_shopify      [  30% ] 20/20 VUs  1m20.6s/4m30.0s
workload_11_stripe       [  30% ] 20/20 VUs  1m20.6s/4m30.0s
workload_12_twilio       [  30% ] 20/20 VUs  1m20.6s/4m30.0s

running (1m21.6s), 240/240 VUs, 20516 complete and 0 interrupted iterations
workload_01_binance      [  30% ] 20/20 VUs  1m21.6s/4m30.0s
workload_02_datadog      [  30% ] 20/20 VUs  1m21.6s/4m30.0s
workload_03_ibm          [  30% ] 20/20 VUs  1m21.6s/4m30.0s
workload_04_intel        [  30% ] 20/20 VUs  1m21.6s/4m30.0s
workload_05_mongo        [  30% ] 20/20 VUs  1m21.6s/4m30.0s
workload_06_oracle       [  30% ] 20/20 VUs  1m21.6s/4m30.0s
workload_07_qualcomm     [  30% ] 20/20 VUs  1m21.6s/4m30.0s
workload_08_salesforce   [  30% ] 20/20 VUs  1m21.6s/4m30.0s
workload_09_sap          [  30% ] 20/20 VUs  1m21.6s/4m30.0s
workload_10_shopify      [  30% ] 20/20 VUs  1m21.6s/4m30.0s
workload_11_stripe       [  30% ] 20/20 VUs  1m21.6s/4m30.0s
workload_12_twilio       [  30% ] 20/20 VUs  1m21.6s/4m30.0s

running (1m22.6s), 240/240 VUs, 20804 complete and 0 interrupted iterations
workload_01_binance      [  31% ] 20/20 VUs  1m22.6s/4m30.0s
workload_02_datadog      [  31% ] 20/20 VUs  1m22.6s/4m30.0s
workload_03_ibm          [  31% ] 20/20 VUs  1m22.6s/4m30.0s
workload_04_intel        [  31% ] 20/20 VUs  1m22.6s/4m30.0s
workload_05_mongo        [  31% ] 20/20 VUs  1m22.6s/4m30.0s
workload_06_oracle       [  31% ] 20/20 VUs  1m22.6s/4m30.0s
workload_07_qualcomm     [  31% ] 20/20 VUs  1m22.6s/4m30.0s
workload_08_salesforce   [  31% ] 20/20 VUs  1m22.6s/4m30.0s
workload_09_sap          [  31% ] 20/20 VUs  1m22.6s/4m30.0s
workload_10_shopify      [  31% ] 20/20 VUs  1m22.6s/4m30.0s
workload_11_stripe       [  31% ] 20/20 VUs  1m22.6s/4m30.0s
workload_12_twilio       [  31% ] 20/20 VUs  1m22.6s/4m30.0s

running (1m23.6s), 240/240 VUs, 21125 complete and 0 interrupted iterations
workload_01_binance      [  31% ] 20/20 VUs  1m23.6s/4m30.0s
workload_02_datadog      [  31% ] 20/20 VUs  1m23.6s/4m30.0s
workload_03_ibm          [  31% ] 20/20 VUs  1m23.6s/4m30.0s
workload_04_intel        [  31% ] 20/20 VUs  1m23.6s/4m30.0s
workload_05_mongo        [  31% ] 20/20 VUs  1m23.6s/4m30.0s
workload_06_oracle       [  31% ] 20/20 VUs  1m23.6s/4m30.0s
workload_07_qualcomm     [  31% ] 20/20 VUs  1m23.6s/4m30.0s
workload_08_salesforce   [  31% ] 20/20 VUs  1m23.6s/4m30.0s
workload_09_sap          [  31% ] 20/20 VUs  1m23.6s/4m30.0s
workload_10_shopify      [  31% ] 20/20 VUs  1m23.6s/4m30.0s
workload_11_stripe       [  31% ] 20/20 VUs  1m23.6s/4m30.0s
workload_12_twilio       [  31% ] 20/20 VUs  1m23.6s/4m30.0s

running (1m24.6s), 240/240 VUs, 21419 complete and 0 interrupted iterations
workload_01_binance      [  31% ] 20/20 VUs  1m24.6s/4m30.0s
workload_02_datadog      [  31% ] 20/20 VUs  1m24.6s/4m30.0s
workload_03_ibm          [  31% ] 20/20 VUs  1m24.6s/4m30.0s
workload_04_intel        [  31% ] 20/20 VUs  1m24.6s/4m30.0s
workload_05_mongo        [  31% ] 20/20 VUs  1m24.6s/4m30.0s
workload_06_oracle       [  31% ] 20/20 VUs  1m24.6s/4m30.0s
workload_07_qualcomm     [  31% ] 20/20 VUs  1m24.6s/4m30.0s
workload_08_salesforce   [  31% ] 20/20 VUs  1m24.6s/4m30.0s
workload_09_sap          [  31% ] 20/20 VUs  1m24.6s/4m30.0s
workload_10_shopify      [  31% ] 20/20 VUs  1m24.6s/4m30.0s
workload_11_stripe       [  31% ] 20/20 VUs  1m24.6s/4m30.0s
workload_12_twilio       [  31% ] 20/20 VUs  1m24.6s/4m30.0s

running (1m25.6s), 240/240 VUs, 21737 complete and 0 interrupted iterations
workload_01_binance      [  32% ] 20/20 VUs  1m25.6s/4m30.0s
workload_02_datadog      [  32% ] 20/20 VUs  1m25.6s/4m30.0s
workload_03_ibm          [  32% ] 20/20 VUs  1m25.6s/4m30.0s
workload_04_intel        [  32% ] 20/20 VUs  1m25.6s/4m30.0s
workload_05_mongo        [  32% ] 20/20 VUs  1m25.6s/4m30.0s
workload_06_oracle       [  32% ] 20/20 VUs  1m25.6s/4m30.0s
workload_07_qualcomm     [  32% ] 20/20 VUs  1m25.6s/4m30.0s
workload_08_salesforce   [  32% ] 20/20 VUs  1m25.6s/4m30.0s
workload_09_sap          [  32% ] 20/20 VUs  1m25.6s/4m30.0s
workload_10_shopify      [  32% ] 20/20 VUs  1m25.6s/4m30.0s
workload_11_stripe       [  32% ] 20/20 VUs  1m25.6s/4m30.0s
workload_12_twilio       [  32% ] 20/20 VUs  1m25.6s/4m30.0s

running (1m26.6s), 240/240 VUs, 22044 complete and 0 interrupted iterations
workload_01_binance      [  32% ] 20/20 VUs  1m26.6s/4m30.0s
workload_02_datadog      [  32% ] 20/20 VUs  1m26.6s/4m30.0s
workload_03_ibm          [  32% ] 20/20 VUs  1m26.6s/4m30.0s
workload_04_intel        [  32% ] 20/20 VUs  1m26.6s/4m30.0s
workload_05_mongo        [  32% ] 20/20 VUs  1m26.6s/4m30.0s
workload_06_oracle       [  32% ] 20/20 VUs  1m26.6s/4m30.0s
workload_07_qualcomm     [  32% ] 20/20 VUs  1m26.6s/4m30.0s
workload_08_salesforce   [  32% ] 20/20 VUs  1m26.6s/4m30.0s
workload_09_sap          [  32% ] 20/20 VUs  1m26.6s/4m30.0s
workload_10_shopify      [  32% ] 20/20 VUs  1m26.6s/4m30.0s
workload_11_stripe       [  32% ] 20/20 VUs  1m26.6s/4m30.0s
workload_12_twilio       [  32% ] 20/20 VUs  1m26.6s/4m30.0s

running (1m27.6s), 240/240 VUs, 22219 complete and 0 interrupted iterations
workload_01_binance      [  32% ] 20/20 VUs  1m27.6s/4m30.0s
workload_02_datadog      [  32% ] 20/20 VUs  1m27.6s/4m30.0s
workload_03_ibm          [  32% ] 20/20 VUs  1m27.6s/4m30.0s
workload_04_intel        [  32% ] 20/20 VUs  1m27.6s/4m30.0s
workload_05_mongo        [  32% ] 20/20 VUs  1m27.6s/4m30.0s
workload_06_oracle       [  32% ] 20/20 VUs  1m27.6s/4m30.0s
workload_07_qualcomm     [  32% ] 20/20 VUs  1m27.6s/4m30.0s
workload_08_salesforce   [  32% ] 20/20 VUs  1m27.6s/4m30.0s
workload_09_sap          [  32% ] 20/20 VUs  1m27.6s/4m30.0s
workload_10_shopify      [  32% ] 20/20 VUs  1m27.6s/4m30.0s
workload_11_stripe       [  32% ] 20/20 VUs  1m27.6s/4m30.0s
workload_12_twilio       [  32% ] 20/20 VUs  1m27.6s/4m30.0s

running (1m28.6s), 240/240 VUs, 22530 complete and 0 interrupted iterations
workload_01_binance      [  33% ] 20/20 VUs  1m28.6s/4m30.0s
workload_02_datadog      [  33% ] 20/20 VUs  1m28.6s/4m30.0s
workload_03_ibm          [  33% ] 20/20 VUs  1m28.6s/4m30.0s
workload_04_intel        [  33% ] 20/20 VUs  1m28.6s/4m30.0s
workload_05_mongo        [  33% ] 20/20 VUs  1m28.6s/4m30.0s
workload_06_oracle       [  33% ] 20/20 VUs  1m28.6s/4m30.0s
workload_07_qualcomm     [  33% ] 20/20 VUs  1m28.6s/4m30.0s
workload_08_salesforce   [  33% ] 20/20 VUs  1m28.6s/4m30.0s
workload_09_sap          [  33% ] 20/20 VUs  1m28.6s/4m30.0s
workload_10_shopify      [  33% ] 20/20 VUs  1m28.6s/4m30.0s
workload_11_stripe       [  33% ] 20/20 VUs  1m28.6s/4m30.0s
workload_12_twilio       [  33% ] 20/20 VUs  1m28.6s/4m30.0s

running (1m29.6s), 240/240 VUs, 22860 complete and 0 interrupted iterations
workload_01_binance      [  33% ] 20/20 VUs  1m29.6s/4m30.0s
workload_02_datadog      [  33% ] 20/20 VUs  1m29.6s/4m30.0s
workload_03_ibm          [  33% ] 20/20 VUs  1m29.6s/4m30.0s
workload_04_intel        [  33% ] 20/20 VUs  1m29.6s/4m30.0s
workload_05_mongo        [  33% ] 20/20 VUs  1m29.6s/4m30.0s
workload_06_oracle       [  33% ] 20/20 VUs  1m29.6s/4m30.0s
workload_07_qualcomm     [  33% ] 20/20 VUs  1m29.6s/4m30.0s
workload_08_salesforce   [  33% ] 20/20 VUs  1m29.6s/4m30.0s
workload_09_sap          [  33% ] 20/20 VUs  1m29.6s/4m30.0s
workload_10_shopify      [  33% ] 20/20 VUs  1m29.6s/4m30.0s
workload_11_stripe       [  33% ] 20/20 VUs  1m29.6s/4m30.0s
workload_12_twilio       [  33% ] 20/20 VUs  1m29.6s/4m30.0s

running (1m30.6s), 240/240 VUs, 23171 complete and 0 interrupted iterations
workload_01_binance      [  34% ] 20/20 VUs  1m30.6s/4m30.0s
workload_02_datadog      [  34% ] 20/20 VUs  1m30.6s/4m30.0s
workload_03_ibm          [  34% ] 20/20 VUs  1m30.6s/4m30.0s
workload_04_intel        [  34% ] 20/20 VUs  1m30.6s/4m30.0s
workload_05_mongo        [  34% ] 20/20 VUs  1m30.6s/4m30.0s
workload_06_oracle       [  34% ] 20/20 VUs  1m30.6s/4m30.0s
workload_07_qualcomm     [  34% ] 20/20 VUs  1m30.6s/4m30.0s
workload_08_salesforce   [  34% ] 20/20 VUs  1m30.6s/4m30.0s
workload_09_sap          [  34% ] 20/20 VUs  1m30.6s/4m30.0s
workload_10_shopify      [  34% ] 20/20 VUs  1m30.6s/4m30.0s
workload_11_stripe       [  34% ] 20/20 VUs  1m30.6s/4m30.0s
workload_12_twilio       [  34% ] 20/20 VUs  1m30.6s/4m30.0s

running (1m31.6s), 240/240 VUs, 23493 complete and 0 interrupted iterations
workload_01_binance      [  34% ] 20/20 VUs  1m31.6s/4m30.0s
workload_02_datadog      [  34% ] 20/20 VUs  1m31.6s/4m30.0s
workload_03_ibm          [  34% ] 20/20 VUs  1m31.6s/4m30.0s
workload_04_intel        [  34% ] 20/20 VUs  1m31.6s/4m30.0s
workload_05_mongo        [  34% ] 20/20 VUs  1m31.6s/4m30.0s
workload_06_oracle       [  34% ] 20/20 VUs  1m31.6s/4m30.0s
workload_07_qualcomm     [  34% ] 20/20 VUs  1m31.6s/4m30.0s
workload_08_salesforce   [  34% ] 20/20 VUs  1m31.6s/4m30.0s
workload_09_sap          [  34% ] 20/20 VUs  1m31.6s/4m30.0s
workload_10_shopify      [  34% ] 20/20 VUs  1m31.6s/4m30.0s
workload_11_stripe       [  34% ] 20/20 VUs  1m31.6s/4m30.0s
workload_12_twilio       [  34% ] 20/20 VUs  1m31.6s/4m30.0s

running (1m32.6s), 240/240 VUs, 23808 complete and 0 interrupted iterations
workload_01_binance      [  34% ] 20/20 VUs  1m32.6s/4m30.0s
workload_02_datadog      [  34% ] 20/20 VUs  1m32.6s/4m30.0s
workload_03_ibm          [  34% ] 20/20 VUs  1m32.6s/4m30.0s
workload_04_intel        [  34% ] 20/20 VUs  1m32.6s/4m30.0s
workload_05_mongo        [  34% ] 20/20 VUs  1m32.6s/4m30.0s
workload_06_oracle       [  34% ] 20/20 VUs  1m32.6s/4m30.0s
workload_07_qualcomm     [  34% ] 20/20 VUs  1m32.6s/4m30.0s
workload_08_salesforce   [  34% ] 20/20 VUs  1m32.6s/4m30.0s
workload_09_sap          [  34% ] 20/20 VUs  1m32.6s/4m30.0s
workload_10_shopify      [  34% ] 20/20 VUs  1m32.6s/4m30.0s
workload_11_stripe       [  34% ] 20/20 VUs  1m32.6s/4m30.0s
workload_12_twilio       [  34% ] 20/20 VUs  1m32.6s/4m30.0s

running (1m33.6s), 240/240 VUs, 24123 complete and 0 interrupted iterations
workload_01_binance      [  35% ] 20/20 VUs  1m33.6s/4m30.0s
workload_02_datadog      [  35% ] 20/20 VUs  1m33.6s/4m30.0s
workload_03_ibm          [  35% ] 20/20 VUs  1m33.6s/4m30.0s
workload_04_intel        [  35% ] 20/20 VUs  1m33.6s/4m30.0s
workload_05_mongo        [  35% ] 20/20 VUs  1m33.6s/4m30.0s
workload_06_oracle       [  35% ] 20/20 VUs  1m33.6s/4m30.0s
workload_07_qualcomm     [  35% ] 20/20 VUs  1m33.6s/4m30.0s
workload_08_salesforce   [  35% ] 20/20 VUs  1m33.6s/4m30.0s
workload_09_sap          [  35% ] 20/20 VUs  1m33.6s/4m30.0s
workload_10_shopify      [  35% ] 20/20 VUs  1m33.6s/4m30.0s
workload_11_stripe       [  35% ] 20/20 VUs  1m33.6s/4m30.0s
workload_12_twilio       [  35% ] 20/20 VUs  1m33.6s/4m30.0s

running (1m34.6s), 240/240 VUs, 24370 complete and 0 interrupted iterations
workload_01_binance      [  35% ] 20/20 VUs  1m34.6s/4m30.0s
workload_02_datadog      [  35% ] 20/20 VUs  1m34.6s/4m30.0s
workload_03_ibm          [  35% ] 20/20 VUs  1m34.6s/4m30.0s
workload_04_intel        [  35% ] 20/20 VUs  1m34.6s/4m30.0s
workload_05_mongo        [  35% ] 20/20 VUs  1m34.6s/4m30.0s
workload_06_oracle       [  35% ] 20/20 VUs  1m34.6s/4m30.0s
workload_07_qualcomm     [  35% ] 20/20 VUs  1m34.6s/4m30.0s
workload_08_salesforce   [  35% ] 20/20 VUs  1m34.6s/4m30.0s
workload_09_sap          [  35% ] 20/20 VUs  1m34.6s/4m30.0s
workload_10_shopify      [  35% ] 20/20 VUs  1m34.6s/4m30.0s
workload_11_stripe       [  35% ] 20/20 VUs  1m34.6s/4m30.0s
workload_12_twilio       [  35% ] 20/20 VUs  1m34.6s/4m30.0s

running (1m35.6s), 240/240 VUs, 24698 complete and 0 interrupted iterations
workload_01_binance      [  35% ] 20/20 VUs  1m35.6s/4m30.0s
workload_02_datadog      [  35% ] 20/20 VUs  1m35.6s/4m30.0s
workload_03_ibm          [  35% ] 20/20 VUs  1m35.6s/4m30.0s
workload_04_intel        [  35% ] 20/20 VUs  1m35.6s/4m30.0s
workload_05_mongo        [  35% ] 20/20 VUs  1m35.6s/4m30.0s
workload_06_oracle       [  35% ] 20/20 VUs  1m35.6s/4m30.0s
workload_07_qualcomm     [  35% ] 20/20 VUs  1m35.6s/4m30.0s
workload_08_salesforce   [  35% ] 20/20 VUs  1m35.6s/4m30.0s
workload_09_sap          [  35% ] 20/20 VUs  1m35.6s/4m30.0s
workload_10_shopify      [  35% ] 20/20 VUs  1m35.6s/4m30.0s
workload_11_stripe       [  35% ] 20/20 VUs  1m35.6s/4m30.0s
workload_12_twilio       [  35% ] 20/20 VUs  1m35.6s/4m30.0s

running (1m36.6s), 240/240 VUs, 24995 complete and 0 interrupted iterations
workload_01_binance      [  36% ] 20/20 VUs  1m36.6s/4m30.0s
workload_02_datadog      [  36% ] 20/20 VUs  1m36.6s/4m30.0s
workload_03_ibm          [  36% ] 20/20 VUs  1m36.6s/4m30.0s
workload_04_intel        [  36% ] 20/20 VUs  1m36.6s/4m30.0s
workload_05_mongo        [  36% ] 20/20 VUs  1m36.6s/4m30.0s
workload_06_oracle       [  36% ] 20/20 VUs  1m36.6s/4m30.0s
workload_07_qualcomm     [  36% ] 20/20 VUs  1m36.6s/4m30.0s
workload_08_salesforce   [  36% ] 20/20 VUs  1m36.6s/4m30.0s
workload_09_sap          [  36% ] 20/20 VUs  1m36.6s/4m30.0s
workload_10_shopify      [  36% ] 20/20 VUs  1m36.6s/4m30.0s
workload_11_stripe       [  36% ] 20/20 VUs  1m36.6s/4m30.0s
workload_12_twilio       [  36% ] 20/20 VUs  1m36.6s/4m30.0s

running (1m37.6s), 240/240 VUs, 25297 complete and 0 interrupted iterations
workload_01_binance      [  36% ] 20/20 VUs  1m37.6s/4m30.0s
workload_02_datadog      [  36% ] 20/20 VUs  1m37.6s/4m30.0s
workload_03_ibm          [  36% ] 20/20 VUs  1m37.6s/4m30.0s
workload_04_intel        [  36% ] 20/20 VUs  1m37.6s/4m30.0s
workload_05_mongo        [  36% ] 20/20 VUs  1m37.6s/4m30.0s
workload_06_oracle       [  36% ] 20/20 VUs  1m37.6s/4m30.0s
workload_07_qualcomm     [  36% ] 20/20 VUs  1m37.6s/4m30.0s
workload_08_salesforce   [  36% ] 20/20 VUs  1m37.6s/4m30.0s
workload_09_sap          [  36% ] 20/20 VUs  1m37.6s/4m30.0s
workload_10_shopify      [  36% ] 20/20 VUs  1m37.6s/4m30.0s
workload_11_stripe       [  36% ] 20/20 VUs  1m37.6s/4m30.0s
workload_12_twilio       [  36% ] 20/20 VUs  1m37.6s/4m30.0s

running (1m38.6s), 240/240 VUs, 25606 complete and 0 interrupted iterations
workload_01_binance      [  37% ] 20/20 VUs  1m38.6s/4m30.0s
workload_02_datadog      [  37% ] 20/20 VUs  1m38.6s/4m30.0s
workload_03_ibm          [  37% ] 20/20 VUs  1m38.6s/4m30.0s
workload_04_intel        [  37% ] 20/20 VUs  1m38.6s/4m30.0s
workload_05_mongo        [  37% ] 20/20 VUs  1m38.6s/4m30.0s
workload_06_oracle       [  37% ] 20/20 VUs  1m38.6s/4m30.0s
workload_07_qualcomm     [  37% ] 20/20 VUs  1m38.6s/4m30.0s
workload_08_salesforce   [  37% ] 20/20 VUs  1m38.6s/4m30.0s
workload_09_sap          [  37% ] 20/20 VUs  1m38.6s/4m30.0s
workload_10_shopify      [  37% ] 20/20 VUs  1m38.6s/4m30.0s
workload_11_stripe       [  37% ] 20/20 VUs  1m38.6s/4m30.0s
workload_12_twilio       [  37% ] 20/20 VUs  1m38.6s/4m30.0s

running (1m39.6s), 240/240 VUs, 25928 complete and 0 interrupted iterations
workload_01_binance      [  37% ] 20/20 VUs  1m39.6s/4m30.0s
workload_02_datadog      [  37% ] 20/20 VUs  1m39.6s/4m30.0s
workload_03_ibm          [  37% ] 20/20 VUs  1m39.6s/4m30.0s
workload_04_intel        [  37% ] 20/20 VUs  1m39.6s/4m30.0s
workload_05_mongo        [  37% ] 20/20 VUs  1m39.6s/4m30.0s
workload_06_oracle       [  37% ] 20/20 VUs  1m39.6s/4m30.0s
workload_07_qualcomm     [  37% ] 20/20 VUs  1m39.6s/4m30.0s
workload_08_salesforce   [  37% ] 20/20 VUs  1m39.6s/4m30.0s
workload_09_sap          [  37% ] 20/20 VUs  1m39.6s/4m30.0s
workload_10_shopify      [  37% ] 20/20 VUs  1m39.6s/4m30.0s
workload_11_stripe       [  37% ] 20/20 VUs  1m39.6s/4m30.0s
workload_12_twilio       [  37% ] 20/20 VUs  1m39.6s/4m30.0s

running (1m40.6s), 240/240 VUs, 26256 complete and 0 interrupted iterations
workload_01_binance      [  37% ] 20/20 VUs  1m40.6s/4m30.0s
workload_02_datadog      [  37% ] 20/20 VUs  1m40.6s/4m30.0s
workload_03_ibm          [  37% ] 20/20 VUs  1m40.6s/4m30.0s
workload_04_intel        [  37% ] 20/20 VUs  1m40.6s/4m30.0s
workload_05_mongo        [  37% ] 20/20 VUs  1m40.6s/4m30.0s
workload_06_oracle       [  37% ] 20/20 VUs  1m40.6s/4m30.0s
workload_07_qualcomm     [  37% ] 20/20 VUs  1m40.6s/4m30.0s
workload_08_salesforce   [  37% ] 20/20 VUs  1m40.6s/4m30.0s
workload_09_sap          [  37% ] 20/20 VUs  1m40.6s/4m30.0s
workload_10_shopify      [  37% ] 20/20 VUs  1m40.6s/4m30.0s
workload_11_stripe       [  37% ] 20/20 VUs  1m40.6s/4m30.0s
workload_12_twilio       [  37% ] 20/20 VUs  1m40.6s/4m30.0s

running (1m41.6s), 240/240 VUs, 26562 complete and 0 interrupted iterations
workload_01_binance      [  38% ] 20/20 VUs  1m41.6s/4m30.0s
workload_02_datadog      [  38% ] 20/20 VUs  1m41.6s/4m30.0s
workload_03_ibm          [  38% ] 20/20 VUs  1m41.6s/4m30.0s
workload_04_intel        [  38% ] 20/20 VUs  1m41.6s/4m30.0s
workload_05_mongo        [  38% ] 20/20 VUs  1m41.6s/4m30.0s
workload_06_oracle       [  38% ] 20/20 VUs  1m41.6s/4m30.0s
workload_07_qualcomm     [  38% ] 20/20 VUs  1m41.6s/4m30.0s
workload_08_salesforce   [  38% ] 20/20 VUs  1m41.6s/4m30.0s
workload_09_sap          [  38% ] 20/20 VUs  1m41.6s/4m30.0s
workload_10_shopify      [  38% ] 20/20 VUs  1m41.6s/4m30.0s
workload_11_stripe       [  38% ] 20/20 VUs  1m41.6s/4m30.0s
workload_12_twilio       [  38% ] 20/20 VUs  1m41.6s/4m30.0s

running (1m42.6s), 240/240 VUs, 26898 complete and 0 interrupted iterations
workload_01_binance      [  38% ] 20/20 VUs  1m42.6s/4m30.0s
workload_02_datadog      [  38% ] 20/20 VUs  1m42.6s/4m30.0s
workload_03_ibm          [  38% ] 20/20 VUs  1m42.6s/4m30.0s
workload_04_intel        [  38% ] 20/20 VUs  1m42.6s/4m30.0s
workload_05_mongo        [  38% ] 20/20 VUs  1m42.6s/4m30.0s
workload_06_oracle       [  38% ] 20/20 VUs  1m42.6s/4m30.0s
workload_07_qualcomm     [  38% ] 20/20 VUs  1m42.6s/4m30.0s
workload_08_salesforce   [  38% ] 20/20 VUs  1m42.6s/4m30.0s
workload_09_sap          [  38% ] 20/20 VUs  1m42.6s/4m30.0s
workload_10_shopify      [  38% ] 20/20 VUs  1m42.6s/4m30.0s
workload_11_stripe       [  38% ] 20/20 VUs  1m42.6s/4m30.0s
workload_12_twilio       [  38% ] 20/20 VUs  1m42.6s/4m30.0s

running (1m43.6s), 240/240 VUs, 27222 complete and 0 interrupted iterations
workload_01_binance      [  38% ] 20/20 VUs  1m43.6s/4m30.0s
workload_02_datadog      [  38% ] 20/20 VUs  1m43.6s/4m30.0s
workload_03_ibm          [  38% ] 20/20 VUs  1m43.6s/4m30.0s
workload_04_intel        [  38% ] 20/20 VUs  1m43.6s/4m30.0s
workload_05_mongo        [  38% ] 20/20 VUs  1m43.6s/4m30.0s
workload_06_oracle       [  38% ] 20/20 VUs  1m43.6s/4m30.0s
workload_07_qualcomm     [  38% ] 20/20 VUs  1m43.6s/4m30.0s
workload_08_salesforce   [  38% ] 20/20 VUs  1m43.6s/4m30.0s
workload_09_sap          [  38% ] 20/20 VUs  1m43.6s/4m30.0s
workload_10_shopify      [  38% ] 20/20 VUs  1m43.6s/4m30.0s
workload_11_stripe       [  38% ] 20/20 VUs  1m43.6s/4m30.0s
workload_12_twilio       [  38% ] 20/20 VUs  1m43.6s/4m30.0s

running (1m44.6s), 240/240 VUs, 27559 complete and 0 interrupted iterations
workload_01_binance      [  39% ] 20/20 VUs  1m44.6s/4m30.0s
workload_02_datadog      [  39% ] 20/20 VUs  1m44.6s/4m30.0s
workload_03_ibm          [  39% ] 20/20 VUs  1m44.6s/4m30.0s
workload_04_intel        [  39% ] 20/20 VUs  1m44.6s/4m30.0s
workload_05_mongo        [  39% ] 20/20 VUs  1m44.6s/4m30.0s
workload_06_oracle       [  39% ] 20/20 VUs  1m44.6s/4m30.0s
workload_07_qualcomm     [  39% ] 20/20 VUs  1m44.6s/4m30.0s
workload_08_salesforce   [  39% ] 20/20 VUs  1m44.6s/4m30.0s
workload_09_sap          [  39% ] 20/20 VUs  1m44.6s/4m30.0s
workload_10_shopify      [  39% ] 20/20 VUs  1m44.6s/4m30.0s
workload_11_stripe       [  39% ] 20/20 VUs  1m44.6s/4m30.0s
workload_12_twilio       [  39% ] 20/20 VUs  1m44.6s/4m30.0s

running (1m45.6s), 240/240 VUs, 27873 complete and 0 interrupted iterations
workload_01_binance      [  39% ] 20/20 VUs  1m45.6s/4m30.0s
workload_02_datadog      [  39% ] 20/20 VUs  1m45.6s/4m30.0s
workload_03_ibm          [  39% ] 20/20 VUs  1m45.6s/4m30.0s
workload_04_intel        [  39% ] 20/20 VUs  1m45.6s/4m30.0s
workload_05_mongo        [  39% ] 20/20 VUs  1m45.6s/4m30.0s
workload_06_oracle       [  39% ] 20/20 VUs  1m45.6s/4m30.0s
workload_07_qualcomm     [  39% ] 20/20 VUs  1m45.6s/4m30.0s
workload_08_salesforce   [  39% ] 20/20 VUs  1m45.6s/4m30.0s
workload_09_sap          [  39% ] 20/20 VUs  1m45.6s/4m30.0s
workload_10_shopify      [  39% ] 20/20 VUs  1m45.6s/4m30.0s
workload_11_stripe       [  39% ] 20/20 VUs  1m45.6s/4m30.0s
workload_12_twilio       [  39% ] 20/20 VUs  1m45.6s/4m30.0s

running (1m46.6s), 240/240 VUs, 28207 complete and 0 interrupted iterations
workload_01_binance      [  39% ] 20/20 VUs  1m46.6s/4m30.0s
workload_02_datadog      [  39% ] 20/20 VUs  1m46.6s/4m30.0s
workload_03_ibm          [  39% ] 20/20 VUs  1m46.6s/4m30.0s
workload_04_intel        [  39% ] 20/20 VUs  1m46.6s/4m30.0s
workload_05_mongo        [  39% ] 20/20 VUs  1m46.6s/4m30.0s
workload_06_oracle       [  39% ] 20/20 VUs  1m46.6s/4m30.0s
workload_07_qualcomm     [  39% ] 20/20 VUs  1m46.6s/4m30.0s
workload_08_salesforce   [  39% ] 20/20 VUs  1m46.6s/4m30.0s
workload_09_sap          [  39% ] 20/20 VUs  1m46.6s/4m30.0s
workload_10_shopify      [  39% ] 20/20 VUs  1m46.6s/4m30.0s
workload_11_stripe       [  39% ] 20/20 VUs  1m46.6s/4m30.0s
workload_12_twilio       [  39% ] 20/20 VUs  1m46.6s/4m30.0s

running (1m47.6s), 240/240 VUs, 28537 complete and 0 interrupted iterations
workload_01_binance      [  40% ] 20/20 VUs  1m47.6s/4m30.0s
workload_02_datadog      [  40% ] 20/20 VUs  1m47.6s/4m30.0s
workload_03_ibm          [  40% ] 20/20 VUs  1m47.6s/4m30.0s
workload_04_intel        [  40% ] 20/20 VUs  1m47.6s/4m30.0s
workload_05_mongo        [  40% ] 20/20 VUs  1m47.6s/4m30.0s
workload_06_oracle       [  40% ] 20/20 VUs  1m47.6s/4m30.0s
workload_07_qualcomm     [  40% ] 20/20 VUs  1m47.6s/4m30.0s
workload_08_salesforce   [  40% ] 20/20 VUs  1m47.6s/4m30.0s
workload_09_sap          [  40% ] 20/20 VUs  1m47.6s/4m30.0s
workload_10_shopify      [  40% ] 20/20 VUs  1m47.6s/4m30.0s
workload_11_stripe       [  40% ] 20/20 VUs  1m47.6s/4m30.0s
workload_12_twilio       [  40% ] 20/20 VUs  1m47.6s/4m30.0s

running (1m48.6s), 240/240 VUs, 28861 complete and 0 interrupted iterations
workload_01_binance      [  40% ] 20/20 VUs  1m48.6s/4m30.0s
workload_02_datadog      [  40% ] 20/20 VUs  1m48.6s/4m30.0s
workload_03_ibm          [  40% ] 20/20 VUs  1m48.6s/4m30.0s
workload_04_intel        [  40% ] 20/20 VUs  1m48.6s/4m30.0s
workload_05_mongo        [  40% ] 20/20 VUs  1m48.6s/4m30.0s
workload_06_oracle       [  40% ] 20/20 VUs  1m48.6s/4m30.0s
workload_07_qualcomm     [  40% ] 20/20 VUs  1m48.6s/4m30.0s
workload_08_salesforce   [  40% ] 20/20 VUs  1m48.6s/4m30.0s
workload_09_sap          [  40% ] 20/20 VUs  1m48.6s/4m30.0s
workload_10_shopify      [  40% ] 20/20 VUs  1m48.6s/4m30.0s
workload_11_stripe       [  40% ] 20/20 VUs  1m48.6s/4m30.0s
workload_12_twilio       [  40% ] 20/20 VUs  1m48.6s/4m30.0s

running (1m49.6s), 240/240 VUs, 29205 complete and 0 interrupted iterations
workload_01_binance      [  41% ] 20/20 VUs  1m49.6s/4m30.0s
workload_02_datadog      [  41% ] 20/20 VUs  1m49.6s/4m30.0s
workload_03_ibm          [  41% ] 20/20 VUs  1m49.6s/4m30.0s
workload_04_intel        [  41% ] 20/20 VUs  1m49.6s/4m30.0s
workload_05_mongo        [  41% ] 20/20 VUs  1m49.6s/4m30.0s
workload_06_oracle       [  41% ] 20/20 VUs  1m49.6s/4m30.0s
workload_07_qualcomm     [  41% ] 20/20 VUs  1m49.6s/4m30.0s
workload_08_salesforce   [  41% ] 20/20 VUs  1m49.6s/4m30.0s
workload_09_sap          [  41% ] 20/20 VUs  1m49.6s/4m30.0s
workload_10_shopify      [  41% ] 20/20 VUs  1m49.6s/4m30.0s
workload_11_stripe       [  41% ] 20/20 VUs  1m49.6s/4m30.0s
workload_12_twilio       [  41% ] 20/20 VUs  1m49.6s/4m30.0s

running (1m50.6s), 240/240 VUs, 29546 complete and 0 interrupted iterations
workload_01_binance      [  41% ] 20/20 VUs  1m50.6s/4m30.0s
workload_02_datadog      [  41% ] 20/20 VUs  1m50.6s/4m30.0s
workload_03_ibm          [  41% ] 20/20 VUs  1m50.6s/4m30.0s
workload_04_intel        [  41% ] 20/20 VUs  1m50.6s/4m30.0s
workload_05_mongo        [  41% ] 20/20 VUs  1m50.6s/4m30.0s
workload_06_oracle       [  41% ] 20/20 VUs  1m50.6s/4m30.0s
workload_07_qualcomm     [  41% ] 20/20 VUs  1m50.6s/4m30.0s
workload_08_salesforce   [  41% ] 20/20 VUs  1m50.6s/4m30.0s
workload_09_sap          [  41% ] 20/20 VUs  1m50.6s/4m30.0s
workload_10_shopify      [  41% ] 20/20 VUs  1m50.6s/4m30.0s
workload_11_stripe       [  41% ] 20/20 VUs  1m50.6s/4m30.0s
workload_12_twilio       [  41% ] 20/20 VUs  1m50.6s/4m30.0s

running (1m51.6s), 240/240 VUs, 29862 complete and 0 interrupted iterations
workload_01_binance      [  41% ] 20/20 VUs  1m51.6s/4m30.0s
workload_02_datadog      [  41% ] 20/20 VUs  1m51.6s/4m30.0s
workload_03_ibm          [  41% ] 20/20 VUs  1m51.6s/4m30.0s
workload_04_intel        [  41% ] 20/20 VUs  1m51.6s/4m30.0s
workload_05_mongo        [  41% ] 20/20 VUs  1m51.6s/4m30.0s
workload_06_oracle       [  41% ] 20/20 VUs  1m51.6s/4m30.0s
workload_07_qualcomm     [  41% ] 20/20 VUs  1m51.6s/4m30.0s
workload_08_salesforce   [  41% ] 20/20 VUs  1m51.6s/4m30.0s
workload_09_sap          [  41% ] 20/20 VUs  1m51.6s/4m30.0s
workload_10_shopify      [  41% ] 20/20 VUs  1m51.6s/4m30.0s
workload_11_stripe       [  41% ] 20/20 VUs  1m51.6s/4m30.0s
workload_12_twilio       [  41% ] 20/20 VUs  1m51.6s/4m30.0s

running (1m52.6s), 240/240 VUs, 30190 complete and 0 interrupted iterations
workload_01_binance      [  42% ] 20/20 VUs  1m52.6s/4m30.0s
workload_02_datadog      [  42% ] 20/20 VUs  1m52.6s/4m30.0s
workload_03_ibm          [  42% ] 20/20 VUs  1m52.6s/4m30.0s
workload_04_intel        [  42% ] 20/20 VUs  1m52.6s/4m30.0s
workload_05_mongo        [  42% ] 20/20 VUs  1m52.6s/4m30.0s
workload_06_oracle       [  42% ] 20/20 VUs  1m52.6s/4m30.0s
workload_07_qualcomm     [  42% ] 20/20 VUs  1m52.6s/4m30.0s
workload_08_salesforce   [  42% ] 20/20 VUs  1m52.6s/4m30.0s
workload_09_sap          [  42% ] 20/20 VUs  1m52.6s/4m30.0s
workload_10_shopify      [  42% ] 20/20 VUs  1m52.6s/4m30.0s
workload_11_stripe       [  42% ] 20/20 VUs  1m52.6s/4m30.0s
workload_12_twilio       [  42% ] 20/20 VUs  1m52.6s/4m30.0s

running (1m53.6s), 240/240 VUs, 30498 complete and 0 interrupted iterations
workload_01_binance      [  42% ] 20/20 VUs  1m53.6s/4m30.0s
workload_02_datadog      [  42% ] 20/20 VUs  1m53.6s/4m30.0s
workload_03_ibm          [  42% ] 20/20 VUs  1m53.6s/4m30.0s
workload_04_intel        [  42% ] 20/20 VUs  1m53.6s/4m30.0s
workload_05_mongo        [  42% ] 20/20 VUs  1m53.6s/4m30.0s
workload_06_oracle       [  42% ] 20/20 VUs  1m53.6s/4m30.0s
workload_07_qualcomm     [  42% ] 20/20 VUs  1m53.6s/4m30.0s
workload_08_salesforce   [  42% ] 20/20 VUs  1m53.6s/4m30.0s
workload_09_sap          [  42% ] 20/20 VUs  1m53.6s/4m30.0s
workload_10_shopify      [  42% ] 20/20 VUs  1m53.6s/4m30.0s
workload_11_stripe       [  42% ] 20/20 VUs  1m53.6s/4m30.0s
workload_12_twilio       [  42% ] 20/20 VUs  1m53.6s/4m30.0s

running (1m54.6s), 240/240 VUs, 30828 complete and 0 interrupted iterations
workload_01_binance      [  42% ] 20/20 VUs  1m54.6s/4m30.0s
workload_02_datadog      [  42% ] 20/20 VUs  1m54.6s/4m30.0s
workload_03_ibm          [  42% ] 20/20 VUs  1m54.6s/4m30.0s
workload_04_intel        [  42% ] 20/20 VUs  1m54.6s/4m30.0s
workload_05_mongo        [  42% ] 20/20 VUs  1m54.6s/4m30.0s
workload_06_oracle       [  42% ] 20/20 VUs  1m54.6s/4m30.0s
workload_07_qualcomm     [  42% ] 20/20 VUs  1m54.6s/4m30.0s
workload_08_salesforce   [  42% ] 20/20 VUs  1m54.6s/4m30.0s
workload_09_sap          [  42% ] 20/20 VUs  1m54.6s/4m30.0s
workload_10_shopify      [  42% ] 20/20 VUs  1m54.6s/4m30.0s
workload_11_stripe       [  42% ] 20/20 VUs  1m54.6s/4m30.0s
workload_12_twilio       [  42% ] 20/20 VUs  1m54.6s/4m30.0s

running (1m55.6s), 240/240 VUs, 31139 complete and 0 interrupted iterations
workload_01_binance      [  43% ] 20/20 VUs  1m55.6s/4m30.0s
workload_02_datadog      [  43% ] 20/20 VUs  1m55.6s/4m30.0s
workload_03_ibm          [  43% ] 20/20 VUs  1m55.6s/4m30.0s
workload_04_intel        [  43% ] 20/20 VUs  1m55.6s/4m30.0s
workload_05_mongo        [  43% ] 20/20 VUs  1m55.6s/4m30.0s
workload_06_oracle       [  43% ] 20/20 VUs  1m55.6s/4m30.0s
workload_07_qualcomm     [  43% ] 20/20 VUs  1m55.6s/4m30.0s
workload_08_salesforce   [  43% ] 20/20 VUs  1m55.6s/4m30.0s
workload_09_sap          [  43% ] 20/20 VUs  1m55.6s/4m30.0s
workload_10_shopify      [  43% ] 20/20 VUs  1m55.6s/4m30.0s
workload_11_stripe       [  43% ] 20/20 VUs  1m55.6s/4m30.0s
workload_12_twilio       [  43% ] 20/20 VUs  1m55.6s/4m30.0s

running (1m56.6s), 240/240 VUs, 31468 complete and 0 interrupted iterations
workload_01_binance      [  43% ] 20/20 VUs  1m56.6s/4m30.0s
workload_02_datadog      [  43% ] 20/20 VUs  1m56.6s/4m30.0s
workload_03_ibm          [  43% ] 20/20 VUs  1m56.6s/4m30.0s
workload_04_intel        [  43% ] 20/20 VUs  1m56.6s/4m30.0s
workload_05_mongo        [  43% ] 20/20 VUs  1m56.6s/4m30.0s
workload_06_oracle       [  43% ] 20/20 VUs  1m56.6s/4m30.0s
workload_07_qualcomm     [  43% ] 20/20 VUs  1m56.6s/4m30.0s
workload_08_salesforce   [  43% ] 20/20 VUs  1m56.6s/4m30.0s
workload_09_sap          [  43% ] 20/20 VUs  1m56.6s/4m30.0s
workload_10_shopify      [  43% ] 20/20 VUs  1m56.6s/4m30.0s
workload_11_stripe       [  43% ] 20/20 VUs  1m56.6s/4m30.0s
workload_12_twilio       [  43% ] 20/20 VUs  1m56.6s/4m30.0s

running (1m57.6s), 240/240 VUs, 31781 complete and 0 interrupted iterations
workload_01_binance      [  44% ] 20/20 VUs  1m57.6s/4m30.0s
workload_02_datadog      [  44% ] 20/20 VUs  1m57.6s/4m30.0s
workload_03_ibm          [  44% ] 20/20 VUs  1m57.6s/4m30.0s
workload_04_intel        [  44% ] 20/20 VUs  1m57.6s/4m30.0s
workload_05_mongo        [  44% ] 20/20 VUs  1m57.6s/4m30.0s
workload_06_oracle       [  44% ] 20/20 VUs  1m57.6s/4m30.0s
workload_07_qualcomm     [  44% ] 20/20 VUs  1m57.6s/4m30.0s
workload_08_salesforce   [  44% ] 20/20 VUs  1m57.6s/4m30.0s
workload_09_sap          [  44% ] 20/20 VUs  1m57.6s/4m30.0s
workload_10_shopify      [  44% ] 20/20 VUs  1m57.6s/4m30.0s
workload_11_stripe       [  44% ] 20/20 VUs  1m57.6s/4m30.0s
workload_12_twilio       [  44% ] 20/20 VUs  1m57.6s/4m30.0s

running (1m58.6s), 240/240 VUs, 32106 complete and 0 interrupted iterations
workload_01_binance      [  44% ] 20/20 VUs  1m58.6s/4m30.0s
workload_02_datadog      [  44% ] 20/20 VUs  1m58.6s/4m30.0s
workload_03_ibm          [  44% ] 20/20 VUs  1m58.6s/4m30.0s
workload_04_intel        [  44% ] 20/20 VUs  1m58.6s/4m30.0s
workload_05_mongo        [  44% ] 20/20 VUs  1m58.6s/4m30.0s
workload_06_oracle       [  44% ] 20/20 VUs  1m58.6s/4m30.0s
workload_07_qualcomm     [  44% ] 20/20 VUs  1m58.6s/4m30.0s
workload_08_salesforce   [  44% ] 20/20 VUs  1m58.6s/4m30.0s
workload_09_sap          [  44% ] 20/20 VUs  1m58.6s/4m30.0s
workload_10_shopify      [  44% ] 20/20 VUs  1m58.6s/4m30.0s
workload_11_stripe       [  44% ] 20/20 VUs  1m58.6s/4m30.0s
workload_12_twilio       [  44% ] 20/20 VUs  1m58.6s/4m30.0s

running (1m59.6s), 240/240 VUs, 32432 complete and 0 interrupted iterations
workload_01_binance      [  44% ] 20/20 VUs  1m59.6s/4m30.0s
workload_02_datadog      [  44% ] 20/20 VUs  1m59.6s/4m30.0s
workload_03_ibm          [  44% ] 20/20 VUs  1m59.6s/4m30.0s
workload_04_intel        [  44% ] 20/20 VUs  1m59.6s/4m30.0s
workload_05_mongo        [  44% ] 20/20 VUs  1m59.6s/4m30.0s
workload_06_oracle       [  44% ] 20/20 VUs  1m59.6s/4m30.0s
workload_07_qualcomm     [  44% ] 20/20 VUs  1m59.6s/4m30.0s
workload_08_salesforce   [  44% ] 20/20 VUs  1m59.6s/4m30.0s
workload_09_sap          [  44% ] 20/20 VUs  1m59.6s/4m30.0s
workload_10_shopify      [  44% ] 20/20 VUs  1m59.6s/4m30.0s
workload_11_stripe       [  44% ] 20/20 VUs  1m59.6s/4m30.0s
workload_12_twilio       [  44% ] 20/20 VUs  1m59.6s/4m30.0s

running (2m00.6s), 240/240 VUs, 32742 complete and 0 interrupted iterations
workload_01_binance      [  45% ] 20/20 VUs  2m00.6s/4m30.0s
workload_02_datadog      [  45% ] 20/20 VUs  2m00.6s/4m30.0s
workload_03_ibm          [  45% ] 20/20 VUs  2m00.6s/4m30.0s
workload_04_intel        [  45% ] 20/20 VUs  2m00.6s/4m30.0s
workload_05_mongo        [  45% ] 20/20 VUs  2m00.6s/4m30.0s
workload_06_oracle       [  45% ] 20/20 VUs  2m00.6s/4m30.0s
workload_07_qualcomm     [  45% ] 20/20 VUs  2m00.6s/4m30.0s
workload_08_salesforce   [  45% ] 20/20 VUs  2m00.6s/4m30.0s
workload_09_sap          [  45% ] 20/20 VUs  2m00.6s/4m30.0s
workload_10_shopify      [  45% ] 20/20 VUs  2m00.6s/4m30.0s
workload_11_stripe       [  45% ] 20/20 VUs  2m00.6s/4m30.0s
workload_12_twilio       [  45% ] 20/20 VUs  2m00.6s/4m30.0s

running (2m01.6s), 240/240 VUs, 33064 complete and 0 interrupted iterations
workload_01_binance      [  45% ] 20/20 VUs  2m01.6s/4m30.0s
workload_02_datadog      [  45% ] 20/20 VUs  2m01.6s/4m30.0s
workload_03_ibm          [  45% ] 20/20 VUs  2m01.6s/4m30.0s
workload_04_intel        [  45% ] 20/20 VUs  2m01.6s/4m30.0s
workload_05_mongo        [  45% ] 20/20 VUs  2m01.6s/4m30.0s
workload_06_oracle       [  45% ] 20/20 VUs  2m01.6s/4m30.0s
workload_07_qualcomm     [  45% ] 20/20 VUs  2m01.6s/4m30.0s
workload_08_salesforce   [  45% ] 20/20 VUs  2m01.6s/4m30.0s
workload_09_sap          [  45% ] 20/20 VUs  2m01.6s/4m30.0s
workload_10_shopify      [  45% ] 20/20 VUs  2m01.6s/4m30.0s
workload_11_stripe       [  45% ] 20/20 VUs  2m01.6s/4m30.0s
workload_12_twilio       [  45% ] 20/20 VUs  2m01.6s/4m30.0s

running (2m02.6s), 240/240 VUs, 33352 complete and 0 interrupted iterations
workload_01_binance      [  45% ] 20/20 VUs  2m02.6s/4m30.0s
workload_02_datadog      [  45% ] 20/20 VUs  2m02.6s/4m30.0s
workload_03_ibm          [  45% ] 20/20 VUs  2m02.6s/4m30.0s
workload_04_intel        [  45% ] 20/20 VUs  2m02.6s/4m30.0s
workload_05_mongo        [  45% ] 20/20 VUs  2m02.6s/4m30.0s
workload_06_oracle       [  45% ] 20/20 VUs  2m02.6s/4m30.0s
workload_07_qualcomm     [  45% ] 20/20 VUs  2m02.6s/4m30.0s
workload_08_salesforce   [  45% ] 20/20 VUs  2m02.6s/4m30.0s
workload_09_sap          [  45% ] 20/20 VUs  2m02.6s/4m30.0s
workload_10_shopify      [  45% ] 20/20 VUs  2m02.6s/4m30.0s
workload_11_stripe       [  45% ] 20/20 VUs  2m02.6s/4m30.0s
workload_12_twilio       [  45% ] 20/20 VUs  2m02.6s/4m30.0s

running (2m03.6s), 240/240 VUs, 33613 complete and 0 interrupted iterations
workload_01_binance      [  46% ] 20/20 VUs  2m03.6s/4m30.0s
workload_02_datadog      [  46% ] 20/20 VUs  2m03.6s/4m30.0s
workload_03_ibm          [  46% ] 20/20 VUs  2m03.6s/4m30.0s
workload_04_intel        [  46% ] 20/20 VUs  2m03.6s/4m30.0s
workload_05_mongo        [  46% ] 20/20 VUs  2m03.6s/4m30.0s
workload_06_oracle       [  46% ] 20/20 VUs  2m03.6s/4m30.0s
workload_07_qualcomm     [  46% ] 20/20 VUs  2m03.6s/4m30.0s
workload_08_salesforce   [  46% ] 20/20 VUs  2m03.6s/4m30.0s
workload_09_sap          [  46% ] 20/20 VUs  2m03.6s/4m30.0s
workload_10_shopify      [  46% ] 20/20 VUs  2m03.6s/4m30.0s
workload_11_stripe       [  46% ] 20/20 VUs  2m03.6s/4m30.0s
workload_12_twilio       [  46% ] 20/20 VUs  2m03.6s/4m30.0s

running (2m04.6s), 240/240 VUs, 33792 complete and 0 interrupted iterations
workload_01_binance      [  46% ] 20/20 VUs  2m04.6s/4m30.0s
workload_02_datadog      [  46% ] 20/20 VUs  2m04.6s/4m30.0s
workload_03_ibm          [  46% ] 20/20 VUs  2m04.6s/4m30.0s
workload_04_intel        [  46% ] 20/20 VUs  2m04.6s/4m30.0s
workload_05_mongo        [  46% ] 20/20 VUs  2m04.6s/4m30.0s
workload_06_oracle       [  46% ] 20/20 VUs  2m04.6s/4m30.0s
workload_07_qualcomm     [  46% ] 20/20 VUs  2m04.6s/4m30.0s
workload_08_salesforce   [  46% ] 20/20 VUs  2m04.6s/4m30.0s
workload_09_sap          [  46% ] 20/20 VUs  2m04.6s/4m30.0s
workload_10_shopify      [  46% ] 20/20 VUs  2m04.6s/4m30.0s
workload_11_stripe       [  46% ] 20/20 VUs  2m04.6s/4m30.0s
workload_12_twilio       [  46% ] 20/20 VUs  2m04.6s/4m30.0s

running (2m05.6s), 240/240 VUs, 34142 complete and 0 interrupted iterations
workload_01_binance      [  47% ] 20/20 VUs  2m05.6s/4m30.0s
workload_02_datadog      [  47% ] 20/20 VUs  2m05.6s/4m30.0s
workload_03_ibm          [  47% ] 20/20 VUs  2m05.6s/4m30.0s
workload_04_intel        [  47% ] 20/20 VUs  2m05.6s/4m30.0s
workload_05_mongo        [  47% ] 20/20 VUs  2m05.6s/4m30.0s
workload_06_oracle       [  47% ] 20/20 VUs  2m05.6s/4m30.0s
workload_07_qualcomm     [  47% ] 20/20 VUs  2m05.6s/4m30.0s
workload_08_salesforce   [  47% ] 20/20 VUs  2m05.6s/4m30.0s
workload_09_sap          [  47% ] 20/20 VUs  2m05.6s/4m30.0s
workload_10_shopify      [  47% ] 20/20 VUs  2m05.6s/4m30.0s
workload_11_stripe       [  47% ] 20/20 VUs  2m05.6s/4m30.0s
workload_12_twilio       [  47% ] 20/20 VUs  2m05.6s/4m30.0s

running (2m06.6s), 240/240 VUs, 34456 complete and 0 interrupted iterations
workload_01_binance      [  47% ] 20/20 VUs  2m06.6s/4m30.0s
workload_02_datadog      [  47% ] 20/20 VUs  2m06.6s/4m30.0s
workload_03_ibm          [  47% ] 20/20 VUs  2m06.6s/4m30.0s
workload_04_intel        [  47% ] 20/20 VUs  2m06.6s/4m30.0s
workload_05_mongo        [  47% ] 20/20 VUs  2m06.6s/4m30.0s
workload_06_oracle       [  47% ] 20/20 VUs  2m06.6s/4m30.0s
workload_07_qualcomm     [  47% ] 20/20 VUs  2m06.6s/4m30.0s
workload_08_salesforce   [  47% ] 20/20 VUs  2m06.6s/4m30.0s
workload_09_sap          [  47% ] 20/20 VUs  2m06.6s/4m30.0s
workload_10_shopify      [  47% ] 20/20 VUs  2m06.6s/4m30.0s
workload_11_stripe       [  47% ] 20/20 VUs  2m06.6s/4m30.0s
workload_12_twilio       [  47% ] 20/20 VUs  2m06.6s/4m30.0s

running (2m07.6s), 240/240 VUs, 34763 complete and 0 interrupted iterations
workload_01_binance      [  47% ] 20/20 VUs  2m07.6s/4m30.0s
workload_02_datadog      [  47% ] 20/20 VUs  2m07.6s/4m30.0s
workload_03_ibm          [  47% ] 20/20 VUs  2m07.6s/4m30.0s
workload_04_intel        [  47% ] 20/20 VUs  2m07.6s/4m30.0s
workload_05_mongo        [  47% ] 20/20 VUs  2m07.6s/4m30.0s
workload_06_oracle       [  47% ] 20/20 VUs  2m07.6s/4m30.0s
workload_07_qualcomm     [  47% ] 20/20 VUs  2m07.6s/4m30.0s
workload_08_salesforce   [  47% ] 20/20 VUs  2m07.6s/4m30.0s
workload_09_sap          [  47% ] 20/20 VUs  2m07.6s/4m30.0s
workload_10_shopify      [  47% ] 20/20 VUs  2m07.6s/4m30.0s
workload_11_stripe       [  47% ] 20/20 VUs  2m07.6s/4m30.0s
workload_12_twilio       [  47% ] 20/20 VUs  2m07.6s/4m30.0s

running (2m08.6s), 240/240 VUs, 35083 complete and 0 interrupted iterations
workload_01_binance      [  48% ] 20/20 VUs  2m08.6s/4m30.0s
workload_02_datadog      [  48% ] 20/20 VUs  2m08.6s/4m30.0s
workload_03_ibm          [  48% ] 20/20 VUs  2m08.6s/4m30.0s
workload_04_intel        [  48% ] 20/20 VUs  2m08.6s/4m30.0s
workload_05_mongo        [  48% ] 20/20 VUs  2m08.6s/4m30.0s
workload_06_oracle       [  48% ] 20/20 VUs  2m08.6s/4m30.0s
workload_07_qualcomm     [  48% ] 20/20 VUs  2m08.6s/4m30.0s
workload_08_salesforce   [  48% ] 20/20 VUs  2m08.6s/4m30.0s
workload_09_sap          [  48% ] 20/20 VUs  2m08.6s/4m30.0s
workload_10_shopify      [  48% ] 20/20 VUs  2m08.6s/4m30.0s
workload_11_stripe       [  48% ] 20/20 VUs  2m08.6s/4m30.0s
workload_12_twilio       [  48% ] 20/20 VUs  2m08.6s/4m30.0s

running (2m09.6s), 240/240 VUs, 35409 complete and 0 interrupted iterations
workload_01_binance      [  48% ] 20/20 VUs  2m09.6s/4m30.0s
workload_02_datadog      [  48% ] 20/20 VUs  2m09.6s/4m30.0s
workload_03_ibm          [  48% ] 20/20 VUs  2m09.6s/4m30.0s
workload_04_intel        [  48% ] 20/20 VUs  2m09.6s/4m30.0s
workload_05_mongo        [  48% ] 20/20 VUs  2m09.6s/4m30.0s
workload_06_oracle       [  48% ] 20/20 VUs  2m09.6s/4m30.0s
workload_07_qualcomm     [  48% ] 20/20 VUs  2m09.6s/4m30.0s
workload_08_salesforce   [  48% ] 20/20 VUs  2m09.6s/4m30.0s
workload_09_sap          [  48% ] 20/20 VUs  2m09.6s/4m30.0s
workload_10_shopify      [  48% ] 20/20 VUs  2m09.6s/4m30.0s
workload_11_stripe       [  48% ] 20/20 VUs  2m09.6s/4m30.0s
workload_12_twilio       [  48% ] 20/20 VUs  2m09.6s/4m30.0s

running (2m10.6s), 240/240 VUs, 35737 complete and 0 interrupted iterations
workload_01_binance      [  48% ] 20/20 VUs  2m10.6s/4m30.0s
workload_02_datadog      [  48% ] 20/20 VUs  2m10.6s/4m30.0s
workload_03_ibm          [  48% ] 20/20 VUs  2m10.6s/4m30.0s
workload_04_intel        [  48% ] 20/20 VUs  2m10.6s/4m30.0s
workload_05_mongo        [  48% ] 20/20 VUs  2m10.6s/4m30.0s
workload_06_oracle       [  48% ] 20/20 VUs  2m10.6s/4m30.0s
workload_07_qualcomm     [  48% ] 20/20 VUs  2m10.6s/4m30.0s
workload_08_salesforce   [  48% ] 20/20 VUs  2m10.6s/4m30.0s
workload_09_sap          [  48% ] 20/20 VUs  2m10.6s/4m30.0s
workload_10_shopify      [  48% ] 20/20 VUs  2m10.6s/4m30.0s
workload_11_stripe       [  48% ] 20/20 VUs  2m10.6s/4m30.0s
workload_12_twilio       [  48% ] 20/20 VUs  2m10.6s/4m30.0s

running (2m11.6s), 240/240 VUs, 36046 complete and 0 interrupted iterations
workload_01_binance      [  49% ] 20/20 VUs  2m11.6s/4m30.0s
workload_02_datadog      [  49% ] 20/20 VUs  2m11.6s/4m30.0s
workload_03_ibm          [  49% ] 20/20 VUs  2m11.6s/4m30.0s
workload_04_intel        [  49% ] 20/20 VUs  2m11.6s/4m30.0s
workload_05_mongo        [  49% ] 20/20 VUs  2m11.6s/4m30.0s
workload_06_oracle       [  49% ] 20/20 VUs  2m11.6s/4m30.0s
workload_07_qualcomm     [  49% ] 20/20 VUs  2m11.6s/4m30.0s
workload_08_salesforce   [  49% ] 20/20 VUs  2m11.6s/4m30.0s
workload_09_sap          [  49% ] 20/20 VUs  2m11.6s/4m30.0s
workload_10_shopify      [  49% ] 20/20 VUs  2m11.6s/4m30.0s
workload_11_stripe       [  49% ] 20/20 VUs  2m11.6s/4m30.0s
workload_12_twilio       [  49% ] 20/20 VUs  2m11.6s/4m30.0s

running (2m12.6s), 240/240 VUs, 36376 complete and 0 interrupted iterations
workload_01_binance      [  49% ] 20/20 VUs  2m12.6s/4m30.0s
workload_02_datadog      [  49% ] 20/20 VUs  2m12.6s/4m30.0s
workload_03_ibm          [  49% ] 20/20 VUs  2m12.6s/4m30.0s
workload_04_intel        [  49% ] 20/20 VUs  2m12.6s/4m30.0s
workload_05_mongo        [  49% ] 20/20 VUs  2m12.6s/4m30.0s
workload_06_oracle       [  49% ] 20/20 VUs  2m12.6s/4m30.0s
workload_07_qualcomm     [  49% ] 20/20 VUs  2m12.6s/4m30.0s
workload_08_salesforce   [  49% ] 20/20 VUs  2m12.6s/4m30.0s
workload_09_sap          [  49% ] 20/20 VUs  2m12.6s/4m30.0s
workload_10_shopify      [  49% ] 20/20 VUs  2m12.6s/4m30.0s
workload_11_stripe       [  49% ] 20/20 VUs  2m12.6s/4m30.0s
workload_12_twilio       [  49% ] 20/20 VUs  2m12.6s/4m30.0s

running (2m13.6s), 240/240 VUs, 36714 complete and 0 interrupted iterations
workload_01_binance      [  49% ] 20/20 VUs  2m13.6s/4m30.0s
workload_02_datadog      [  49% ] 20/20 VUs  2m13.6s/4m30.0s
workload_03_ibm          [  49% ] 20/20 VUs  2m13.6s/4m30.0s
workload_04_intel        [  49% ] 20/20 VUs  2m13.6s/4m30.0s
workload_05_mongo        [  49% ] 20/20 VUs  2m13.6s/4m30.0s
workload_06_oracle       [  49% ] 20/20 VUs  2m13.6s/4m30.0s
workload_07_qualcomm     [  49% ] 20/20 VUs  2m13.6s/4m30.0s
workload_08_salesforce   [  49% ] 20/20 VUs  2m13.6s/4m30.0s
workload_09_sap          [  49% ] 20/20 VUs  2m13.6s/4m30.0s
workload_10_shopify      [  49% ] 20/20 VUs  2m13.6s/4m30.0s
workload_11_stripe       [  49% ] 20/20 VUs  2m13.6s/4m30.0s
workload_12_twilio       [  49% ] 20/20 VUs  2m13.6s/4m30.0s

running (2m14.6s), 240/240 VUs, 37051 complete and 0 interrupted iterations
workload_01_binance      [  50% ] 20/20 VUs  2m14.6s/4m30.0s
workload_02_datadog      [  50% ] 20/20 VUs  2m14.6s/4m30.0s
workload_03_ibm          [  50% ] 20/20 VUs  2m14.6s/4m30.0s
workload_04_intel        [  50% ] 20/20 VUs  2m14.6s/4m30.0s
workload_05_mongo        [  50% ] 20/20 VUs  2m14.6s/4m30.0s
workload_06_oracle       [  50% ] 20/20 VUs  2m14.6s/4m30.0s
workload_07_qualcomm     [  50% ] 20/20 VUs  2m14.6s/4m30.0s
workload_08_salesforce   [  50% ] 20/20 VUs  2m14.6s/4m30.0s
workload_09_sap          [  50% ] 20/20 VUs  2m14.6s/4m30.0s
workload_10_shopify      [  50% ] 20/20 VUs  2m14.6s/4m30.0s
workload_11_stripe       [  50% ] 20/20 VUs  2m14.6s/4m30.0s
workload_12_twilio       [  50% ] 20/20 VUs  2m14.6s/4m30.0s

running (2m15.6s), 240/240 VUs, 37376 complete and 0 interrupted iterations
workload_01_binance      [  50% ] 20/20 VUs  2m15.6s/4m30.0s
workload_02_datadog      [  50% ] 20/20 VUs  2m15.6s/4m30.0s
workload_03_ibm          [  50% ] 20/20 VUs  2m15.6s/4m30.0s
workload_04_intel        [  50% ] 20/20 VUs  2m15.6s/4m30.0s
workload_05_mongo        [  50% ] 20/20 VUs  2m15.6s/4m30.0s
workload_06_oracle       [  50% ] 20/20 VUs  2m15.6s/4m30.0s
workload_07_qualcomm     [  50% ] 20/20 VUs  2m15.6s/4m30.0s
workload_08_salesforce   [  50% ] 20/20 VUs  2m15.6s/4m30.0s
workload_09_sap          [  50% ] 20/20 VUs  2m15.6s/4m30.0s
workload_10_shopify      [  50% ] 20/20 VUs  2m15.6s/4m30.0s
workload_11_stripe       [  50% ] 20/20 VUs  2m15.6s/4m30.0s
workload_12_twilio       [  50% ] 20/20 VUs  2m15.6s/4m30.0s

running (2m16.6s), 240/240 VUs, 37718 complete and 0 interrupted iterations
workload_01_binance      [  51% ] 20/20 VUs  2m16.6s/4m30.0s
workload_02_datadog      [  51% ] 20/20 VUs  2m16.6s/4m30.0s
workload_03_ibm          [  51% ] 20/20 VUs  2m16.6s/4m30.0s
workload_04_intel        [  51% ] 20/20 VUs  2m16.6s/4m30.0s
workload_05_mongo        [  51% ] 20/20 VUs  2m16.6s/4m30.0s
workload_06_oracle       [  51% ] 20/20 VUs  2m16.6s/4m30.0s
workload_07_qualcomm     [  51% ] 20/20 VUs  2m16.6s/4m30.0s
workload_08_salesforce   [  51% ] 20/20 VUs  2m16.6s/4m30.0s
workload_09_sap          [  51% ] 20/20 VUs  2m16.6s/4m30.0s
workload_10_shopify      [  51% ] 20/20 VUs  2m16.6s/4m30.0s
workload_11_stripe       [  51% ] 20/20 VUs  2m16.6s/4m30.0s
workload_12_twilio       [  51% ] 20/20 VUs  2m16.6s/4m30.0s

running (2m17.6s), 240/240 VUs, 38027 complete and 0 interrupted iterations
workload_01_binance      [  51% ] 20/20 VUs  2m17.6s/4m30.0s
workload_02_datadog      [  51% ] 20/20 VUs  2m17.6s/4m30.0s
workload_03_ibm          [  51% ] 20/20 VUs  2m17.6s/4m30.0s
workload_04_intel        [  51% ] 20/20 VUs  2m17.6s/4m30.0s
workload_05_mongo        [  51% ] 20/20 VUs  2m17.6s/4m30.0s
workload_06_oracle       [  51% ] 20/20 VUs  2m17.6s/4m30.0s
workload_07_qualcomm     [  51% ] 20/20 VUs  2m17.6s/4m30.0s
workload_08_salesforce   [  51% ] 20/20 VUs  2m17.6s/4m30.0s
workload_09_sap          [  51% ] 20/20 VUs  2m17.6s/4m30.0s
workload_10_shopify      [  51% ] 20/20 VUs  2m17.6s/4m30.0s
workload_11_stripe       [  51% ] 20/20 VUs  2m17.6s/4m30.0s
workload_12_twilio       [  51% ] 20/20 VUs  2m17.6s/4m30.0s

running (2m18.6s), 240/240 VUs, 38371 complete and 0 interrupted iterations
workload_01_binance      [  51% ] 20/20 VUs  2m18.6s/4m30.0s
workload_02_datadog      [  51% ] 20/20 VUs  2m18.6s/4m30.0s
workload_03_ibm          [  51% ] 20/20 VUs  2m18.6s/4m30.0s
workload_04_intel        [  51% ] 20/20 VUs  2m18.6s/4m30.0s
workload_05_mongo        [  51% ] 20/20 VUs  2m18.6s/4m30.0s
workload_06_oracle       [  51% ] 20/20 VUs  2m18.6s/4m30.0s
workload_07_qualcomm     [  51% ] 20/20 VUs  2m18.6s/4m30.0s
workload_08_salesforce   [  51% ] 20/20 VUs  2m18.6s/4m30.0s
workload_09_sap          [  51% ] 20/20 VUs  2m18.6s/4m30.0s
workload_10_shopify      [  51% ] 20/20 VUs  2m18.6s/4m30.0s
workload_11_stripe       [  51% ] 20/20 VUs  2m18.6s/4m30.0s
workload_12_twilio       [  51% ] 20/20 VUs  2m18.6s/4m30.0s

running (2m19.6s), 240/240 VUs, 38685 complete and 0 interrupted iterations
workload_01_binance      [  52% ] 20/20 VUs  2m19.6s/4m30.0s
workload_02_datadog      [  52% ] 20/20 VUs  2m19.6s/4m30.0s
workload_03_ibm          [  52% ] 20/20 VUs  2m19.6s/4m30.0s
workload_04_intel        [  52% ] 20/20 VUs  2m19.6s/4m30.0s
workload_05_mongo        [  52% ] 20/20 VUs  2m19.6s/4m30.0s
workload_06_oracle       [  52% ] 20/20 VUs  2m19.6s/4m30.0s
workload_07_qualcomm     [  52% ] 20/20 VUs  2m19.6s/4m30.0s
workload_08_salesforce   [  52% ] 20/20 VUs  2m19.6s/4m30.0s
workload_09_sap          [  52% ] 20/20 VUs  2m19.6s/4m30.0s
workload_10_shopify      [  52% ] 20/20 VUs  2m19.6s/4m30.0s
workload_11_stripe       [  52% ] 20/20 VUs  2m19.6s/4m30.0s
workload_12_twilio       [  52% ] 20/20 VUs  2m19.6s/4m30.0s

running (2m20.6s), 240/240 VUs, 39007 complete and 0 interrupted iterations
workload_01_binance      [  52% ] 20/20 VUs  2m20.6s/4m30.0s
workload_02_datadog      [  52% ] 20/20 VUs  2m20.6s/4m30.0s
workload_03_ibm          [  52% ] 20/20 VUs  2m20.6s/4m30.0s
workload_04_intel        [  52% ] 20/20 VUs  2m20.6s/4m30.0s
workload_05_mongo        [  52% ] 20/20 VUs  2m20.6s/4m30.0s
workload_06_oracle       [  52% ] 20/20 VUs  2m20.6s/4m30.0s
workload_07_qualcomm     [  52% ] 20/20 VUs  2m20.6s/4m30.0s
workload_08_salesforce   [  52% ] 20/20 VUs  2m20.6s/4m30.0s
workload_09_sap          [  52% ] 20/20 VUs  2m20.6s/4m30.0s
workload_10_shopify      [  52% ] 20/20 VUs  2m20.6s/4m30.0s
workload_11_stripe       [  52% ] 20/20 VUs  2m20.6s/4m30.0s
workload_12_twilio       [  52% ] 20/20 VUs  2m20.6s/4m30.0s

running (2m21.6s), 240/240 VUs, 39334 complete and 0 interrupted iterations
workload_01_binance      [  52% ] 20/20 VUs  2m21.6s/4m30.0s
workload_02_datadog      [  52% ] 20/20 VUs  2m21.6s/4m30.0s
workload_03_ibm          [  52% ] 20/20 VUs  2m21.6s/4m30.0s
workload_04_intel        [  52% ] 20/20 VUs  2m21.6s/4m30.0s
workload_05_mongo        [  52% ] 20/20 VUs  2m21.6s/4m30.0s
workload_06_oracle       [  52% ] 20/20 VUs  2m21.6s/4m30.0s
workload_07_qualcomm     [  52% ] 20/20 VUs  2m21.6s/4m30.0s
workload_08_salesforce   [  52% ] 20/20 VUs  2m21.6s/4m30.0s
workload_09_sap          [  52% ] 20/20 VUs  2m21.6s/4m30.0s
workload_10_shopify      [  52% ] 20/20 VUs  2m21.6s/4m30.0s
workload_11_stripe       [  52% ] 20/20 VUs  2m21.6s/4m30.0s
workload_12_twilio       [  52% ] 20/20 VUs  2m21.6s/4m30.0s

running (2m22.6s), 240/240 VUs, 39629 complete and 0 interrupted iterations
workload_01_binance      [  53% ] 20/20 VUs  2m22.6s/4m30.0s
workload_02_datadog      [  53% ] 20/20 VUs  2m22.6s/4m30.0s
workload_03_ibm          [  53% ] 20/20 VUs  2m22.6s/4m30.0s
workload_04_intel        [  53% ] 20/20 VUs  2m22.6s/4m30.0s
workload_05_mongo        [  53% ] 20/20 VUs  2m22.6s/4m30.0s
workload_06_oracle       [  53% ] 20/20 VUs  2m22.6s/4m30.0s
workload_07_qualcomm     [  53% ] 20/20 VUs  2m22.6s/4m30.0s
workload_08_salesforce   [  53% ] 20/20 VUs  2m22.6s/4m30.0s
workload_09_sap          [  53% ] 20/20 VUs  2m22.6s/4m30.0s
workload_10_shopify      [  53% ] 20/20 VUs  2m22.6s/4m30.0s
workload_11_stripe       [  53% ] 20/20 VUs  2m22.6s/4m30.0s
workload_12_twilio       [  53% ] 20/20 VUs  2m22.6s/4m30.0s

running (2m23.6s), 240/240 VUs, 39946 complete and 0 interrupted iterations
workload_01_binance      [  53% ] 20/20 VUs  2m23.6s/4m30.0s
workload_02_datadog      [  53% ] 20/20 VUs  2m23.6s/4m30.0s
workload_03_ibm          [  53% ] 20/20 VUs  2m23.6s/4m30.0s
workload_04_intel        [  53% ] 20/20 VUs  2m23.6s/4m30.0s
workload_05_mongo        [  53% ] 20/20 VUs  2m23.6s/4m30.0s
workload_06_oracle       [  53% ] 20/20 VUs  2m23.6s/4m30.0s
workload_07_qualcomm     [  53% ] 20/20 VUs  2m23.6s/4m30.0s
workload_08_salesforce   [  53% ] 20/20 VUs  2m23.6s/4m30.0s
workload_09_sap          [  53% ] 20/20 VUs  2m23.6s/4m30.0s
workload_10_shopify      [  53% ] 20/20 VUs  2m23.6s/4m30.0s
workload_11_stripe       [  53% ] 20/20 VUs  2m23.6s/4m30.0s
workload_12_twilio       [  53% ] 20/20 VUs  2m23.6s/4m30.0s

running (2m24.6s), 240/240 VUs, 40289 complete and 0 interrupted iterations
workload_01_binance      [  54% ] 20/20 VUs  2m24.6s/4m30.0s
workload_02_datadog      [  54% ] 20/20 VUs  2m24.6s/4m30.0s
workload_03_ibm          [  54% ] 20/20 VUs  2m24.6s/4m30.0s
workload_04_intel        [  54% ] 20/20 VUs  2m24.6s/4m30.0s
workload_05_mongo        [  54% ] 20/20 VUs  2m24.6s/4m30.0s
workload_06_oracle       [  54% ] 20/20 VUs  2m24.6s/4m30.0s
workload_07_qualcomm     [  54% ] 20/20 VUs  2m24.6s/4m30.0s
workload_08_salesforce   [  54% ] 20/20 VUs  2m24.6s/4m30.0s
workload_09_sap          [  54% ] 20/20 VUs  2m24.6s/4m30.0s
workload_10_shopify      [  54% ] 20/20 VUs  2m24.6s/4m30.0s
workload_11_stripe       [  54% ] 20/20 VUs  2m24.6s/4m30.0s
workload_12_twilio       [  54% ] 20/20 VUs  2m24.6s/4m30.0s

running (2m25.6s), 240/240 VUs, 40614 complete and 0 interrupted iterations
workload_01_binance      [  54% ] 20/20 VUs  2m25.6s/4m30.0s
workload_02_datadog      [  54% ] 20/20 VUs  2m25.6s/4m30.0s
workload_03_ibm          [  54% ] 20/20 VUs  2m25.6s/4m30.0s
workload_04_intel        [  54% ] 20/20 VUs  2m25.6s/4m30.0s
workload_05_mongo        [  54% ] 20/20 VUs  2m25.6s/4m30.0s
workload_06_oracle       [  54% ] 20/20 VUs  2m25.6s/4m30.0s
workload_07_qualcomm     [  54% ] 20/20 VUs  2m25.6s/4m30.0s
workload_08_salesforce   [  54% ] 20/20 VUs  2m25.6s/4m30.0s
workload_09_sap          [  54% ] 20/20 VUs  2m25.6s/4m30.0s
workload_10_shopify      [  54% ] 20/20 VUs  2m25.6s/4m30.0s
workload_11_stripe       [  54% ] 20/20 VUs  2m25.6s/4m30.0s
workload_12_twilio       [  54% ] 20/20 VUs  2m25.6s/4m30.0s

running (2m26.6s), 240/240 VUs, 40910 complete and 0 interrupted iterations
workload_01_binance      [  54% ] 20/20 VUs  2m26.6s/4m30.0s
workload_02_datadog      [  54% ] 20/20 VUs  2m26.6s/4m30.0s
workload_03_ibm          [  54% ] 20/20 VUs  2m26.6s/4m30.0s
workload_04_intel        [  54% ] 20/20 VUs  2m26.6s/4m30.0s
workload_05_mongo        [  54% ] 20/20 VUs  2m26.6s/4m30.0s
workload_06_oracle       [  54% ] 20/20 VUs  2m26.6s/4m30.0s
workload_07_qualcomm     [  54% ] 20/20 VUs  2m26.6s/4m30.0s
workload_08_salesforce   [  54% ] 20/20 VUs  2m26.6s/4m30.0s
workload_09_sap          [  54% ] 20/20 VUs  2m26.6s/4m30.0s
workload_10_shopify      [  54% ] 20/20 VUs  2m26.6s/4m30.0s
workload_11_stripe       [  54% ] 20/20 VUs  2m26.6s/4m30.0s
workload_12_twilio       [  54% ] 20/20 VUs  2m26.6s/4m30.0s

running (2m27.6s), 240/240 VUs, 41099 complete and 0 interrupted iterations
workload_01_binance      [  55% ] 20/20 VUs  2m27.6s/4m30.0s
workload_02_datadog      [  55% ] 20/20 VUs  2m27.6s/4m30.0s
workload_03_ibm          [  55% ] 20/20 VUs  2m27.6s/4m30.0s
workload_04_intel        [  55% ] 20/20 VUs  2m27.6s/4m30.0s
workload_05_mongo        [  55% ] 20/20 VUs  2m27.6s/4m30.0s
workload_06_oracle       [  55% ] 20/20 VUs  2m27.6s/4m30.0s
workload_07_qualcomm     [  55% ] 20/20 VUs  2m27.6s/4m30.0s
workload_08_salesforce   [  55% ] 20/20 VUs  2m27.6s/4m30.0s
workload_09_sap          [  55% ] 20/20 VUs  2m27.6s/4m30.0s
workload_10_shopify      [  55% ] 20/20 VUs  2m27.6s/4m30.0s
workload_11_stripe       [  55% ] 20/20 VUs  2m27.6s/4m30.0s
workload_12_twilio       [  55% ] 20/20 VUs  2m27.6s/4m30.0s

running (2m28.6s), 240/240 VUs, 41265 complete and 0 interrupted iterations
workload_01_binance      [  55% ] 20/20 VUs  2m28.6s/4m30.0s
workload_02_datadog      [  55% ] 20/20 VUs  2m28.6s/4m30.0s
workload_03_ibm          [  55% ] 20/20 VUs  2m28.6s/4m30.0s
workload_04_intel        [  55% ] 20/20 VUs  2m28.6s/4m30.0s
workload_05_mongo        [  55% ] 20/20 VUs  2m28.6s/4m30.0s
workload_06_oracle       [  55% ] 20/20 VUs  2m28.6s/4m30.0s
workload_07_qualcomm     [  55% ] 20/20 VUs  2m28.6s/4m30.0s
workload_08_salesforce   [  55% ] 20/20 VUs  2m28.6s/4m30.0s
workload_09_sap          [  55% ] 20/20 VUs  2m28.6s/4m30.0s
workload_10_shopify      [  55% ] 20/20 VUs  2m28.6s/4m30.0s
workload_11_stripe       [  55% ] 20/20 VUs  2m28.6s/4m30.0s
workload_12_twilio       [  55% ] 20/20 VUs  2m28.6s/4m30.0s

running (2m29.6s), 240/240 VUs, 41559 complete and 0 interrupted iterations
workload_01_binance      [  55% ] 20/20 VUs  2m29.6s/4m30.0s
workload_02_datadog      [  55% ] 20/20 VUs  2m29.6s/4m30.0s
workload_03_ibm          [  55% ] 20/20 VUs  2m29.6s/4m30.0s
workload_04_intel        [  55% ] 20/20 VUs  2m29.6s/4m30.0s
workload_05_mongo        [  55% ] 20/20 VUs  2m29.6s/4m30.0s
workload_06_oracle       [  55% ] 20/20 VUs  2m29.6s/4m30.0s
workload_07_qualcomm     [  55% ] 20/20 VUs  2m29.6s/4m30.0s
workload_08_salesforce   [  55% ] 20/20 VUs  2m29.6s/4m30.0s
workload_09_sap          [  55% ] 20/20 VUs  2m29.6s/4m30.0s
workload_10_shopify      [  55% ] 20/20 VUs  2m29.6s/4m30.0s
workload_11_stripe       [  55% ] 20/20 VUs  2m29.6s/4m30.0s
workload_12_twilio       [  55% ] 20/20 VUs  2m29.6s/4m30.0s

running (2m30.6s), 240/240 VUs, 41882 complete and 0 interrupted iterations
workload_01_binance      [  56% ] 20/20 VUs  2m30.6s/4m30.0s
workload_02_datadog      [  56% ] 20/20 VUs  2m30.6s/4m30.0s
workload_03_ibm          [  56% ] 20/20 VUs  2m30.6s/4m30.0s
workload_04_intel        [  56% ] 20/20 VUs  2m30.6s/4m30.0s
workload_05_mongo        [  56% ] 20/20 VUs  2m30.6s/4m30.0s
workload_06_oracle       [  56% ] 20/20 VUs  2m30.6s/4m30.0s
workload_07_qualcomm     [  56% ] 20/20 VUs  2m30.6s/4m30.0s
workload_08_salesforce   [  56% ] 20/20 VUs  2m30.6s/4m30.0s
workload_09_sap          [  56% ] 20/20 VUs  2m30.6s/4m30.0s
workload_10_shopify      [  56% ] 20/20 VUs  2m30.6s/4m30.0s
workload_11_stripe       [  56% ] 20/20 VUs  2m30.6s/4m30.0s
workload_12_twilio       [  56% ] 20/20 VUs  2m30.6s/4m30.0s

running (2m31.6s), 240/240 VUs, 42207 complete and 0 interrupted iterations
workload_01_binance      [  56% ] 20/20 VUs  2m31.6s/4m30.0s
workload_02_datadog      [  56% ] 20/20 VUs  2m31.6s/4m30.0s
workload_03_ibm          [  56% ] 20/20 VUs  2m31.6s/4m30.0s
workload_04_intel        [  56% ] 20/20 VUs  2m31.6s/4m30.0s
workload_05_mongo        [  56% ] 20/20 VUs  2m31.6s/4m30.0s
workload_06_oracle       [  56% ] 20/20 VUs  2m31.6s/4m30.0s
workload_07_qualcomm     [  56% ] 20/20 VUs  2m31.6s/4m30.0s
workload_08_salesforce   [  56% ] 20/20 VUs  2m31.6s/4m30.0s
workload_09_sap          [  56% ] 20/20 VUs  2m31.6s/4m30.0s
workload_10_shopify      [  56% ] 20/20 VUs  2m31.6s/4m30.0s
workload_11_stripe       [  56% ] 20/20 VUs  2m31.6s/4m30.0s
workload_12_twilio       [  56% ] 20/20 VUs  2m31.6s/4m30.0s

running (2m32.6s), 240/240 VUs, 42527 complete and 0 interrupted iterations
workload_01_binance      [  57% ] 20/20 VUs  2m32.6s/4m30.0s
workload_02_datadog      [  57% ] 20/20 VUs  2m32.6s/4m30.0s
workload_03_ibm          [  57% ] 20/20 VUs  2m32.6s/4m30.0s
workload_04_intel        [  57% ] 20/20 VUs  2m32.6s/4m30.0s
workload_05_mongo        [  57% ] 20/20 VUs  2m32.6s/4m30.0s
workload_06_oracle       [  57% ] 20/20 VUs  2m32.6s/4m30.0s
workload_07_qualcomm     [  57% ] 20/20 VUs  2m32.6s/4m30.0s
workload_08_salesforce   [  57% ] 20/20 VUs  2m32.6s/4m30.0s
workload_09_sap          [  57% ] 20/20 VUs  2m32.6s/4m30.0s
workload_10_shopify      [  57% ] 20/20 VUs  2m32.6s/4m30.0s
workload_11_stripe       [  57% ] 20/20 VUs  2m32.6s/4m30.0s
workload_12_twilio       [  57% ] 20/20 VUs  2m32.6s/4m30.0s

running (2m33.6s), 240/240 VUs, 42843 complete and 0 interrupted iterations
workload_01_binance      [  57% ] 20/20 VUs  2m33.6s/4m30.0s
workload_02_datadog      [  57% ] 20/20 VUs  2m33.6s/4m30.0s
workload_03_ibm          [  57% ] 20/20 VUs  2m33.6s/4m30.0s
workload_04_intel        [  57% ] 20/20 VUs  2m33.6s/4m30.0s
workload_05_mongo        [  57% ] 20/20 VUs  2m33.6s/4m30.0s
workload_06_oracle       [  57% ] 20/20 VUs  2m33.6s/4m30.0s
workload_07_qualcomm     [  57% ] 20/20 VUs  2m33.6s/4m30.0s
workload_08_salesforce   [  57% ] 20/20 VUs  2m33.6s/4m30.0s
workload_09_sap          [  57% ] 20/20 VUs  2m33.6s/4m30.0s
workload_10_shopify      [  57% ] 20/20 VUs  2m33.6s/4m30.0s
workload_11_stripe       [  57% ] 20/20 VUs  2m33.6s/4m30.0s
workload_12_twilio       [  57% ] 20/20 VUs  2m33.6s/4m30.0s

running (2m34.6s), 240/240 VUs, 43151 complete and 0 interrupted iterations
workload_01_binance      [  57% ] 20/20 VUs  2m34.6s/4m30.0s
workload_02_datadog      [  57% ] 20/20 VUs  2m34.6s/4m30.0s
workload_03_ibm          [  57% ] 20/20 VUs  2m34.6s/4m30.0s
workload_04_intel        [  57% ] 20/20 VUs  2m34.6s/4m30.0s
workload_05_mongo        [  57% ] 20/20 VUs  2m34.6s/4m30.0s
workload_06_oracle       [  57% ] 20/20 VUs  2m34.6s/4m30.0s
workload_07_qualcomm     [  57% ] 20/20 VUs  2m34.6s/4m30.0s
workload_08_salesforce   [  57% ] 20/20 VUs  2m34.6s/4m30.0s
workload_09_sap          [  57% ] 20/20 VUs  2m34.6s/4m30.0s
workload_10_shopify      [  57% ] 20/20 VUs  2m34.6s/4m30.0s
workload_11_stripe       [  57% ] 20/20 VUs  2m34.6s/4m30.0s
workload_12_twilio       [  57% ] 20/20 VUs  2m34.6s/4m30.0s

running (2m35.6s), 240/240 VUs, 43469 complete and 0 interrupted iterations
workload_01_binance      [  58% ] 20/20 VUs  2m35.6s/4m30.0s
workload_02_datadog      [  58% ] 20/20 VUs  2m35.6s/4m30.0s
workload_03_ibm          [  58% ] 20/20 VUs  2m35.6s/4m30.0s
workload_04_intel        [  58% ] 20/20 VUs  2m35.6s/4m30.0s
workload_05_mongo        [  58% ] 20/20 VUs  2m35.6s/4m30.0s
workload_06_oracle       [  58% ] 20/20 VUs  2m35.6s/4m30.0s
workload_07_qualcomm     [  58% ] 20/20 VUs  2m35.6s/4m30.0s
workload_08_salesforce   [  58% ] 20/20 VUs  2m35.6s/4m30.0s
workload_09_sap          [  58% ] 20/20 VUs  2m35.6s/4m30.0s
workload_10_shopify      [  58% ] 20/20 VUs  2m35.6s/4m30.0s
workload_11_stripe       [  58% ] 20/20 VUs  2m35.6s/4m30.0s
workload_12_twilio       [  58% ] 20/20 VUs  2m35.6s/4m30.0s

running (2m36.6s), 240/240 VUs, 43796 complete and 0 interrupted iterations
workload_01_binance      [  58% ] 20/20 VUs  2m36.6s/4m30.0s
workload_02_datadog      [  58% ] 20/20 VUs  2m36.6s/4m30.0s
workload_03_ibm          [  58% ] 20/20 VUs  2m36.6s/4m30.0s
workload_04_intel        [  58% ] 20/20 VUs  2m36.6s/4m30.0s
workload_05_mongo        [  58% ] 20/20 VUs  2m36.6s/4m30.0s
workload_06_oracle       [  58% ] 20/20 VUs  2m36.6s/4m30.0s
workload_07_qualcomm     [  58% ] 20/20 VUs  2m36.6s/4m30.0s
workload_08_salesforce   [  58% ] 20/20 VUs  2m36.6s/4m30.0s
workload_09_sap          [  58% ] 20/20 VUs  2m36.6s/4m30.0s
workload_10_shopify      [  58% ] 20/20 VUs  2m36.6s/4m30.0s
workload_11_stripe       [  58% ] 20/20 VUs  2m36.6s/4m30.0s
workload_12_twilio       [  58% ] 20/20 VUs  2m36.6s/4m30.0s

running (2m37.6s), 240/240 VUs, 44112 complete and 0 interrupted iterations
workload_01_binance      [  58% ] 20/20 VUs  2m37.6s/4m30.0s
workload_02_datadog      [  58% ] 20/20 VUs  2m37.6s/4m30.0s
workload_03_ibm          [  58% ] 20/20 VUs  2m37.6s/4m30.0s
workload_04_intel        [  58% ] 20/20 VUs  2m37.6s/4m30.0s
workload_05_mongo        [  58% ] 20/20 VUs  2m37.6s/4m30.0s
workload_06_oracle       [  58% ] 20/20 VUs  2m37.6s/4m30.0s
workload_07_qualcomm     [  58% ] 20/20 VUs  2m37.6s/4m30.0s
workload_08_salesforce   [  58% ] 20/20 VUs  2m37.6s/4m30.0s
workload_09_sap          [  58% ] 20/20 VUs  2m37.6s/4m30.0s
workload_10_shopify      [  58% ] 20/20 VUs  2m37.6s/4m30.0s
workload_11_stripe       [  58% ] 20/20 VUs  2m37.6s/4m30.0s
workload_12_twilio       [  58% ] 20/20 VUs  2m37.6s/4m30.0s

running (2m38.6s), 240/240 VUs, 44416 complete and 0 interrupted iterations
workload_01_binance      [  59% ] 20/20 VUs  2m38.6s/4m30.0s
workload_02_datadog      [  59% ] 20/20 VUs  2m38.6s/4m30.0s
workload_03_ibm          [  59% ] 20/20 VUs  2m38.6s/4m30.0s
workload_04_intel        [  59% ] 20/20 VUs  2m38.6s/4m30.0s
workload_05_mongo        [  59% ] 20/20 VUs  2m38.6s/4m30.0s
workload_06_oracle       [  59% ] 20/20 VUs  2m38.6s/4m30.0s
workload_07_qualcomm     [  59% ] 20/20 VUs  2m38.6s/4m30.0s
workload_08_salesforce   [  59% ] 20/20 VUs  2m38.6s/4m30.0s
workload_09_sap          [  59% ] 20/20 VUs  2m38.6s/4m30.0s
workload_10_shopify      [  59% ] 20/20 VUs  2m38.6s/4m30.0s
workload_11_stripe       [  59% ] 20/20 VUs  2m38.6s/4m30.0s
workload_12_twilio       [  59% ] 20/20 VUs  2m38.6s/4m30.0s

running (2m39.6s), 240/240 VUs, 44699 complete and 0 interrupted iterations
workload_01_binance      [  59% ] 20/20 VUs  2m39.6s/4m30.0s
workload_02_datadog      [  59% ] 20/20 VUs  2m39.6s/4m30.0s
workload_03_ibm          [  59% ] 20/20 VUs  2m39.6s/4m30.0s
workload_04_intel        [  59% ] 20/20 VUs  2m39.6s/4m30.0s
workload_05_mongo        [  59% ] 20/20 VUs  2m39.6s/4m30.0s
workload_06_oracle       [  59% ] 20/20 VUs  2m39.6s/4m30.0s
workload_07_qualcomm     [  59% ] 20/20 VUs  2m39.6s/4m30.0s
workload_08_salesforce   [  59% ] 20/20 VUs  2m39.6s/4m30.0s
workload_09_sap          [  59% ] 20/20 VUs  2m39.6s/4m30.0s
workload_10_shopify      [  59% ] 20/20 VUs  2m39.6s/4m30.0s
workload_11_stripe       [  59% ] 20/20 VUs  2m39.6s/4m30.0s
workload_12_twilio       [  59% ] 20/20 VUs  2m39.6s/4m30.0s

running (2m40.6s), 240/240 VUs, 45030 complete and 0 interrupted iterations
workload_01_binance      [  59% ] 20/20 VUs  2m40.6s/4m30.0s
workload_02_datadog      [  59% ] 20/20 VUs  2m40.6s/4m30.0s
workload_03_ibm          [  59% ] 20/20 VUs  2m40.6s/4m30.0s
workload_04_intel        [  59% ] 20/20 VUs  2m40.6s/4m30.0s
workload_05_mongo        [  59% ] 20/20 VUs  2m40.6s/4m30.0s
workload_06_oracle       [  59% ] 20/20 VUs  2m40.6s/4m30.0s
workload_07_qualcomm     [  59% ] 20/20 VUs  2m40.6s/4m30.0s
workload_08_salesforce   [  59% ] 20/20 VUs  2m40.6s/4m30.0s
workload_09_sap          [  59% ] 20/20 VUs  2m40.6s/4m30.0s
workload_10_shopify      [  59% ] 20/20 VUs  2m40.6s/4m30.0s
workload_11_stripe       [  59% ] 20/20 VUs  2m40.6s/4m30.0s
workload_12_twilio       [  59% ] 20/20 VUs  2m40.6s/4m30.0s

running (2m41.6s), 240/240 VUs, 45298 complete and 0 interrupted iterations
workload_01_binance      [  60% ] 20/20 VUs  2m41.6s/4m30.0s
workload_02_datadog      [  60% ] 20/20 VUs  2m41.6s/4m30.0s
workload_03_ibm          [  60% ] 20/20 VUs  2m41.6s/4m30.0s
workload_04_intel        [  60% ] 20/20 VUs  2m41.6s/4m30.0s
workload_05_mongo        [  60% ] 20/20 VUs  2m41.6s/4m30.0s
workload_06_oracle       [  60% ] 20/20 VUs  2m41.6s/4m30.0s
workload_07_qualcomm     [  60% ] 20/20 VUs  2m41.6s/4m30.0s
workload_08_salesforce   [  60% ] 20/20 VUs  2m41.6s/4m30.0s
workload_09_sap          [  60% ] 20/20 VUs  2m41.6s/4m30.0s
workload_10_shopify      [  60% ] 20/20 VUs  2m41.6s/4m30.0s
workload_11_stripe       [  60% ] 20/20 VUs  2m41.6s/4m30.0s
workload_12_twilio       [  60% ] 20/20 VUs  2m41.6s/4m30.0s

running (2m42.6s), 240/240 VUs, 45628 complete and 0 interrupted iterations
workload_01_binance      [  60% ] 20/20 VUs  2m42.6s/4m30.0s
workload_02_datadog      [  60% ] 20/20 VUs  2m42.6s/4m30.0s
workload_03_ibm          [  60% ] 20/20 VUs  2m42.6s/4m30.0s
workload_04_intel        [  60% ] 20/20 VUs  2m42.6s/4m30.0s
workload_05_mongo        [  60% ] 20/20 VUs  2m42.6s/4m30.0s
workload_06_oracle       [  60% ] 20/20 VUs  2m42.6s/4m30.0s
workload_07_qualcomm     [  60% ] 20/20 VUs  2m42.6s/4m30.0s
workload_08_salesforce   [  60% ] 20/20 VUs  2m42.6s/4m30.0s
workload_09_sap          [  60% ] 20/20 VUs  2m42.6s/4m30.0s
workload_10_shopify      [  60% ] 20/20 VUs  2m42.6s/4m30.0s
workload_11_stripe       [  60% ] 20/20 VUs  2m42.6s/4m30.0s
workload_12_twilio       [  60% ] 20/20 VUs  2m42.6s/4m30.0s

running (2m43.6s), 240/240 VUs, 45918 complete and 0 interrupted iterations
workload_01_binance      [  61% ] 20/20 VUs  2m43.6s/4m30.0s
workload_02_datadog      [  61% ] 20/20 VUs  2m43.6s/4m30.0s
workload_03_ibm          [  61% ] 20/20 VUs  2m43.6s/4m30.0s
workload_04_intel        [  61% ] 20/20 VUs  2m43.6s/4m30.0s
workload_05_mongo        [  61% ] 20/20 VUs  2m43.6s/4m30.0s
workload_06_oracle       [  61% ] 20/20 VUs  2m43.6s/4m30.0s
workload_07_qualcomm     [  61% ] 20/20 VUs  2m43.6s/4m30.0s
workload_08_salesforce   [  61% ] 20/20 VUs  2m43.6s/4m30.0s
workload_09_sap          [  61% ] 20/20 VUs  2m43.6s/4m30.0s
workload_10_shopify      [  61% ] 20/20 VUs  2m43.6s/4m30.0s
workload_11_stripe       [  61% ] 20/20 VUs  2m43.6s/4m30.0s
workload_12_twilio       [  61% ] 20/20 VUs  2m43.6s/4m30.0s

running (2m44.6s), 240/240 VUs, 46252 complete and 0 interrupted iterations
workload_01_binance      [  61% ] 20/20 VUs  2m44.6s/4m30.0s
workload_02_datadog      [  61% ] 20/20 VUs  2m44.6s/4m30.0s
workload_03_ibm          [  61% ] 20/20 VUs  2m44.6s/4m30.0s
workload_04_intel        [  61% ] 20/20 VUs  2m44.6s/4m30.0s
workload_05_mongo        [  61% ] 20/20 VUs  2m44.6s/4m30.0s
workload_06_oracle       [  61% ] 20/20 VUs  2m44.6s/4m30.0s
workload_07_qualcomm     [  61% ] 20/20 VUs  2m44.6s/4m30.0s
workload_08_salesforce   [  61% ] 20/20 VUs  2m44.6s/4m30.0s
workload_09_sap          [  61% ] 20/20 VUs  2m44.6s/4m30.0s
workload_10_shopify      [  61% ] 20/20 VUs  2m44.6s/4m30.0s
workload_11_stripe       [  61% ] 20/20 VUs  2m44.6s/4m30.0s
workload_12_twilio       [  61% ] 20/20 VUs  2m44.6s/4m30.0s

running (2m45.6s), 240/240 VUs, 46582 complete and 0 interrupted iterations
workload_01_binance      [  61% ] 20/20 VUs  2m45.6s/4m30.0s
workload_02_datadog      [  61% ] 20/20 VUs  2m45.6s/4m30.0s
workload_03_ibm          [  61% ] 20/20 VUs  2m45.6s/4m30.0s
workload_04_intel        [  61% ] 20/20 VUs  2m45.6s/4m30.0s
workload_05_mongo        [  61% ] 20/20 VUs  2m45.6s/4m30.0s
workload_06_oracle       [  61% ] 20/20 VUs  2m45.6s/4m30.0s
workload_07_qualcomm     [  61% ] 20/20 VUs  2m45.6s/4m30.0s
workload_08_salesforce   [  61% ] 20/20 VUs  2m45.6s/4m30.0s
workload_09_sap          [  61% ] 20/20 VUs  2m45.6s/4m30.0s
workload_10_shopify      [  61% ] 20/20 VUs  2m45.6s/4m30.0s
workload_11_stripe       [  61% ] 20/20 VUs  2m45.6s/4m30.0s
workload_12_twilio       [  61% ] 20/20 VUs  2m45.6s/4m30.0s

running (2m46.6s), 240/240 VUs, 46905 complete and 0 interrupted iterations
workload_01_binance      [  62% ] 20/20 VUs  2m46.6s/4m30.0s
workload_02_datadog      [  62% ] 20/20 VUs  2m46.6s/4m30.0s
workload_03_ibm          [  62% ] 20/20 VUs  2m46.6s/4m30.0s
workload_04_intel        [  62% ] 20/20 VUs  2m46.6s/4m30.0s
workload_05_mongo        [  62% ] 20/20 VUs  2m46.6s/4m30.0s
workload_06_oracle       [  62% ] 20/20 VUs  2m46.6s/4m30.0s
workload_07_qualcomm     [  62% ] 20/20 VUs  2m46.6s/4m30.0s
workload_08_salesforce   [  62% ] 20/20 VUs  2m46.6s/4m30.0s
workload_09_sap          [  62% ] 20/20 VUs  2m46.6s/4m30.0s
workload_10_shopify      [  62% ] 20/20 VUs  2m46.6s/4m30.0s
workload_11_stripe       [  62% ] 20/20 VUs  2m46.6s/4m30.0s
workload_12_twilio       [  62% ] 20/20 VUs  2m46.6s/4m30.0s

running (2m47.6s), 240/240 VUs, 47224 complete and 0 interrupted iterations
workload_01_binance      [  62% ] 20/20 VUs  2m47.6s/4m30.0s
workload_02_datadog      [  62% ] 20/20 VUs  2m47.6s/4m30.0s
workload_03_ibm          [  62% ] 20/20 VUs  2m47.6s/4m30.0s
workload_04_intel        [  62% ] 20/20 VUs  2m47.6s/4m30.0s
workload_05_mongo        [  62% ] 20/20 VUs  2m47.6s/4m30.0s
workload_06_oracle       [  62% ] 20/20 VUs  2m47.6s/4m30.0s
workload_07_qualcomm     [  62% ] 20/20 VUs  2m47.6s/4m30.0s
workload_08_salesforce   [  62% ] 20/20 VUs  2m47.6s/4m30.0s
workload_09_sap          [  62% ] 20/20 VUs  2m47.6s/4m30.0s
workload_10_shopify      [  62% ] 20/20 VUs  2m47.6s/4m30.0s
workload_11_stripe       [  62% ] 20/20 VUs  2m47.6s/4m30.0s
workload_12_twilio       [  62% ] 20/20 VUs  2m47.6s/4m30.0s

running (2m48.6s), 240/240 VUs, 47543 complete and 0 interrupted iterations
workload_01_binance      [  62% ] 20/20 VUs  2m48.6s/4m30.0s
workload_02_datadog      [  62% ] 20/20 VUs  2m48.6s/4m30.0s
workload_03_ibm          [  62% ] 20/20 VUs  2m48.6s/4m30.0s
workload_04_intel        [  62% ] 20/20 VUs  2m48.6s/4m30.0s
workload_05_mongo        [  62% ] 20/20 VUs  2m48.6s/4m30.0s
workload_06_oracle       [  62% ] 20/20 VUs  2m48.6s/4m30.0s
workload_07_qualcomm     [  62% ] 20/20 VUs  2m48.6s/4m30.0s
workload_08_salesforce   [  62% ] 20/20 VUs  2m48.6s/4m30.0s
workload_09_sap          [  62% ] 20/20 VUs  2m48.6s/4m30.0s
workload_10_shopify      [  62% ] 20/20 VUs  2m48.6s/4m30.0s
workload_11_stripe       [  62% ] 20/20 VUs  2m48.6s/4m30.0s
workload_12_twilio       [  62% ] 20/20 VUs  2m48.6s/4m30.0s

running (2m49.6s), 240/240 VUs, 47870 complete and 0 interrupted iterations
workload_01_binance      [  63% ] 20/20 VUs  2m49.6s/4m30.0s
workload_02_datadog      [  63% ] 20/20 VUs  2m49.6s/4m30.0s
workload_03_ibm          [  63% ] 20/20 VUs  2m49.6s/4m30.0s
workload_04_intel        [  63% ] 20/20 VUs  2m49.6s/4m30.0s
workload_05_mongo        [  63% ] 20/20 VUs  2m49.6s/4m30.0s
workload_06_oracle       [  63% ] 20/20 VUs  2m49.6s/4m30.0s
workload_07_qualcomm     [  63% ] 20/20 VUs  2m49.6s/4m30.0s
workload_08_salesforce   [  63% ] 20/20 VUs  2m49.6s/4m30.0s
workload_09_sap          [  63% ] 20/20 VUs  2m49.6s/4m30.0s
workload_10_shopify      [  63% ] 20/20 VUs  2m49.6s/4m30.0s
workload_11_stripe       [  63% ] 20/20 VUs  2m49.6s/4m30.0s
workload_12_twilio       [  63% ] 20/20 VUs  2m49.6s/4m30.0s

running (2m50.6s), 240/240 VUs, 48178 complete and 0 interrupted iterations
workload_01_binance      [  63% ] 20/20 VUs  2m50.6s/4m30.0s
workload_02_datadog      [  63% ] 20/20 VUs  2m50.6s/4m30.0s
workload_03_ibm          [  63% ] 20/20 VUs  2m50.6s/4m30.0s
workload_04_intel        [  63% ] 20/20 VUs  2m50.6s/4m30.0s
workload_05_mongo        [  63% ] 20/20 VUs  2m50.6s/4m30.0s
workload_06_oracle       [  63% ] 20/20 VUs  2m50.6s/4m30.0s
workload_07_qualcomm     [  63% ] 20/20 VUs  2m50.6s/4m30.0s
workload_08_salesforce   [  63% ] 20/20 VUs  2m50.6s/4m30.0s
workload_09_sap          [  63% ] 20/20 VUs  2m50.6s/4m30.0s
workload_10_shopify      [  63% ] 20/20 VUs  2m50.6s/4m30.0s
workload_11_stripe       [  63% ] 20/20 VUs  2m50.6s/4m30.0s
workload_12_twilio       [  63% ] 20/20 VUs  2m50.6s/4m30.0s

running (2m51.6s), 240/240 VUs, 48517 complete and 0 interrupted iterations
workload_01_binance      [  64% ] 20/20 VUs  2m51.6s/4m30.0s
workload_02_datadog      [  64% ] 20/20 VUs  2m51.6s/4m30.0s
workload_03_ibm          [  64% ] 20/20 VUs  2m51.6s/4m30.0s
workload_04_intel        [  64% ] 20/20 VUs  2m51.6s/4m30.0s
workload_05_mongo        [  64% ] 20/20 VUs  2m51.6s/4m30.0s
workload_06_oracle       [  64% ] 20/20 VUs  2m51.6s/4m30.0s
workload_07_qualcomm     [  64% ] 20/20 VUs  2m51.6s/4m30.0s
workload_08_salesforce   [  64% ] 20/20 VUs  2m51.6s/4m30.0s
workload_09_sap          [  64% ] 20/20 VUs  2m51.6s/4m30.0s
workload_10_shopify      [  64% ] 20/20 VUs  2m51.6s/4m30.0s
workload_11_stripe       [  64% ] 20/20 VUs  2m51.6s/4m30.0s
workload_12_twilio       [  64% ] 20/20 VUs  2m51.6s/4m30.0s

running (2m52.6s), 240/240 VUs, 48847 complete and 0 interrupted iterations
workload_01_binance      [  64% ] 20/20 VUs  2m52.6s/4m30.0s
workload_02_datadog      [  64% ] 20/20 VUs  2m52.6s/4m30.0s
workload_03_ibm          [  64% ] 20/20 VUs  2m52.6s/4m30.0s
workload_04_intel        [  64% ] 20/20 VUs  2m52.6s/4m30.0s
workload_05_mongo        [  64% ] 20/20 VUs  2m52.6s/4m30.0s
workload_06_oracle       [  64% ] 20/20 VUs  2m52.6s/4m30.0s
workload_07_qualcomm     [  64% ] 20/20 VUs  2m52.6s/4m30.0s
workload_08_salesforce   [  64% ] 20/20 VUs  2m52.6s/4m30.0s
workload_09_sap          [  64% ] 20/20 VUs  2m52.6s/4m30.0s
workload_10_shopify      [  64% ] 20/20 VUs  2m52.6s/4m30.0s
workload_11_stripe       [  64% ] 20/20 VUs  2m52.6s/4m30.0s
workload_12_twilio       [  64% ] 20/20 VUs  2m52.6s/4m30.0s

running (2m53.6s), 240/240 VUs, 49160 complete and 0 interrupted iterations
workload_01_binance      [  64% ] 20/20 VUs  2m53.6s/4m30.0s
workload_02_datadog      [  64% ] 20/20 VUs  2m53.6s/4m30.0s
workload_03_ibm          [  64% ] 20/20 VUs  2m53.6s/4m30.0s
workload_04_intel        [  64% ] 20/20 VUs  2m53.6s/4m30.0s
workload_05_mongo        [  64% ] 20/20 VUs  2m53.6s/4m30.0s
workload_06_oracle       [  64% ] 20/20 VUs  2m53.6s/4m30.0s
workload_07_qualcomm     [  64% ] 20/20 VUs  2m53.6s/4m30.0s
workload_08_salesforce   [  64% ] 20/20 VUs  2m53.6s/4m30.0s
workload_09_sap          [  64% ] 20/20 VUs  2m53.6s/4m30.0s
workload_10_shopify      [  64% ] 20/20 VUs  2m53.6s/4m30.0s
workload_11_stripe       [  64% ] 20/20 VUs  2m53.6s/4m30.0s
workload_12_twilio       [  64% ] 20/20 VUs  2m53.6s/4m30.0s

running (2m54.6s), 240/240 VUs, 49490 complete and 0 interrupted iterations
workload_01_binance      [  65% ] 20/20 VUs  2m54.6s/4m30.0s
workload_02_datadog      [  65% ] 20/20 VUs  2m54.6s/4m30.0s
workload_03_ibm          [  65% ] 20/20 VUs  2m54.6s/4m30.0s
workload_04_intel        [  65% ] 20/20 VUs  2m54.6s/4m30.0s
workload_05_mongo        [  65% ] 20/20 VUs  2m54.6s/4m30.0s
workload_06_oracle       [  65% ] 20/20 VUs  2m54.6s/4m30.0s
workload_07_qualcomm     [  65% ] 20/20 VUs  2m54.6s/4m30.0s
workload_08_salesforce   [  65% ] 20/20 VUs  2m54.6s/4m30.0s
workload_09_sap          [  65% ] 20/20 VUs  2m54.6s/4m30.0s
workload_10_shopify      [  65% ] 20/20 VUs  2m54.6s/4m30.0s
workload_11_stripe       [  65% ] 20/20 VUs  2m54.6s/4m30.0s
workload_12_twilio       [  65% ] 20/20 VUs  2m54.6s/4m30.0s

running (2m55.6s), 240/240 VUs, 49825 complete and 0 interrupted iterations
workload_01_binance      [  65% ] 20/20 VUs  2m55.6s/4m30.0s
workload_02_datadog      [  65% ] 20/20 VUs  2m55.6s/4m30.0s
workload_03_ibm          [  65% ] 20/20 VUs  2m55.6s/4m30.0s
workload_04_intel        [  65% ] 20/20 VUs  2m55.6s/4m30.0s
workload_05_mongo        [  65% ] 20/20 VUs  2m55.6s/4m30.0s
workload_06_oracle       [  65% ] 20/20 VUs  2m55.6s/4m30.0s
workload_07_qualcomm     [  65% ] 20/20 VUs  2m55.6s/4m30.0s
workload_08_salesforce   [  65% ] 20/20 VUs  2m55.6s/4m30.0s
workload_09_sap          [  65% ] 20/20 VUs  2m55.6s/4m30.0s
workload_10_shopify      [  65% ] 20/20 VUs  2m55.6s/4m30.0s
workload_11_stripe       [  65% ] 20/20 VUs  2m55.6s/4m30.0s
workload_12_twilio       [  65% ] 20/20 VUs  2m55.6s/4m30.0s

running (2m56.6s), 240/240 VUs, 50156 complete and 0 interrupted iterations
workload_01_binance      [  65% ] 20/20 VUs  2m56.6s/4m30.0s
workload_02_datadog      [  65% ] 20/20 VUs  2m56.6s/4m30.0s
workload_03_ibm          [  65% ] 20/20 VUs  2m56.6s/4m30.0s
workload_04_intel        [  65% ] 20/20 VUs  2m56.6s/4m30.0s
workload_05_mongo        [  65% ] 20/20 VUs  2m56.6s/4m30.0s
workload_06_oracle       [  65% ] 20/20 VUs  2m56.6s/4m30.0s
workload_07_qualcomm     [  65% ] 20/20 VUs  2m56.6s/4m30.0s
workload_08_salesforce   [  65% ] 20/20 VUs  2m56.6s/4m30.0s
workload_09_sap          [  65% ] 20/20 VUs  2m56.6s/4m30.0s
workload_10_shopify      [  65% ] 20/20 VUs  2m56.6s/4m30.0s
workload_11_stripe       [  65% ] 20/20 VUs  2m56.6s/4m30.0s
workload_12_twilio       [  65% ] 20/20 VUs  2m56.6s/4m30.0s

running (2m57.6s), 240/240 VUs, 50429 complete and 0 interrupted iterations
workload_01_binance      [  66% ] 20/20 VUs  2m57.6s/4m30.0s
workload_02_datadog      [  66% ] 20/20 VUs  2m57.6s/4m30.0s
workload_03_ibm          [  66% ] 20/20 VUs  2m57.6s/4m30.0s
workload_04_intel        [  66% ] 20/20 VUs  2m57.6s/4m30.0s
workload_05_mongo        [  66% ] 20/20 VUs  2m57.6s/4m30.0s
workload_06_oracle       [  66% ] 20/20 VUs  2m57.6s/4m30.0s
workload_07_qualcomm     [  66% ] 20/20 VUs  2m57.6s/4m30.0s
workload_08_salesforce   [  66% ] 20/20 VUs  2m57.6s/4m30.0s
workload_09_sap          [  66% ] 20/20 VUs  2m57.6s/4m30.0s
workload_10_shopify      [  66% ] 20/20 VUs  2m57.6s/4m30.0s
workload_11_stripe       [  66% ] 20/20 VUs  2m57.6s/4m30.0s
workload_12_twilio       [  66% ] 20/20 VUs  2m57.6s/4m30.0s

running (2m58.6s), 240/240 VUs, 50725 complete and 0 interrupted iterations
workload_01_binance      [  66% ] 20/20 VUs  2m58.6s/4m30.0s
workload_02_datadog      [  66% ] 20/20 VUs  2m58.6s/4m30.0s
workload_03_ibm          [  66% ] 20/20 VUs  2m58.6s/4m30.0s
workload_04_intel        [  66% ] 20/20 VUs  2m58.6s/4m30.0s
workload_05_mongo        [  66% ] 20/20 VUs  2m58.6s/4m30.0s
workload_06_oracle       [  66% ] 20/20 VUs  2m58.6s/4m30.0s
workload_07_qualcomm     [  66% ] 20/20 VUs  2m58.6s/4m30.0s
workload_08_salesforce   [  66% ] 20/20 VUs  2m58.6s/4m30.0s
workload_09_sap          [  66% ] 20/20 VUs  2m58.6s/4m30.0s
workload_10_shopify      [  66% ] 20/20 VUs  2m58.6s/4m30.0s
workload_11_stripe       [  66% ] 20/20 VUs  2m58.6s/4m30.0s
workload_12_twilio       [  66% ] 20/20 VUs  2m58.6s/4m30.0s

running (2m59.6s), 240/240 VUs, 51038 complete and 0 interrupted iterations
workload_01_binance      [  67% ] 20/20 VUs  2m59.6s/4m30.0s
workload_02_datadog      [  67% ] 20/20 VUs  2m59.6s/4m30.0s
workload_03_ibm          [  67% ] 20/20 VUs  2m59.6s/4m30.0s
workload_04_intel        [  67% ] 20/20 VUs  2m59.6s/4m30.0s
workload_05_mongo        [  67% ] 20/20 VUs  2m59.6s/4m30.0s
workload_06_oracle       [  67% ] 20/20 VUs  2m59.6s/4m30.0s
workload_07_qualcomm     [  67% ] 20/20 VUs  2m59.6s/4m30.0s
workload_08_salesforce   [  67% ] 20/20 VUs  2m59.6s/4m30.0s
workload_09_sap          [  67% ] 20/20 VUs  2m59.6s/4m30.0s
workload_10_shopify      [  67% ] 20/20 VUs  2m59.6s/4m30.0s
workload_11_stripe       [  67% ] 20/20 VUs  2m59.6s/4m30.0s
workload_12_twilio       [  67% ] 20/20 VUs  2m59.6s/4m30.0s

running (3m00.6s), 240/240 VUs, 51380 complete and 0 interrupted iterations
workload_01_binance      [  67% ] 20/20 VUs  3m00.6s/4m30.0s
workload_02_datadog      [  67% ] 20/20 VUs  3m00.6s/4m30.0s
workload_03_ibm          [  67% ] 20/20 VUs  3m00.6s/4m30.0s
workload_04_intel        [  67% ] 20/20 VUs  3m00.6s/4m30.0s
workload_05_mongo        [  67% ] 20/20 VUs  3m00.6s/4m30.0s
workload_06_oracle       [  67% ] 20/20 VUs  3m00.6s/4m30.0s
workload_07_qualcomm     [  67% ] 20/20 VUs  3m00.6s/4m30.0s
workload_08_salesforce   [  67% ] 20/20 VUs  3m00.6s/4m30.0s
workload_09_sap          [  67% ] 20/20 VUs  3m00.6s/4m30.0s
workload_10_shopify      [  67% ] 20/20 VUs  3m00.6s/4m30.0s
workload_11_stripe       [  67% ] 20/20 VUs  3m00.6s/4m30.0s
workload_12_twilio       [  67% ] 20/20 VUs  3m00.6s/4m30.0s

running (3m01.6s), 240/240 VUs, 51706 complete and 0 interrupted iterations
workload_01_binance      [  67% ] 20/20 VUs  3m01.6s/4m30.0s
workload_02_datadog      [  67% ] 20/20 VUs  3m01.6s/4m30.0s
workload_03_ibm          [  67% ] 20/20 VUs  3m01.6s/4m30.0s
workload_04_intel        [  67% ] 20/20 VUs  3m01.6s/4m30.0s
workload_05_mongo        [  67% ] 20/20 VUs  3m01.6s/4m30.0s
workload_06_oracle       [  67% ] 20/20 VUs  3m01.6s/4m30.0s
workload_07_qualcomm     [  67% ] 20/20 VUs  3m01.6s/4m30.0s
workload_08_salesforce   [  67% ] 20/20 VUs  3m01.6s/4m30.0s
workload_09_sap          [  67% ] 20/20 VUs  3m01.6s/4m30.0s
workload_10_shopify      [  67% ] 20/20 VUs  3m01.6s/4m30.0s
workload_11_stripe       [  67% ] 20/20 VUs  3m01.6s/4m30.0s
workload_12_twilio       [  67% ] 20/20 VUs  3m01.6s/4m30.0s

running (3m02.6s), 240/240 VUs, 52025 complete and 0 interrupted iterations
workload_01_binance      [  68% ] 20/20 VUs  3m02.6s/4m30.0s
workload_02_datadog      [  68% ] 20/20 VUs  3m02.6s/4m30.0s
workload_03_ibm          [  68% ] 20/20 VUs  3m02.6s/4m30.0s
workload_04_intel        [  68% ] 20/20 VUs  3m02.6s/4m30.0s
workload_05_mongo        [  68% ] 20/20 VUs  3m02.6s/4m30.0s
workload_06_oracle       [  68% ] 20/20 VUs  3m02.6s/4m30.0s
workload_07_qualcomm     [  68% ] 20/20 VUs  3m02.6s/4m30.0s
workload_08_salesforce   [  68% ] 20/20 VUs  3m02.6s/4m30.0s
workload_09_sap          [  68% ] 20/20 VUs  3m02.6s/4m30.0s
workload_10_shopify      [  68% ] 20/20 VUs  3m02.6s/4m30.0s
workload_11_stripe       [  68% ] 20/20 VUs  3m02.6s/4m30.0s
workload_12_twilio       [  68% ] 20/20 VUs  3m02.6s/4m30.0s

running (3m03.6s), 240/240 VUs, 52335 complete and 0 interrupted iterations
workload_01_binance      [  68% ] 20/20 VUs  3m03.6s/4m30.0s
workload_02_datadog      [  68% ] 20/20 VUs  3m03.6s/4m30.0s
workload_03_ibm          [  68% ] 20/20 VUs  3m03.6s/4m30.0s
workload_04_intel        [  68% ] 20/20 VUs  3m03.6s/4m30.0s
workload_05_mongo        [  68% ] 20/20 VUs  3m03.6s/4m30.0s
workload_06_oracle       [  68% ] 20/20 VUs  3m03.6s/4m30.0s
workload_07_qualcomm     [  68% ] 20/20 VUs  3m03.6s/4m30.0s
workload_08_salesforce   [  68% ] 20/20 VUs  3m03.6s/4m30.0s
workload_09_sap          [  68% ] 20/20 VUs  3m03.6s/4m30.0s
workload_10_shopify      [  68% ] 20/20 VUs  3m03.6s/4m30.0s
workload_11_stripe       [  68% ] 20/20 VUs  3m03.6s/4m30.0s
workload_12_twilio       [  68% ] 20/20 VUs  3m03.6s/4m30.0s

running (3m04.6s), 240/240 VUs, 52626 complete and 0 interrupted iterations
workload_01_binance      [  68% ] 20/20 VUs  3m04.6s/4m30.0s
workload_02_datadog      [  68% ] 20/20 VUs  3m04.6s/4m30.0s
workload_03_ibm          [  68% ] 20/20 VUs  3m04.6s/4m30.0s
workload_04_intel        [  68% ] 20/20 VUs  3m04.6s/4m30.0s
workload_05_mongo        [  68% ] 20/20 VUs  3m04.6s/4m30.0s
workload_06_oracle       [  68% ] 20/20 VUs  3m04.6s/4m30.0s
workload_07_qualcomm     [  68% ] 20/20 VUs  3m04.6s/4m30.0s
workload_08_salesforce   [  68% ] 20/20 VUs  3m04.6s/4m30.0s
workload_09_sap          [  68% ] 20/20 VUs  3m04.6s/4m30.0s
workload_10_shopify      [  68% ] 20/20 VUs  3m04.6s/4m30.0s
workload_11_stripe       [  68% ] 20/20 VUs  3m04.6s/4m30.0s
workload_12_twilio       [  68% ] 20/20 VUs  3m04.6s/4m30.0s

running (3m05.6s), 240/240 VUs, 52913 complete and 0 interrupted iterations
workload_01_binance      [  69% ] 20/20 VUs  3m05.6s/4m30.0s
workload_02_datadog      [  69% ] 20/20 VUs  3m05.6s/4m30.0s
workload_03_ibm          [  69% ] 20/20 VUs  3m05.6s/4m30.0s
workload_04_intel        [  69% ] 20/20 VUs  3m05.6s/4m30.0s
workload_05_mongo        [  69% ] 20/20 VUs  3m05.6s/4m30.0s
workload_06_oracle       [  69% ] 20/20 VUs  3m05.6s/4m30.0s
workload_07_qualcomm     [  69% ] 20/20 VUs  3m05.6s/4m30.0s
workload_08_salesforce   [  69% ] 20/20 VUs  3m05.6s/4m30.0s
workload_09_sap          [  69% ] 20/20 VUs  3m05.6s/4m30.0s
workload_10_shopify      [  69% ] 20/20 VUs  3m05.6s/4m30.0s
workload_11_stripe       [  69% ] 20/20 VUs  3m05.6s/4m30.0s
workload_12_twilio       [  69% ] 20/20 VUs  3m05.6s/4m30.0s

running (3m06.6s), 240/240 VUs, 53220 complete and 0 interrupted iterations
workload_01_binance      [  69% ] 20/20 VUs  3m06.6s/4m30.0s
workload_02_datadog      [  69% ] 20/20 VUs  3m06.6s/4m30.0s
workload_03_ibm          [  69% ] 20/20 VUs  3m06.6s/4m30.0s
workload_04_intel        [  69% ] 20/20 VUs  3m06.6s/4m30.0s
workload_05_mongo        [  69% ] 20/20 VUs  3m06.6s/4m30.0s
workload_06_oracle       [  69% ] 20/20 VUs  3m06.6s/4m30.0s
workload_07_qualcomm     [  69% ] 20/20 VUs  3m06.6s/4m30.0s
workload_08_salesforce   [  69% ] 20/20 VUs  3m06.6s/4m30.0s
workload_09_sap          [  69% ] 20/20 VUs  3m06.6s/4m30.0s
workload_10_shopify      [  69% ] 20/20 VUs  3m06.6s/4m30.0s
workload_11_stripe       [  69% ] 20/20 VUs  3m06.6s/4m30.0s
workload_12_twilio       [  69% ] 20/20 VUs  3m06.6s/4m30.0s

running (3m07.6s), 240/240 VUs, 53561 complete and 0 interrupted iterations
workload_01_binance      [  69% ] 20/20 VUs  3m07.6s/4m30.0s
workload_02_datadog      [  69% ] 20/20 VUs  3m07.6s/4m30.0s
workload_03_ibm          [  69% ] 20/20 VUs  3m07.6s/4m30.0s
workload_04_intel        [  69% ] 20/20 VUs  3m07.6s/4m30.0s
workload_05_mongo        [  69% ] 20/20 VUs  3m07.6s/4m30.0s
workload_06_oracle       [  69% ] 20/20 VUs  3m07.6s/4m30.0s
workload_07_qualcomm     [  69% ] 20/20 VUs  3m07.6s/4m30.0s
workload_08_salesforce   [  69% ] 20/20 VUs  3m07.6s/4m30.0s
workload_09_sap          [  69% ] 20/20 VUs  3m07.6s/4m30.0s
workload_10_shopify      [  69% ] 20/20 VUs  3m07.6s/4m30.0s
workload_11_stripe       [  69% ] 20/20 VUs  3m07.6s/4m30.0s
workload_12_twilio       [  69% ] 20/20 VUs  3m07.6s/4m30.0s

running (3m08.6s), 240/240 VUs, 53887 complete and 0 interrupted iterations
workload_01_binance      [  70% ] 20/20 VUs  3m08.6s/4m30.0s
workload_02_datadog      [  70% ] 20/20 VUs  3m08.6s/4m30.0s
workload_03_ibm          [  70% ] 20/20 VUs  3m08.6s/4m30.0s
workload_04_intel        [  70% ] 20/20 VUs  3m08.6s/4m30.0s
workload_05_mongo        [  70% ] 20/20 VUs  3m08.6s/4m30.0s
workload_06_oracle       [  70% ] 20/20 VUs  3m08.6s/4m30.0s
workload_07_qualcomm     [  70% ] 20/20 VUs  3m08.6s/4m30.0s
workload_08_salesforce   [  70% ] 20/20 VUs  3m08.6s/4m30.0s
workload_09_sap          [  70% ] 20/20 VUs  3m08.6s/4m30.0s
workload_10_shopify      [  70% ] 20/20 VUs  3m08.6s/4m30.0s
workload_11_stripe       [  70% ] 20/20 VUs  3m08.6s/4m30.0s
workload_12_twilio       [  70% ] 20/20 VUs  3m08.6s/4m30.0s

running (3m09.6s), 240/240 VUs, 54227 complete and 0 interrupted iterations
workload_01_binance      [  70% ] 20/20 VUs  3m09.6s/4m30.0s
workload_02_datadog      [  70% ] 20/20 VUs  3m09.6s/4m30.0s
workload_03_ibm          [  70% ] 20/20 VUs  3m09.6s/4m30.0s
workload_04_intel        [  70% ] 20/20 VUs  3m09.6s/4m30.0s
workload_05_mongo        [  70% ] 20/20 VUs  3m09.6s/4m30.0s
workload_06_oracle       [  70% ] 20/20 VUs  3m09.6s/4m30.0s
workload_07_qualcomm     [  70% ] 20/20 VUs  3m09.6s/4m30.0s
workload_08_salesforce   [  70% ] 20/20 VUs  3m09.6s/4m30.0s
workload_09_sap          [  70% ] 20/20 VUs  3m09.6s/4m30.0s
workload_10_shopify      [  70% ] 20/20 VUs  3m09.6s/4m30.0s
workload_11_stripe       [  70% ] 20/20 VUs  3m09.6s/4m30.0s
workload_12_twilio       [  70% ] 20/20 VUs  3m09.6s/4m30.0s

running (3m10.6s), 240/240 VUs, 54544 complete and 0 interrupted iterations
workload_01_binance      [  71% ] 20/20 VUs  3m10.6s/4m30.0s
workload_02_datadog      [  71% ] 20/20 VUs  3m10.6s/4m30.0s
workload_03_ibm          [  71% ] 20/20 VUs  3m10.6s/4m30.0s
workload_04_intel        [  71% ] 20/20 VUs  3m10.6s/4m30.0s
workload_05_mongo        [  71% ] 20/20 VUs  3m10.6s/4m30.0s
workload_06_oracle       [  71% ] 20/20 VUs  3m10.6s/4m30.0s
workload_07_qualcomm     [  71% ] 20/20 VUs  3m10.6s/4m30.0s
workload_08_salesforce   [  71% ] 20/20 VUs  3m10.6s/4m30.0s
workload_09_sap          [  71% ] 20/20 VUs  3m10.6s/4m30.0s
workload_10_shopify      [  71% ] 20/20 VUs  3m10.6s/4m30.0s
workload_11_stripe       [  71% ] 20/20 VUs  3m10.6s/4m30.0s
workload_12_twilio       [  71% ] 20/20 VUs  3m10.6s/4m30.0s

running (3m11.6s), 240/240 VUs, 54865 complete and 0 interrupted iterations
workload_01_binance      [  71% ] 20/20 VUs  3m11.6s/4m30.0s
workload_02_datadog      [  71% ] 20/20 VUs  3m11.6s/4m30.0s
workload_03_ibm          [  71% ] 20/20 VUs  3m11.6s/4m30.0s
workload_04_intel        [  71% ] 20/20 VUs  3m11.6s/4m30.0s
workload_05_mongo        [  71% ] 20/20 VUs  3m11.6s/4m30.0s
workload_06_oracle       [  71% ] 20/20 VUs  3m11.6s/4m30.0s
workload_07_qualcomm     [  71% ] 20/20 VUs  3m11.6s/4m30.0s
workload_08_salesforce   [  71% ] 20/20 VUs  3m11.6s/4m30.0s
workload_09_sap          [  71% ] 20/20 VUs  3m11.6s/4m30.0s
workload_10_shopify      [  71% ] 20/20 VUs  3m11.6s/4m30.0s
workload_11_stripe       [  71% ] 20/20 VUs  3m11.6s/4m30.0s
workload_12_twilio       [  71% ] 20/20 VUs  3m11.6s/4m30.0s

running (3m12.6s), 240/240 VUs, 55181 complete and 0 interrupted iterations
workload_01_binance      [  71% ] 20/20 VUs  3m12.6s/4m30.0s
workload_02_datadog      [  71% ] 20/20 VUs  3m12.6s/4m30.0s
workload_03_ibm          [  71% ] 20/20 VUs  3m12.6s/4m30.0s
workload_04_intel        [  71% ] 20/20 VUs  3m12.6s/4m30.0s
workload_05_mongo        [  71% ] 20/20 VUs  3m12.6s/4m30.0s
workload_06_oracle       [  71% ] 20/20 VUs  3m12.6s/4m30.0s
workload_07_qualcomm     [  71% ] 20/20 VUs  3m12.6s/4m30.0s
workload_08_salesforce   [  71% ] 20/20 VUs  3m12.6s/4m30.0s
workload_09_sap          [  71% ] 20/20 VUs  3m12.6s/4m30.0s
workload_10_shopify      [  71% ] 20/20 VUs  3m12.6s/4m30.0s
workload_11_stripe       [  71% ] 20/20 VUs  3m12.6s/4m30.0s
workload_12_twilio       [  71% ] 20/20 VUs  3m12.6s/4m30.0s

running (3m13.6s), 240/240 VUs, 55540 complete and 0 interrupted iterations
workload_01_binance      [  72% ] 20/20 VUs  3m13.6s/4m30.0s
workload_02_datadog      [  72% ] 20/20 VUs  3m13.6s/4m30.0s
workload_03_ibm          [  72% ] 20/20 VUs  3m13.6s/4m30.0s
workload_04_intel        [  72% ] 20/20 VUs  3m13.6s/4m30.0s
workload_05_mongo        [  72% ] 20/20 VUs  3m13.6s/4m30.0s
workload_06_oracle       [  72% ] 20/20 VUs  3m13.6s/4m30.0s
workload_07_qualcomm     [  72% ] 20/20 VUs  3m13.6s/4m30.0s
workload_08_salesforce   [  72% ] 20/20 VUs  3m13.6s/4m30.0s
workload_09_sap          [  72% ] 20/20 VUs  3m13.6s/4m30.0s
workload_10_shopify      [  72% ] 20/20 VUs  3m13.6s/4m30.0s
workload_11_stripe       [  72% ] 20/20 VUs  3m13.6s/4m30.0s
workload_12_twilio       [  72% ] 20/20 VUs  3m13.6s/4m30.0s

running (3m14.6s), 240/240 VUs, 55876 complete and 0 interrupted iterations
workload_01_binance      [  72% ] 20/20 VUs  3m14.6s/4m30.0s
workload_02_datadog      [  72% ] 20/20 VUs  3m14.6s/4m30.0s
workload_03_ibm          [  72% ] 20/20 VUs  3m14.6s/4m30.0s
workload_04_intel        [  72% ] 20/20 VUs  3m14.6s/4m30.0s
workload_05_mongo        [  72% ] 20/20 VUs  3m14.6s/4m30.0s
workload_06_oracle       [  72% ] 20/20 VUs  3m14.6s/4m30.0s
workload_07_qualcomm     [  72% ] 20/20 VUs  3m14.6s/4m30.0s
workload_08_salesforce   [  72% ] 20/20 VUs  3m14.6s/4m30.0s
workload_09_sap          [  72% ] 20/20 VUs  3m14.6s/4m30.0s
workload_10_shopify      [  72% ] 20/20 VUs  3m14.6s/4m30.0s
workload_11_stripe       [  72% ] 20/20 VUs  3m14.6s/4m30.0s
workload_12_twilio       [  72% ] 20/20 VUs  3m14.6s/4m30.0s

running (3m15.6s), 240/240 VUs, 56191 complete and 0 interrupted iterations
workload_01_binance      [  72% ] 20/20 VUs  3m15.6s/4m30.0s
workload_02_datadog      [  72% ] 20/20 VUs  3m15.6s/4m30.0s
workload_03_ibm          [  72% ] 20/20 VUs  3m15.6s/4m30.0s
workload_04_intel        [  72% ] 20/20 VUs  3m15.6s/4m30.0s
workload_05_mongo        [  72% ] 20/20 VUs  3m15.6s/4m30.0s
workload_06_oracle       [  72% ] 20/20 VUs  3m15.6s/4m30.0s
workload_07_qualcomm     [  72% ] 20/20 VUs  3m15.6s/4m30.0s
workload_08_salesforce   [  72% ] 20/20 VUs  3m15.6s/4m30.0s
workload_09_sap          [  72% ] 20/20 VUs  3m15.6s/4m30.0s
workload_10_shopify      [  72% ] 20/20 VUs  3m15.6s/4m30.0s
workload_11_stripe       [  72% ] 20/20 VUs  3m15.6s/4m30.0s
workload_12_twilio       [  72% ] 20/20 VUs  3m15.6s/4m30.0s

running (3m16.6s), 240/240 VUs, 56504 complete and 0 interrupted iterations
workload_01_binance      [  73% ] 20/20 VUs  3m16.6s/4m30.0s
workload_02_datadog      [  73% ] 20/20 VUs  3m16.6s/4m30.0s
workload_03_ibm          [  73% ] 20/20 VUs  3m16.6s/4m30.0s
workload_04_intel        [  73% ] 20/20 VUs  3m16.6s/4m30.0s
workload_05_mongo        [  73% ] 20/20 VUs  3m16.6s/4m30.0s
workload_06_oracle       [  73% ] 20/20 VUs  3m16.6s/4m30.0s
workload_07_qualcomm     [  73% ] 20/20 VUs  3m16.6s/4m30.0s
workload_08_salesforce   [  73% ] 20/20 VUs  3m16.6s/4m30.0s
workload_09_sap          [  73% ] 20/20 VUs  3m16.6s/4m30.0s
workload_10_shopify      [  73% ] 20/20 VUs  3m16.6s/4m30.0s
workload_11_stripe       [  73% ] 20/20 VUs  3m16.6s/4m30.0s
workload_12_twilio       [  73% ] 20/20 VUs  3m16.6s/4m30.0s

running (3m17.6s), 240/240 VUs, 56815 complete and 0 interrupted iterations
workload_01_binance      [  73% ] 20/20 VUs  3m17.6s/4m30.0s
workload_02_datadog      [  73% ] 20/20 VUs  3m17.6s/4m30.0s
workload_03_ibm          [  73% ] 20/20 VUs  3m17.6s/4m30.0s
workload_04_intel        [  73% ] 20/20 VUs  3m17.6s/4m30.0s
workload_05_mongo        [  73% ] 20/20 VUs  3m17.6s/4m30.0s
workload_06_oracle       [  73% ] 20/20 VUs  3m17.6s/4m30.0s
workload_07_qualcomm     [  73% ] 20/20 VUs  3m17.6s/4m30.0s
workload_08_salesforce   [  73% ] 20/20 VUs  3m17.6s/4m30.0s
workload_09_sap          [  73% ] 20/20 VUs  3m17.6s/4m30.0s
workload_10_shopify      [  73% ] 20/20 VUs  3m17.6s/4m30.0s
workload_11_stripe       [  73% ] 20/20 VUs  3m17.6s/4m30.0s
workload_12_twilio       [  73% ] 20/20 VUs  3m17.6s/4m30.0s

running (3m18.6s), 240/240 VUs, 57135 complete and 0 interrupted iterations
workload_01_binance      [  74% ] 20/20 VUs  3m18.6s/4m30.0s
workload_02_datadog      [  74% ] 20/20 VUs  3m18.6s/4m30.0s
workload_03_ibm          [  74% ] 20/20 VUs  3m18.6s/4m30.0s
workload_04_intel        [  74% ] 20/20 VUs  3m18.6s/4m30.0s
workload_05_mongo        [  74% ] 20/20 VUs  3m18.6s/4m30.0s
workload_06_oracle       [  74% ] 20/20 VUs  3m18.6s/4m30.0s
workload_07_qualcomm     [  74% ] 20/20 VUs  3m18.6s/4m30.0s
workload_08_salesforce   [  74% ] 20/20 VUs  3m18.6s/4m30.0s
workload_09_sap          [  74% ] 20/20 VUs  3m18.6s/4m30.0s
workload_10_shopify      [  74% ] 20/20 VUs  3m18.6s/4m30.0s
workload_11_stripe       [  74% ] 20/20 VUs  3m18.6s/4m30.0s
workload_12_twilio       [  74% ] 20/20 VUs  3m18.6s/4m30.0s

running (3m19.6s), 240/240 VUs, 57477 complete and 0 interrupted iterations
workload_01_binance      [  74% ] 20/20 VUs  3m19.6s/4m30.0s
workload_02_datadog      [  74% ] 20/20 VUs  3m19.6s/4m30.0s
workload_03_ibm          [  74% ] 20/20 VUs  3m19.6s/4m30.0s
workload_04_intel        [  74% ] 20/20 VUs  3m19.6s/4m30.0s
workload_05_mongo        [  74% ] 20/20 VUs  3m19.6s/4m30.0s
workload_06_oracle       [  74% ] 20/20 VUs  3m19.6s/4m30.0s
workload_07_qualcomm     [  74% ] 20/20 VUs  3m19.6s/4m30.0s
workload_08_salesforce   [  74% ] 20/20 VUs  3m19.6s/4m30.0s
workload_09_sap          [  74% ] 20/20 VUs  3m19.6s/4m30.0s
workload_10_shopify      [  74% ] 20/20 VUs  3m19.6s/4m30.0s
workload_11_stripe       [  74% ] 20/20 VUs  3m19.6s/4m30.0s
workload_12_twilio       [  74% ] 20/20 VUs  3m19.6s/4m30.0s

running (3m20.6s), 240/240 VUs, 57802 complete and 0 interrupted iterations
workload_01_binance      [  74% ] 20/20 VUs  3m20.6s/4m30.0s
workload_02_datadog      [  74% ] 20/20 VUs  3m20.6s/4m30.0s
workload_03_ibm          [  74% ] 20/20 VUs  3m20.6s/4m30.0s
workload_04_intel        [  74% ] 20/20 VUs  3m20.6s/4m30.0s
workload_05_mongo        [  74% ] 20/20 VUs  3m20.6s/4m30.0s
workload_06_oracle       [  74% ] 20/20 VUs  3m20.6s/4m30.0s
workload_07_qualcomm     [  74% ] 20/20 VUs  3m20.6s/4m30.0s
workload_08_salesforce   [  74% ] 20/20 VUs  3m20.6s/4m30.0s
workload_09_sap          [  74% ] 20/20 VUs  3m20.6s/4m30.0s
workload_10_shopify      [  74% ] 20/20 VUs  3m20.6s/4m30.0s
workload_11_stripe       [  74% ] 20/20 VUs  3m20.6s/4m30.0s
workload_12_twilio       [  74% ] 20/20 VUs  3m20.6s/4m30.0s

running (3m21.6s), 240/240 VUs, 58123 complete and 0 interrupted iterations
workload_01_binance      [  75% ] 20/20 VUs  3m21.6s/4m30.0s
workload_02_datadog      [  75% ] 20/20 VUs  3m21.6s/4m30.0s
workload_03_ibm          [  75% ] 20/20 VUs  3m21.6s/4m30.0s
workload_04_intel        [  75% ] 20/20 VUs  3m21.6s/4m30.0s
workload_05_mongo        [  75% ] 20/20 VUs  3m21.6s/4m30.0s
workload_06_oracle       [  75% ] 20/20 VUs  3m21.6s/4m30.0s
workload_07_qualcomm     [  75% ] 20/20 VUs  3m21.6s/4m30.0s
workload_08_salesforce   [  75% ] 20/20 VUs  3m21.6s/4m30.0s
workload_09_sap          [  75% ] 20/20 VUs  3m21.6s/4m30.0s
workload_10_shopify      [  75% ] 20/20 VUs  3m21.6s/4m30.0s
workload_11_stripe       [  75% ] 20/20 VUs  3m21.6s/4m30.0s
workload_12_twilio       [  75% ] 20/20 VUs  3m21.6s/4m30.0s

running (3m22.6s), 240/240 VUs, 58438 complete and 0 interrupted iterations
workload_01_binance      [  75% ] 20/20 VUs  3m22.6s/4m30.0s
workload_02_datadog      [  75% ] 20/20 VUs  3m22.6s/4m30.0s
workload_03_ibm          [  75% ] 20/20 VUs  3m22.6s/4m30.0s
workload_04_intel        [  75% ] 20/20 VUs  3m22.6s/4m30.0s
workload_05_mongo        [  75% ] 20/20 VUs  3m22.6s/4m30.0s
workload_06_oracle       [  75% ] 20/20 VUs  3m22.6s/4m30.0s
workload_07_qualcomm     [  75% ] 20/20 VUs  3m22.6s/4m30.0s
workload_08_salesforce   [  75% ] 20/20 VUs  3m22.6s/4m30.0s
workload_09_sap          [  75% ] 20/20 VUs  3m22.6s/4m30.0s
workload_10_shopify      [  75% ] 20/20 VUs  3m22.6s/4m30.0s
workload_11_stripe       [  75% ] 20/20 VUs  3m22.6s/4m30.0s
workload_12_twilio       [  75% ] 20/20 VUs  3m22.6s/4m30.0s

running (3m23.6s), 240/240 VUs, 58757 complete and 0 interrupted iterations
workload_01_binance      [  75% ] 20/20 VUs  3m23.6s/4m30.0s
workload_02_datadog      [  75% ] 20/20 VUs  3m23.6s/4m30.0s
workload_03_ibm          [  75% ] 20/20 VUs  3m23.6s/4m30.0s
workload_04_intel        [  75% ] 20/20 VUs  3m23.6s/4m30.0s
workload_05_mongo        [  75% ] 20/20 VUs  3m23.6s/4m30.0s
workload_06_oracle       [  75% ] 20/20 VUs  3m23.6s/4m30.0s
workload_07_qualcomm     [  75% ] 20/20 VUs  3m23.6s/4m30.0s
workload_08_salesforce   [  75% ] 20/20 VUs  3m23.6s/4m30.0s
workload_09_sap          [  75% ] 20/20 VUs  3m23.6s/4m30.0s
workload_10_shopify      [  75% ] 20/20 VUs  3m23.6s/4m30.0s
workload_11_stripe       [  75% ] 20/20 VUs  3m23.6s/4m30.0s
workload_12_twilio       [  75% ] 20/20 VUs  3m23.6s/4m30.0s

running (3m24.6s), 240/240 VUs, 59061 complete and 0 interrupted iterations
workload_01_binance      [  76% ] 20/20 VUs  3m24.6s/4m30.0s
workload_02_datadog      [  76% ] 20/20 VUs  3m24.6s/4m30.0s
workload_03_ibm          [  76% ] 20/20 VUs  3m24.6s/4m30.0s
workload_04_intel        [  76% ] 20/20 VUs  3m24.6s/4m30.0s
workload_05_mongo        [  76% ] 20/20 VUs  3m24.6s/4m30.0s
workload_06_oracle       [  76% ] 20/20 VUs  3m24.6s/4m30.0s
workload_07_qualcomm     [  76% ] 20/20 VUs  3m24.6s/4m30.0s
workload_08_salesforce   [  76% ] 20/20 VUs  3m24.6s/4m30.0s
workload_09_sap          [  76% ] 20/20 VUs  3m24.6s/4m30.0s
workload_10_shopify      [  76% ] 20/20 VUs  3m24.6s/4m30.0s
workload_11_stripe       [  76% ] 20/20 VUs  3m24.6s/4m30.0s
workload_12_twilio       [  76% ] 20/20 VUs  3m24.6s/4m30.0s

running (3m25.6s), 240/240 VUs, 59396 complete and 0 interrupted iterations
workload_01_binance      [  76% ] 20/20 VUs  3m25.6s/4m30.0s
workload_02_datadog      [  76% ] 20/20 VUs  3m25.6s/4m30.0s
workload_03_ibm          [  76% ] 20/20 VUs  3m25.6s/4m30.0s
workload_04_intel        [  76% ] 20/20 VUs  3m25.6s/4m30.0s
workload_05_mongo        [  76% ] 20/20 VUs  3m25.6s/4m30.0s
workload_06_oracle       [  76% ] 20/20 VUs  3m25.6s/4m30.0s
workload_07_qualcomm     [  76% ] 20/20 VUs  3m25.6s/4m30.0s
workload_08_salesforce   [  76% ] 20/20 VUs  3m25.6s/4m30.0s
workload_09_sap          [  76% ] 20/20 VUs  3m25.6s/4m30.0s
workload_10_shopify      [  76% ] 20/20 VUs  3m25.6s/4m30.0s
workload_11_stripe       [  76% ] 20/20 VUs  3m25.6s/4m30.0s
workload_12_twilio       [  76% ] 20/20 VUs  3m25.6s/4m30.0s

running (3m26.6s), 240/240 VUs, 59707 complete and 0 interrupted iterations
workload_01_binance      [  77% ] 20/20 VUs  3m26.6s/4m30.0s
workload_02_datadog      [  77% ] 20/20 VUs  3m26.6s/4m30.0s
workload_03_ibm          [  77% ] 20/20 VUs  3m26.6s/4m30.0s
workload_04_intel        [  77% ] 20/20 VUs  3m26.6s/4m30.0s
workload_05_mongo        [  77% ] 20/20 VUs  3m26.6s/4m30.0s
workload_06_oracle       [  77% ] 20/20 VUs  3m26.6s/4m30.0s
workload_07_qualcomm     [  77% ] 20/20 VUs  3m26.6s/4m30.0s
workload_08_salesforce   [  77% ] 20/20 VUs  3m26.6s/4m30.0s
workload_09_sap          [  77% ] 20/20 VUs  3m26.6s/4m30.0s
workload_10_shopify      [  77% ] 20/20 VUs  3m26.6s/4m30.0s
workload_11_stripe       [  77% ] 20/20 VUs  3m26.6s/4m30.0s
workload_12_twilio       [  77% ] 20/20 VUs  3m26.6s/4m30.0s

running (3m27.6s), 240/240 VUs, 59912 complete and 0 interrupted iterations
workload_01_binance      [  77% ] 20/20 VUs  3m27.6s/4m30.0s
workload_02_datadog      [  77% ] 20/20 VUs  3m27.6s/4m30.0s
workload_03_ibm          [  77% ] 20/20 VUs  3m27.6s/4m30.0s
workload_04_intel        [  77% ] 20/20 VUs  3m27.6s/4m30.0s
workload_05_mongo        [  77% ] 20/20 VUs  3m27.6s/4m30.0s
workload_06_oracle       [  77% ] 20/20 VUs  3m27.6s/4m30.0s
workload_07_qualcomm     [  77% ] 20/20 VUs  3m27.6s/4m30.0s
workload_08_salesforce   [  77% ] 20/20 VUs  3m27.6s/4m30.0s
workload_09_sap          [  77% ] 20/20 VUs  3m27.6s/4m30.0s
workload_10_shopify      [  77% ] 20/20 VUs  3m27.6s/4m30.0s
workload_11_stripe       [  77% ] 20/20 VUs  3m27.6s/4m30.0s
workload_12_twilio       [  77% ] 20/20 VUs  3m27.6s/4m30.0s

running (3m28.6s), 240/240 VUs, 60120 complete and 0 interrupted iterations
workload_01_binance      [  77% ] 20/20 VUs  3m28.6s/4m30.0s
workload_02_datadog      [  77% ] 20/20 VUs  3m28.6s/4m30.0s
workload_03_ibm          [  77% ] 20/20 VUs  3m28.6s/4m30.0s
workload_04_intel        [  77% ] 20/20 VUs  3m28.6s/4m30.0s
workload_05_mongo        [  77% ] 20/20 VUs  3m28.6s/4m30.0s
workload_06_oracle       [  77% ] 20/20 VUs  3m28.6s/4m30.0s
workload_07_qualcomm     [  77% ] 20/20 VUs  3m28.6s/4m30.0s
workload_08_salesforce   [  77% ] 20/20 VUs  3m28.6s/4m30.0s
workload_09_sap          [  77% ] 20/20 VUs  3m28.6s/4m30.0s
workload_10_shopify      [  77% ] 20/20 VUs  3m28.6s/4m30.0s
workload_11_stripe       [  77% ] 20/20 VUs  3m28.6s/4m30.0s
workload_12_twilio       [  77% ] 20/20 VUs  3m28.6s/4m30.0s

running (3m29.6s), 240/240 VUs, 60453 complete and 0 interrupted iterations
workload_01_binance      [  78% ] 20/20 VUs  3m29.6s/4m30.0s
workload_02_datadog      [  78% ] 20/20 VUs  3m29.6s/4m30.0s
workload_03_ibm          [  78% ] 20/20 VUs  3m29.6s/4m30.0s
workload_04_intel        [  78% ] 20/20 VUs  3m29.6s/4m30.0s
workload_05_mongo        [  78% ] 20/20 VUs  3m29.6s/4m30.0s
workload_06_oracle       [  78% ] 20/20 VUs  3m29.6s/4m30.0s
workload_07_qualcomm     [  78% ] 20/20 VUs  3m29.6s/4m30.0s
workload_08_salesforce   [  78% ] 20/20 VUs  3m29.6s/4m30.0s
workload_09_sap          [  78% ] 20/20 VUs  3m29.6s/4m30.0s
workload_10_shopify      [  78% ] 20/20 VUs  3m29.6s/4m30.0s
workload_11_stripe       [  78% ] 20/20 VUs  3m29.6s/4m30.0s
workload_12_twilio       [  78% ] 20/20 VUs  3m29.6s/4m30.0s

running (3m30.6s), 240/240 VUs, 60785 complete and 0 interrupted iterations
workload_01_binance      [  78% ] 20/20 VUs  3m30.6s/4m30.0s
workload_02_datadog      [  78% ] 20/20 VUs  3m30.6s/4m30.0s
workload_03_ibm          [  78% ] 20/20 VUs  3m30.6s/4m30.0s
workload_04_intel        [  78% ] 20/20 VUs  3m30.6s/4m30.0s
workload_05_mongo        [  78% ] 20/20 VUs  3m30.6s/4m30.0s
workload_06_oracle       [  78% ] 20/20 VUs  3m30.6s/4m30.0s
workload_07_qualcomm     [  78% ] 20/20 VUs  3m30.6s/4m30.0s
workload_08_salesforce   [  78% ] 20/20 VUs  3m30.6s/4m30.0s
workload_09_sap          [  78% ] 20/20 VUs  3m30.6s/4m30.0s
workload_10_shopify      [  78% ] 20/20 VUs  3m30.6s/4m30.0s
workload_11_stripe       [  78% ] 20/20 VUs  3m30.6s/4m30.0s
workload_12_twilio       [  78% ] 20/20 VUs  3m30.6s/4m30.0s

running (3m31.6s), 240/240 VUs, 61089 complete and 0 interrupted iterations
workload_01_binance      [  78% ] 20/20 VUs  3m31.6s/4m30.0s
workload_02_datadog      [  78% ] 20/20 VUs  3m31.6s/4m30.0s
workload_03_ibm          [  78% ] 20/20 VUs  3m31.6s/4m30.0s
workload_04_intel        [  78% ] 20/20 VUs  3m31.6s/4m30.0s
workload_05_mongo        [  78% ] 20/20 VUs  3m31.6s/4m30.0s
workload_06_oracle       [  78% ] 20/20 VUs  3m31.6s/4m30.0s
workload_07_qualcomm     [  78% ] 20/20 VUs  3m31.6s/4m30.0s
workload_08_salesforce   [  78% ] 20/20 VUs  3m31.6s/4m30.0s
workload_09_sap          [  78% ] 20/20 VUs  3m31.6s/4m30.0s
workload_10_shopify      [  78% ] 20/20 VUs  3m31.6s/4m30.0s
workload_11_stripe       [  78% ] 20/20 VUs  3m31.6s/4m30.0s
workload_12_twilio       [  78% ] 20/20 VUs  3m31.6s/4m30.0s

running (3m32.6s), 240/240 VUs, 61421 complete and 0 interrupted iterations
workload_01_binance      [  79% ] 20/20 VUs  3m32.6s/4m30.0s
workload_02_datadog      [  79% ] 20/20 VUs  3m32.6s/4m30.0s
workload_03_ibm          [  79% ] 20/20 VUs  3m32.6s/4m30.0s
workload_04_intel        [  79% ] 20/20 VUs  3m32.6s/4m30.0s
workload_05_mongo        [  79% ] 20/20 VUs  3m32.6s/4m30.0s
workload_06_oracle       [  79% ] 20/20 VUs  3m32.6s/4m30.0s
workload_07_qualcomm     [  79% ] 20/20 VUs  3m32.6s/4m30.0s
workload_08_salesforce   [  79% ] 20/20 VUs  3m32.6s/4m30.0s
workload_09_sap          [  79% ] 20/20 VUs  3m32.6s/4m30.0s
workload_10_shopify      [  79% ] 20/20 VUs  3m32.6s/4m30.0s
workload_11_stripe       [  79% ] 20/20 VUs  3m32.6s/4m30.0s
workload_12_twilio       [  79% ] 20/20 VUs  3m32.6s/4m30.0s

running (3m33.6s), 240/240 VUs, 61737 complete and 0 interrupted iterations
workload_01_binance      [  79% ] 20/20 VUs  3m33.6s/4m30.0s
workload_02_datadog      [  79% ] 20/20 VUs  3m33.6s/4m30.0s
workload_03_ibm          [  79% ] 20/20 VUs  3m33.6s/4m30.0s
workload_04_intel        [  79% ] 20/20 VUs  3m33.6s/4m30.0s
workload_05_mongo        [  79% ] 20/20 VUs  3m33.6s/4m30.0s
workload_06_oracle       [  79% ] 20/20 VUs  3m33.6s/4m30.0s
workload_07_qualcomm     [  79% ] 20/20 VUs  3m33.6s/4m30.0s
workload_08_salesforce   [  79% ] 20/20 VUs  3m33.6s/4m30.0s
workload_09_sap          [  79% ] 20/20 VUs  3m33.6s/4m30.0s
workload_10_shopify      [  79% ] 20/20 VUs  3m33.6s/4m30.0s
workload_11_stripe       [  79% ] 20/20 VUs  3m33.6s/4m30.0s
workload_12_twilio       [  79% ] 20/20 VUs  3m33.6s/4m30.0s

running (3m34.6s), 240/240 VUs, 62051 complete and 0 interrupted iterations
workload_01_binance      [  79% ] 20/20 VUs  3m34.6s/4m30.0s
workload_02_datadog      [  79% ] 20/20 VUs  3m34.6s/4m30.0s
workload_03_ibm          [  79% ] 20/20 VUs  3m34.6s/4m30.0s
workload_04_intel        [  79% ] 20/20 VUs  3m34.6s/4m30.0s
workload_05_mongo        [  79% ] 20/20 VUs  3m34.6s/4m30.0s
workload_06_oracle       [  79% ] 20/20 VUs  3m34.6s/4m30.0s
workload_07_qualcomm     [  79% ] 20/20 VUs  3m34.6s/4m30.0s
workload_08_salesforce   [  79% ] 20/20 VUs  3m34.6s/4m30.0s
workload_09_sap          [  79% ] 20/20 VUs  3m34.6s/4m30.0s
workload_10_shopify      [  79% ] 20/20 VUs  3m34.6s/4m30.0s
workload_11_stripe       [  79% ] 20/20 VUs  3m34.6s/4m30.0s
workload_12_twilio       [  79% ] 20/20 VUs  3m34.6s/4m30.0s

running (3m35.6s), 240/240 VUs, 62362 complete and 0 interrupted iterations
workload_01_binance      [  80% ] 20/20 VUs  3m35.6s/4m30.0s
workload_02_datadog      [  80% ] 20/20 VUs  3m35.6s/4m30.0s
workload_03_ibm          [  80% ] 20/20 VUs  3m35.6s/4m30.0s
workload_04_intel        [  80% ] 20/20 VUs  3m35.6s/4m30.0s
workload_05_mongo        [  80% ] 20/20 VUs  3m35.6s/4m30.0s
workload_06_oracle       [  80% ] 20/20 VUs  3m35.6s/4m30.0s
workload_07_qualcomm     [  80% ] 20/20 VUs  3m35.6s/4m30.0s
workload_08_salesforce   [  80% ] 20/20 VUs  3m35.6s/4m30.0s
workload_09_sap          [  80% ] 20/20 VUs  3m35.6s/4m30.0s
workload_10_shopify      [  80% ] 20/20 VUs  3m35.6s/4m30.0s
workload_11_stripe       [  80% ] 20/20 VUs  3m35.6s/4m30.0s
workload_12_twilio       [  80% ] 20/20 VUs  3m35.6s/4m30.0s

running (3m36.6s), 240/240 VUs, 62689 complete and 0 interrupted iterations
workload_01_binance      [  80% ] 20/20 VUs  3m36.6s/4m30.0s
workload_02_datadog      [  80% ] 20/20 VUs  3m36.6s/4m30.0s
workload_03_ibm          [  80% ] 20/20 VUs  3m36.6s/4m30.0s
workload_04_intel        [  80% ] 20/20 VUs  3m36.6s/4m30.0s
workload_05_mongo        [  80% ] 20/20 VUs  3m36.6s/4m30.0s
workload_06_oracle       [  80% ] 20/20 VUs  3m36.6s/4m30.0s
workload_07_qualcomm     [  80% ] 20/20 VUs  3m36.6s/4m30.0s
workload_08_salesforce   [  80% ] 20/20 VUs  3m36.6s/4m30.0s
workload_09_sap          [  80% ] 20/20 VUs  3m36.6s/4m30.0s
workload_10_shopify      [  80% ] 20/20 VUs  3m36.6s/4m30.0s
workload_11_stripe       [  80% ] 20/20 VUs  3m36.6s/4m30.0s
workload_12_twilio       [  80% ] 20/20 VUs  3m36.6s/4m30.0s

running (3m37.6s), 240/240 VUs, 63023 complete and 0 interrupted iterations
workload_01_binance      [  81% ] 20/20 VUs  3m37.6s/4m30.0s
workload_02_datadog      [  81% ] 20/20 VUs  3m37.6s/4m30.0s
workload_03_ibm          [  81% ] 20/20 VUs  3m37.6s/4m30.0s
workload_04_intel        [  81% ] 20/20 VUs  3m37.6s/4m30.0s
workload_05_mongo        [  81% ] 20/20 VUs  3m37.6s/4m30.0s
workload_06_oracle       [  81% ] 20/20 VUs  3m37.6s/4m30.0s
workload_07_qualcomm     [  81% ] 20/20 VUs  3m37.6s/4m30.0s
workload_08_salesforce   [  81% ] 20/20 VUs  3m37.6s/4m30.0s
workload_09_sap          [  81% ] 20/20 VUs  3m37.6s/4m30.0s
workload_10_shopify      [  81% ] 20/20 VUs  3m37.6s/4m30.0s
workload_11_stripe       [  81% ] 20/20 VUs  3m37.6s/4m30.0s
workload_12_twilio       [  81% ] 20/20 VUs  3m37.6s/4m30.0s

running (3m38.6s), 240/240 VUs, 63334 complete and 0 interrupted iterations
workload_01_binance      [  81% ] 20/20 VUs  3m38.6s/4m30.0s
workload_02_datadog      [  81% ] 20/20 VUs  3m38.6s/4m30.0s
workload_03_ibm          [  81% ] 20/20 VUs  3m38.6s/4m30.0s
workload_04_intel        [  81% ] 20/20 VUs  3m38.6s/4m30.0s
workload_05_mongo        [  81% ] 20/20 VUs  3m38.6s/4m30.0s
workload_06_oracle       [  81% ] 20/20 VUs  3m38.6s/4m30.0s
workload_07_qualcomm     [  81% ] 20/20 VUs  3m38.6s/4m30.0s
workload_08_salesforce   [  81% ] 20/20 VUs  3m38.6s/4m30.0s
workload_09_sap          [  81% ] 20/20 VUs  3m38.6s/4m30.0s
workload_10_shopify      [  81% ] 20/20 VUs  3m38.6s/4m30.0s
workload_11_stripe       [  81% ] 20/20 VUs  3m38.6s/4m30.0s
workload_12_twilio       [  81% ] 20/20 VUs  3m38.6s/4m30.0s

running (3m39.6s), 240/240 VUs, 63663 complete and 0 interrupted iterations
workload_01_binance      [  81% ] 20/20 VUs  3m39.6s/4m30.0s
workload_02_datadog      [  81% ] 20/20 VUs  3m39.6s/4m30.0s
workload_03_ibm          [  81% ] 20/20 VUs  3m39.6s/4m30.0s
workload_04_intel        [  81% ] 20/20 VUs  3m39.6s/4m30.0s
workload_05_mongo        [  81% ] 20/20 VUs  3m39.6s/4m30.0s
workload_06_oracle       [  81% ] 20/20 VUs  3m39.6s/4m30.0s
workload_07_qualcomm     [  81% ] 20/20 VUs  3m39.6s/4m30.0s
workload_08_salesforce   [  81% ] 20/20 VUs  3m39.6s/4m30.0s
workload_09_sap          [  81% ] 20/20 VUs  3m39.6s/4m30.0s
workload_10_shopify      [  81% ] 20/20 VUs  3m39.6s/4m30.0s
workload_11_stripe       [  81% ] 20/20 VUs  3m39.6s/4m30.0s
workload_12_twilio       [  81% ] 20/20 VUs  3m39.6s/4m30.0s

running (3m40.6s), 240/240 VUs, 63983 complete and 0 interrupted iterations
workload_01_binance      [  82% ] 20/20 VUs  3m40.6s/4m30.0s
workload_02_datadog      [  82% ] 20/20 VUs  3m40.6s/4m30.0s
workload_03_ibm          [  82% ] 20/20 VUs  3m40.6s/4m30.0s
workload_04_intel        [  82% ] 20/20 VUs  3m40.6s/4m30.0s
workload_05_mongo        [  82% ] 20/20 VUs  3m40.6s/4m30.0s
workload_06_oracle       [  82% ] 20/20 VUs  3m40.6s/4m30.0s
workload_07_qualcomm     [  82% ] 20/20 VUs  3m40.6s/4m30.0s
workload_08_salesforce   [  82% ] 20/20 VUs  3m40.6s/4m30.0s
workload_09_sap          [  82% ] 20/20 VUs  3m40.6s/4m30.0s
workload_10_shopify      [  82% ] 20/20 VUs  3m40.6s/4m30.0s
workload_11_stripe       [  82% ] 20/20 VUs  3m40.6s/4m30.0s
workload_12_twilio       [  82% ] 20/20 VUs  3m40.6s/4m30.0s

running (3m41.6s), 240/240 VUs, 64266 complete and 0 interrupted iterations
workload_01_binance      [  82% ] 20/20 VUs  3m41.6s/4m30.0s
workload_02_datadog      [  82% ] 20/20 VUs  3m41.6s/4m30.0s
workload_03_ibm          [  82% ] 20/20 VUs  3m41.6s/4m30.0s
workload_04_intel        [  82% ] 20/20 VUs  3m41.6s/4m30.0s
workload_05_mongo        [  82% ] 20/20 VUs  3m41.6s/4m30.0s
workload_06_oracle       [  82% ] 20/20 VUs  3m41.6s/4m30.0s
workload_07_qualcomm     [  82% ] 20/20 VUs  3m41.6s/4m30.0s
workload_08_salesforce   [  82% ] 20/20 VUs  3m41.6s/4m30.0s
workload_09_sap          [  82% ] 20/20 VUs  3m41.6s/4m30.0s
workload_10_shopify      [  82% ] 20/20 VUs  3m41.6s/4m30.0s
workload_11_stripe       [  82% ] 20/20 VUs  3m41.6s/4m30.0s
workload_12_twilio       [  82% ] 20/20 VUs  3m41.6s/4m30.0s

running (3m42.6s), 240/240 VUs, 64584 complete and 0 interrupted iterations
workload_01_binance      [  82% ] 20/20 VUs  3m42.6s/4m30.0s
workload_02_datadog      [  82% ] 20/20 VUs  3m42.6s/4m30.0s
workload_03_ibm          [  82% ] 20/20 VUs  3m42.6s/4m30.0s
workload_04_intel        [  82% ] 20/20 VUs  3m42.6s/4m30.0s
workload_05_mongo        [  82% ] 20/20 VUs  3m42.6s/4m30.0s
workload_06_oracle       [  82% ] 20/20 VUs  3m42.6s/4m30.0s
workload_07_qualcomm     [  82% ] 20/20 VUs  3m42.6s/4m30.0s
workload_08_salesforce   [  82% ] 20/20 VUs  3m42.6s/4m30.0s
workload_09_sap          [  82% ] 20/20 VUs  3m42.6s/4m30.0s
workload_10_shopify      [  82% ] 20/20 VUs  3m42.6s/4m30.0s
workload_11_stripe       [  82% ] 20/20 VUs  3m42.6s/4m30.0s
workload_12_twilio       [  82% ] 20/20 VUs  3m42.6s/4m30.0s

running (3m43.6s), 240/240 VUs, 64885 complete and 0 interrupted iterations
workload_01_binance      [  83% ] 20/20 VUs  3m43.6s/4m30.0s
workload_02_datadog      [  83% ] 20/20 VUs  3m43.6s/4m30.0s
workload_03_ibm          [  83% ] 20/20 VUs  3m43.6s/4m30.0s
workload_04_intel        [  83% ] 20/20 VUs  3m43.6s/4m30.0s
workload_05_mongo        [  83% ] 20/20 VUs  3m43.6s/4m30.0s
workload_06_oracle       [  83% ] 20/20 VUs  3m43.6s/4m30.0s
workload_07_qualcomm     [  83% ] 20/20 VUs  3m43.6s/4m30.0s
workload_08_salesforce   [  83% ] 20/20 VUs  3m43.6s/4m30.0s
workload_09_sap          [  83% ] 20/20 VUs  3m43.6s/4m30.0s
workload_10_shopify      [  83% ] 20/20 VUs  3m43.6s/4m30.0s
workload_11_stripe       [  83% ] 20/20 VUs  3m43.6s/4m30.0s
workload_12_twilio       [  83% ] 20/20 VUs  3m43.6s/4m30.0s

running (3m44.6s), 240/240 VUs, 65202 complete and 0 interrupted iterations
workload_01_binance      [  83% ] 20/20 VUs  3m44.6s/4m30.0s
workload_02_datadog      [  83% ] 20/20 VUs  3m44.6s/4m30.0s
workload_03_ibm          [  83% ] 20/20 VUs  3m44.6s/4m30.0s
workload_04_intel        [  83% ] 20/20 VUs  3m44.6s/4m30.0s
workload_05_mongo        [  83% ] 20/20 VUs  3m44.6s/4m30.0s
workload_06_oracle       [  83% ] 20/20 VUs  3m44.6s/4m30.0s
workload_07_qualcomm     [  83% ] 20/20 VUs  3m44.6s/4m30.0s
workload_08_salesforce   [  83% ] 20/20 VUs  3m44.6s/4m30.0s
workload_09_sap          [  83% ] 20/20 VUs  3m44.6s/4m30.0s
workload_10_shopify      [  83% ] 20/20 VUs  3m44.6s/4m30.0s
workload_11_stripe       [  83% ] 20/20 VUs  3m44.6s/4m30.0s
workload_12_twilio       [  83% ] 20/20 VUs  3m44.6s/4m30.0s

running (3m45.6s), 240/240 VUs, 65517 complete and 0 interrupted iterations
workload_01_binance      [  84% ] 20/20 VUs  3m45.6s/4m30.0s
workload_02_datadog      [  84% ] 20/20 VUs  3m45.6s/4m30.0s
workload_03_ibm          [  84% ] 20/20 VUs  3m45.6s/4m30.0s
workload_04_intel        [  84% ] 20/20 VUs  3m45.6s/4m30.0s
workload_05_mongo        [  84% ] 20/20 VUs  3m45.6s/4m30.0s
workload_06_oracle       [  84% ] 20/20 VUs  3m45.6s/4m30.0s
workload_07_qualcomm     [  84% ] 20/20 VUs  3m45.6s/4m30.0s
workload_08_salesforce   [  84% ] 20/20 VUs  3m45.6s/4m30.0s
workload_09_sap          [  84% ] 20/20 VUs  3m45.6s/4m30.0s
workload_10_shopify      [  84% ] 20/20 VUs  3m45.6s/4m30.0s
workload_11_stripe       [  84% ] 20/20 VUs  3m45.6s/4m30.0s
workload_12_twilio       [  84% ] 20/20 VUs  3m45.6s/4m30.0s

running (3m46.6s), 240/240 VUs, 65842 complete and 0 interrupted iterations
workload_01_binance      [  84% ] 20/20 VUs  3m46.6s/4m30.0s
workload_02_datadog      [  84% ] 20/20 VUs  3m46.6s/4m30.0s
workload_03_ibm          [  84% ] 20/20 VUs  3m46.6s/4m30.0s
workload_04_intel        [  84% ] 20/20 VUs  3m46.6s/4m30.0s
workload_05_mongo        [  84% ] 20/20 VUs  3m46.6s/4m30.0s
workload_06_oracle       [  84% ] 20/20 VUs  3m46.6s/4m30.0s
workload_07_qualcomm     [  84% ] 20/20 VUs  3m46.6s/4m30.0s
workload_08_salesforce   [  84% ] 20/20 VUs  3m46.6s/4m30.0s
workload_09_sap          [  84% ] 20/20 VUs  3m46.6s/4m30.0s
workload_10_shopify      [  84% ] 20/20 VUs  3m46.6s/4m30.0s
workload_11_stripe       [  84% ] 20/20 VUs  3m46.6s/4m30.0s
workload_12_twilio       [  84% ] 20/20 VUs  3m46.6s/4m30.0s

running (3m47.6s), 240/240 VUs, 66159 complete and 0 interrupted iterations
workload_01_binance      [  84% ] 20/20 VUs  3m47.6s/4m30.0s
workload_02_datadog      [  84% ] 20/20 VUs  3m47.6s/4m30.0s
workload_03_ibm          [  84% ] 20/20 VUs  3m47.6s/4m30.0s
workload_04_intel        [  84% ] 20/20 VUs  3m47.6s/4m30.0s
workload_05_mongo        [  84% ] 20/20 VUs  3m47.6s/4m30.0s
workload_06_oracle       [  84% ] 20/20 VUs  3m47.6s/4m30.0s
workload_07_qualcomm     [  84% ] 20/20 VUs  3m47.6s/4m30.0s
workload_08_salesforce   [  84% ] 20/20 VUs  3m47.6s/4m30.0s
workload_09_sap          [  84% ] 20/20 VUs  3m47.6s/4m30.0s
workload_10_shopify      [  84% ] 20/20 VUs  3m47.6s/4m30.0s
workload_11_stripe       [  84% ] 20/20 VUs  3m47.6s/4m30.0s
workload_12_twilio       [  84% ] 20/20 VUs  3m47.6s/4m30.0s

running (3m48.6s), 240/240 VUs, 66481 complete and 0 interrupted iterations
workload_01_binance      [  85% ] 20/20 VUs  3m48.6s/4m30.0s
workload_02_datadog      [  85% ] 20/20 VUs  3m48.6s/4m30.0s
workload_03_ibm          [  85% ] 20/20 VUs  3m48.6s/4m30.0s
workload_04_intel        [  85% ] 20/20 VUs  3m48.6s/4m30.0s
workload_05_mongo        [  85% ] 20/20 VUs  3m48.6s/4m30.0s
workload_06_oracle       [  85% ] 20/20 VUs  3m48.6s/4m30.0s
workload_07_qualcomm     [  85% ] 20/20 VUs  3m48.6s/4m30.0s
workload_08_salesforce   [  85% ] 20/20 VUs  3m48.6s/4m30.0s
workload_09_sap          [  85% ] 20/20 VUs  3m48.6s/4m30.0s
workload_10_shopify      [  85% ] 20/20 VUs  3m48.6s/4m30.0s
workload_11_stripe       [  85% ] 20/20 VUs  3m48.6s/4m30.0s
workload_12_twilio       [  85% ] 20/20 VUs  3m48.6s/4m30.0s

running (3m49.6s), 240/240 VUs, 66797 complete and 0 interrupted iterations
workload_01_binance      [  85% ] 20/20 VUs  3m49.6s/4m30.0s
workload_02_datadog      [  85% ] 20/20 VUs  3m49.6s/4m30.0s
workload_03_ibm          [  85% ] 20/20 VUs  3m49.6s/4m30.0s
workload_04_intel        [  85% ] 20/20 VUs  3m49.6s/4m30.0s
workload_05_mongo        [  85% ] 20/20 VUs  3m49.6s/4m30.0s
workload_06_oracle       [  85% ] 20/20 VUs  3m49.6s/4m30.0s
workload_07_qualcomm     [  85% ] 20/20 VUs  3m49.6s/4m30.0s
workload_08_salesforce   [  85% ] 20/20 VUs  3m49.6s/4m30.0s
workload_09_sap          [  85% ] 20/20 VUs  3m49.6s/4m30.0s
workload_10_shopify      [  85% ] 20/20 VUs  3m49.6s/4m30.0s
workload_11_stripe       [  85% ] 20/20 VUs  3m49.6s/4m30.0s
workload_12_twilio       [  85% ] 20/20 VUs  3m49.6s/4m30.0s

running (3m50.6s), 240/240 VUs, 67131 complete and 0 interrupted iterations
workload_01_binance      [  85% ] 20/20 VUs  3m50.6s/4m30.0s
workload_02_datadog      [  85% ] 20/20 VUs  3m50.6s/4m30.0s
workload_03_ibm          [  85% ] 20/20 VUs  3m50.6s/4m30.0s
workload_04_intel        [  85% ] 20/20 VUs  3m50.6s/4m30.0s
workload_05_mongo        [  85% ] 20/20 VUs  3m50.6s/4m30.0s
workload_06_oracle       [  85% ] 20/20 VUs  3m50.6s/4m30.0s
workload_07_qualcomm     [  85% ] 20/20 VUs  3m50.6s/4m30.0s
workload_08_salesforce   [  85% ] 20/20 VUs  3m50.6s/4m30.0s
workload_09_sap          [  85% ] 20/20 VUs  3m50.6s/4m30.0s
workload_10_shopify      [  85% ] 20/20 VUs  3m50.6s/4m30.0s
workload_11_stripe       [  85% ] 20/20 VUs  3m50.6s/4m30.0s
workload_12_twilio       [  85% ] 20/20 VUs  3m50.6s/4m30.0s

running (3m51.6s), 240/240 VUs, 67432 complete and 0 interrupted iterations
workload_01_binance      [  86% ] 20/20 VUs  3m51.6s/4m30.0s
workload_02_datadog      [  86% ] 20/20 VUs  3m51.6s/4m30.0s
workload_03_ibm          [  86% ] 20/20 VUs  3m51.6s/4m30.0s
workload_04_intel        [  86% ] 20/20 VUs  3m51.6s/4m30.0s
workload_05_mongo        [  86% ] 20/20 VUs  3m51.6s/4m30.0s
workload_06_oracle       [  86% ] 20/20 VUs  3m51.6s/4m30.0s
workload_07_qualcomm     [  86% ] 20/20 VUs  3m51.6s/4m30.0s
workload_08_salesforce   [  86% ] 20/20 VUs  3m51.6s/4m30.0s
workload_09_sap          [  86% ] 20/20 VUs  3m51.6s/4m30.0s
workload_10_shopify      [  86% ] 20/20 VUs  3m51.6s/4m30.0s
workload_11_stripe       [  86% ] 20/20 VUs  3m51.6s/4m30.0s
workload_12_twilio       [  86% ] 20/20 VUs  3m51.6s/4m30.0s

running (3m52.6s), 240/240 VUs, 67744 complete and 0 interrupted iterations
workload_01_binance      [  86% ] 20/20 VUs  3m52.6s/4m30.0s
workload_02_datadog      [  86% ] 20/20 VUs  3m52.6s/4m30.0s
workload_03_ibm          [  86% ] 20/20 VUs  3m52.6s/4m30.0s
workload_04_intel        [  86% ] 20/20 VUs  3m52.6s/4m30.0s
workload_05_mongo        [  86% ] 20/20 VUs  3m52.6s/4m30.0s
workload_06_oracle       [  86% ] 20/20 VUs  3m52.6s/4m30.0s
workload_07_qualcomm     [  86% ] 20/20 VUs  3m52.6s/4m30.0s
workload_08_salesforce   [  86% ] 20/20 VUs  3m52.6s/4m30.0s
workload_09_sap          [  86% ] 20/20 VUs  3m52.6s/4m30.0s
workload_10_shopify      [  86% ] 20/20 VUs  3m52.6s/4m30.0s
workload_11_stripe       [  86% ] 20/20 VUs  3m52.6s/4m30.0s
workload_12_twilio       [  86% ] 20/20 VUs  3m52.6s/4m30.0s

running (3m53.6s), 240/240 VUs, 68061 complete and 0 interrupted iterations
workload_01_binance      [  87% ] 20/20 VUs  3m53.6s/4m30.0s
workload_02_datadog      [  87% ] 20/20 VUs  3m53.6s/4m30.0s
workload_03_ibm          [  87% ] 20/20 VUs  3m53.6s/4m30.0s
workload_04_intel        [  87% ] 20/20 VUs  3m53.6s/4m30.0s
workload_05_mongo        [  87% ] 20/20 VUs  3m53.6s/4m30.0s
workload_06_oracle       [  87% ] 20/20 VUs  3m53.6s/4m30.0s
workload_07_qualcomm     [  87% ] 20/20 VUs  3m53.6s/4m30.0s
workload_08_salesforce   [  87% ] 20/20 VUs  3m53.6s/4m30.0s
workload_09_sap          [  87% ] 20/20 VUs  3m53.6s/4m30.0s
workload_10_shopify      [  87% ] 20/20 VUs  3m53.6s/4m30.0s
workload_11_stripe       [  87% ] 20/20 VUs  3m53.6s/4m30.0s
workload_12_twilio       [  87% ] 20/20 VUs  3m53.6s/4m30.0s

running (3m54.6s), 240/240 VUs, 68382 complete and 0 interrupted iterations
workload_01_binance      [  87% ] 20/20 VUs  3m54.6s/4m30.0s
workload_02_datadog      [  87% ] 20/20 VUs  3m54.6s/4m30.0s
workload_03_ibm          [  87% ] 20/20 VUs  3m54.6s/4m30.0s
workload_04_intel        [  87% ] 20/20 VUs  3m54.6s/4m30.0s
workload_05_mongo        [  87% ] 20/20 VUs  3m54.6s/4m30.0s
workload_06_oracle       [  87% ] 20/20 VUs  3m54.6s/4m30.0s
workload_07_qualcomm     [  87% ] 20/20 VUs  3m54.6s/4m30.0s
workload_08_salesforce   [  87% ] 20/20 VUs  3m54.6s/4m30.0s
workload_09_sap          [  87% ] 20/20 VUs  3m54.6s/4m30.0s
workload_10_shopify      [  87% ] 20/20 VUs  3m54.6s/4m30.0s
workload_11_stripe       [  87% ] 20/20 VUs  3m54.6s/4m30.0s
workload_12_twilio       [  87% ] 20/20 VUs  3m54.6s/4m30.0s

running (3m55.6s), 240/240 VUs, 68695 complete and 0 interrupted iterations
workload_01_binance      [  87% ] 20/20 VUs  3m55.6s/4m30.0s
workload_02_datadog      [  87% ] 20/20 VUs  3m55.6s/4m30.0s
workload_03_ibm          [  87% ] 20/20 VUs  3m55.6s/4m30.0s
workload_04_intel        [  87% ] 20/20 VUs  3m55.6s/4m30.0s
workload_05_mongo        [  87% ] 20/20 VUs  3m55.6s/4m30.0s
workload_06_oracle       [  87% ] 20/20 VUs  3m55.6s/4m30.0s
workload_07_qualcomm     [  87% ] 20/20 VUs  3m55.6s/4m30.0s
workload_08_salesforce   [  87% ] 20/20 VUs  3m55.6s/4m30.0s
workload_09_sap          [  87% ] 20/20 VUs  3m55.6s/4m30.0s
workload_10_shopify      [  87% ] 20/20 VUs  3m55.6s/4m30.0s
workload_11_stripe       [  87% ] 20/20 VUs  3m55.6s/4m30.0s
workload_12_twilio       [  87% ] 20/20 VUs  3m55.6s/4m30.0s

running (3m56.6s), 240/240 VUs, 68993 complete and 0 interrupted iterations
workload_01_binance      [  88% ] 20/20 VUs  3m56.6s/4m30.0s
workload_02_datadog      [  88% ] 20/20 VUs  3m56.6s/4m30.0s
workload_03_ibm          [  88% ] 20/20 VUs  3m56.6s/4m30.0s
workload_04_intel        [  88% ] 20/20 VUs  3m56.6s/4m30.0s
workload_05_mongo        [  88% ] 20/20 VUs  3m56.6s/4m30.0s
workload_06_oracle       [  88% ] 20/20 VUs  3m56.6s/4m30.0s
workload_07_qualcomm     [  88% ] 20/20 VUs  3m56.6s/4m30.0s
workload_08_salesforce   [  88% ] 20/20 VUs  3m56.6s/4m30.0s
workload_09_sap          [  88% ] 20/20 VUs  3m56.6s/4m30.0s
workload_10_shopify      [  88% ] 20/20 VUs  3m56.6s/4m30.0s
workload_11_stripe       [  88% ] 20/20 VUs  3m56.6s/4m30.0s
workload_12_twilio       [  88% ] 20/20 VUs  3m56.6s/4m30.0s

running (3m57.6s), 240/240 VUs, 69164 complete and 0 interrupted iterations
workload_01_binance      [  88% ] 20/20 VUs  3m57.6s/4m30.0s
workload_02_datadog      [  88% ] 20/20 VUs  3m57.6s/4m30.0s
workload_03_ibm          [  88% ] 20/20 VUs  3m57.6s/4m30.0s
workload_04_intel        [  88% ] 20/20 VUs  3m57.6s/4m30.0s
workload_05_mongo        [  88% ] 20/20 VUs  3m57.6s/4m30.0s
workload_06_oracle       [  88% ] 20/20 VUs  3m57.6s/4m30.0s
workload_07_qualcomm     [  88% ] 20/20 VUs  3m57.6s/4m30.0s
workload_08_salesforce   [  88% ] 20/20 VUs  3m57.6s/4m30.0s
workload_09_sap          [  88% ] 20/20 VUs  3m57.6s/4m30.0s
workload_10_shopify      [  88% ] 20/20 VUs  3m57.6s/4m30.0s
workload_11_stripe       [  88% ] 20/20 VUs  3m57.6s/4m30.0s
workload_12_twilio       [  88% ] 20/20 VUs  3m57.6s/4m30.0s

running (3m58.6s), 240/240 VUs, 69403 complete and 0 interrupted iterations
workload_01_binance      [  88% ] 20/20 VUs  3m58.6s/4m30.0s
workload_02_datadog      [  88% ] 20/20 VUs  3m58.6s/4m30.0s
workload_03_ibm          [  88% ] 20/20 VUs  3m58.6s/4m30.0s
workload_04_intel        [  88% ] 20/20 VUs  3m58.6s/4m30.0s
workload_05_mongo        [  88% ] 20/20 VUs  3m58.6s/4m30.0s
workload_06_oracle       [  88% ] 20/20 VUs  3m58.6s/4m30.0s
workload_07_qualcomm     [  88% ] 20/20 VUs  3m58.6s/4m30.0s
workload_08_salesforce   [  88% ] 20/20 VUs  3m58.6s/4m30.0s
workload_09_sap          [  88% ] 20/20 VUs  3m58.6s/4m30.0s
workload_10_shopify      [  88% ] 20/20 VUs  3m58.6s/4m30.0s
workload_11_stripe       [  88% ] 20/20 VUs  3m58.6s/4m30.0s
workload_12_twilio       [  88% ] 20/20 VUs  3m58.6s/4m30.0s

running (3m59.6s), 240/240 VUs, 69683 complete and 0 interrupted iterations
workload_01_binance      [  89% ] 20/20 VUs  3m59.6s/4m30.0s
workload_02_datadog      [  89% ] 20/20 VUs  3m59.6s/4m30.0s
workload_03_ibm          [  89% ] 20/20 VUs  3m59.6s/4m30.0s
workload_04_intel        [  89% ] 20/20 VUs  3m59.6s/4m30.0s
workload_05_mongo        [  89% ] 20/20 VUs  3m59.6s/4m30.0s
workload_06_oracle       [  89% ] 20/20 VUs  3m59.6s/4m30.0s
workload_07_qualcomm     [  89% ] 20/20 VUs  3m59.6s/4m30.0s
workload_08_salesforce   [  89% ] 20/20 VUs  3m59.6s/4m30.0s
workload_09_sap          [  89% ] 20/20 VUs  3m59.6s/4m30.0s
workload_10_shopify      [  89% ] 20/20 VUs  3m59.6s/4m30.0s
workload_11_stripe       [  89% ] 20/20 VUs  3m59.6s/4m30.0s
workload_12_twilio       [  89% ] 20/20 VUs  3m59.6s/4m30.0s

running (4m00.6s), 240/240 VUs, 69984 complete and 0 interrupted iterations
workload_01_binance      [  89% ] 20/20 VUs  4m00.6s/4m30.0s
workload_02_datadog      [  89% ] 20/20 VUs  4m00.6s/4m30.0s
workload_03_ibm          [  89% ] 20/20 VUs  4m00.6s/4m30.0s
workload_04_intel        [  89% ] 20/20 VUs  4m00.6s/4m30.0s
workload_05_mongo        [  89% ] 20/20 VUs  4m00.6s/4m30.0s
workload_06_oracle       [  89% ] 20/20 VUs  4m00.6s/4m30.0s
workload_07_qualcomm     [  89% ] 20/20 VUs  4m00.6s/4m30.0s
workload_08_salesforce   [  89% ] 20/20 VUs  4m00.6s/4m30.0s
workload_09_sap          [  89% ] 20/20 VUs  4m00.6s/4m30.0s
workload_10_shopify      [  89% ] 20/20 VUs  4m00.6s/4m30.0s
workload_11_stripe       [  89% ] 20/20 VUs  4m00.6s/4m30.0s
workload_12_twilio       [  89% ] 20/20 VUs  4m00.6s/4m30.0s

running (4m01.6s), 228/240 VUs, 70272 complete and 12 interrupted iterations
workload_01_binance      [  89% ] 19/20 VUs  4m01.6s/4m30.0s
workload_02_datadog      [  89% ] 19/20 VUs  4m01.6s/4m30.0s
workload_03_ibm          [  89% ] 19/20 VUs  4m01.6s/4m30.0s
workload_04_intel        [  89% ] 19/20 VUs  4m01.6s/4m30.0s
workload_05_mongo        [  89% ] 19/20 VUs  4m01.6s/4m30.0s
workload_06_oracle       [  89% ] 19/20 VUs  4m01.6s/4m30.0s
workload_07_qualcomm     [  89% ] 19/20 VUs  4m01.6s/4m30.0s
workload_08_salesforce   [  89% ] 19/20 VUs  4m01.6s/4m30.0s
workload_09_sap          [  89% ] 19/20 VUs  4m01.6s/4m30.0s
workload_10_shopify      [  89% ] 19/20 VUs  4m01.6s/4m30.0s
workload_11_stripe       [  89% ] 19/20 VUs  4m01.6s/4m30.0s
workload_12_twilio       [  89% ] 19/20 VUs  4m01.6s/4m30.0s

running (4m02.6s), 228/240 VUs, 70568 complete and 12 interrupted iterations
workload_01_binance      [  90% ] 19/20 VUs  4m02.6s/4m30.0s
workload_02_datadog      [  90% ] 19/20 VUs  4m02.6s/4m30.0s
workload_03_ibm          [  90% ] 19/20 VUs  4m02.6s/4m30.0s
workload_04_intel        [  90% ] 19/20 VUs  4m02.6s/4m30.0s
workload_05_mongo        [  90% ] 19/20 VUs  4m02.6s/4m30.0s
workload_06_oracle       [  90% ] 19/20 VUs  4m02.6s/4m30.0s
workload_07_qualcomm     [  90% ] 19/20 VUs  4m02.6s/4m30.0s
workload_08_salesforce   [  90% ] 19/20 VUs  4m02.6s/4m30.0s
workload_09_sap          [  90% ] 19/20 VUs  4m02.6s/4m30.0s
workload_10_shopify      [  90% ] 19/20 VUs  4m02.6s/4m30.0s
workload_11_stripe       [  90% ] 19/20 VUs  4m02.6s/4m30.0s
workload_12_twilio       [  90% ] 19/20 VUs  4m02.6s/4m30.0s

running (4m03.6s), 216/240 VUs, 70862 complete and 24 interrupted iterations
workload_01_binance      [  90% ] 18/20 VUs  4m03.6s/4m30.0s
workload_02_datadog      [  90% ] 18/20 VUs  4m03.6s/4m30.0s
workload_03_ibm          [  90% ] 18/20 VUs  4m03.6s/4m30.0s
workload_04_intel        [  90% ] 18/20 VUs  4m03.6s/4m30.0s
workload_05_mongo        [  90% ] 18/20 VUs  4m03.6s/4m30.0s
workload_06_oracle       [  90% ] 18/20 VUs  4m03.6s/4m30.0s
workload_07_qualcomm     [  90% ] 18/20 VUs  4m03.6s/4m30.0s
workload_08_salesforce   [  90% ] 18/20 VUs  4m03.6s/4m30.0s
workload_09_sap          [  90% ] 18/20 VUs  4m03.6s/4m30.0s
workload_10_shopify      [  90% ] 18/20 VUs  4m03.6s/4m30.0s
workload_11_stripe       [  90% ] 18/20 VUs  4m03.6s/4m30.0s
workload_12_twilio       [  90% ] 18/20 VUs  4m03.6s/4m30.0s

running (4m04.6s), 204/240 VUs, 71137 complete and 36 interrupted iterations
workload_01_binance      [  91% ] 17/20 VUs  4m04.6s/4m30.0s
workload_02_datadog      [  91% ] 17/20 VUs  4m04.6s/4m30.0s
workload_03_ibm          [  91% ] 17/20 VUs  4m04.6s/4m30.0s
workload_04_intel        [  91% ] 17/20 VUs  4m04.6s/4m30.0s
workload_05_mongo        [  91% ] 17/20 VUs  4m04.6s/4m30.0s
workload_06_oracle       [  91% ] 17/20 VUs  4m04.6s/4m30.0s
workload_07_qualcomm     [  91% ] 17/20 VUs  4m04.6s/4m30.0s
workload_08_salesforce   [  91% ] 17/20 VUs  4m04.6s/4m30.0s
workload_09_sap          [  91% ] 17/20 VUs  4m04.6s/4m30.0s
workload_10_shopify      [  91% ] 17/20 VUs  4m04.6s/4m30.0s
workload_11_stripe       [  91% ] 17/20 VUs  4m04.6s/4m30.0s
workload_12_twilio       [  91% ] 17/20 VUs  4m04.6s/4m30.0s

running (4m05.6s), 204/240 VUs, 71371 complete and 36 interrupted iterations
workload_01_binance      [  91% ] 17/20 VUs  4m05.6s/4m30.0s
workload_02_datadog      [  91% ] 17/20 VUs  4m05.6s/4m30.0s
workload_03_ibm          [  91% ] 17/20 VUs  4m05.6s/4m30.0s
workload_04_intel        [  91% ] 17/20 VUs  4m05.6s/4m30.0s
workload_05_mongo        [  91% ] 17/20 VUs  4m05.6s/4m30.0s
workload_06_oracle       [  91% ] 17/20 VUs  4m05.6s/4m30.0s
workload_07_qualcomm     [  91% ] 17/20 VUs  4m05.6s/4m30.0s
workload_08_salesforce   [  91% ] 17/20 VUs  4m05.6s/4m30.0s
workload_09_sap          [  91% ] 17/20 VUs  4m05.6s/4m30.0s
workload_10_shopify      [  91% ] 17/20 VUs  4m05.6s/4m30.0s
workload_11_stripe       [  91% ] 17/20 VUs  4m05.6s/4m30.0s
workload_12_twilio       [  91% ] 17/20 VUs  4m05.6s/4m30.0s

running (4m06.6s), 192/240 VUs, 71649 complete and 48 interrupted iterations
workload_01_binance      [  91% ] 16/20 VUs  4m06.6s/4m30.0s
workload_02_datadog      [  91% ] 16/20 VUs  4m06.6s/4m30.0s
workload_03_ibm          [  91% ] 16/20 VUs  4m06.6s/4m30.0s
workload_04_intel        [  91% ] 16/20 VUs  4m06.6s/4m30.0s
workload_05_mongo        [  91% ] 16/20 VUs  4m06.6s/4m30.0s
workload_06_oracle       [  91% ] 16/20 VUs  4m06.6s/4m30.0s
workload_07_qualcomm     [  91% ] 16/20 VUs  4m06.6s/4m30.0s
workload_08_salesforce   [  91% ] 16/20 VUs  4m06.6s/4m30.0s
workload_09_sap          [  91% ] 16/20 VUs  4m06.6s/4m30.0s
workload_10_shopify      [  91% ] 16/20 VUs  4m06.6s/4m30.0s
workload_11_stripe       [  91% ] 16/20 VUs  4m06.6s/4m30.0s
workload_12_twilio       [  91% ] 16/20 VUs  4m06.6s/4m30.0s

running (4m07.6s), 180/240 VUs, 71885 complete and 60 interrupted iterations
workload_01_binance      [  92% ] 15/20 VUs  4m07.6s/4m30.0s
workload_02_datadog      [  92% ] 15/20 VUs  4m07.6s/4m30.0s
workload_03_ibm          [  92% ] 15/20 VUs  4m07.6s/4m30.0s
workload_04_intel        [  92% ] 15/20 VUs  4m07.6s/4m30.0s
workload_05_mongo        [  92% ] 15/20 VUs  4m07.6s/4m30.0s
workload_06_oracle       [  92% ] 15/20 VUs  4m07.6s/4m30.0s
workload_07_qualcomm     [  92% ] 15/20 VUs  4m07.6s/4m30.0s
workload_08_salesforce   [  92% ] 15/20 VUs  4m07.6s/4m30.0s
workload_09_sap          [  92% ] 15/20 VUs  4m07.6s/4m30.0s
workload_10_shopify      [  92% ] 15/20 VUs  4m07.6s/4m30.0s
workload_11_stripe       [  92% ] 15/20 VUs  4m07.6s/4m30.0s
workload_12_twilio       [  92% ] 15/20 VUs  4m07.6s/4m30.0s

running (4m08.6s), 180/240 VUs, 72116 complete and 60 interrupted iterations
workload_01_binance      [  92% ] 15/20 VUs  4m08.6s/4m30.0s
workload_02_datadog      [  92% ] 15/20 VUs  4m08.6s/4m30.0s
workload_03_ibm          [  92% ] 15/20 VUs  4m08.6s/4m30.0s
workload_04_intel        [  92% ] 15/20 VUs  4m08.6s/4m30.0s
workload_05_mongo        [  92% ] 15/20 VUs  4m08.6s/4m30.0s
workload_06_oracle       [  92% ] 15/20 VUs  4m08.6s/4m30.0s
workload_07_qualcomm     [  92% ] 15/20 VUs  4m08.6s/4m30.0s
workload_08_salesforce   [  92% ] 15/20 VUs  4m08.6s/4m30.0s
workload_09_sap          [  92% ] 15/20 VUs  4m08.6s/4m30.0s
workload_10_shopify      [  92% ] 15/20 VUs  4m08.6s/4m30.0s
workload_11_stripe       [  92% ] 15/20 VUs  4m08.6s/4m30.0s
workload_12_twilio       [  92% ] 15/20 VUs  4m08.6s/4m30.0s

running (4m09.6s), 168/240 VUs, 72365 complete and 72 interrupted iterations
workload_01_binance      [  92% ] 14/20 VUs  4m09.6s/4m30.0s
workload_02_datadog      [  92% ] 14/20 VUs  4m09.6s/4m30.0s
workload_03_ibm          [  92% ] 14/20 VUs  4m09.6s/4m30.0s
workload_04_intel        [  92% ] 14/20 VUs  4m09.6s/4m30.0s
workload_05_mongo        [  92% ] 14/20 VUs  4m09.6s/4m30.0s
workload_06_oracle       [  92% ] 14/20 VUs  4m09.6s/4m30.0s
workload_07_qualcomm     [  92% ] 14/20 VUs  4m09.6s/4m30.0s
workload_08_salesforce   [  92% ] 14/20 VUs  4m09.6s/4m30.0s
workload_09_sap          [  92% ] 14/20 VUs  4m09.6s/4m30.0s
workload_10_shopify      [  92% ] 14/20 VUs  4m09.6s/4m30.0s
workload_11_stripe       [  92% ] 14/20 VUs  4m09.6s/4m30.0s
workload_12_twilio       [  92% ] 14/20 VUs  4m09.6s/4m30.0s

running (4m10.6s), 156/240 VUs, 72626 complete and 84 interrupted iterations
workload_01_binance      [  93% ] 13/20 VUs  4m10.6s/4m30.0s
workload_02_datadog      [  93% ] 13/20 VUs  4m10.6s/4m30.0s
workload_03_ibm          [  93% ] 13/20 VUs  4m10.6s/4m30.0s
workload_04_intel        [  93% ] 13/20 VUs  4m10.6s/4m30.0s
workload_05_mongo        [  93% ] 13/20 VUs  4m10.6s/4m30.0s
workload_06_oracle       [  93% ] 13/20 VUs  4m10.6s/4m30.0s
workload_07_qualcomm     [  93% ] 13/20 VUs  4m10.6s/4m30.0s
workload_08_salesforce   [  93% ] 13/20 VUs  4m10.6s/4m30.0s
workload_09_sap          [  93% ] 13/20 VUs  4m10.6s/4m30.0s
workload_10_shopify      [  93% ] 13/20 VUs  4m10.6s/4m30.0s
workload_11_stripe       [  93% ] 13/20 VUs  4m10.6s/4m30.0s
workload_12_twilio       [  93% ] 13/20 VUs  4m10.6s/4m30.0s

running (4m11.6s), 156/240 VUs, 72829 complete and 84 interrupted iterations
workload_01_binance      [  93% ] 13/20 VUs  4m11.6s/4m30.0s
workload_02_datadog      [  93% ] 13/20 VUs  4m11.6s/4m30.0s
workload_03_ibm          [  93% ] 13/20 VUs  4m11.6s/4m30.0s
workload_04_intel        [  93% ] 13/20 VUs  4m11.6s/4m30.0s
workload_05_mongo        [  93% ] 13/20 VUs  4m11.6s/4m30.0s
workload_06_oracle       [  93% ] 13/20 VUs  4m11.6s/4m30.0s
workload_07_qualcomm     [  93% ] 13/20 VUs  4m11.6s/4m30.0s
workload_08_salesforce   [  93% ] 13/20 VUs  4m11.6s/4m30.0s
workload_09_sap          [  93% ] 13/20 VUs  4m11.6s/4m30.0s
workload_10_shopify      [  93% ] 13/20 VUs  4m11.6s/4m30.0s
workload_11_stripe       [  93% ] 13/20 VUs  4m11.6s/4m30.0s
workload_12_twilio       [  93% ] 13/20 VUs  4m11.6s/4m30.0s

running (4m12.6s), 144/240 VUs, 73057 complete and 96 interrupted iterations
workload_01_binance      [  94% ] 12/20 VUs  4m12.6s/4m30.0s
workload_02_datadog      [  94% ] 12/20 VUs  4m12.6s/4m30.0s
workload_03_ibm          [  94% ] 12/20 VUs  4m12.6s/4m30.0s
workload_04_intel        [  94% ] 12/20 VUs  4m12.6s/4m30.0s
workload_05_mongo        [  94% ] 12/20 VUs  4m12.6s/4m30.0s
workload_06_oracle       [  94% ] 12/20 VUs  4m12.6s/4m30.0s
workload_07_qualcomm     [  94% ] 12/20 VUs  4m12.6s/4m30.0s
workload_08_salesforce   [  94% ] 12/20 VUs  4m12.6s/4m30.0s
workload_09_sap          [  94% ] 12/20 VUs  4m12.6s/4m30.0s
workload_10_shopify      [  94% ] 12/20 VUs  4m12.6s/4m30.0s
workload_11_stripe       [  94% ] 12/20 VUs  4m12.6s/4m30.0s
workload_12_twilio       [  94% ] 12/20 VUs  4m12.6s/4m30.0s

running (4m13.6s), 132/240 VUs, 73276 complete and 108 interrupted iterations
workload_01_binance      [  94% ] 11/20 VUs  4m13.6s/4m30.0s
workload_02_datadog      [  94% ] 11/20 VUs  4m13.6s/4m30.0s
workload_03_ibm          [  94% ] 11/20 VUs  4m13.6s/4m30.0s
workload_04_intel        [  94% ] 11/20 VUs  4m13.6s/4m30.0s
workload_05_mongo        [  94% ] 11/20 VUs  4m13.6s/4m30.0s
workload_06_oracle       [  94% ] 11/20 VUs  4m13.6s/4m30.0s
workload_07_qualcomm     [  94% ] 11/20 VUs  4m13.6s/4m30.0s
workload_08_salesforce   [  94% ] 11/20 VUs  4m13.6s/4m30.0s
workload_09_sap          [  94% ] 11/20 VUs  4m13.6s/4m30.0s
workload_10_shopify      [  94% ] 11/20 VUs  4m13.6s/4m30.0s
workload_11_stripe       [  94% ] 11/20 VUs  4m13.6s/4m30.0s
workload_12_twilio       [  94% ] 11/20 VUs  4m13.6s/4m30.0s

running (4m14.6s), 132/240 VUs, 73498 complete and 108 interrupted iterations
workload_01_binance      [  94% ] 11/20 VUs  4m14.6s/4m30.0s
workload_02_datadog      [  94% ] 11/20 VUs  4m14.6s/4m30.0s
workload_03_ibm          [  94% ] 11/20 VUs  4m14.6s/4m30.0s
workload_04_intel        [  94% ] 11/20 VUs  4m14.6s/4m30.0s
workload_05_mongo        [  94% ] 11/20 VUs  4m14.6s/4m30.0s
workload_06_oracle       [  94% ] 11/20 VUs  4m14.6s/4m30.0s
workload_07_qualcomm     [  94% ] 11/20 VUs  4m14.6s/4m30.0s
workload_08_salesforce   [  94% ] 11/20 VUs  4m14.6s/4m30.0s
workload_09_sap          [  94% ] 11/20 VUs  4m14.6s/4m30.0s
workload_10_shopify      [  94% ] 11/20 VUs  4m14.6s/4m30.0s
workload_11_stripe       [  94% ] 11/20 VUs  4m14.6s/4m30.0s
workload_12_twilio       [  94% ] 11/20 VUs  4m14.6s/4m30.0s

running (4m15.6s), 120/240 VUs, 73686 complete and 120 interrupted iterations
workload_01_binance      [  95% ] 10/20 VUs  4m15.6s/4m30.0s
workload_02_datadog      [  95% ] 10/20 VUs  4m15.6s/4m30.0s
workload_03_ibm          [  95% ] 10/20 VUs  4m15.6s/4m30.0s
workload_04_intel        [  95% ] 10/20 VUs  4m15.6s/4m30.0s
workload_05_mongo        [  95% ] 10/20 VUs  4m15.6s/4m30.0s
workload_06_oracle       [  95% ] 10/20 VUs  4m15.6s/4m30.0s
workload_07_qualcomm     [  95% ] 10/20 VUs  4m15.6s/4m30.0s
workload_08_salesforce   [  95% ] 10/20 VUs  4m15.6s/4m30.0s
workload_09_sap          [  95% ] 10/20 VUs  4m15.6s/4m30.0s
workload_10_shopify      [  95% ] 10/20 VUs  4m15.6s/4m30.0s
workload_11_stripe       [  95% ] 10/20 VUs  4m15.6s/4m30.0s
workload_12_twilio       [  95% ] 10/20 VUs  4m15.6s/4m30.0s

running (4m16.6s), 108/240 VUs, 73888 complete and 132 interrupted iterations
workload_01_binance      [  95% ] 09/20 VUs  4m16.6s/4m30.0s
workload_02_datadog      [  95% ] 09/20 VUs  4m16.6s/4m30.0s
workload_03_ibm          [  95% ] 09/20 VUs  4m16.6s/4m30.0s
workload_04_intel        [  95% ] 09/20 VUs  4m16.6s/4m30.0s
workload_05_mongo        [  95% ] 09/20 VUs  4m16.6s/4m30.0s
workload_06_oracle       [  95% ] 09/20 VUs  4m16.6s/4m30.0s
workload_07_qualcomm     [  95% ] 09/20 VUs  4m16.6s/4m30.0s
workload_08_salesforce   [  95% ] 09/20 VUs  4m16.6s/4m30.0s
workload_09_sap          [  95% ] 09/20 VUs  4m16.6s/4m30.0s
workload_10_shopify      [  95% ] 09/20 VUs  4m16.6s/4m30.0s
workload_11_stripe       [  95% ] 09/20 VUs  4m16.6s/4m30.0s
workload_12_twilio       [  95% ] 09/20 VUs  4m16.6s/4m30.0s

running (4m17.6s), 108/240 VUs, 74078 complete and 132 interrupted iterations
workload_01_binance      [  95% ] 09/20 VUs  4m17.6s/4m30.0s
workload_02_datadog      [  95% ] 09/20 VUs  4m17.6s/4m30.0s
workload_03_ibm          [  95% ] 09/20 VUs  4m17.6s/4m30.0s
workload_04_intel        [  95% ] 09/20 VUs  4m17.6s/4m30.0s
workload_05_mongo        [  95% ] 09/20 VUs  4m17.6s/4m30.0s
workload_06_oracle       [  95% ] 09/20 VUs  4m17.6s/4m30.0s
workload_07_qualcomm     [  95% ] 09/20 VUs  4m17.6s/4m30.0s
workload_08_salesforce   [  95% ] 09/20 VUs  4m17.6s/4m30.0s
workload_09_sap          [  95% ] 09/20 VUs  4m17.6s/4m30.0s
workload_10_shopify      [  95% ] 09/20 VUs  4m17.6s/4m30.0s
workload_11_stripe       [  95% ] 09/20 VUs  4m17.6s/4m30.0s
workload_12_twilio       [  95% ] 09/20 VUs  4m17.6s/4m30.0s

running (4m18.6s), 096/240 VUs, 74266 complete and 144 interrupted iterations
workload_01_binance      [  96% ] 08/20 VUs  4m18.6s/4m30.0s
workload_02_datadog      [  96% ] 08/20 VUs  4m18.6s/4m30.0s
workload_03_ibm          [  96% ] 08/20 VUs  4m18.6s/4m30.0s
workload_04_intel        [  96% ] 08/20 VUs  4m18.6s/4m30.0s
workload_05_mongo        [  96% ] 08/20 VUs  4m18.6s/4m30.0s
workload_06_oracle       [  96% ] 08/20 VUs  4m18.6s/4m30.0s
workload_07_qualcomm     [  96% ] 08/20 VUs  4m18.6s/4m30.0s
workload_08_salesforce   [  96% ] 08/20 VUs  4m18.6s/4m30.0s
workload_09_sap          [  96% ] 08/20 VUs  4m18.6s/4m30.0s
workload_10_shopify      [  96% ] 08/20 VUs  4m18.6s/4m30.0s
workload_11_stripe       [  96% ] 08/20 VUs  4m18.6s/4m30.0s
workload_12_twilio       [  96% ] 08/20 VUs  4m18.6s/4m30.0s

running (4m19.6s), 084/240 VUs, 74454 complete and 156 interrupted iterations
workload_01_binance      [  96% ] 07/20 VUs  4m19.6s/4m30.0s
workload_02_datadog      [  96% ] 07/20 VUs  4m19.6s/4m30.0s
workload_03_ibm          [  96% ] 07/20 VUs  4m19.6s/4m30.0s
workload_04_intel        [  96% ] 07/20 VUs  4m19.6s/4m30.0s
workload_05_mongo        [  96% ] 07/20 VUs  4m19.6s/4m30.0s
workload_06_oracle       [  96% ] 07/20 VUs  4m19.6s/4m30.0s
workload_07_qualcomm     [  96% ] 07/20 VUs  4m19.6s/4m30.0s
workload_08_salesforce   [  96% ] 07/20 VUs  4m19.6s/4m30.0s
workload_09_sap          [  96% ] 07/20 VUs  4m19.6s/4m30.0s
workload_10_shopify      [  96% ] 07/20 VUs  4m19.6s/4m30.0s
workload_11_stripe       [  96% ] 07/20 VUs  4m19.6s/4m30.0s
workload_12_twilio       [  96% ] 07/20 VUs  4m19.6s/4m30.0s

running (4m20.6s), 084/240 VUs, 74639 complete and 156 interrupted iterations
workload_01_binance      [  97% ] 07/20 VUs  4m20.6s/4m30.0s
workload_02_datadog      [  97% ] 07/20 VUs  4m20.6s/4m30.0s
workload_03_ibm          [  97% ] 07/20 VUs  4m20.6s/4m30.0s
workload_04_intel        [  97% ] 07/20 VUs  4m20.6s/4m30.0s
workload_05_mongo        [  97% ] 07/20 VUs  4m20.6s/4m30.0s
workload_06_oracle       [  97% ] 07/20 VUs  4m20.6s/4m30.0s
workload_07_qualcomm     [  97% ] 07/20 VUs  4m20.6s/4m30.0s
workload_08_salesforce   [  97% ] 07/20 VUs  4m20.6s/4m30.0s
workload_09_sap          [  97% ] 07/20 VUs  4m20.6s/4m30.0s
workload_10_shopify      [  97% ] 07/20 VUs  4m20.6s/4m30.0s
workload_11_stripe       [  97% ] 07/20 VUs  4m20.6s/4m30.0s
workload_12_twilio       [  97% ] 07/20 VUs  4m20.6s/4m30.0s

running (4m21.6s), 072/240 VUs, 74785 complete and 168 interrupted iterations
workload_01_binance      [  97% ] 06/20 VUs  4m21.6s/4m30.0s
workload_02_datadog      [  97% ] 06/20 VUs  4m21.6s/4m30.0s
workload_03_ibm          [  97% ] 06/20 VUs  4m21.6s/4m30.0s
workload_04_intel        [  97% ] 06/20 VUs  4m21.6s/4m30.0s
workload_05_mongo        [  97% ] 06/20 VUs  4m21.6s/4m30.0s
workload_06_oracle       [  97% ] 06/20 VUs  4m21.6s/4m30.0s
workload_07_qualcomm     [  97% ] 06/20 VUs  4m21.6s/4m30.0s
workload_08_salesforce   [  97% ] 06/20 VUs  4m21.6s/4m30.0s
workload_09_sap          [  97% ] 06/20 VUs  4m21.6s/4m30.0s
workload_10_shopify      [  97% ] 06/20 VUs  4m21.6s/4m30.0s
workload_11_stripe       [  97% ] 06/20 VUs  4m21.6s/4m30.0s
workload_12_twilio       [  97% ] 06/20 VUs  4m21.6s/4m30.0s

running (4m22.6s), 060/240 VUs, 74930 complete and 180 interrupted iterations
workload_01_binance      [  97% ] 05/20 VUs  4m22.6s/4m30.0s
workload_02_datadog      [  97% ] 05/20 VUs  4m22.6s/4m30.0s
workload_03_ibm          [  97% ] 05/20 VUs  4m22.6s/4m30.0s
workload_04_intel        [  97% ] 05/20 VUs  4m22.6s/4m30.0s
workload_05_mongo        [  97% ] 05/20 VUs  4m22.6s/4m30.0s
workload_06_oracle       [  97% ] 05/20 VUs  4m22.6s/4m30.0s
workload_07_qualcomm     [  97% ] 05/20 VUs  4m22.6s/4m30.0s
workload_08_salesforce   [  97% ] 05/20 VUs  4m22.6s/4m30.0s
workload_09_sap          [  97% ] 05/20 VUs  4m22.6s/4m30.0s
workload_10_shopify      [  97% ] 05/20 VUs  4m22.6s/4m30.0s
workload_11_stripe       [  97% ] 05/20 VUs  4m22.6s/4m30.0s
workload_12_twilio       [  97% ] 05/20 VUs  4m22.6s/4m30.0s

running (4m23.6s), 060/240 VUs, 75084 complete and 180 interrupted iterations
workload_01_binance      [  98% ] 05/20 VUs  4m23.6s/4m30.0s
workload_02_datadog      [  98% ] 05/20 VUs  4m23.6s/4m30.0s
workload_03_ibm          [  98% ] 05/20 VUs  4m23.6s/4m30.0s
workload_04_intel        [  98% ] 05/20 VUs  4m23.6s/4m30.0s
workload_05_mongo        [  98% ] 05/20 VUs  4m23.6s/4m30.0s
workload_06_oracle       [  98% ] 05/20 VUs  4m23.6s/4m30.0s
workload_07_qualcomm     [  98% ] 05/20 VUs  4m23.6s/4m30.0s
workload_08_salesforce   [  98% ] 05/20 VUs  4m23.6s/4m30.0s
workload_09_sap          [  98% ] 05/20 VUs  4m23.6s/4m30.0s
workload_10_shopify      [  98% ] 05/20 VUs  4m23.6s/4m30.0s
workload_11_stripe       [  98% ] 05/20 VUs  4m23.6s/4m30.0s
workload_12_twilio       [  98% ] 05/20 VUs  4m23.6s/4m30.0s

running (4m24.6s), 048/240 VUs, 75217 complete and 192 interrupted iterations
workload_01_binance      [  98% ] 04/20 VUs  4m24.6s/4m30.0s
workload_02_datadog      [  98% ] 04/20 VUs  4m24.6s/4m30.0s
workload_03_ibm          [  98% ] 04/20 VUs  4m24.6s/4m30.0s
workload_04_intel        [  98% ] 04/20 VUs  4m24.6s/4m30.0s
workload_05_mongo        [  98% ] 04/20 VUs  4m24.6s/4m30.0s
workload_06_oracle       [  98% ] 04/20 VUs  4m24.6s/4m30.0s
workload_07_qualcomm     [  98% ] 04/20 VUs  4m24.6s/4m30.0s
workload_08_salesforce   [  98% ] 04/20 VUs  4m24.6s/4m30.0s
workload_09_sap          [  98% ] 04/20 VUs  4m24.6s/4m30.0s
workload_10_shopify      [  98% ] 04/20 VUs  4m24.6s/4m30.0s
workload_11_stripe       [  98% ] 04/20 VUs  4m24.6s/4m30.0s
workload_12_twilio       [  98% ] 04/20 VUs  4m24.6s/4m30.0s

running (4m25.6s), 036/240 VUs, 75338 complete and 204 interrupted iterations
workload_01_binance      [  98% ] 03/20 VUs  4m25.6s/4m30.0s
workload_02_datadog      [  98% ] 03/20 VUs  4m25.6s/4m30.0s
workload_03_ibm          [  98% ] 03/20 VUs  4m25.6s/4m30.0s
workload_04_intel        [  98% ] 03/20 VUs  4m25.6s/4m30.0s
workload_05_mongo        [  98% ] 03/20 VUs  4m25.6s/4m30.0s
workload_06_oracle       [  98% ] 03/20 VUs  4m25.6s/4m30.0s
workload_07_qualcomm     [  98% ] 03/20 VUs  4m25.6s/4m30.0s
workload_08_salesforce   [  98% ] 03/20 VUs  4m25.6s/4m30.0s
workload_09_sap          [  98% ] 03/20 VUs  4m25.6s/4m30.0s
workload_10_shopify      [  98% ] 03/20 VUs  4m25.6s/4m30.0s
workload_11_stripe       [  98% ] 03/20 VUs  4m25.6s/4m30.0s
workload_12_twilio       [  98% ] 03/20 VUs  4m25.6s/4m30.0s

running (4m26.6s), 036/240 VUs, 75435 complete and 204 interrupted iterations
workload_01_binance      [  99% ] 03/20 VUs  4m26.6s/4m30.0s
workload_02_datadog      [  99% ] 03/20 VUs  4m26.6s/4m30.0s
workload_03_ibm          [  99% ] 03/20 VUs  4m26.6s/4m30.0s
workload_04_intel        [  99% ] 03/20 VUs  4m26.6s/4m30.0s
workload_05_mongo        [  99% ] 03/20 VUs  4m26.6s/4m30.0s
workload_06_oracle       [  99% ] 03/20 VUs  4m26.6s/4m30.0s
workload_07_qualcomm     [  99% ] 03/20 VUs  4m26.6s/4m30.0s
workload_08_salesforce   [  99% ] 03/20 VUs  4m26.6s/4m30.0s
workload_09_sap          [  99% ] 03/20 VUs  4m26.6s/4m30.0s
workload_10_shopify      [  99% ] 03/20 VUs  4m26.6s/4m30.0s
workload_11_stripe       [  99% ] 03/20 VUs  4m26.6s/4m30.0s
workload_12_twilio       [  99% ] 03/20 VUs  4m26.6s/4m30.0s

running (4m27.6s), 024/240 VUs, 75512 complete and 216 interrupted iterations
workload_01_binance      [  99% ] 02/20 VUs  4m27.6s/4m30.0s
workload_02_datadog      [  99% ] 02/20 VUs  4m27.6s/4m30.0s
workload_03_ibm          [  99% ] 02/20 VUs  4m27.6s/4m30.0s
workload_04_intel        [  99% ] 02/20 VUs  4m27.6s/4m30.0s
workload_05_mongo        [  99% ] 02/20 VUs  4m27.6s/4m30.0s
workload_06_oracle       [  99% ] 02/20 VUs  4m27.6s/4m30.0s
workload_07_qualcomm     [  99% ] 02/20 VUs  4m27.6s/4m30.0s
workload_08_salesforce   [  99% ] 02/20 VUs  4m27.6s/4m30.0s
workload_09_sap          [  99% ] 02/20 VUs  4m27.6s/4m30.0s
workload_10_shopify      [  99% ] 02/20 VUs  4m27.6s/4m30.0s
workload_11_stripe       [  99% ] 02/20 VUs  4m27.6s/4m30.0s
workload_12_twilio       [  99% ] 02/20 VUs  4m27.6s/4m30.0s

running (4m28.6s), 012/240 VUs, 75570 complete and 228 interrupted iterations
workload_01_binance      [  99% ] 01/20 VUs  4m28.6s/4m30.0s
workload_02_datadog      [  99% ] 01/20 VUs  4m28.6s/4m30.0s
workload_03_ibm          [  99% ] 01/20 VUs  4m28.6s/4m30.0s
workload_04_intel        [  99% ] 01/20 VUs  4m28.6s/4m30.0s
workload_05_mongo        [  99% ] 01/20 VUs  4m28.6s/4m30.0s
workload_06_oracle       [  99% ] 01/20 VUs  4m28.6s/4m30.0s
workload_07_qualcomm     [  99% ] 01/20 VUs  4m28.6s/4m30.0s
workload_08_salesforce   [  99% ] 01/20 VUs  4m28.6s/4m30.0s
workload_09_sap          [  99% ] 01/20 VUs  4m28.6s/4m30.0s
workload_10_shopify      [  99% ] 01/20 VUs  4m28.6s/4m30.0s
workload_11_stripe       [  99% ] 01/20 VUs  4m28.6s/4m30.0s
workload_12_twilio       [  99% ] 01/20 VUs  4m28.6s/4m30.0s

running (4m29.6s), 012/240 VUs, 75603 complete and 228 interrupted iterations
workload_01_binance      [ 100% ] 01/20 VUs  4m29.6s/4m30.0s
workload_02_datadog      [ 100% ] 01/20 VUs  4m29.6s/4m30.0s
workload_03_ibm          [ 100% ] 01/20 VUs  4m29.6s/4m30.0s
workload_04_intel        [ 100% ] 01/20 VUs  4m29.6s/4m30.0s
workload_05_mongo        [ 100% ] 01/20 VUs  4m29.6s/4m30.0s
workload_06_oracle       [ 100% ] 01/20 VUs  4m29.6s/4m30.0s
workload_07_qualcomm     [ 100% ] 01/20 VUs  4m29.6s/4m30.0s
workload_08_salesforce   [ 100% ] 01/20 VUs  4m29.6s/4m30.0s
workload_09_sap          [ 100% ] 01/20 VUs  4m29.6s/4m30.0s
workload_10_shopify      [ 100% ] 01/20 VUs  4m29.6s/4m30.0s
workload_11_stripe       [ 100% ] 01/20 VUs  4m29.6s/4m30.0s
workload_12_twilio       [ 100% ] 01/20 VUs  4m29.6s/4m30.0s

model=grouped
tenants=12
VUs per tenant=20
think time=0.25-0.5 s
steady requests=116589
steady request rate=647.7166666666667
steady error rate=0
steady latency p50=5.44975 ms
steady latency p95=607.1888921999999 ms
steady latency p99=903.8031080399996 ms

running (4m30.0s), 000/240 VUs, 75614 complete and 240 interrupted iterations
workload_01_binance    ✓ [ 100% ] 01/20 VUs  4m30s
workload_02_datadog    ✓ [ 100% ] 00/20 VUs  4m30s
workload_03_ibm        ✓ [ 100% ] 00/20 VUs  4m30s
workload_04_intel      ✓ [ 100% ] 01/20 VUs  4m30s
workload_05_mongo      ✓ [ 100% ] 00/20 VUs  4m30s
workload_06_oracle     ✓ [ 100% ] 00/20 VUs  4m30s
workload_07_qualcomm   ✓ [ 100% ] 00/20 VUs  4m30s
workload_08_salesforce ✓ [ 100% ] 01/20 VUs  4m30s
workload_09_sap        ✓ [ 100% ] 01/20 VUs  4m30s
workload_10_shopify    ✓ [ 100% ] 00/20 VUs  4m30s
workload_11_stripe     ✓ [ 100% ] 01/20 VUs  4m30s
workload_12_twilio     ✓ [ 100% ] 00/20 VUs  4m30s
