
         /\      Grafana   /‾‾/  
    /\  /  \     |\  __   /  /   
   /  \/    \    | |/ /  /   ‾‾\ 
  /          \   |   (  |  (‾)  |
 / __________ \  |_|\_\  \_____/ 

     execution: local
        script: /Users/urosceh/Code/zilla-minikube/shared/k6/k6-batch-test.js
        output: -

     scenarios: (100.00%) 15 scenarios, 450 max VUs, 3m30s max duration (incl. graceful stop):
              * tenant_amazon: Up to 30 looping VUs for 3m0s over 3 stages (gracefulRampDown: 30s, exec: tenantTest, gracefulStop: 30s)
              * tenant_amd: Up to 30 looping VUs for 3m0s over 3 stages (gracefulRampDown: 30s, exec: tenantTest, gracefulStop: 30s)
              * tenant_apple: Up to 30 looping VUs for 3m0s over 3 stages (gracefulRampDown: 30s, exec: tenantTest, gracefulStop: 30s)
              * tenant_azure: Up to 30 looping VUs for 3m0s over 3 stages (gracefulRampDown: 30s, exec: tenantTest, gracefulStop: 30s)
              * tenant_google: Up to 30 looping VUs for 3m0s over 3 stages (gracefulRampDown: 30s, exec: tenantTest, gracefulStop: 30s)
              * tenant_meta: Up to 30 looping VUs for 3m0s over 3 stages (gracefulRampDown: 30s, exec: tenantTest, gracefulStop: 30s)
              * tenant_netflix: Up to 30 looping VUs for 3m0s over 3 stages (gracefulRampDown: 30s, exec: tenantTest, gracefulStop: 30s)
              * tenant_nvidia: Up to 30 looping VUs for 3m0s over 3 stages (gracefulRampDown: 30s, exec: tenantTest, gracefulStop: 30s)
              * tenant_paypal: Up to 30 looping VUs for 3m0s over 3 stages (gracefulRampDown: 30s, exec: tenantTest, gracefulStop: 30s)
              * tenant_reddit: Up to 30 looping VUs for 3m0s over 3 stages (gracefulRampDown: 30s, exec: tenantTest, gracefulStop: 30s)
              * tenant_slack: Up to 30 looping VUs for 3m0s over 3 stages (gracefulRampDown: 30s, exec: tenantTest, gracefulStop: 30s)
              * tenant_spotify: Up to 30 looping VUs for 3m0s over 3 stages (gracefulRampDown: 30s, exec: tenantTest, gracefulStop: 30s)
              * tenant_tesla: Up to 30 looping VUs for 3m0s over 3 stages (gracefulRampDown: 30s, exec: tenantTest, gracefulStop: 30s)
              * tenant_uber: Up to 30 looping VUs for 3m0s over 3 stages (gracefulRampDown: 30s, exec: tenantTest, gracefulStop: 30s)
              * tenant_zoom: Up to 30 looping VUs for 3m0s over 3 stages (gracefulRampDown: 30s, exec: tenantTest, gracefulStop: 30s)


Run              [ 100% ] setup()
tenant_amazon    [   0% ]
tenant_amd       [   0% ]
tenant_apple     [   0% ]
tenant_azure     [   0% ]
tenant_google    [   0% ]
tenant_meta      [   0% ]
tenant_netflix   [   0% ]
tenant_nvidia    [   0% ]
tenant_paypal    [   0% ]
tenant_reddit    [   0% ]
tenant_slack     [   0% ]
tenant_spotify   [   0% ]
tenant_tesla     [   0% ]
tenant_uber      [   0% ]
tenant_zoom      [   0% ]

Run              [ 100% ] setup()
tenant_amazon    [   0% ]
tenant_amd       [   0% ]
tenant_apple     [   0% ]
tenant_azure     [   0% ]
tenant_google    [   0% ]
tenant_meta      [   0% ]
tenant_netflix   [   0% ]
tenant_nvidia    [   0% ]
tenant_paypal    [   0% ]
tenant_reddit    [   0% ]
tenant_slack     [   0% ]
tenant_spotify   [   0% ]
tenant_tesla     [   0% ]
tenant_uber      [   0% ]
tenant_zoom      [   0% ]

Run              [ 100% ] setup()
tenant_amazon    [   0% ]
tenant_amd       [   0% ]
tenant_apple     [   0% ]
tenant_azure     [   0% ]
tenant_google    [   0% ]
tenant_meta      [   0% ]
tenant_netflix   [   0% ]
tenant_nvidia    [   0% ]
tenant_paypal    [   0% ]
tenant_reddit    [   0% ]
tenant_slack     [   0% ]
tenant_spotify   [   0% ]
tenant_tesla     [   0% ]
tenant_uber      [   0% ]
tenant_zoom      [   0% ]

Run              [ 100% ] setup()
tenant_amazon    [   0% ]
tenant_amd       [   0% ]
tenant_apple     [   0% ]
tenant_azure     [   0% ]
tenant_google    [   0% ]
tenant_meta      [   0% ]
tenant_netflix   [   0% ]
tenant_nvidia    [   0% ]
tenant_paypal    [   0% ]
tenant_reddit    [   0% ]
tenant_slack     [   0% ]
tenant_spotify   [   0% ]
tenant_tesla     [   0% ]
tenant_uber      [   0% ]
tenant_zoom      [   0% ]

Run              [ 100% ] setup()
tenant_amazon    [   0% ]
tenant_amd       [   0% ]
tenant_apple     [   0% ]
tenant_azure     [   0% ]
tenant_google    [   0% ]
tenant_meta      [   0% ]
tenant_netflix   [   0% ]
tenant_nvidia    [   0% ]
tenant_paypal    [   0% ]
tenant_reddit    [   0% ]
tenant_slack     [   0% ]
tenant_spotify   [   0% ]
tenant_tesla     [   0% ]
tenant_uber      [   0% ]
tenant_zoom      [   0% ]

Run              [ 100% ] setup()
tenant_amazon    [   0% ]
tenant_amd       [   0% ]
tenant_apple     [   0% ]
tenant_azure     [   0% ]
tenant_google    [   0% ]
tenant_meta      [   0% ]
tenant_netflix   [   0% ]
tenant_nvidia    [   0% ]
tenant_paypal    [   0% ]
tenant_reddit    [   0% ]
tenant_slack     [   0% ]
tenant_spotify   [   0% ]
tenant_tesla     [   0% ]
tenant_uber      [   0% ]
tenant_zoom      [   0% ]

Run              [ 100% ] setup()
tenant_amazon    [   0% ]
tenant_amd       [   0% ]
tenant_apple     [   0% ]
tenant_azure     [   0% ]
tenant_google    [   0% ]
tenant_meta      [   0% ]
tenant_netflix   [   0% ]
tenant_nvidia    [   0% ]
tenant_paypal    [   0% ]
tenant_reddit    [   0% ]
tenant_slack     [   0% ]
tenant_spotify   [   0% ]
tenant_tesla     [   0% ]
tenant_uber      [   0% ]
tenant_zoom      [   0% ]

Run              [ 100% ] setup()
tenant_amazon    [   0% ]
tenant_amd       [   0% ]
tenant_apple     [   0% ]
tenant_azure     [   0% ]
tenant_google    [   0% ]
tenant_meta      [   0% ]
tenant_netflix   [   0% ]
tenant_nvidia    [   0% ]
tenant_paypal    [   0% ]
tenant_reddit    [   0% ]
tenant_slack     [   0% ]
tenant_spotify   [   0% ]
tenant_tesla     [   0% ]
tenant_uber      [   0% ]
tenant_zoom      [   0% ]

Run              [ 100% ] setup()
tenant_amazon    [   0% ]
tenant_amd       [   0% ]
tenant_apple     [   0% ]
tenant_azure     [   0% ]
tenant_google    [   0% ]
tenant_meta      [   0% ]
tenant_netflix   [   0% ]
tenant_nvidia    [   0% ]
tenant_paypal    [   0% ]
tenant_reddit    [   0% ]
tenant_slack     [   0% ]
tenant_spotify   [   0% ]
tenant_tesla     [   0% ]
tenant_uber      [   0% ]
tenant_zoom      [   0% ]

Run              [ 100% ] setup()
tenant_amazon    [   0% ]
tenant_amd       [   0% ]
tenant_apple     [   0% ]
tenant_azure     [   0% ]
tenant_google    [   0% ]
tenant_meta      [   0% ]
tenant_netflix   [   0% ]
tenant_nvidia    [   0% ]
tenant_paypal    [   0% ]
tenant_reddit    [   0% ]
tenant_slack     [   0% ]
tenant_spotify   [   0% ]
tenant_tesla     [   0% ]
tenant_uber      [   0% ]
tenant_zoom      [   0% ]

Run              [ 100% ] setup()
tenant_amazon    [   0% ]
tenant_amd       [   0% ]
tenant_apple     [   0% ]
tenant_azure     [   0% ]
tenant_google    [   0% ]
tenant_meta      [   0% ]
tenant_netflix   [   0% ]
tenant_nvidia    [   0% ]
tenant_paypal    [   0% ]
tenant_reddit    [   0% ]
tenant_slack     [   0% ]
tenant_spotify   [   0% ]
tenant_tesla     [   0% ]
tenant_uber      [   0% ]
tenant_zoom      [   0% ]

Run              [ 100% ] setup()
tenant_amazon    [   0% ]
tenant_amd       [   0% ]
tenant_apple     [   0% ]
tenant_azure     [   0% ]
tenant_google    [   0% ]
tenant_meta      [   0% ]
tenant_netflix   [   0% ]
tenant_nvidia    [   0% ]
tenant_paypal    [   0% ]
tenant_reddit    [   0% ]
tenant_slack     [   0% ]
tenant_spotify   [   0% ]
tenant_tesla     [   0% ]
tenant_uber      [   0% ]
tenant_zoom      [   0% ]

Run              [ 100% ] setup()
tenant_amazon    [   0% ]
tenant_amd       [   0% ]
tenant_apple     [   0% ]
tenant_azure     [   0% ]
tenant_google    [   0% ]
tenant_meta      [   0% ]
tenant_netflix   [   0% ]
tenant_nvidia    [   0% ]
tenant_paypal    [   0% ]
tenant_reddit    [   0% ]
tenant_slack     [   0% ]
tenant_spotify   [   0% ]
tenant_tesla     [   0% ]
tenant_uber      [   0% ]
tenant_zoom      [   0% ]

Run              [ 100% ] setup()
tenant_amazon    [   0% ]
tenant_amd       [   0% ]
tenant_apple     [   0% ]
tenant_azure     [   0% ]
tenant_google    [   0% ]
tenant_meta      [   0% ]
tenant_netflix   [   0% ]
tenant_nvidia    [   0% ]
tenant_paypal    [   0% ]
tenant_reddit    [   0% ]
tenant_slack     [   0% ]
tenant_spotify   [   0% ]
tenant_tesla     [   0% ]
tenant_uber      [   0% ]
tenant_zoom      [   0% ]

Run              [ 100% ] setup()
tenant_amazon    [   0% ]
tenant_amd       [   0% ]
tenant_apple     [   0% ]
tenant_azure     [   0% ]
tenant_google    [   0% ]
tenant_meta      [   0% ]
tenant_netflix   [   0% ]
tenant_nvidia    [   0% ]
tenant_paypal    [   0% ]
tenant_reddit    [   0% ]
tenant_slack     [   0% ]
tenant_spotify   [   0% ]
tenant_tesla     [   0% ]
tenant_uber      [   0% ]
tenant_zoom      [   0% ]

Run              [ 100% ] setup()
tenant_amazon    [   0% ]
tenant_amd       [   0% ]
tenant_apple     [   0% ]
tenant_azure     [   0% ]
tenant_google    [   0% ]
tenant_meta      [   0% ]
tenant_netflix   [   0% ]
tenant_nvidia    [   0% ]
tenant_paypal    [   0% ]
tenant_reddit    [   0% ]
tenant_slack     [   0% ]
tenant_spotify   [   0% ]
tenant_tesla     [   0% ]
tenant_uber      [   0% ]
tenant_zoom      [   0% ]

Run              [ 100% ] setup()
tenant_amazon    [   0% ]
tenant_amd       [   0% ]
tenant_apple     [   0% ]
tenant_azure     [   0% ]
tenant_google    [   0% ]
tenant_meta      [   0% ]
tenant_netflix   [   0% ]
tenant_nvidia    [   0% ]
tenant_paypal    [   0% ]
tenant_reddit    [   0% ]
tenant_slack     [   0% ]
tenant_spotify   [   0% ]
tenant_tesla     [   0% ]
tenant_uber      [   0% ]
tenant_zoom      [   0% ]

Run              [ 100% ] setup()
tenant_amazon    [   0% ]
tenant_amd       [   0% ]
tenant_apple     [   0% ]
tenant_azure     [   0% ]
tenant_google    [   0% ]
tenant_meta      [   0% ]
tenant_netflix   [   0% ]
tenant_nvidia    [   0% ]
tenant_paypal    [   0% ]
tenant_reddit    [   0% ]
tenant_slack     [   0% ]
tenant_spotify   [   0% ]
tenant_tesla     [   0% ]
tenant_uber      [   0% ]
tenant_zoom      [   0% ]

Run              [ 100% ] setup()
tenant_amazon    [   0% ]
tenant_amd       [   0% ]
tenant_apple     [   0% ]
tenant_azure     [   0% ]
tenant_google    [   0% ]
tenant_meta      [   0% ]
tenant_netflix   [   0% ]
tenant_nvidia    [   0% ]
tenant_paypal    [   0% ]
tenant_reddit    [   0% ]
tenant_slack     [   0% ]
tenant_spotify   [   0% ]
tenant_tesla     [   0% ]
tenant_uber      [   0% ]
tenant_zoom      [   0% ]

Run              [ 100% ] setup()
tenant_amazon    [   0% ]
tenant_amd       [   0% ]
tenant_apple     [   0% ]
tenant_azure     [   0% ]
tenant_google    [   0% ]
tenant_meta      [   0% ]
tenant_netflix   [   0% ]
tenant_nvidia    [   0% ]
tenant_paypal    [   0% ]
tenant_reddit    [   0% ]
tenant_slack     [   0% ]
tenant_spotify   [   0% ]
tenant_tesla     [   0% ]
tenant_uber      [   0% ]
tenant_zoom      [   0% ]

Run              [ 100% ] setup()
tenant_amazon    [   0% ]
tenant_amd       [   0% ]
tenant_apple     [   0% ]
tenant_azure     [   0% ]
tenant_google    [   0% ]
tenant_meta      [   0% ]
tenant_netflix   [   0% ]
tenant_nvidia    [   0% ]
tenant_paypal    [   0% ]
tenant_reddit    [   0% ]
tenant_slack     [   0% ]
tenant_spotify   [   0% ]
tenant_tesla     [   0% ]
tenant_uber      [   0% ]
tenant_zoom      [   0% ]

Run              [ 100% ] setup()
tenant_amazon    [   0% ]
tenant_amd       [   0% ]
tenant_apple     [   0% ]
tenant_azure     [   0% ]
tenant_google    [   0% ]
tenant_meta      [   0% ]
tenant_netflix   [   0% ]
tenant_nvidia    [   0% ]
tenant_paypal    [   0% ]
tenant_reddit    [   0% ]
tenant_slack     [   0% ]
tenant_spotify   [   0% ]
tenant_tesla     [   0% ]
tenant_uber      [   0% ]
tenant_zoom      [   0% ]

Run              [ 100% ] setup()
tenant_amazon    [   0% ]
tenant_amd       [   0% ]
tenant_apple     [   0% ]
tenant_azure     [   0% ]
tenant_google    [   0% ]
tenant_meta      [   0% ]
tenant_netflix   [   0% ]
tenant_nvidia    [   0% ]
tenant_paypal    [   0% ]
tenant_reddit    [   0% ]
tenant_slack     [   0% ]
tenant_spotify   [   0% ]
tenant_tesla     [   0% ]
tenant_uber      [   0% ]
tenant_zoom      [   0% ]

Run              [ 100% ] setup()
tenant_amazon    [   0% ]
tenant_amd       [   0% ]
tenant_apple     [   0% ]
tenant_azure     [   0% ]
tenant_google    [   0% ]
tenant_meta      [   0% ]
tenant_netflix   [   0% ]
tenant_nvidia    [   0% ]
tenant_paypal    [   0% ]
tenant_reddit    [   0% ]
tenant_slack     [   0% ]
tenant_spotify   [   0% ]
tenant_tesla     [   0% ]
tenant_uber      [   0% ]
tenant_zoom      [   0% ]

Run              [ 100% ] setup()
tenant_amazon    [   0% ]
tenant_amd       [   0% ]
tenant_apple     [   0% ]
tenant_azure     [   0% ]
tenant_google    [   0% ]
tenant_meta      [   0% ]
tenant_netflix   [   0% ]
tenant_nvidia    [   0% ]
tenant_paypal    [   0% ]
tenant_reddit    [   0% ]
tenant_slack     [   0% ]
tenant_spotify   [   0% ]
tenant_tesla     [   0% ]
tenant_uber      [   0% ]
tenant_zoom      [   0% ]

Run              [ 100% ] setup()
tenant_amazon    [   0% ]
tenant_amd       [   0% ]
tenant_apple     [   0% ]
tenant_azure     [   0% ]
tenant_google    [   0% ]
tenant_meta      [   0% ]
tenant_netflix   [   0% ]
tenant_nvidia    [   0% ]
tenant_paypal    [   0% ]
tenant_reddit    [   0% ]
tenant_slack     [   0% ]
tenant_spotify   [   0% ]
tenant_tesla     [   0% ]
tenant_uber      [   0% ]
tenant_zoom      [   0% ]

Run              [ 100% ] setup()
tenant_amazon    [   0% ]
tenant_amd       [   0% ]
tenant_apple     [   0% ]
tenant_azure     [   0% ]
tenant_google    [   0% ]
tenant_meta      [   0% ]
tenant_netflix   [   0% ]
tenant_nvidia    [   0% ]
tenant_paypal    [   0% ]
tenant_reddit    [   0% ]
tenant_slack     [   0% ]
tenant_spotify   [   0% ]
tenant_tesla     [   0% ]
tenant_uber      [   0% ]
tenant_zoom      [   0% ]

Run              [ 100% ] setup()
tenant_amazon    [   0% ]
tenant_amd       [   0% ]
tenant_apple     [   0% ]
tenant_azure     [   0% ]
tenant_google    [   0% ]
tenant_meta      [   0% ]
tenant_netflix   [   0% ]
tenant_nvidia    [   0% ]
tenant_paypal    [   0% ]
tenant_reddit    [   0% ]
tenant_slack     [   0% ]
tenant_spotify   [   0% ]
tenant_tesla     [   0% ]
tenant_uber      [   0% ]
tenant_zoom      [   0% ]

Run              [ 100% ] setup()
tenant_amazon    [   0% ]
tenant_amd       [   0% ]
tenant_apple     [   0% ]
tenant_azure     [   0% ]
tenant_google    [   0% ]
tenant_meta      [   0% ]
tenant_netflix   [   0% ]
tenant_nvidia    [   0% ]
tenant_paypal    [   0% ]
tenant_reddit    [   0% ]
tenant_slack     [   0% ]
tenant_spotify   [   0% ]
tenant_tesla     [   0% ]
tenant_uber      [   0% ]
tenant_zoom      [   0% ]

Run              [ 100% ] setup()
tenant_amazon    [   0% ]
tenant_amd       [   0% ]
tenant_apple     [   0% ]
tenant_azure     [   0% ]
tenant_google    [   0% ]
tenant_meta      [   0% ]
tenant_netflix   [   0% ]
tenant_nvidia    [   0% ]
tenant_paypal    [   0% ]
tenant_reddit    [   0% ]
tenant_slack     [   0% ]
tenant_spotify   [   0% ]
tenant_tesla     [   0% ]
tenant_uber      [   0% ]
tenant_zoom      [   0% ]

Run              [ 100% ] setup()
tenant_amazon    [   0% ]
tenant_amd       [   0% ]
tenant_apple     [   0% ]
tenant_azure     [   0% ]
tenant_google    [   0% ]
tenant_meta      [   0% ]
tenant_netflix   [   0% ]
tenant_nvidia    [   0% ]
tenant_paypal    [   0% ]
tenant_reddit    [   0% ]
tenant_slack     [   0% ]
tenant_spotify   [   0% ]
tenant_tesla     [   0% ]
tenant_uber      [   0% ]
tenant_zoom      [   0% ]

Run              [ 100% ] setup()
tenant_amazon    [   0% ]
tenant_amd       [   0% ]
tenant_apple     [   0% ]
tenant_azure     [   0% ]
tenant_google    [   0% ]
tenant_meta      [   0% ]
tenant_netflix   [   0% ]
tenant_nvidia    [   0% ]
tenant_paypal    [   0% ]
tenant_reddit    [   0% ]
tenant_slack     [   0% ]
tenant_spotify   [   0% ]
tenant_tesla     [   0% ]
tenant_uber      [   0% ]
tenant_zoom      [   0% ]

Run              [ 100% ] setup()
tenant_amazon    [   0% ]
tenant_amd       [   0% ]
tenant_apple     [   0% ]
tenant_azure     [   0% ]
tenant_google    [   0% ]
tenant_meta      [   0% ]
tenant_netflix   [   0% ]
tenant_nvidia    [   0% ]
tenant_paypal    [   0% ]
tenant_reddit    [   0% ]
tenant_slack     [   0% ]
tenant_spotify   [   0% ]
tenant_tesla     [   0% ]
tenant_uber      [   0% ]
tenant_zoom      [   0% ]

Run              [ 100% ] setup()
tenant_amazon    [   0% ]
tenant_amd       [   0% ]
tenant_apple     [   0% ]
tenant_azure     [   0% ]
tenant_google    [   0% ]
tenant_meta      [   0% ]
tenant_netflix   [   0% ]
tenant_nvidia    [   0% ]
tenant_paypal    [   0% ]
tenant_reddit    [   0% ]
tenant_slack     [   0% ]
tenant_spotify   [   0% ]
tenant_tesla     [   0% ]
tenant_uber      [   0% ]
tenant_zoom      [   0% ]

Run              [ 100% ] setup()
tenant_amazon    [   0% ]
tenant_amd       [   0% ]
tenant_apple     [   0% ]
tenant_azure     [   0% ]
tenant_google    [   0% ]
tenant_meta      [   0% ]
tenant_netflix   [   0% ]
tenant_nvidia    [   0% ]
tenant_paypal    [   0% ]
tenant_reddit    [   0% ]
tenant_slack     [   0% ]
tenant_spotify   [   0% ]
tenant_tesla     [   0% ]
tenant_uber      [   0% ]
tenant_zoom      [   0% ]

Run              [ 100% ] setup()
tenant_amazon    [   0% ]
tenant_amd       [   0% ]
tenant_apple     [   0% ]
tenant_azure     [   0% ]
tenant_google    [   0% ]
tenant_meta      [   0% ]
tenant_netflix   [   0% ]
tenant_nvidia    [   0% ]
tenant_paypal    [   0% ]
tenant_reddit    [   0% ]
tenant_slack     [   0% ]
tenant_spotify   [   0% ]
tenant_tesla     [   0% ]
tenant_uber      [   0% ]
tenant_zoom      [   0% ]

Run              [ 100% ] setup()
tenant_amazon    [   0% ]
tenant_amd       [   0% ]
tenant_apple     [   0% ]
tenant_azure     [   0% ]
tenant_google    [   0% ]
tenant_meta      [   0% ]
tenant_netflix   [   0% ]
tenant_nvidia    [   0% ]
tenant_paypal    [   0% ]
tenant_reddit    [   0% ]
tenant_slack     [   0% ]
tenant_spotify   [   0% ]
tenant_tesla     [   0% ]
tenant_uber      [   0% ]
tenant_zoom      [   0% ]

Run              [ 100% ] setup()
tenant_amazon    [   0% ]
tenant_amd       [   0% ]
tenant_apple     [   0% ]
tenant_azure     [   0% ]
tenant_google    [   0% ]
tenant_meta      [   0% ]
tenant_netflix   [   0% ]
tenant_nvidia    [   0% ]
tenant_paypal    [   0% ]
tenant_reddit    [   0% ]
tenant_slack     [   0% ]
tenant_spotify   [   0% ]
tenant_tesla     [   0% ]
tenant_uber      [   0% ]
tenant_zoom      [   0% ]

Run              [ 100% ] setup()
tenant_amazon    [   0% ]
tenant_amd       [   0% ]
tenant_apple     [   0% ]
tenant_azure     [   0% ]
tenant_google    [   0% ]
tenant_meta      [   0% ]
tenant_netflix   [   0% ]
tenant_nvidia    [   0% ]
tenant_paypal    [   0% ]
tenant_reddit    [   0% ]
tenant_slack     [   0% ]
tenant_spotify   [   0% ]
tenant_tesla     [   0% ]
tenant_uber      [   0% ]
tenant_zoom      [   0% ]

Run              [ 100% ] setup()
tenant_amazon    [   0% ]
tenant_amd       [   0% ]
tenant_apple     [   0% ]
tenant_azure     [   0% ]
tenant_google    [   0% ]
tenant_meta      [   0% ]
tenant_netflix   [   0% ]
tenant_nvidia    [   0% ]
tenant_paypal    [   0% ]
tenant_reddit    [   0% ]
tenant_slack     [   0% ]
tenant_spotify   [   0% ]
tenant_tesla     [   0% ]
tenant_uber      [   0% ]
tenant_zoom      [   0% ]

Run              [ 100% ] setup()
tenant_amazon    [   0% ]
tenant_amd       [   0% ]
tenant_apple     [   0% ]
tenant_azure     [   0% ]
tenant_google    [   0% ]
tenant_meta      [   0% ]
tenant_netflix   [   0% ]
tenant_nvidia    [   0% ]
tenant_paypal    [   0% ]
tenant_reddit    [   0% ]
tenant_slack     [   0% ]
tenant_spotify   [   0% ]
tenant_tesla     [   0% ]
tenant_uber      [   0% ]
tenant_zoom      [   0% ]

Run              [ 100% ] setup()
tenant_amazon    [   0% ]
tenant_amd       [   0% ]
tenant_apple     [   0% ]
tenant_azure     [   0% ]
tenant_google    [   0% ]
tenant_meta      [   0% ]
tenant_netflix   [   0% ]
tenant_nvidia    [   0% ]
tenant_paypal    [   0% ]
tenant_reddit    [   0% ]
tenant_slack     [   0% ]
tenant_spotify   [   0% ]
tenant_tesla     [   0% ]
tenant_uber      [   0% ]
tenant_zoom      [   0% ]

Run              [ 100% ] setup()
tenant_amazon    [   0% ]
tenant_amd       [   0% ]
tenant_apple     [   0% ]
tenant_azure     [   0% ]
tenant_google    [   0% ]
tenant_meta      [   0% ]
tenant_netflix   [   0% ]
tenant_nvidia    [   0% ]
tenant_paypal    [   0% ]
tenant_reddit    [   0% ]
tenant_slack     [   0% ]
tenant_spotify   [   0% ]
tenant_tesla     [   0% ]
tenant_uber      [   0% ]
tenant_zoom      [   0% ]

Run              [ 100% ] setup()
tenant_amazon    [   0% ]
tenant_amd       [   0% ]
tenant_apple     [   0% ]
tenant_azure     [   0% ]
tenant_google    [   0% ]
tenant_meta      [   0% ]
tenant_netflix   [   0% ]
tenant_nvidia    [   0% ]
tenant_paypal    [   0% ]
tenant_reddit    [   0% ]
tenant_slack     [   0% ]
tenant_spotify   [   0% ]
tenant_tesla     [   0% ]
tenant_uber      [   0% ]
tenant_zoom      [   0% ]

Run              [ 100% ] setup()
tenant_amazon    [   0% ]
tenant_amd       [   0% ]
tenant_apple     [   0% ]
tenant_azure     [   0% ]
tenant_google    [   0% ]
tenant_meta      [   0% ]
tenant_netflix   [   0% ]
tenant_nvidia    [   0% ]
tenant_paypal    [   0% ]
tenant_reddit    [   0% ]
tenant_slack     [   0% ]
tenant_spotify   [   0% ]
tenant_tesla     [   0% ]
tenant_uber      [   0% ]
tenant_zoom      [   0% ]

Run              [ 100% ] setup()
tenant_amazon    [   0% ]
tenant_amd       [   0% ]
tenant_apple     [   0% ]
tenant_azure     [   0% ]
tenant_google    [   0% ]
tenant_meta      [   0% ]
tenant_netflix   [   0% ]
tenant_nvidia    [   0% ]
tenant_paypal    [   0% ]
tenant_reddit    [   0% ]
tenant_slack     [   0% ]
tenant_spotify   [   0% ]
tenant_tesla     [   0% ]
tenant_uber      [   0% ]
tenant_zoom      [   0% ]

Run              [ 100% ] setup()
tenant_amazon    [   0% ]
tenant_amd       [   0% ]
tenant_apple     [   0% ]
tenant_azure     [   0% ]
tenant_google    [   0% ]
tenant_meta      [   0% ]
tenant_netflix   [   0% ]
tenant_nvidia    [   0% ]
tenant_paypal    [   0% ]
tenant_reddit    [   0% ]
tenant_slack     [   0% ]
tenant_spotify   [   0% ]
tenant_tesla     [   0% ]
tenant_uber      [   0% ]
tenant_zoom      [   0% ]

Run              [ 100% ] setup()
tenant_amazon    [   0% ]
tenant_amd       [   0% ]
tenant_apple     [   0% ]
tenant_azure     [   0% ]
tenant_google    [   0% ]
tenant_meta      [   0% ]
tenant_netflix   [   0% ]
tenant_nvidia    [   0% ]
tenant_paypal    [   0% ]
tenant_reddit    [   0% ]
tenant_slack     [   0% ]
tenant_spotify   [   0% ]
tenant_tesla     [   0% ]
tenant_uber      [   0% ]
tenant_zoom      [   0% ]

Run              [ 100% ] setup()
tenant_amazon    [   0% ]
tenant_amd       [   0% ]
tenant_apple     [   0% ]
tenant_azure     [   0% ]
tenant_google    [   0% ]
tenant_meta      [   0% ]
tenant_netflix   [   0% ]
tenant_nvidia    [   0% ]
tenant_paypal    [   0% ]
tenant_reddit    [   0% ]
tenant_slack     [   0% ]
tenant_spotify   [   0% ]
tenant_tesla     [   0% ]
tenant_uber      [   0% ]
tenant_zoom      [   0% ]

Run              [ 100% ] setup()
tenant_amazon    [   0% ]
tenant_amd       [   0% ]
tenant_apple     [   0% ]
tenant_azure     [   0% ]
tenant_google    [   0% ]
tenant_meta      [   0% ]
tenant_netflix   [   0% ]
tenant_nvidia    [   0% ]
tenant_paypal    [   0% ]
tenant_reddit    [   0% ]
tenant_slack     [   0% ]
tenant_spotify   [   0% ]
tenant_tesla     [   0% ]
tenant_uber      [   0% ]
tenant_zoom      [   0% ]

Run              [ 100% ] setup()
tenant_amazon    [   0% ]
tenant_amd       [   0% ]
tenant_apple     [   0% ]
tenant_azure     [   0% ]
tenant_google    [   0% ]
tenant_meta      [   0% ]
tenant_netflix   [   0% ]
tenant_nvidia    [   0% ]
tenant_paypal    [   0% ]
tenant_reddit    [   0% ]
tenant_slack     [   0% ]
tenant_spotify   [   0% ]
tenant_tesla     [   0% ]
tenant_uber      [   0% ]
tenant_zoom      [   0% ]

Run              [ 100% ] setup()
tenant_amazon    [   0% ]
tenant_amd       [   0% ]
tenant_apple     [   0% ]
tenant_azure     [   0% ]
tenant_google    [   0% ]
tenant_meta      [   0% ]
tenant_netflix   [   0% ]
tenant_nvidia    [   0% ]
tenant_paypal    [   0% ]
tenant_reddit    [   0% ]
tenant_slack     [   0% ]
tenant_spotify   [   0% ]
tenant_tesla     [   0% ]
tenant_uber      [   0% ]
tenant_zoom      [   0% ]

Run              [ 100% ] setup()
tenant_amazon    [   0% ]
tenant_amd       [   0% ]
tenant_apple     [   0% ]
tenant_azure     [   0% ]
tenant_google    [   0% ]
tenant_meta      [   0% ]
tenant_netflix   [   0% ]
tenant_nvidia    [   0% ]
tenant_paypal    [   0% ]
tenant_reddit    [   0% ]
tenant_slack     [   0% ]
tenant_spotify   [   0% ]
tenant_tesla     [   0% ]
tenant_uber      [   0% ]
tenant_zoom      [   0% ]

Run              [ 100% ] setup()
tenant_amazon    [   0% ]
tenant_amd       [   0% ]
tenant_apple     [   0% ]
tenant_azure     [   0% ]
tenant_google    [   0% ]
tenant_meta      [   0% ]
tenant_netflix   [   0% ]
tenant_nvidia    [   0% ]
tenant_paypal    [   0% ]
tenant_reddit    [   0% ]
tenant_slack     [   0% ]
tenant_spotify   [   0% ]
tenant_tesla     [   0% ]
tenant_uber      [   0% ]
tenant_zoom      [   0% ]

Run              [ 100% ] setup()
tenant_amazon    [   0% ]
tenant_amd       [   0% ]
tenant_apple     [   0% ]
tenant_azure     [   0% ]
tenant_google    [   0% ]
tenant_meta      [   0% ]
tenant_netflix   [   0% ]
tenant_nvidia    [   0% ]
tenant_paypal    [   0% ]
tenant_reddit    [   0% ]
tenant_slack     [   0% ]
tenant_spotify   [   0% ]
tenant_tesla     [   0% ]
tenant_uber      [   0% ]
tenant_zoom      [   0% ]

Run              [ 100% ] setup()
tenant_amazon    [   0% ]
tenant_amd       [   0% ]
tenant_apple     [   0% ]
tenant_azure     [   0% ]
tenant_google    [   0% ]
tenant_meta      [   0% ]
tenant_netflix   [   0% ]
tenant_nvidia    [   0% ]
tenant_paypal    [   0% ]
tenant_reddit    [   0% ]
tenant_slack     [   0% ]
tenant_spotify   [   0% ]
tenant_tesla     [   0% ]
tenant_uber      [   0% ]
tenant_zoom      [   0% ]

Run              [ 100% ] setup()
tenant_amazon    [   0% ]
tenant_amd       [   0% ]
tenant_apple     [   0% ]
tenant_azure     [   0% ]
tenant_google    [   0% ]
tenant_meta      [   0% ]
tenant_netflix   [   0% ]
tenant_nvidia    [   0% ]
tenant_paypal    [   0% ]
tenant_reddit    [   0% ]
tenant_slack     [   0% ]
tenant_spotify   [   0% ]
tenant_tesla     [   0% ]
tenant_uber      [   0% ]
tenant_zoom      [   0% ]

Run              [ 100% ] setup()
tenant_amazon    [   0% ]
tenant_amd       [   0% ]
tenant_apple     [   0% ]
tenant_azure     [   0% ]
tenant_google    [   0% ]
tenant_meta      [   0% ]
tenant_netflix   [   0% ]
tenant_nvidia    [   0% ]
tenant_paypal    [   0% ]
tenant_reddit    [   0% ]
tenant_slack     [   0% ]
tenant_spotify   [   0% ]
tenant_tesla     [   0% ]
tenant_uber      [   0% ]
tenant_zoom      [   0% ]

Run              [ 100% ] setup()
tenant_amazon    [   0% ]
tenant_amd       [   0% ]
tenant_apple     [   0% ]
tenant_azure     [   0% ]
tenant_google    [   0% ]
tenant_meta      [   0% ]
tenant_netflix   [   0% ]
tenant_nvidia    [   0% ]
tenant_paypal    [   0% ]
tenant_reddit    [   0% ]
tenant_slack     [   0% ]
tenant_spotify   [   0% ]
tenant_tesla     [   0% ]
tenant_uber      [   0% ]
tenant_zoom      [   0% ]

Run              [ 100% ] setup()
tenant_amazon    [   0% ]
tenant_amd       [   0% ]
tenant_apple     [   0% ]
tenant_azure     [   0% ]
tenant_google    [   0% ]
tenant_meta      [   0% ]
tenant_netflix   [   0% ]
tenant_nvidia    [   0% ]
tenant_paypal    [   0% ]
tenant_reddit    [   0% ]
tenant_slack     [   0% ]
tenant_spotify   [   0% ]
tenant_tesla     [   0% ]
tenant_uber      [   0% ]
tenant_zoom      [   0% ]

Run              [ 100% ] setup()
tenant_amazon    [   0% ]
tenant_amd       [   0% ]
tenant_apple     [   0% ]
tenant_azure     [   0% ]
tenant_google    [   0% ]
tenant_meta      [   0% ]
tenant_netflix   [   0% ]
tenant_nvidia    [   0% ]
tenant_paypal    [   0% ]
tenant_reddit    [   0% ]
tenant_slack     [   0% ]
tenant_spotify   [   0% ]
tenant_tesla     [   0% ]
tenant_uber      [   0% ]
tenant_zoom      [   0% ]

Run              [ 100% ] setup()
tenant_amazon    [   0% ]
tenant_amd       [   0% ]
tenant_apple     [   0% ]
tenant_azure     [   0% ]
tenant_google    [   0% ]
tenant_meta      [   0% ]
tenant_netflix   [   0% ]
tenant_nvidia    [   0% ]
tenant_paypal    [   0% ]
tenant_reddit    [   0% ]
tenant_slack     [   0% ]
tenant_spotify   [   0% ]
tenant_tesla     [   0% ]
tenant_uber      [   0% ]
tenant_zoom      [   0% ]

Run              [ 100% ] setup()
tenant_amazon    [   0% ]
tenant_amd       [   0% ]
tenant_apple     [   0% ]
tenant_azure     [   0% ]
tenant_google    [   0% ]
tenant_meta      [   0% ]
tenant_netflix   [   0% ]
tenant_nvidia    [   0% ]
tenant_paypal    [   0% ]
tenant_reddit    [   0% ]
tenant_slack     [   0% ]
tenant_spotify   [   0% ]
tenant_tesla     [   0% ]
tenant_uber      [   0% ]
tenant_zoom      [   0% ]

Run              [ 100% ] setup()
tenant_amazon    [   0% ]
tenant_amd       [   0% ]
tenant_apple     [   0% ]
tenant_azure     [   0% ]
tenant_google    [   0% ]
tenant_meta      [   0% ]
tenant_netflix   [   0% ]
tenant_nvidia    [   0% ]
tenant_paypal    [   0% ]
tenant_reddit    [   0% ]
tenant_slack     [   0% ]
tenant_spotify   [   0% ]
tenant_tesla     [   0% ]
tenant_uber      [   0% ]
tenant_zoom      [   0% ]

Run              [ 100% ] setup()
tenant_amazon    [   0% ]
tenant_amd       [   0% ]
tenant_apple     [   0% ]
tenant_azure     [   0% ]
tenant_google    [   0% ]
tenant_meta      [   0% ]
tenant_netflix   [   0% ]
tenant_nvidia    [   0% ]
tenant_paypal    [   0% ]
tenant_reddit    [   0% ]
tenant_slack     [   0% ]
tenant_spotify   [   0% ]
tenant_tesla     [   0% ]
tenant_uber      [   0% ]
tenant_zoom      [   0% ]

Run              [ 100% ] setup()
tenant_amazon    [   0% ]
tenant_amd       [   0% ]
tenant_apple     [   0% ]
tenant_azure     [   0% ]
tenant_google    [   0% ]
tenant_meta      [   0% ]
tenant_netflix   [   0% ]
tenant_nvidia    [   0% ]
tenant_paypal    [   0% ]
tenant_reddit    [   0% ]
tenant_slack     [   0% ]
tenant_spotify   [   0% ]
tenant_tesla     [   0% ]
tenant_uber      [   0% ]
tenant_zoom      [   0% ]

Run              [ 100% ] setup()
tenant_amazon    [   0% ]
tenant_amd       [   0% ]
tenant_apple     [   0% ]
tenant_azure     [   0% ]
tenant_google    [   0% ]
tenant_meta      [   0% ]
tenant_netflix   [   0% ]
tenant_nvidia    [   0% ]
tenant_paypal    [   0% ]
tenant_reddit    [   0% ]
tenant_slack     [   0% ]
tenant_spotify   [   0% ]
tenant_tesla     [   0% ]
tenant_uber      [   0% ]
tenant_zoom      [   0% ]

Run              [ 100% ] setup()
tenant_amazon    [   0% ]
tenant_amd       [   0% ]
tenant_apple     [   0% ]
tenant_azure     [   0% ]
tenant_google    [   0% ]
tenant_meta      [   0% ]
tenant_netflix   [   0% ]
tenant_nvidia    [   0% ]
tenant_paypal    [   0% ]
tenant_reddit    [   0% ]
tenant_slack     [   0% ]
tenant_spotify   [   0% ]
tenant_tesla     [   0% ]
tenant_uber      [   0% ]
tenant_zoom      [   0% ]

Run              [ 100% ] setup()
tenant_amazon    [   0% ]
tenant_amd       [   0% ]
tenant_apple     [   0% ]
tenant_azure     [   0% ]
tenant_google    [   0% ]
tenant_meta      [   0% ]
tenant_netflix   [   0% ]
tenant_nvidia    [   0% ]
tenant_paypal    [   0% ]
tenant_reddit    [   0% ]
tenant_slack     [   0% ]
tenant_spotify   [   0% ]
tenant_tesla     [   0% ]
tenant_uber      [   0% ]
tenant_zoom      [   0% ]

Run              [ 100% ] setup()
tenant_amazon    [   0% ]
tenant_amd       [   0% ]
tenant_apple     [   0% ]
tenant_azure     [   0% ]
tenant_google    [   0% ]
tenant_meta      [   0% ]
tenant_netflix   [   0% ]
tenant_nvidia    [   0% ]
tenant_paypal    [   0% ]
tenant_reddit    [   0% ]
tenant_slack     [   0% ]
tenant_spotify   [   0% ]
tenant_tesla     [   0% ]
tenant_uber      [   0% ]
tenant_zoom      [   0% ]

Run              [ 100% ] setup()
tenant_amazon    [   0% ]
tenant_amd       [   0% ]
tenant_apple     [   0% ]
tenant_azure     [   0% ]
tenant_google    [   0% ]
tenant_meta      [   0% ]
tenant_netflix   [   0% ]
tenant_nvidia    [   0% ]
tenant_paypal    [   0% ]
tenant_reddit    [   0% ]
tenant_slack     [   0% ]
tenant_spotify   [   0% ]
tenant_tesla     [   0% ]
tenant_uber      [   0% ]
tenant_zoom      [   0% ]

Run              [ 100% ] setup()
tenant_amazon    [   0% ]
tenant_amd       [   0% ]
tenant_apple     [   0% ]
tenant_azure     [   0% ]
tenant_google    [   0% ]
tenant_meta      [   0% ]
tenant_netflix   [   0% ]
tenant_nvidia    [   0% ]
tenant_paypal    [   0% ]
tenant_reddit    [   0% ]
tenant_slack     [   0% ]
tenant_spotify   [   0% ]
tenant_tesla     [   0% ]
tenant_uber      [   0% ]
tenant_zoom      [   0% ]

Run              [ 100% ] setup()
tenant_amazon    [   0% ]
tenant_amd       [   0% ]
tenant_apple     [   0% ]
tenant_azure     [   0% ]
tenant_google    [   0% ]
tenant_meta      [   0% ]
tenant_netflix   [   0% ]
tenant_nvidia    [   0% ]
tenant_paypal    [   0% ]
tenant_reddit    [   0% ]
tenant_slack     [   0% ]
tenant_spotify   [   0% ]
tenant_tesla     [   0% ]
tenant_uber      [   0% ]
tenant_zoom      [   0% ]

Run              [ 100% ] setup()
tenant_amazon    [   0% ]
tenant_amd       [   0% ]
tenant_apple     [   0% ]
tenant_azure     [   0% ]
tenant_google    [   0% ]
tenant_meta      [   0% ]
tenant_netflix   [   0% ]
tenant_nvidia    [   0% ]
tenant_paypal    [   0% ]
tenant_reddit    [   0% ]
tenant_slack     [   0% ]
tenant_spotify   [   0% ]
tenant_tesla     [   0% ]
tenant_uber      [   0% ]
tenant_zoom      [   0% ]

Run              [ 100% ] setup()
tenant_amazon    [   0% ]
tenant_amd       [   0% ]
tenant_apple     [   0% ]
tenant_azure     [   0% ]
tenant_google    [   0% ]
tenant_meta      [   0% ]
tenant_netflix   [   0% ]
tenant_nvidia    [   0% ]
tenant_paypal    [   0% ]
tenant_reddit    [   0% ]
tenant_slack     [   0% ]
tenant_spotify   [   0% ]
tenant_tesla     [   0% ]
tenant_uber      [   0% ]
tenant_zoom      [   0% ]

Run              [ 100% ] setup()
tenant_amazon    [   0% ]
tenant_amd       [   0% ]
tenant_apple     [   0% ]
tenant_azure     [   0% ]
tenant_google    [   0% ]
tenant_meta      [   0% ]
tenant_netflix   [   0% ]
tenant_nvidia    [   0% ]
tenant_paypal    [   0% ]
tenant_reddit    [   0% ]
tenant_slack     [   0% ]
tenant_spotify   [   0% ]
tenant_tesla     [   0% ]
tenant_uber      [   0% ]
tenant_zoom      [   0% ]

Run              [ 100% ] setup()
tenant_amazon    [   0% ]
tenant_amd       [   0% ]
tenant_apple     [   0% ]
tenant_azure     [   0% ]
tenant_google    [   0% ]
tenant_meta      [   0% ]
tenant_netflix   [   0% ]
tenant_nvidia    [   0% ]
tenant_paypal    [   0% ]
tenant_reddit    [   0% ]
tenant_slack     [   0% ]
tenant_spotify   [   0% ]
tenant_tesla     [   0% ]
tenant_uber      [   0% ]
tenant_zoom      [   0% ]

Run              [ 100% ] setup()
tenant_amazon    [   0% ]
tenant_amd       [   0% ]
tenant_apple     [   0% ]
tenant_azure     [   0% ]
tenant_google    [   0% ]
tenant_meta      [   0% ]
tenant_netflix   [   0% ]
tenant_nvidia    [   0% ]
tenant_paypal    [   0% ]
tenant_reddit    [   0% ]
tenant_slack     [   0% ]
tenant_spotify   [   0% ]
tenant_tesla     [   0% ]
tenant_uber      [   0% ]
tenant_zoom      [   0% ]

running (1m19.0s), 000/450 VUs, 0 complete and 0 interrupted iterations
tenant_amazon    [   0% ] 00/30 VUs  0m00.5s/3m00.0s
tenant_amd       [   0% ] 00/30 VUs  0m00.5s/3m00.0s
tenant_apple     [   0% ] 00/30 VUs  0m00.5s/3m00.0s
tenant_azure     [   0% ] 00/30 VUs  0m00.5s/3m00.0s
tenant_google    [   0% ] 00/30 VUs  0m00.5s/3m00.0s
tenant_meta      [   0% ] 00/30 VUs  0m00.5s/3m00.0s
tenant_netflix   [   0% ] 00/30 VUs  0m00.5s/3m00.0s
tenant_nvidia    [   0% ] 00/30 VUs  0m00.5s/3m00.0s
tenant_paypal    [   0% ] 00/30 VUs  0m00.5s/3m00.0s
tenant_reddit    [   0% ] 00/30 VUs  0m00.5s/3m00.0s
tenant_slack     [   0% ] 00/30 VUs  0m00.5s/3m00.0s
tenant_spotify   [   0% ] 00/30 VUs  0m00.5s/3m00.0s
tenant_tesla     [   0% ] 00/30 VUs  0m00.5s/3m00.0s
tenant_uber      [   0% ] 00/30 VUs  0m00.5s/3m00.0s
tenant_zoom      [   0% ] 00/30 VUs  0m00.5s/3m00.0s

running (1m20.0s), 015/450 VUs, 0 complete and 0 interrupted iterations
tenant_amazon    [   1% ] 01/30 VUs  0m01.5s/3m00.0s
tenant_amd       [   1% ] 01/30 VUs  0m01.5s/3m00.0s
tenant_apple     [   1% ] 01/30 VUs  0m01.5s/3m00.0s
tenant_azure     [   1% ] 01/30 VUs  0m01.5s/3m00.0s
tenant_google    [   1% ] 01/30 VUs  0m01.5s/3m00.0s
tenant_meta      [   1% ] 01/30 VUs  0m01.5s/3m00.0s
tenant_netflix   [   1% ] 01/30 VUs  0m01.5s/3m00.0s
tenant_nvidia    [   1% ] 01/30 VUs  0m01.5s/3m00.0s
tenant_paypal    [   1% ] 01/30 VUs  0m01.5s/3m00.0s
tenant_reddit    [   1% ] 01/30 VUs  0m01.5s/3m00.0s
tenant_slack     [   1% ] 01/30 VUs  0m01.5s/3m00.0s
tenant_spotify   [   1% ] 01/30 VUs  0m01.5s/3m00.0s
tenant_tesla     [   1% ] 01/30 VUs  0m01.5s/3m00.0s
tenant_uber      [   1% ] 01/30 VUs  0m01.5s/3m00.0s
tenant_zoom      [   1% ] 01/30 VUs  0m01.5s/3m00.0s

running (1m21.0s), 030/450 VUs, 13 complete and 0 interrupted iterations
tenant_amazon    [   1% ] 02/30 VUs  0m02.5s/3m00.0s
tenant_amd       [   1% ] 02/30 VUs  0m02.5s/3m00.0s
tenant_apple     [   1% ] 02/30 VUs  0m02.5s/3m00.0s
tenant_azure     [   1% ] 02/30 VUs  0m02.5s/3m00.0s
tenant_google    [   1% ] 02/30 VUs  0m02.5s/3m00.0s
tenant_meta      [   1% ] 02/30 VUs  0m02.5s/3m00.0s
tenant_netflix   [   1% ] 02/30 VUs  0m02.5s/3m00.0s
tenant_nvidia    [   1% ] 02/30 VUs  0m02.5s/3m00.0s
tenant_paypal    [   1% ] 02/30 VUs  0m02.5s/3m00.0s
tenant_reddit    [   1% ] 02/30 VUs  0m02.5s/3m00.0s
tenant_slack     [   1% ] 02/30 VUs  0m02.5s/3m00.0s
tenant_spotify   [   1% ] 02/30 VUs  0m02.5s/3m00.0s
tenant_tesla     [   1% ] 02/30 VUs  0m02.5s/3m00.0s
tenant_uber      [   1% ] 02/30 VUs  0m02.5s/3m00.0s
tenant_zoom      [   1% ] 02/30 VUs  0m02.5s/3m00.0s

running (1m22.0s), 045/450 VUs, 51 complete and 0 interrupted iterations
tenant_amazon    [   2% ] 03/30 VUs  0m03.5s/3m00.0s
tenant_amd       [   2% ] 03/30 VUs  0m03.5s/3m00.0s
tenant_apple     [   2% ] 03/30 VUs  0m03.5s/3m00.0s
tenant_azure     [   2% ] 03/30 VUs  0m03.5s/3m00.0s
tenant_google    [   2% ] 03/30 VUs  0m03.5s/3m00.0s
tenant_meta      [   2% ] 03/30 VUs  0m03.5s/3m00.0s
tenant_netflix   [   2% ] 03/30 VUs  0m03.5s/3m00.0s
tenant_nvidia    [   2% ] 03/30 VUs  0m03.5s/3m00.0s
tenant_paypal    [   2% ] 03/30 VUs  0m03.5s/3m00.0s
tenant_reddit    [   2% ] 03/30 VUs  0m03.5s/3m00.0s
tenant_slack     [   2% ] 03/30 VUs  0m03.5s/3m00.0s
tenant_spotify   [   2% ] 03/30 VUs  0m03.5s/3m00.0s
tenant_tesla     [   2% ] 03/30 VUs  0m03.5s/3m00.0s
tenant_uber      [   2% ] 03/30 VUs  0m03.5s/3m00.0s
tenant_zoom      [   2% ] 03/30 VUs  0m03.5s/3m00.0s

running (1m23.0s), 060/450 VUs, 83 complete and 0 interrupted iterations
tenant_amazon    [   3% ] 04/30 VUs  0m04.5s/3m00.0s
tenant_amd       [   3% ] 04/30 VUs  0m04.5s/3m00.0s
tenant_apple     [   3% ] 04/30 VUs  0m04.5s/3m00.0s
tenant_azure     [   3% ] 04/30 VUs  0m04.5s/3m00.0s
tenant_google    [   3% ] 04/30 VUs  0m04.5s/3m00.0s
tenant_meta      [   3% ] 04/30 VUs  0m04.5s/3m00.0s
tenant_netflix   [   3% ] 04/30 VUs  0m04.5s/3m00.0s
tenant_nvidia    [   3% ] 04/30 VUs  0m04.5s/3m00.0s
tenant_paypal    [   3% ] 04/30 VUs  0m04.5s/3m00.0s
tenant_reddit    [   3% ] 04/30 VUs  0m04.5s/3m00.0s
tenant_slack     [   3% ] 04/30 VUs  0m04.5s/3m00.0s
tenant_spotify   [   3% ] 04/30 VUs  0m04.5s/3m00.0s
tenant_tesla     [   3% ] 04/30 VUs  0m04.5s/3m00.0s
tenant_uber      [   3% ] 04/30 VUs  0m04.5s/3m00.0s
tenant_zoom      [   3% ] 04/30 VUs  0m04.5s/3m00.0s

running (1m24.0s), 075/450 VUs, 171 complete and 0 interrupted iterations
tenant_amazon    [   3% ] 05/30 VUs  0m05.5s/3m00.0s
tenant_amd       [   3% ] 05/30 VUs  0m05.5s/3m00.0s
tenant_apple     [   3% ] 05/30 VUs  0m05.5s/3m00.0s
tenant_azure     [   3% ] 05/30 VUs  0m05.5s/3m00.0s
tenant_google    [   3% ] 05/30 VUs  0m05.5s/3m00.0s
tenant_meta      [   3% ] 05/30 VUs  0m05.5s/3m00.0s
tenant_netflix   [   3% ] 05/30 VUs  0m05.5s/3m00.0s
tenant_nvidia    [   3% ] 05/30 VUs  0m05.5s/3m00.0s
tenant_paypal    [   3% ] 05/30 VUs  0m05.5s/3m00.0s
tenant_reddit    [   3% ] 05/30 VUs  0m05.5s/3m00.0s
tenant_slack     [   3% ] 05/30 VUs  0m05.5s/3m00.0s
tenant_spotify   [   3% ] 05/30 VUs  0m05.5s/3m00.0s
tenant_tesla     [   3% ] 05/30 VUs  0m05.5s/3m00.0s
tenant_uber      [   3% ] 05/30 VUs  0m05.5s/3m00.0s
tenant_zoom      [   3% ] 05/30 VUs  0m05.5s/3m00.0s

running (1m25.0s), 090/450 VUs, 258 complete and 0 interrupted iterations
tenant_amazon    [   4% ] 06/30 VUs  0m06.5s/3m00.0s
tenant_amd       [   4% ] 06/30 VUs  0m06.5s/3m00.0s
tenant_apple     [   4% ] 06/30 VUs  0m06.5s/3m00.0s
tenant_azure     [   4% ] 06/30 VUs  0m06.5s/3m00.0s
tenant_google    [   4% ] 06/30 VUs  0m06.5s/3m00.0s
tenant_meta      [   4% ] 06/30 VUs  0m06.5s/3m00.0s
tenant_netflix   [   4% ] 06/30 VUs  0m06.5s/3m00.0s
tenant_nvidia    [   4% ] 06/30 VUs  0m06.5s/3m00.0s
tenant_paypal    [   4% ] 06/30 VUs  0m06.5s/3m00.0s
tenant_reddit    [   4% ] 06/30 VUs  0m06.5s/3m00.0s
tenant_slack     [   4% ] 06/30 VUs  0m06.5s/3m00.0s
tenant_spotify   [   4% ] 06/30 VUs  0m06.5s/3m00.0s
tenant_tesla     [   4% ] 06/30 VUs  0m06.5s/3m00.0s
tenant_uber      [   4% ] 06/30 VUs  0m06.5s/3m00.0s
tenant_zoom      [   4% ] 06/30 VUs  0m06.5s/3m00.0s

running (1m26.0s), 105/450 VUs, 415 complete and 0 interrupted iterations
tenant_amazon    [   4% ] 07/30 VUs  0m07.5s/3m00.0s
tenant_amd       [   4% ] 07/30 VUs  0m07.5s/3m00.0s
tenant_apple     [   4% ] 07/30 VUs  0m07.5s/3m00.0s
tenant_azure     [   4% ] 07/30 VUs  0m07.5s/3m00.0s
tenant_google    [   4% ] 07/30 VUs  0m07.5s/3m00.0s
tenant_meta      [   4% ] 07/30 VUs  0m07.5s/3m00.0s
tenant_netflix   [   4% ] 07/30 VUs  0m07.5s/3m00.0s
tenant_nvidia    [   4% ] 07/30 VUs  0m07.5s/3m00.0s
tenant_paypal    [   4% ] 07/30 VUs  0m07.5s/3m00.0s
tenant_reddit    [   4% ] 07/30 VUs  0m07.5s/3m00.0s
tenant_slack     [   4% ] 07/30 VUs  0m07.5s/3m00.0s
tenant_spotify   [   4% ] 07/30 VUs  0m07.5s/3m00.0s
tenant_tesla     [   4% ] 07/30 VUs  0m07.5s/3m00.0s
tenant_uber      [   4% ] 07/30 VUs  0m07.5s/3m00.0s
tenant_zoom      [   4% ] 07/30 VUs  0m07.5s/3m00.0s

running (1m26.8s), 120/450 VUs, 478 complete and 0 interrupted iterations
tenant_amazon    [   5% ] 08/30 VUs  0m08.3s/3m00.0s
tenant_amd       [   5% ] 08/30 VUs  0m08.3s/3m00.0s
tenant_apple     [   5% ] 08/30 VUs  0m08.3s/3m00.0s
tenant_azure     [   5% ] 08/30 VUs  0m08.3s/3m00.0s
tenant_google    [   5% ] 08/30 VUs  0m08.3s/3m00.0s
tenant_meta      [   5% ] 08/30 VUs  0m08.3s/3m00.0s
tenant_netflix   [   5% ] 08/30 VUs  0m08.3s/3m00.0s
tenant_nvidia    [   5% ] 08/30 VUs  0m08.3s/3m00.0s
tenant_paypal    [   5% ] 08/30 VUs  0m08.3s/3m00.0s
tenant_reddit    [   5% ] 08/30 VUs  0m08.3s/3m00.0s
tenant_slack     [   5% ] 08/30 VUs  0m08.3s/3m00.0s
tenant_spotify   [   5% ] 08/30 VUs  0m08.3s/3m00.0s
tenant_tesla     [   5% ] 08/30 VUs  0m08.3s/3m00.0s
tenant_uber      [   5% ] 08/30 VUs  0m08.3s/3m00.0s
tenant_zoom      [   5% ] 08/30 VUs  0m08.3s/3m00.0s

running (1m27.0s), 120/450 VUs, 508 complete and 0 interrupted iterations
tenant_amazon    [   5% ] 08/30 VUs  0m08.5s/3m00.0s
tenant_amd       [   5% ] 08/30 VUs  0m08.5s/3m00.0s
tenant_apple     [   5% ] 08/30 VUs  0m08.5s/3m00.0s
tenant_azure     [   5% ] 08/30 VUs  0m08.5s/3m00.0s
tenant_google    [   5% ] 08/30 VUs  0m08.5s/3m00.0s
tenant_meta      [   5% ] 08/30 VUs  0m08.5s/3m00.0s
tenant_netflix   [   5% ] 08/30 VUs  0m08.5s/3m00.0s
tenant_nvidia    [   5% ] 08/30 VUs  0m08.5s/3m00.0s
tenant_paypal    [   5% ] 08/30 VUs  0m08.5s/3m00.0s
tenant_reddit    [   5% ] 08/30 VUs  0m08.5s/3m00.0s
tenant_slack     [   5% ] 08/30 VUs  0m08.5s/3m00.0s
tenant_spotify   [   5% ] 08/30 VUs  0m08.5s/3m00.0s
tenant_tesla     [   5% ] 08/30 VUs  0m08.5s/3m00.0s
tenant_uber      [   5% ] 08/30 VUs  0m08.5s/3m00.0s
tenant_zoom      [   5% ] 08/30 VUs  0m08.5s/3m00.0s

running (1m28.0s), 135/450 VUs, 604 complete and 0 interrupted iterations
tenant_amazon    [   5% ] 09/30 VUs  0m09.5s/3m00.0s
tenant_amd       [   5% ] 09/30 VUs  0m09.5s/3m00.0s
tenant_apple     [   5% ] 09/30 VUs  0m09.5s/3m00.0s
tenant_azure     [   5% ] 09/30 VUs  0m09.5s/3m00.0s
tenant_google    [   5% ] 09/30 VUs  0m09.5s/3m00.0s
tenant_meta      [   5% ] 09/30 VUs  0m09.5s/3m00.0s
tenant_netflix   [   5% ] 09/30 VUs  0m09.5s/3m00.0s
tenant_nvidia    [   5% ] 09/30 VUs  0m09.5s/3m00.0s
tenant_paypal    [   5% ] 09/30 VUs  0m09.5s/3m00.0s
tenant_reddit    [   5% ] 09/30 VUs  0m09.5s/3m00.0s
tenant_slack     [   5% ] 09/30 VUs  0m09.5s/3m00.0s
tenant_spotify   [   5% ] 09/30 VUs  0m09.5s/3m00.0s
tenant_tesla     [   5% ] 09/30 VUs  0m09.5s/3m00.0s
tenant_uber      [   5% ] 09/30 VUs  0m09.5s/3m00.0s
tenant_zoom      [   5% ] 09/30 VUs  0m09.5s/3m00.0s

running (1m29.0s), 150/450 VUs, 768 complete and 0 interrupted iterations
tenant_amazon    [   6% ] 10/30 VUs  0m10.5s/3m00.0s
tenant_amd       [   6% ] 10/30 VUs  0m10.5s/3m00.0s
tenant_apple     [   6% ] 10/30 VUs  0m10.5s/3m00.0s
tenant_azure     [   6% ] 10/30 VUs  0m10.5s/3m00.0s
tenant_google    [   6% ] 10/30 VUs  0m10.5s/3m00.0s
tenant_meta      [   6% ] 10/30 VUs  0m10.5s/3m00.0s
tenant_netflix   [   6% ] 10/30 VUs  0m10.5s/3m00.0s
tenant_nvidia    [   6% ] 10/30 VUs  0m10.5s/3m00.0s
tenant_paypal    [   6% ] 10/30 VUs  0m10.5s/3m00.0s
tenant_reddit    [   6% ] 10/30 VUs  0m10.5s/3m00.0s
tenant_slack     [   6% ] 10/30 VUs  0m10.5s/3m00.0s
tenant_spotify   [   6% ] 10/30 VUs  0m10.5s/3m00.0s
tenant_tesla     [   6% ] 10/30 VUs  0m10.5s/3m00.0s
tenant_uber      [   6% ] 10/30 VUs  0m10.5s/3m00.0s
tenant_zoom      [   6% ] 10/30 VUs  0m10.5s/3m00.0s

running (1m30.0s), 165/450 VUs, 917 complete and 0 interrupted iterations
tenant_amazon    [   6% ] 11/30 VUs  0m11.5s/3m00.0s
tenant_amd       [   6% ] 11/30 VUs  0m11.5s/3m00.0s
tenant_apple     [   6% ] 11/30 VUs  0m11.5s/3m00.0s
tenant_azure     [   6% ] 11/30 VUs  0m11.5s/3m00.0s
tenant_google    [   6% ] 11/30 VUs  0m11.5s/3m00.0s
tenant_meta      [   6% ] 11/30 VUs  0m11.5s/3m00.0s
tenant_netflix   [   6% ] 11/30 VUs  0m11.5s/3m00.0s
tenant_nvidia    [   6% ] 11/30 VUs  0m11.5s/3m00.0s
tenant_paypal    [   6% ] 11/30 VUs  0m11.5s/3m00.0s
tenant_reddit    [   6% ] 11/30 VUs  0m11.5s/3m00.0s
tenant_slack     [   6% ] 11/30 VUs  0m11.5s/3m00.0s
tenant_spotify   [   6% ] 11/30 VUs  0m11.5s/3m00.0s
tenant_tesla     [   6% ] 11/30 VUs  0m11.5s/3m00.0s
tenant_uber      [   6% ] 11/30 VUs  0m11.5s/3m00.0s
tenant_zoom      [   6% ] 11/30 VUs  0m11.5s/3m00.0s

running (1m31.0s), 180/450 VUs, 1095 complete and 0 interrupted iterations
tenant_amazon    [   7% ] 12/30 VUs  0m12.5s/3m00.0s
tenant_amd       [   7% ] 12/30 VUs  0m12.5s/3m00.0s
tenant_apple     [   7% ] 12/30 VUs  0m12.5s/3m00.0s
tenant_azure     [   7% ] 12/30 VUs  0m12.5s/3m00.0s
tenant_google    [   7% ] 12/30 VUs  0m12.5s/3m00.0s
tenant_meta      [   7% ] 12/30 VUs  0m12.5s/3m00.0s
tenant_netflix   [   7% ] 12/30 VUs  0m12.5s/3m00.0s
tenant_nvidia    [   7% ] 12/30 VUs  0m12.5s/3m00.0s
tenant_paypal    [   7% ] 12/30 VUs  0m12.5s/3m00.0s
tenant_reddit    [   7% ] 12/30 VUs  0m12.5s/3m00.0s
tenant_slack     [   7% ] 12/30 VUs  0m12.5s/3m00.0s
tenant_spotify   [   7% ] 12/30 VUs  0m12.5s/3m00.0s
tenant_tesla     [   7% ] 12/30 VUs  0m12.5s/3m00.0s
tenant_uber      [   7% ] 12/30 VUs  0m12.5s/3m00.0s
tenant_zoom      [   7% ] 12/30 VUs  0m12.5s/3m00.0s

running (1m32.0s), 195/450 VUs, 1201 complete and 0 interrupted iterations
tenant_amazon    [   8% ] 13/30 VUs  0m13.5s/3m00.0s
tenant_amd       [   8% ] 13/30 VUs  0m13.5s/3m00.0s
tenant_apple     [   8% ] 13/30 VUs  0m13.5s/3m00.0s
tenant_azure     [   8% ] 13/30 VUs  0m13.5s/3m00.0s
tenant_google    [   8% ] 13/30 VUs  0m13.5s/3m00.0s
tenant_meta      [   8% ] 13/30 VUs  0m13.5s/3m00.0s
tenant_netflix   [   8% ] 13/30 VUs  0m13.5s/3m00.0s
tenant_nvidia    [   8% ] 13/30 VUs  0m13.5s/3m00.0s
tenant_paypal    [   8% ] 13/30 VUs  0m13.5s/3m00.0s
tenant_reddit    [   8% ] 13/30 VUs  0m13.5s/3m00.0s
tenant_slack     [   8% ] 13/30 VUs  0m13.5s/3m00.0s
tenant_spotify   [   8% ] 13/30 VUs  0m13.5s/3m00.0s
tenant_tesla     [   8% ] 13/30 VUs  0m13.5s/3m00.0s
tenant_uber      [   8% ] 13/30 VUs  0m13.5s/3m00.0s
tenant_zoom      [   8% ] 13/30 VUs  0m13.5s/3m00.0s

running (1m33.0s), 210/450 VUs, 1347 complete and 0 interrupted iterations
tenant_amazon    [   8% ] 14/30 VUs  0m14.5s/3m00.0s
tenant_amd       [   8% ] 14/30 VUs  0m14.5s/3m00.0s
tenant_apple     [   8% ] 14/30 VUs  0m14.5s/3m00.0s
tenant_azure     [   8% ] 14/30 VUs  0m14.5s/3m00.0s
tenant_google    [   8% ] 14/30 VUs  0m14.5s/3m00.0s
tenant_meta      [   8% ] 14/30 VUs  0m14.5s/3m00.0s
tenant_netflix   [   8% ] 14/30 VUs  0m14.5s/3m00.0s
tenant_nvidia    [   8% ] 14/30 VUs  0m14.5s/3m00.0s
tenant_paypal    [   8% ] 14/30 VUs  0m14.5s/3m00.0s
tenant_reddit    [   8% ] 14/30 VUs  0m14.5s/3m00.0s
tenant_slack     [   8% ] 14/30 VUs  0m14.5s/3m00.0s
tenant_spotify   [   8% ] 14/30 VUs  0m14.5s/3m00.0s
tenant_tesla     [   8% ] 14/30 VUs  0m14.5s/3m00.0s
tenant_uber      [   8% ] 14/30 VUs  0m14.5s/3m00.0s
tenant_zoom      [   8% ] 14/30 VUs  0m14.5s/3m00.0s

running (1m34.0s), 225/450 VUs, 1533 complete and 0 interrupted iterations
tenant_amazon    [   9% ] 15/30 VUs  0m15.5s/3m00.0s
tenant_amd       [   9% ] 15/30 VUs  0m15.5s/3m00.0s
tenant_apple     [   9% ] 15/30 VUs  0m15.5s/3m00.0s
tenant_azure     [   9% ] 15/30 VUs  0m15.5s/3m00.0s
tenant_google    [   9% ] 15/30 VUs  0m15.5s/3m00.0s
tenant_meta      [   9% ] 15/30 VUs  0m15.5s/3m00.0s
tenant_netflix   [   9% ] 15/30 VUs  0m15.5s/3m00.0s
tenant_nvidia    [   9% ] 15/30 VUs  0m15.5s/3m00.0s
tenant_paypal    [   9% ] 15/30 VUs  0m15.5s/3m00.0s
tenant_reddit    [   9% ] 15/30 VUs  0m15.5s/3m00.0s
tenant_slack     [   9% ] 15/30 VUs  0m15.5s/3m00.0s
tenant_spotify   [   9% ] 15/30 VUs  0m15.5s/3m00.0s
tenant_tesla     [   9% ] 15/30 VUs  0m15.5s/3m00.0s
tenant_uber      [   9% ] 15/30 VUs  0m15.5s/3m00.0s
tenant_zoom      [   9% ] 15/30 VUs  0m15.5s/3m00.0s

running (1m35.0s), 240/450 VUs, 1700 complete and 0 interrupted iterations
tenant_amazon    [   9% ] 16/30 VUs  0m16.5s/3m00.0s
tenant_amd       [   9% ] 16/30 VUs  0m16.5s/3m00.0s
tenant_apple     [   9% ] 16/30 VUs  0m16.5s/3m00.0s
tenant_azure     [   9% ] 16/30 VUs  0m16.5s/3m00.0s
tenant_google    [   9% ] 16/30 VUs  0m16.5s/3m00.0s
tenant_meta      [   9% ] 16/30 VUs  0m16.5s/3m00.0s
tenant_netflix   [   9% ] 16/30 VUs  0m16.5s/3m00.0s
tenant_nvidia    [   9% ] 16/30 VUs  0m16.5s/3m00.0s
tenant_paypal    [   9% ] 16/30 VUs  0m16.5s/3m00.0s
tenant_reddit    [   9% ] 16/30 VUs  0m16.5s/3m00.0s
tenant_slack     [   9% ] 16/30 VUs  0m16.5s/3m00.0s
tenant_spotify   [   9% ] 16/30 VUs  0m16.5s/3m00.0s
tenant_tesla     [   9% ] 16/30 VUs  0m16.5s/3m00.0s
tenant_uber      [   9% ] 16/30 VUs  0m16.5s/3m00.0s
tenant_zoom      [   9% ] 16/30 VUs  0m16.5s/3m00.0s

running (1m36.0s), 255/450 VUs, 1858 complete and 0 interrupted iterations
tenant_amazon    [  10% ] 17/30 VUs  0m17.5s/3m00.0s
tenant_amd       [  10% ] 17/30 VUs  0m17.5s/3m00.0s
tenant_apple     [  10% ] 17/30 VUs  0m17.5s/3m00.0s
tenant_azure     [  10% ] 17/30 VUs  0m17.5s/3m00.0s
tenant_google    [  10% ] 17/30 VUs  0m17.5s/3m00.0s
tenant_meta      [  10% ] 17/30 VUs  0m17.5s/3m00.0s
tenant_netflix   [  10% ] 17/30 VUs  0m17.5s/3m00.0s
tenant_nvidia    [  10% ] 17/30 VUs  0m17.5s/3m00.0s
tenant_paypal    [  10% ] 17/30 VUs  0m17.5s/3m00.0s
tenant_reddit    [  10% ] 17/30 VUs  0m17.5s/3m00.0s
tenant_slack     [  10% ] 17/30 VUs  0m17.5s/3m00.0s
tenant_spotify   [  10% ] 17/30 VUs  0m17.5s/3m00.0s
tenant_tesla     [  10% ] 17/30 VUs  0m17.5s/3m00.0s
tenant_uber      [  10% ] 17/30 VUs  0m17.5s/3m00.0s
tenant_zoom      [  10% ] 17/30 VUs  0m17.5s/3m00.0s

running (1m37.0s), 270/450 VUs, 2082 complete and 0 interrupted iterations
tenant_amazon    [  10% ] 18/30 VUs  0m18.5s/3m00.0s
tenant_amd       [  10% ] 18/30 VUs  0m18.5s/3m00.0s
tenant_apple     [  10% ] 18/30 VUs  0m18.5s/3m00.0s
tenant_azure     [  10% ] 18/30 VUs  0m18.5s/3m00.0s
tenant_google    [  10% ] 18/30 VUs  0m18.5s/3m00.0s
tenant_meta      [  10% ] 18/30 VUs  0m18.5s/3m00.0s
tenant_netflix   [  10% ] 18/30 VUs  0m18.5s/3m00.0s
tenant_nvidia    [  10% ] 18/30 VUs  0m18.5s/3m00.0s
tenant_paypal    [  10% ] 18/30 VUs  0m18.5s/3m00.0s
tenant_reddit    [  10% ] 18/30 VUs  0m18.5s/3m00.0s
tenant_slack     [  10% ] 18/30 VUs  0m18.5s/3m00.0s
tenant_spotify   [  10% ] 18/30 VUs  0m18.5s/3m00.0s
tenant_tesla     [  10% ] 18/30 VUs  0m18.5s/3m00.0s
tenant_uber      [  10% ] 18/30 VUs  0m18.5s/3m00.0s
tenant_zoom      [  10% ] 18/30 VUs  0m18.5s/3m00.0s

running (1m38.0s), 285/450 VUs, 2250 complete and 0 interrupted iterations
tenant_amazon    [  11% ] 19/30 VUs  0m19.5s/3m00.0s
tenant_amd       [  11% ] 19/30 VUs  0m19.5s/3m00.0s
tenant_apple     [  11% ] 19/30 VUs  0m19.5s/3m00.0s
tenant_azure     [  11% ] 19/30 VUs  0m19.5s/3m00.0s
tenant_google    [  11% ] 19/30 VUs  0m19.5s/3m00.0s
tenant_meta      [  11% ] 19/30 VUs  0m19.5s/3m00.0s
tenant_netflix   [  11% ] 19/30 VUs  0m19.5s/3m00.0s
tenant_nvidia    [  11% ] 19/30 VUs  0m19.5s/3m00.0s
tenant_paypal    [  11% ] 19/30 VUs  0m19.5s/3m00.0s
tenant_reddit    [  11% ] 19/30 VUs  0m19.5s/3m00.0s
tenant_slack     [  11% ] 19/30 VUs  0m19.5s/3m00.0s
tenant_spotify   [  11% ] 19/30 VUs  0m19.5s/3m00.0s
tenant_tesla     [  11% ] 19/30 VUs  0m19.5s/3m00.0s
tenant_uber      [  11% ] 19/30 VUs  0m19.5s/3m00.0s
tenant_zoom      [  11% ] 19/30 VUs  0m19.5s/3m00.0s

running (1m39.0s), 300/450 VUs, 2481 complete and 0 interrupted iterations
tenant_amazon    [  11% ] 20/30 VUs  0m20.5s/3m00.0s
tenant_amd       [  11% ] 20/30 VUs  0m20.5s/3m00.0s
tenant_apple     [  11% ] 20/30 VUs  0m20.5s/3m00.0s
tenant_azure     [  11% ] 20/30 VUs  0m20.5s/3m00.0s
tenant_google    [  11% ] 20/30 VUs  0m20.5s/3m00.0s
tenant_meta      [  11% ] 20/30 VUs  0m20.5s/3m00.0s
tenant_netflix   [  11% ] 20/30 VUs  0m20.5s/3m00.0s
tenant_nvidia    [  11% ] 20/30 VUs  0m20.5s/3m00.0s
tenant_paypal    [  11% ] 20/30 VUs  0m20.5s/3m00.0s
tenant_reddit    [  11% ] 20/30 VUs  0m20.5s/3m00.0s
tenant_slack     [  11% ] 20/30 VUs  0m20.5s/3m00.0s
tenant_spotify   [  11% ] 20/30 VUs  0m20.5s/3m00.0s
tenant_tesla     [  11% ] 20/30 VUs  0m20.5s/3m00.0s
tenant_uber      [  11% ] 20/30 VUs  0m20.5s/3m00.0s
tenant_zoom      [  11% ] 20/30 VUs  0m20.5s/3m00.0s

running (1m40.0s), 315/450 VUs, 2660 complete and 0 interrupted iterations
tenant_amazon    [  12% ] 21/30 VUs  0m21.5s/3m00.0s
tenant_amd       [  12% ] 21/30 VUs  0m21.5s/3m00.0s
tenant_apple     [  12% ] 21/30 VUs  0m21.5s/3m00.0s
tenant_azure     [  12% ] 21/30 VUs  0m21.5s/3m00.0s
tenant_google    [  12% ] 21/30 VUs  0m21.5s/3m00.0s
tenant_meta      [  12% ] 21/30 VUs  0m21.5s/3m00.0s
tenant_netflix   [  12% ] 21/30 VUs  0m21.5s/3m00.0s
tenant_nvidia    [  12% ] 21/30 VUs  0m21.5s/3m00.0s
tenant_paypal    [  12% ] 21/30 VUs  0m21.5s/3m00.0s
tenant_reddit    [  12% ] 21/30 VUs  0m21.5s/3m00.0s
tenant_slack     [  12% ] 21/30 VUs  0m21.5s/3m00.0s
tenant_spotify   [  12% ] 21/30 VUs  0m21.5s/3m00.0s
tenant_tesla     [  12% ] 21/30 VUs  0m21.5s/3m00.0s
tenant_uber      [  12% ] 21/30 VUs  0m21.5s/3m00.0s
tenant_zoom      [  12% ] 21/30 VUs  0m21.5s/3m00.0s

running (1m41.0s), 330/450 VUs, 2777 complete and 0 interrupted iterations
tenant_amazon    [  13% ] 22/30 VUs  0m22.5s/3m00.0s
tenant_amd       [  13% ] 22/30 VUs  0m22.5s/3m00.0s
tenant_apple     [  13% ] 22/30 VUs  0m22.5s/3m00.0s
tenant_azure     [  13% ] 22/30 VUs  0m22.5s/3m00.0s
tenant_google    [  13% ] 22/30 VUs  0m22.5s/3m00.0s
tenant_meta      [  13% ] 22/30 VUs  0m22.5s/3m00.0s
tenant_netflix   [  13% ] 22/30 VUs  0m22.5s/3m00.0s
tenant_nvidia    [  13% ] 22/30 VUs  0m22.5s/3m00.0s
tenant_paypal    [  13% ] 22/30 VUs  0m22.5s/3m00.0s
tenant_reddit    [  13% ] 22/30 VUs  0m22.5s/3m00.0s
tenant_slack     [  13% ] 22/30 VUs  0m22.5s/3m00.0s
tenant_spotify   [  13% ] 22/30 VUs  0m22.5s/3m00.0s
tenant_tesla     [  13% ] 22/30 VUs  0m22.5s/3m00.0s
tenant_uber      [  13% ] 22/30 VUs  0m22.5s/3m00.0s
tenant_zoom      [  13% ] 22/30 VUs  0m22.5s/3m00.0s

running (1m42.0s), 345/450 VUs, 2846 complete and 0 interrupted iterations
tenant_amazon    [  13% ] 23/30 VUs  0m23.5s/3m00.0s
tenant_amd       [  13% ] 23/30 VUs  0m23.5s/3m00.0s
tenant_apple     [  13% ] 23/30 VUs  0m23.5s/3m00.0s
tenant_azure     [  13% ] 23/30 VUs  0m23.5s/3m00.0s
tenant_google    [  13% ] 23/30 VUs  0m23.5s/3m00.0s
tenant_meta      [  13% ] 23/30 VUs  0m23.5s/3m00.0s
tenant_netflix   [  13% ] 23/30 VUs  0m23.5s/3m00.0s
tenant_nvidia    [  13% ] 23/30 VUs  0m23.5s/3m00.0s
tenant_paypal    [  13% ] 23/30 VUs  0m23.5s/3m00.0s
tenant_reddit    [  13% ] 23/30 VUs  0m23.5s/3m00.0s
tenant_slack     [  13% ] 23/30 VUs  0m23.5s/3m00.0s
tenant_spotify   [  13% ] 23/30 VUs  0m23.5s/3m00.0s
tenant_tesla     [  13% ] 23/30 VUs  0m23.5s/3m00.0s
tenant_uber      [  13% ] 23/30 VUs  0m23.5s/3m00.0s
tenant_zoom      [  13% ] 23/30 VUs  0m23.5s/3m00.0s

running (1m42.9s), 360/450 VUs, 2948 complete and 0 interrupted iterations
tenant_amazon    [  14% ] 24/30 VUs  0m24.5s/3m00.0s
tenant_amd       [  14% ] 24/30 VUs  0m24.5s/3m00.0s
tenant_apple     [  14% ] 24/30 VUs  0m24.5s/3m00.0s
tenant_azure     [  14% ] 24/30 VUs  0m24.5s/3m00.0s
tenant_google    [  14% ] 24/30 VUs  0m24.5s/3m00.0s
tenant_meta      [  14% ] 24/30 VUs  0m24.5s/3m00.0s
tenant_netflix   [  14% ] 24/30 VUs  0m24.5s/3m00.0s
tenant_nvidia    [  14% ] 24/30 VUs  0m24.5s/3m00.0s
tenant_paypal    [  14% ] 24/30 VUs  0m24.5s/3m00.0s
tenant_reddit    [  14% ] 24/30 VUs  0m24.5s/3m00.0s
tenant_slack     [  14% ] 24/30 VUs  0m24.5s/3m00.0s
tenant_spotify   [  14% ] 24/30 VUs  0m24.5s/3m00.0s
tenant_tesla     [  14% ] 24/30 VUs  0m24.5s/3m00.0s
tenant_uber      [  14% ] 24/30 VUs  0m24.5s/3m00.0s
tenant_zoom      [  14% ] 24/30 VUs  0m24.5s/3m00.0s

running (1m43.9s), 375/450 VUs, 3063 complete and 0 interrupted iterations
tenant_amazon    [  14% ] 25/30 VUs  0m25.5s/3m00.0s
tenant_amd       [  14% ] 25/30 VUs  0m25.5s/3m00.0s
tenant_apple     [  14% ] 25/30 VUs  0m25.5s/3m00.0s
tenant_azure     [  14% ] 25/30 VUs  0m25.5s/3m00.0s
tenant_google    [  14% ] 25/30 VUs  0m25.5s/3m00.0s
tenant_meta      [  14% ] 25/30 VUs  0m25.5s/3m00.0s
tenant_netflix   [  14% ] 25/30 VUs  0m25.5s/3m00.0s
tenant_nvidia    [  14% ] 25/30 VUs  0m25.5s/3m00.0s
tenant_paypal    [  14% ] 25/30 VUs  0m25.5s/3m00.0s
tenant_reddit    [  14% ] 25/30 VUs  0m25.5s/3m00.0s
tenant_slack     [  14% ] 25/30 VUs  0m25.5s/3m00.0s
tenant_spotify   [  14% ] 25/30 VUs  0m25.5s/3m00.0s
tenant_tesla     [  14% ] 25/30 VUs  0m25.5s/3m00.0s
tenant_uber      [  14% ] 25/30 VUs  0m25.5s/3m00.0s
tenant_zoom      [  14% ] 25/30 VUs  0m25.5s/3m00.0s

running (1m44.9s), 390/450 VUs, 3272 complete and 0 interrupted iterations
tenant_amazon    [  15% ] 26/30 VUs  0m26.5s/3m00.0s
tenant_amd       [  15% ] 26/30 VUs  0m26.5s/3m00.0s
tenant_apple     [  15% ] 26/30 VUs  0m26.5s/3m00.0s
tenant_azure     [  15% ] 26/30 VUs  0m26.5s/3m00.0s
tenant_google    [  15% ] 26/30 VUs  0m26.5s/3m00.0s
tenant_meta      [  15% ] 26/30 VUs  0m26.5s/3m00.0s
tenant_netflix   [  15% ] 26/30 VUs  0m26.5s/3m00.0s
tenant_nvidia    [  15% ] 26/30 VUs  0m26.5s/3m00.0s
tenant_paypal    [  15% ] 26/30 VUs  0m26.5s/3m00.0s
tenant_reddit    [  15% ] 26/30 VUs  0m26.5s/3m00.0s
tenant_slack     [  15% ] 26/30 VUs  0m26.5s/3m00.0s
tenant_spotify   [  15% ] 26/30 VUs  0m26.5s/3m00.0s
tenant_tesla     [  15% ] 26/30 VUs  0m26.5s/3m00.0s
tenant_uber      [  15% ] 26/30 VUs  0m26.5s/3m00.0s
tenant_zoom      [  15% ] 26/30 VUs  0m26.5s/3m00.0s

running (1m45.9s), 405/450 VUs, 3416 complete and 0 interrupted iterations
tenant_amazon    [  15% ] 27/30 VUs  0m27.5s/3m00.0s
tenant_amd       [  15% ] 27/30 VUs  0m27.5s/3m00.0s
tenant_apple     [  15% ] 27/30 VUs  0m27.5s/3m00.0s
tenant_azure     [  15% ] 27/30 VUs  0m27.5s/3m00.0s
tenant_google    [  15% ] 27/30 VUs  0m27.5s/3m00.0s
tenant_meta      [  15% ] 27/30 VUs  0m27.5s/3m00.0s
tenant_netflix   [  15% ] 27/30 VUs  0m27.5s/3m00.0s
tenant_nvidia    [  15% ] 27/30 VUs  0m27.5s/3m00.0s
tenant_paypal    [  15% ] 27/30 VUs  0m27.5s/3m00.0s
tenant_reddit    [  15% ] 27/30 VUs  0m27.5s/3m00.0s
tenant_slack     [  15% ] 27/30 VUs  0m27.5s/3m00.0s
tenant_spotify   [  15% ] 27/30 VUs  0m27.5s/3m00.0s
tenant_tesla     [  15% ] 27/30 VUs  0m27.5s/3m00.0s
tenant_uber      [  15% ] 27/30 VUs  0m27.5s/3m00.0s
tenant_zoom      [  15% ] 27/30 VUs  0m27.5s/3m00.0s

running (1m46.9s), 420/450 VUs, 3584 complete and 0 interrupted iterations
tenant_amazon    [  16% ] 28/30 VUs  0m28.5s/3m00.0s
tenant_amd       [  16% ] 28/30 VUs  0m28.5s/3m00.0s
tenant_apple     [  16% ] 28/30 VUs  0m28.5s/3m00.0s
tenant_azure     [  16% ] 28/30 VUs  0m28.5s/3m00.0s
tenant_google    [  16% ] 28/30 VUs  0m28.5s/3m00.0s
tenant_meta      [  16% ] 28/30 VUs  0m28.5s/3m00.0s
tenant_netflix   [  16% ] 28/30 VUs  0m28.5s/3m00.0s
tenant_nvidia    [  16% ] 28/30 VUs  0m28.5s/3m00.0s
tenant_paypal    [  16% ] 28/30 VUs  0m28.5s/3m00.0s
tenant_reddit    [  16% ] 28/30 VUs  0m28.5s/3m00.0s
tenant_slack     [  16% ] 28/30 VUs  0m28.5s/3m00.0s
tenant_spotify   [  16% ] 28/30 VUs  0m28.5s/3m00.0s
tenant_tesla     [  16% ] 28/30 VUs  0m28.5s/3m00.0s
tenant_uber      [  16% ] 28/30 VUs  0m28.5s/3m00.0s
tenant_zoom      [  16% ] 28/30 VUs  0m28.5s/3m00.0s

running (1m47.9s), 435/450 VUs, 3787 complete and 0 interrupted iterations
tenant_amazon    [  16% ] 29/30 VUs  0m29.5s/3m00.0s
tenant_amd       [  16% ] 29/30 VUs  0m29.5s/3m00.0s
tenant_apple     [  16% ] 29/30 VUs  0m29.5s/3m00.0s
tenant_azure     [  16% ] 29/30 VUs  0m29.5s/3m00.0s
tenant_google    [  16% ] 29/30 VUs  0m29.5s/3m00.0s
tenant_meta      [  16% ] 29/30 VUs  0m29.5s/3m00.0s
tenant_netflix   [  16% ] 29/30 VUs  0m29.5s/3m00.0s
tenant_nvidia    [  16% ] 29/30 VUs  0m29.5s/3m00.0s
tenant_paypal    [  16% ] 29/30 VUs  0m29.5s/3m00.0s
tenant_reddit    [  16% ] 29/30 VUs  0m29.5s/3m00.0s
tenant_slack     [  16% ] 29/30 VUs  0m29.5s/3m00.0s
tenant_spotify   [  16% ] 29/30 VUs  0m29.5s/3m00.0s
tenant_tesla     [  16% ] 29/30 VUs  0m29.5s/3m00.0s
tenant_uber      [  16% ] 29/30 VUs  0m29.5s/3m00.0s
tenant_zoom      [  16% ] 29/30 VUs  0m29.5s/3m00.0s

running (1m48.9s), 450/450 VUs, 3974 complete and 0 interrupted iterations
tenant_amazon    [  17% ] 30/30 VUs  0m30.5s/3m00.0s
tenant_amd       [  17% ] 30/30 VUs  0m30.5s/3m00.0s
tenant_apple     [  17% ] 30/30 VUs  0m30.5s/3m00.0s
tenant_azure     [  17% ] 30/30 VUs  0m30.5s/3m00.0s
tenant_google    [  17% ] 30/30 VUs  0m30.5s/3m00.0s
tenant_meta      [  17% ] 30/30 VUs  0m30.5s/3m00.0s
tenant_netflix   [  17% ] 30/30 VUs  0m30.5s/3m00.0s
tenant_nvidia    [  17% ] 30/30 VUs  0m30.5s/3m00.0s
tenant_paypal    [  17% ] 30/30 VUs  0m30.5s/3m00.0s
tenant_reddit    [  17% ] 30/30 VUs  0m30.5s/3m00.0s
tenant_slack     [  17% ] 30/30 VUs  0m30.5s/3m00.0s
tenant_spotify   [  17% ] 30/30 VUs  0m30.5s/3m00.0s
tenant_tesla     [  17% ] 30/30 VUs  0m30.5s/3m00.0s
tenant_uber      [  17% ] 30/30 VUs  0m30.5s/3m00.0s
tenant_zoom      [  17% ] 30/30 VUs  0m30.5s/3m00.0s

running (1m49.9s), 450/450 VUs, 4228 complete and 0 interrupted iterations
tenant_amazon    [  18% ] 30/30 VUs  0m31.5s/3m00.0s
tenant_amd       [  18% ] 30/30 VUs  0m31.5s/3m00.0s
tenant_apple     [  18% ] 30/30 VUs  0m31.5s/3m00.0s
tenant_azure     [  18% ] 30/30 VUs  0m31.5s/3m00.0s
tenant_google    [  18% ] 30/30 VUs  0m31.5s/3m00.0s
tenant_meta      [  18% ] 30/30 VUs  0m31.5s/3m00.0s
tenant_netflix   [  18% ] 30/30 VUs  0m31.5s/3m00.0s
tenant_nvidia    [  18% ] 30/30 VUs  0m31.5s/3m00.0s
tenant_paypal    [  18% ] 30/30 VUs  0m31.5s/3m00.0s
tenant_reddit    [  18% ] 30/30 VUs  0m31.5s/3m00.0s
tenant_slack     [  18% ] 30/30 VUs  0m31.5s/3m00.0s
tenant_spotify   [  18% ] 30/30 VUs  0m31.5s/3m00.0s
tenant_tesla     [  18% ] 30/30 VUs  0m31.5s/3m00.0s
tenant_uber      [  18% ] 30/30 VUs  0m31.5s/3m00.0s
tenant_zoom      [  18% ] 30/30 VUs  0m31.5s/3m00.0s

running (1m50.9s), 450/450 VUs, 4370 complete and 0 interrupted iterations
tenant_amazon    [  18% ] 30/30 VUs  0m32.5s/3m00.0s
tenant_amd       [  18% ] 30/30 VUs  0m32.5s/3m00.0s
tenant_apple     [  18% ] 30/30 VUs  0m32.5s/3m00.0s
tenant_azure     [  18% ] 30/30 VUs  0m32.5s/3m00.0s
tenant_google    [  18% ] 30/30 VUs  0m32.5s/3m00.0s
tenant_meta      [  18% ] 30/30 VUs  0m32.5s/3m00.0s
tenant_netflix   [  18% ] 30/30 VUs  0m32.5s/3m00.0s
tenant_nvidia    [  18% ] 30/30 VUs  0m32.5s/3m00.0s
tenant_paypal    [  18% ] 30/30 VUs  0m32.5s/3m00.0s
tenant_reddit    [  18% ] 30/30 VUs  0m32.5s/3m00.0s
tenant_slack     [  18% ] 30/30 VUs  0m32.5s/3m00.0s
tenant_spotify   [  18% ] 30/30 VUs  0m32.5s/3m00.0s
tenant_tesla     [  18% ] 30/30 VUs  0m32.5s/3m00.0s
tenant_uber      [  18% ] 30/30 VUs  0m32.5s/3m00.0s
tenant_zoom      [  18% ] 30/30 VUs  0m32.5s/3m00.0s

running (1m51.9s), 450/450 VUs, 4522 complete and 0 interrupted iterations
tenant_amazon    [  19% ] 30/30 VUs  0m33.5s/3m00.0s
tenant_amd       [  19% ] 30/30 VUs  0m33.5s/3m00.0s
tenant_apple     [  19% ] 30/30 VUs  0m33.5s/3m00.0s
tenant_azure     [  19% ] 30/30 VUs  0m33.5s/3m00.0s
tenant_google    [  19% ] 30/30 VUs  0m33.5s/3m00.0s
tenant_meta      [  19% ] 30/30 VUs  0m33.5s/3m00.0s
tenant_netflix   [  19% ] 30/30 VUs  0m33.5s/3m00.0s
tenant_nvidia    [  19% ] 30/30 VUs  0m33.5s/3m00.0s
tenant_paypal    [  19% ] 30/30 VUs  0m33.5s/3m00.0s
tenant_reddit    [  19% ] 30/30 VUs  0m33.5s/3m00.0s
tenant_slack     [  19% ] 30/30 VUs  0m33.5s/3m00.0s
tenant_spotify   [  19% ] 30/30 VUs  0m33.5s/3m00.0s
tenant_tesla     [  19% ] 30/30 VUs  0m33.5s/3m00.0s
tenant_uber      [  19% ] 30/30 VUs  0m33.5s/3m00.0s
tenant_zoom      [  19% ] 30/30 VUs  0m33.5s/3m00.0s

running (1m52.9s), 450/450 VUs, 4905 complete and 0 interrupted iterations
tenant_amazon    [  19% ] 30/30 VUs  0m34.5s/3m00.0s
tenant_amd       [  19% ] 30/30 VUs  0m34.5s/3m00.0s
tenant_apple     [  19% ] 30/30 VUs  0m34.5s/3m00.0s
tenant_azure     [  19% ] 30/30 VUs  0m34.5s/3m00.0s
tenant_google    [  19% ] 30/30 VUs  0m34.5s/3m00.0s
tenant_meta      [  19% ] 30/30 VUs  0m34.5s/3m00.0s
tenant_netflix   [  19% ] 30/30 VUs  0m34.5s/3m00.0s
tenant_nvidia    [  19% ] 30/30 VUs  0m34.5s/3m00.0s
tenant_paypal    [  19% ] 30/30 VUs  0m34.5s/3m00.0s
tenant_reddit    [  19% ] 30/30 VUs  0m34.5s/3m00.0s
tenant_slack     [  19% ] 30/30 VUs  0m34.5s/3m00.0s
tenant_spotify   [  19% ] 30/30 VUs  0m34.5s/3m00.0s
tenant_tesla     [  19% ] 30/30 VUs  0m34.5s/3m00.0s
tenant_uber      [  19% ] 30/30 VUs  0m34.5s/3m00.0s
tenant_zoom      [  19% ] 30/30 VUs  0m34.5s/3m00.0s

running (1m53.9s), 450/450 VUs, 5375 complete and 0 interrupted iterations
tenant_amazon    [  20% ] 30/30 VUs  0m35.5s/3m00.0s
tenant_amd       [  20% ] 30/30 VUs  0m35.5s/3m00.0s
tenant_apple     [  20% ] 30/30 VUs  0m35.5s/3m00.0s
tenant_azure     [  20% ] 30/30 VUs  0m35.5s/3m00.0s
tenant_google    [  20% ] 30/30 VUs  0m35.5s/3m00.0s
tenant_meta      [  20% ] 30/30 VUs  0m35.5s/3m00.0s
tenant_netflix   [  20% ] 30/30 VUs  0m35.5s/3m00.0s
tenant_nvidia    [  20% ] 30/30 VUs  0m35.5s/3m00.0s
tenant_paypal    [  20% ] 30/30 VUs  0m35.5s/3m00.0s
tenant_reddit    [  20% ] 30/30 VUs  0m35.5s/3m00.0s
tenant_slack     [  20% ] 30/30 VUs  0m35.5s/3m00.0s
tenant_spotify   [  20% ] 30/30 VUs  0m35.5s/3m00.0s
tenant_tesla     [  20% ] 30/30 VUs  0m35.5s/3m00.0s
tenant_uber      [  20% ] 30/30 VUs  0m35.5s/3m00.0s
tenant_zoom      [  20% ] 30/30 VUs  0m35.5s/3m00.0s

running (1m54.9s), 450/450 VUs, 5864 complete and 0 interrupted iterations
tenant_amazon    [  20% ] 30/30 VUs  0m36.5s/3m00.0s
tenant_amd       [  20% ] 30/30 VUs  0m36.5s/3m00.0s
tenant_apple     [  20% ] 30/30 VUs  0m36.5s/3m00.0s
tenant_azure     [  20% ] 30/30 VUs  0m36.5s/3m00.0s
tenant_google    [  20% ] 30/30 VUs  0m36.5s/3m00.0s
tenant_meta      [  20% ] 30/30 VUs  0m36.5s/3m00.0s
tenant_netflix   [  20% ] 30/30 VUs  0m36.5s/3m00.0s
tenant_nvidia    [  20% ] 30/30 VUs  0m36.5s/3m00.0s
tenant_paypal    [  20% ] 30/30 VUs  0m36.5s/3m00.0s
tenant_reddit    [  20% ] 30/30 VUs  0m36.5s/3m00.0s
tenant_slack     [  20% ] 30/30 VUs  0m36.5s/3m00.0s
tenant_spotify   [  20% ] 30/30 VUs  0m36.5s/3m00.0s
tenant_tesla     [  20% ] 30/30 VUs  0m36.5s/3m00.0s
tenant_uber      [  20% ] 30/30 VUs  0m36.5s/3m00.0s
tenant_zoom      [  20% ] 30/30 VUs  0m36.5s/3m00.0s

running (1m55.9s), 450/450 VUs, 6361 complete and 0 interrupted iterations
tenant_amazon    [  21% ] 30/30 VUs  0m37.5s/3m00.0s
tenant_amd       [  21% ] 30/30 VUs  0m37.5s/3m00.0s
tenant_apple     [  21% ] 30/30 VUs  0m37.5s/3m00.0s
tenant_azure     [  21% ] 30/30 VUs  0m37.5s/3m00.0s
tenant_google    [  21% ] 30/30 VUs  0m37.5s/3m00.0s
tenant_meta      [  21% ] 30/30 VUs  0m37.5s/3m00.0s
tenant_netflix   [  21% ] 30/30 VUs  0m37.5s/3m00.0s
tenant_nvidia    [  21% ] 30/30 VUs  0m37.5s/3m00.0s
tenant_paypal    [  21% ] 30/30 VUs  0m37.5s/3m00.0s
tenant_reddit    [  21% ] 30/30 VUs  0m37.5s/3m00.0s
tenant_slack     [  21% ] 30/30 VUs  0m37.5s/3m00.0s
tenant_spotify   [  21% ] 30/30 VUs  0m37.5s/3m00.0s
tenant_tesla     [  21% ] 30/30 VUs  0m37.5s/3m00.0s
tenant_uber      [  21% ] 30/30 VUs  0m37.5s/3m00.0s
tenant_zoom      [  21% ] 30/30 VUs  0m37.5s/3m00.0s

running (1m56.9s), 450/450 VUs, 6793 complete and 0 interrupted iterations
tenant_amazon    [  21% ] 30/30 VUs  0m38.5s/3m00.0s
tenant_amd       [  21% ] 30/30 VUs  0m38.5s/3m00.0s
tenant_apple     [  21% ] 30/30 VUs  0m38.5s/3m00.0s
tenant_azure     [  21% ] 30/30 VUs  0m38.5s/3m00.0s
tenant_google    [  21% ] 30/30 VUs  0m38.5s/3m00.0s
tenant_meta      [  21% ] 30/30 VUs  0m38.5s/3m00.0s
tenant_netflix   [  21% ] 30/30 VUs  0m38.5s/3m00.0s
tenant_nvidia    [  21% ] 30/30 VUs  0m38.5s/3m00.0s
tenant_paypal    [  21% ] 30/30 VUs  0m38.5s/3m00.0s
tenant_reddit    [  21% ] 30/30 VUs  0m38.5s/3m00.0s
tenant_slack     [  21% ] 30/30 VUs  0m38.5s/3m00.0s
tenant_spotify   [  21% ] 30/30 VUs  0m38.5s/3m00.0s
tenant_tesla     [  21% ] 30/30 VUs  0m38.5s/3m00.0s
tenant_uber      [  21% ] 30/30 VUs  0m38.5s/3m00.0s
tenant_zoom      [  21% ] 30/30 VUs  0m38.5s/3m00.0s

running (1m57.9s), 450/450 VUs, 7291 complete and 0 interrupted iterations
tenant_amazon    [  22% ] 30/30 VUs  0m39.5s/3m00.0s
tenant_amd       [  22% ] 30/30 VUs  0m39.5s/3m00.0s
tenant_apple     [  22% ] 30/30 VUs  0m39.5s/3m00.0s
tenant_azure     [  22% ] 30/30 VUs  0m39.5s/3m00.0s
tenant_google    [  22% ] 30/30 VUs  0m39.5s/3m00.0s
tenant_meta      [  22% ] 30/30 VUs  0m39.5s/3m00.0s
tenant_netflix   [  22% ] 30/30 VUs  0m39.5s/3m00.0s
tenant_nvidia    [  22% ] 30/30 VUs  0m39.5s/3m00.0s
tenant_paypal    [  22% ] 30/30 VUs  0m39.5s/3m00.0s
tenant_reddit    [  22% ] 30/30 VUs  0m39.5s/3m00.0s
tenant_slack     [  22% ] 30/30 VUs  0m39.5s/3m00.0s
tenant_spotify   [  22% ] 30/30 VUs  0m39.5s/3m00.0s
tenant_tesla     [  22% ] 30/30 VUs  0m39.5s/3m00.0s
tenant_uber      [  22% ] 30/30 VUs  0m39.5s/3m00.0s
tenant_zoom      [  22% ] 30/30 VUs  0m39.5s/3m00.0s

running (1m58.9s), 450/450 VUs, 7723 complete and 0 interrupted iterations
tenant_amazon    [  23% ] 30/30 VUs  0m40.5s/3m00.0s
tenant_amd       [  23% ] 30/30 VUs  0m40.5s/3m00.0s
tenant_apple     [  23% ] 30/30 VUs  0m40.5s/3m00.0s
tenant_azure     [  23% ] 30/30 VUs  0m40.5s/3m00.0s
tenant_google    [  23% ] 30/30 VUs  0m40.5s/3m00.0s
tenant_meta      [  23% ] 30/30 VUs  0m40.5s/3m00.0s
tenant_netflix   [  23% ] 30/30 VUs  0m40.5s/3m00.0s
tenant_nvidia    [  23% ] 30/30 VUs  0m40.5s/3m00.0s
tenant_paypal    [  23% ] 30/30 VUs  0m40.5s/3m00.0s
tenant_reddit    [  23% ] 30/30 VUs  0m40.5s/3m00.0s
tenant_slack     [  23% ] 30/30 VUs  0m40.5s/3m00.0s
tenant_spotify   [  23% ] 30/30 VUs  0m40.5s/3m00.0s
tenant_tesla     [  23% ] 30/30 VUs  0m40.5s/3m00.0s
tenant_uber      [  23% ] 30/30 VUs  0m40.5s/3m00.0s
tenant_zoom      [  23% ] 30/30 VUs  0m40.5s/3m00.0s

running (1m59.9s), 450/450 VUs, 8224 complete and 0 interrupted iterations
tenant_amazon    [  23% ] 30/30 VUs  0m41.5s/3m00.0s
tenant_amd       [  23% ] 30/30 VUs  0m41.5s/3m00.0s
tenant_apple     [  23% ] 30/30 VUs  0m41.5s/3m00.0s
tenant_azure     [  23% ] 30/30 VUs  0m41.5s/3m00.0s
tenant_google    [  23% ] 30/30 VUs  0m41.5s/3m00.0s
tenant_meta      [  23% ] 30/30 VUs  0m41.5s/3m00.0s
tenant_netflix   [  23% ] 30/30 VUs  0m41.5s/3m00.0s
tenant_nvidia    [  23% ] 30/30 VUs  0m41.5s/3m00.0s
tenant_paypal    [  23% ] 30/30 VUs  0m41.5s/3m00.0s
tenant_reddit    [  23% ] 30/30 VUs  0m41.5s/3m00.0s
tenant_slack     [  23% ] 30/30 VUs  0m41.5s/3m00.0s
tenant_spotify   [  23% ] 30/30 VUs  0m41.5s/3m00.0s
tenant_tesla     [  23% ] 30/30 VUs  0m41.5s/3m00.0s
tenant_uber      [  23% ] 30/30 VUs  0m41.5s/3m00.0s
tenant_zoom      [  23% ] 30/30 VUs  0m41.5s/3m00.0s

running (2m00.9s), 450/450 VUs, 8677 complete and 0 interrupted iterations
tenant_amazon    [  24% ] 30/30 VUs  0m42.5s/3m00.0s
tenant_amd       [  24% ] 30/30 VUs  0m42.5s/3m00.0s
tenant_apple     [  24% ] 30/30 VUs  0m42.5s/3m00.0s
tenant_azure     [  24% ] 30/30 VUs  0m42.5s/3m00.0s
tenant_google    [  24% ] 30/30 VUs  0m42.5s/3m00.0s
tenant_meta      [  24% ] 30/30 VUs  0m42.5s/3m00.0s
tenant_netflix   [  24% ] 30/30 VUs  0m42.5s/3m00.0s
tenant_nvidia    [  24% ] 30/30 VUs  0m42.5s/3m00.0s
tenant_paypal    [  24% ] 30/30 VUs  0m42.5s/3m00.0s
tenant_reddit    [  24% ] 30/30 VUs  0m42.5s/3m00.0s
tenant_slack     [  24% ] 30/30 VUs  0m42.5s/3m00.0s
tenant_spotify   [  24% ] 30/30 VUs  0m42.5s/3m00.0s
tenant_tesla     [  24% ] 30/30 VUs  0m42.5s/3m00.0s
tenant_uber      [  24% ] 30/30 VUs  0m42.5s/3m00.0s
tenant_zoom      [  24% ] 30/30 VUs  0m42.5s/3m00.0s

running (2m01.9s), 450/450 VUs, 9150 complete and 0 interrupted iterations
tenant_amazon    [  24% ] 30/30 VUs  0m43.5s/3m00.0s
tenant_amd       [  24% ] 30/30 VUs  0m43.5s/3m00.0s
tenant_apple     [  24% ] 30/30 VUs  0m43.5s/3m00.0s
tenant_azure     [  24% ] 30/30 VUs  0m43.5s/3m00.0s
tenant_google    [  24% ] 30/30 VUs  0m43.5s/3m00.0s
tenant_meta      [  24% ] 30/30 VUs  0m43.5s/3m00.0s
tenant_netflix   [  24% ] 30/30 VUs  0m43.5s/3m00.0s
tenant_nvidia    [  24% ] 30/30 VUs  0m43.5s/3m00.0s
tenant_paypal    [  24% ] 30/30 VUs  0m43.5s/3m00.0s
tenant_reddit    [  24% ] 30/30 VUs  0m43.5s/3m00.0s
tenant_slack     [  24% ] 30/30 VUs  0m43.5s/3m00.0s
tenant_spotify   [  24% ] 30/30 VUs  0m43.5s/3m00.0s
tenant_tesla     [  24% ] 30/30 VUs  0m43.5s/3m00.0s
tenant_uber      [  24% ] 30/30 VUs  0m43.5s/3m00.0s
tenant_zoom      [  24% ] 30/30 VUs  0m43.5s/3m00.0s

running (2m02.9s), 450/450 VUs, 9598 complete and 0 interrupted iterations
tenant_amazon    [  25% ] 30/30 VUs  0m44.5s/3m00.0s
tenant_amd       [  25% ] 30/30 VUs  0m44.5s/3m00.0s
tenant_apple     [  25% ] 30/30 VUs  0m44.5s/3m00.0s
tenant_azure     [  25% ] 30/30 VUs  0m44.5s/3m00.0s
tenant_google    [  25% ] 30/30 VUs  0m44.5s/3m00.0s
tenant_meta      [  25% ] 30/30 VUs  0m44.5s/3m00.0s
tenant_netflix   [  25% ] 30/30 VUs  0m44.5s/3m00.0s
tenant_nvidia    [  25% ] 30/30 VUs  0m44.5s/3m00.0s
tenant_paypal    [  25% ] 30/30 VUs  0m44.5s/3m00.0s
tenant_reddit    [  25% ] 30/30 VUs  0m44.5s/3m00.0s
tenant_slack     [  25% ] 30/30 VUs  0m44.5s/3m00.0s
tenant_spotify   [  25% ] 30/30 VUs  0m44.5s/3m00.0s
tenant_tesla     [  25% ] 30/30 VUs  0m44.5s/3m00.0s
tenant_uber      [  25% ] 30/30 VUs  0m44.5s/3m00.0s
tenant_zoom      [  25% ] 30/30 VUs  0m44.5s/3m00.0s

running (2m03.9s), 450/450 VUs, 10078 complete and 0 interrupted iterations
tenant_amazon    [  25% ] 30/30 VUs  0m45.5s/3m00.0s
tenant_amd       [  25% ] 30/30 VUs  0m45.5s/3m00.0s
tenant_apple     [  25% ] 30/30 VUs  0m45.5s/3m00.0s
tenant_azure     [  25% ] 30/30 VUs  0m45.5s/3m00.0s
tenant_google    [  25% ] 30/30 VUs  0m45.5s/3m00.0s
tenant_meta      [  25% ] 30/30 VUs  0m45.5s/3m00.0s
tenant_netflix   [  25% ] 30/30 VUs  0m45.5s/3m00.0s
tenant_nvidia    [  25% ] 30/30 VUs  0m45.5s/3m00.0s
tenant_paypal    [  25% ] 30/30 VUs  0m45.5s/3m00.0s
tenant_reddit    [  25% ] 30/30 VUs  0m45.5s/3m00.0s
tenant_slack     [  25% ] 30/30 VUs  0m45.5s/3m00.0s
tenant_spotify   [  25% ] 30/30 VUs  0m45.5s/3m00.0s
tenant_tesla     [  25% ] 30/30 VUs  0m45.5s/3m00.0s
tenant_uber      [  25% ] 30/30 VUs  0m45.5s/3m00.0s
tenant_zoom      [  25% ] 30/30 VUs  0m45.5s/3m00.0s

running (2m04.9s), 450/450 VUs, 10543 complete and 0 interrupted iterations
tenant_amazon    [  26% ] 30/30 VUs  0m46.5s/3m00.0s
tenant_amd       [  26% ] 30/30 VUs  0m46.5s/3m00.0s
tenant_apple     [  26% ] 30/30 VUs  0m46.5s/3m00.0s
tenant_azure     [  26% ] 30/30 VUs  0m46.5s/3m00.0s
tenant_google    [  26% ] 30/30 VUs  0m46.5s/3m00.0s
tenant_meta      [  26% ] 30/30 VUs  0m46.5s/3m00.0s
tenant_netflix   [  26% ] 30/30 VUs  0m46.5s/3m00.0s
tenant_nvidia    [  26% ] 30/30 VUs  0m46.5s/3m00.0s
tenant_paypal    [  26% ] 30/30 VUs  0m46.5s/3m00.0s
tenant_reddit    [  26% ] 30/30 VUs  0m46.5s/3m00.0s
tenant_slack     [  26% ] 30/30 VUs  0m46.5s/3m00.0s
tenant_spotify   [  26% ] 30/30 VUs  0m46.5s/3m00.0s
tenant_tesla     [  26% ] 30/30 VUs  0m46.5s/3m00.0s
tenant_uber      [  26% ] 30/30 VUs  0m46.5s/3m00.0s
tenant_zoom      [  26% ] 30/30 VUs  0m46.5s/3m00.0s

running (2m05.9s), 450/450 VUs, 10973 complete and 0 interrupted iterations
tenant_amazon    [  26% ] 30/30 VUs  0m47.5s/3m00.0s
tenant_amd       [  26% ] 30/30 VUs  0m47.5s/3m00.0s
tenant_apple     [  26% ] 30/30 VUs  0m47.5s/3m00.0s
tenant_azure     [  26% ] 30/30 VUs  0m47.5s/3m00.0s
tenant_google    [  26% ] 30/30 VUs  0m47.5s/3m00.0s
tenant_meta      [  26% ] 30/30 VUs  0m47.5s/3m00.0s
tenant_netflix   [  26% ] 30/30 VUs  0m47.5s/3m00.0s
tenant_nvidia    [  26% ] 30/30 VUs  0m47.5s/3m00.0s
tenant_paypal    [  26% ] 30/30 VUs  0m47.5s/3m00.0s
tenant_reddit    [  26% ] 30/30 VUs  0m47.5s/3m00.0s
tenant_slack     [  26% ] 30/30 VUs  0m47.5s/3m00.0s
tenant_spotify   [  26% ] 30/30 VUs  0m47.5s/3m00.0s
tenant_tesla     [  26% ] 30/30 VUs  0m47.5s/3m00.0s
tenant_uber      [  26% ] 30/30 VUs  0m47.5s/3m00.0s
tenant_zoom      [  26% ] 30/30 VUs  0m47.5s/3m00.0s

running (2m06.9s), 450/450 VUs, 11434 complete and 0 interrupted iterations
tenant_amazon    [  27% ] 30/30 VUs  0m48.5s/3m00.0s
tenant_amd       [  27% ] 30/30 VUs  0m48.5s/3m00.0s
tenant_apple     [  27% ] 30/30 VUs  0m48.5s/3m00.0s
tenant_azure     [  27% ] 30/30 VUs  0m48.5s/3m00.0s
tenant_google    [  27% ] 30/30 VUs  0m48.5s/3m00.0s
tenant_meta      [  27% ] 30/30 VUs  0m48.5s/3m00.0s
tenant_netflix   [  27% ] 30/30 VUs  0m48.5s/3m00.0s
tenant_nvidia    [  27% ] 30/30 VUs  0m48.5s/3m00.0s
tenant_paypal    [  27% ] 30/30 VUs  0m48.5s/3m00.0s
tenant_reddit    [  27% ] 30/30 VUs  0m48.5s/3m00.0s
tenant_slack     [  27% ] 30/30 VUs  0m48.5s/3m00.0s
tenant_spotify   [  27% ] 30/30 VUs  0m48.5s/3m00.0s
tenant_tesla     [  27% ] 30/30 VUs  0m48.5s/3m00.0s
tenant_uber      [  27% ] 30/30 VUs  0m48.5s/3m00.0s
tenant_zoom      [  27% ] 30/30 VUs  0m48.5s/3m00.0s

running (2m07.9s), 450/450 VUs, 11904 complete and 0 interrupted iterations
tenant_amazon    [  28% ] 30/30 VUs  0m49.5s/3m00.0s
tenant_amd       [  28% ] 30/30 VUs  0m49.5s/3m00.0s
tenant_apple     [  28% ] 30/30 VUs  0m49.5s/3m00.0s
tenant_azure     [  28% ] 30/30 VUs  0m49.5s/3m00.0s
tenant_google    [  28% ] 30/30 VUs  0m49.5s/3m00.0s
tenant_meta      [  28% ] 30/30 VUs  0m49.5s/3m00.0s
tenant_netflix   [  28% ] 30/30 VUs  0m49.5s/3m00.0s
tenant_nvidia    [  28% ] 30/30 VUs  0m49.5s/3m00.0s
tenant_paypal    [  28% ] 30/30 VUs  0m49.5s/3m00.0s
tenant_reddit    [  28% ] 30/30 VUs  0m49.5s/3m00.0s
tenant_slack     [  28% ] 30/30 VUs  0m49.5s/3m00.0s
tenant_spotify   [  28% ] 30/30 VUs  0m49.5s/3m00.0s
tenant_tesla     [  28% ] 30/30 VUs  0m49.5s/3m00.0s
tenant_uber      [  28% ] 30/30 VUs  0m49.5s/3m00.0s
tenant_zoom      [  28% ] 30/30 VUs  0m49.5s/3m00.0s

running (2m08.9s), 450/450 VUs, 12340 complete and 0 interrupted iterations
tenant_amazon    [  28% ] 30/30 VUs  0m50.5s/3m00.0s
tenant_amd       [  28% ] 30/30 VUs  0m50.5s/3m00.0s
tenant_apple     [  28% ] 30/30 VUs  0m50.5s/3m00.0s
tenant_azure     [  28% ] 30/30 VUs  0m50.5s/3m00.0s
tenant_google    [  28% ] 30/30 VUs  0m50.5s/3m00.0s
tenant_meta      [  28% ] 30/30 VUs  0m50.5s/3m00.0s
tenant_netflix   [  28% ] 30/30 VUs  0m50.5s/3m00.0s
tenant_nvidia    [  28% ] 30/30 VUs  0m50.5s/3m00.0s
tenant_paypal    [  28% ] 30/30 VUs  0m50.5s/3m00.0s
tenant_reddit    [  28% ] 30/30 VUs  0m50.5s/3m00.0s
tenant_slack     [  28% ] 30/30 VUs  0m50.5s/3m00.0s
tenant_spotify   [  28% ] 30/30 VUs  0m50.5s/3m00.0s
tenant_tesla     [  28% ] 30/30 VUs  0m50.5s/3m00.0s
tenant_uber      [  28% ] 30/30 VUs  0m50.5s/3m00.0s
tenant_zoom      [  28% ] 30/30 VUs  0m50.5s/3m00.0s

running (2m09.9s), 450/450 VUs, 12671 complete and 0 interrupted iterations
tenant_amazon    [  29% ] 30/30 VUs  0m51.5s/3m00.0s
tenant_amd       [  29% ] 30/30 VUs  0m51.5s/3m00.0s
tenant_apple     [  29% ] 30/30 VUs  0m51.5s/3m00.0s
tenant_azure     [  29% ] 30/30 VUs  0m51.5s/3m00.0s
tenant_google    [  29% ] 30/30 VUs  0m51.5s/3m00.0s
tenant_meta      [  29% ] 30/30 VUs  0m51.5s/3m00.0s
tenant_netflix   [  29% ] 30/30 VUs  0m51.5s/3m00.0s
tenant_nvidia    [  29% ] 30/30 VUs  0m51.5s/3m00.0s
tenant_paypal    [  29% ] 30/30 VUs  0m51.5s/3m00.0s
tenant_reddit    [  29% ] 30/30 VUs  0m51.5s/3m00.0s
tenant_slack     [  29% ] 30/30 VUs  0m51.5s/3m00.0s
tenant_spotify   [  29% ] 30/30 VUs  0m51.5s/3m00.0s
tenant_tesla     [  29% ] 30/30 VUs  0m51.5s/3m00.0s
tenant_uber      [  29% ] 30/30 VUs  0m51.5s/3m00.0s
tenant_zoom      [  29% ] 30/30 VUs  0m51.5s/3m00.0s

running (2m10.9s), 450/450 VUs, 13031 complete and 0 interrupted iterations
tenant_amazon    [  29% ] 30/30 VUs  0m52.5s/3m00.0s
tenant_amd       [  29% ] 30/30 VUs  0m52.5s/3m00.0s
tenant_apple     [  29% ] 30/30 VUs  0m52.5s/3m00.0s
tenant_azure     [  29% ] 30/30 VUs  0m52.5s/3m00.0s
tenant_google    [  29% ] 30/30 VUs  0m52.5s/3m00.0s
tenant_meta      [  29% ] 30/30 VUs  0m52.5s/3m00.0s
tenant_netflix   [  29% ] 30/30 VUs  0m52.5s/3m00.0s
tenant_nvidia    [  29% ] 30/30 VUs  0m52.5s/3m00.0s
tenant_paypal    [  29% ] 30/30 VUs  0m52.5s/3m00.0s
tenant_reddit    [  29% ] 30/30 VUs  0m52.5s/3m00.0s
tenant_slack     [  29% ] 30/30 VUs  0m52.5s/3m00.0s
tenant_spotify   [  29% ] 30/30 VUs  0m52.5s/3m00.0s
tenant_tesla     [  29% ] 30/30 VUs  0m52.5s/3m00.0s
tenant_uber      [  29% ] 30/30 VUs  0m52.5s/3m00.0s
tenant_zoom      [  29% ] 30/30 VUs  0m52.5s/3m00.0s

running (2m11.9s), 450/450 VUs, 13342 complete and 0 interrupted iterations
tenant_amazon    [  30% ] 30/30 VUs  0m53.5s/3m00.0s
tenant_amd       [  30% ] 30/30 VUs  0m53.5s/3m00.0s
tenant_apple     [  30% ] 30/30 VUs  0m53.5s/3m00.0s
tenant_azure     [  30% ] 30/30 VUs  0m53.5s/3m00.0s
tenant_google    [  30% ] 30/30 VUs  0m53.5s/3m00.0s
tenant_meta      [  30% ] 30/30 VUs  0m53.5s/3m00.0s
tenant_netflix   [  30% ] 30/30 VUs  0m53.5s/3m00.0s
tenant_nvidia    [  30% ] 30/30 VUs  0m53.5s/3m00.0s
tenant_paypal    [  30% ] 30/30 VUs  0m53.5s/3m00.0s
tenant_reddit    [  30% ] 30/30 VUs  0m53.5s/3m00.0s
tenant_slack     [  30% ] 30/30 VUs  0m53.5s/3m00.0s
tenant_spotify   [  30% ] 30/30 VUs  0m53.5s/3m00.0s
tenant_tesla     [  30% ] 30/30 VUs  0m53.5s/3m00.0s
tenant_uber      [  30% ] 30/30 VUs  0m53.5s/3m00.0s
tenant_zoom      [  30% ] 30/30 VUs  0m53.5s/3m00.0s

running (2m12.9s), 450/450 VUs, 13695 complete and 0 interrupted iterations
tenant_amazon    [  30% ] 30/30 VUs  0m54.5s/3m00.0s
tenant_amd       [  30% ] 30/30 VUs  0m54.5s/3m00.0s
tenant_apple     [  30% ] 30/30 VUs  0m54.5s/3m00.0s
tenant_azure     [  30% ] 30/30 VUs  0m54.5s/3m00.0s
tenant_google    [  30% ] 30/30 VUs  0m54.5s/3m00.0s
tenant_meta      [  30% ] 30/30 VUs  0m54.5s/3m00.0s
tenant_netflix   [  30% ] 30/30 VUs  0m54.5s/3m00.0s
tenant_nvidia    [  30% ] 30/30 VUs  0m54.5s/3m00.0s
tenant_paypal    [  30% ] 30/30 VUs  0m54.5s/3m00.0s
tenant_reddit    [  30% ] 30/30 VUs  0m54.5s/3m00.0s
tenant_slack     [  30% ] 30/30 VUs  0m54.5s/3m00.0s
tenant_spotify   [  30% ] 30/30 VUs  0m54.5s/3m00.0s
tenant_tesla     [  30% ] 30/30 VUs  0m54.5s/3m00.0s
tenant_uber      [  30% ] 30/30 VUs  0m54.5s/3m00.0s
tenant_zoom      [  30% ] 30/30 VUs  0m54.5s/3m00.0s

running (2m13.9s), 450/450 VUs, 14068 complete and 0 interrupted iterations
tenant_amazon    [  31% ] 30/30 VUs  0m55.5s/3m00.0s
tenant_amd       [  31% ] 30/30 VUs  0m55.5s/3m00.0s
tenant_apple     [  31% ] 30/30 VUs  0m55.5s/3m00.0s
tenant_azure     [  31% ] 30/30 VUs  0m55.5s/3m00.0s
tenant_google    [  31% ] 30/30 VUs  0m55.5s/3m00.0s
tenant_meta      [  31% ] 30/30 VUs  0m55.5s/3m00.0s
tenant_netflix   [  31% ] 30/30 VUs  0m55.5s/3m00.0s
tenant_nvidia    [  31% ] 30/30 VUs  0m55.5s/3m00.0s
tenant_paypal    [  31% ] 30/30 VUs  0m55.5s/3m00.0s
tenant_reddit    [  31% ] 30/30 VUs  0m55.5s/3m00.0s
tenant_slack     [  31% ] 30/30 VUs  0m55.5s/3m00.0s
tenant_spotify   [  31% ] 30/30 VUs  0m55.5s/3m00.0s
tenant_tesla     [  31% ] 30/30 VUs  0m55.5s/3m00.0s
tenant_uber      [  31% ] 30/30 VUs  0m55.5s/3m00.0s
tenant_zoom      [  31% ] 30/30 VUs  0m55.5s/3m00.0s

running (2m14.9s), 450/450 VUs, 14421 complete and 0 interrupted iterations
tenant_amazon    [  31% ] 30/30 VUs  0m56.5s/3m00.0s
tenant_amd       [  31% ] 30/30 VUs  0m56.5s/3m00.0s
tenant_apple     [  31% ] 30/30 VUs  0m56.5s/3m00.0s
tenant_azure     [  31% ] 30/30 VUs  0m56.5s/3m00.0s
tenant_google    [  31% ] 30/30 VUs  0m56.5s/3m00.0s
tenant_meta      [  31% ] 30/30 VUs  0m56.5s/3m00.0s
tenant_netflix   [  31% ] 30/30 VUs  0m56.5s/3m00.0s
tenant_nvidia    [  31% ] 30/30 VUs  0m56.5s/3m00.0s
tenant_paypal    [  31% ] 30/30 VUs  0m56.5s/3m00.0s
tenant_reddit    [  31% ] 30/30 VUs  0m56.5s/3m00.0s
tenant_slack     [  31% ] 30/30 VUs  0m56.5s/3m00.0s
tenant_spotify   [  31% ] 30/30 VUs  0m56.5s/3m00.0s
tenant_tesla     [  31% ] 30/30 VUs  0m56.5s/3m00.0s
tenant_uber      [  31% ] 30/30 VUs  0m56.5s/3m00.0s
tenant_zoom      [  31% ] 30/30 VUs  0m56.5s/3m00.0s

running (2m15.9s), 450/450 VUs, 14725 complete and 0 interrupted iterations
tenant_amazon    [  32% ] 30/30 VUs  0m57.5s/3m00.0s
tenant_amd       [  32% ] 30/30 VUs  0m57.5s/3m00.0s
tenant_apple     [  32% ] 30/30 VUs  0m57.5s/3m00.0s
tenant_azure     [  32% ] 30/30 VUs  0m57.5s/3m00.0s
tenant_google    [  32% ] 30/30 VUs  0m57.5s/3m00.0s
tenant_meta      [  32% ] 30/30 VUs  0m57.5s/3m00.0s
tenant_netflix   [  32% ] 30/30 VUs  0m57.5s/3m00.0s
tenant_nvidia    [  32% ] 30/30 VUs  0m57.5s/3m00.0s
tenant_paypal    [  32% ] 30/30 VUs  0m57.5s/3m00.0s
tenant_reddit    [  32% ] 30/30 VUs  0m57.5s/3m00.0s
tenant_slack     [  32% ] 30/30 VUs  0m57.5s/3m00.0s
tenant_spotify   [  32% ] 30/30 VUs  0m57.5s/3m00.0s
tenant_tesla     [  32% ] 30/30 VUs  0m57.5s/3m00.0s
tenant_uber      [  32% ] 30/30 VUs  0m57.5s/3m00.0s
tenant_zoom      [  32% ] 30/30 VUs  0m57.5s/3m00.0s

running (2m16.9s), 450/450 VUs, 15153 complete and 0 interrupted iterations
tenant_amazon    [  33% ] 30/30 VUs  0m58.5s/3m00.0s
tenant_amd       [  33% ] 30/30 VUs  0m58.5s/3m00.0s
tenant_apple     [  33% ] 30/30 VUs  0m58.5s/3m00.0s
tenant_azure     [  33% ] 30/30 VUs  0m58.5s/3m00.0s
tenant_google    [  33% ] 30/30 VUs  0m58.5s/3m00.0s
tenant_meta      [  33% ] 30/30 VUs  0m58.5s/3m00.0s
tenant_netflix   [  33% ] 30/30 VUs  0m58.5s/3m00.0s
tenant_nvidia    [  33% ] 30/30 VUs  0m58.5s/3m00.0s
tenant_paypal    [  33% ] 30/30 VUs  0m58.5s/3m00.0s
tenant_reddit    [  33% ] 30/30 VUs  0m58.5s/3m00.0s
tenant_slack     [  33% ] 30/30 VUs  0m58.5s/3m00.0s
tenant_spotify   [  33% ] 30/30 VUs  0m58.5s/3m00.0s
tenant_tesla     [  33% ] 30/30 VUs  0m58.5s/3m00.0s
tenant_uber      [  33% ] 30/30 VUs  0m58.5s/3m00.0s
tenant_zoom      [  33% ] 30/30 VUs  0m58.5s/3m00.0s

running (2m17.9s), 450/450 VUs, 15499 complete and 0 interrupted iterations
tenant_amazon    [  33% ] 30/30 VUs  0m59.5s/3m00.0s
tenant_amd       [  33% ] 30/30 VUs  0m59.5s/3m00.0s
tenant_apple     [  33% ] 30/30 VUs  0m59.5s/3m00.0s
tenant_azure     [  33% ] 30/30 VUs  0m59.5s/3m00.0s
tenant_google    [  33% ] 30/30 VUs  0m59.5s/3m00.0s
tenant_meta      [  33% ] 30/30 VUs  0m59.5s/3m00.0s
tenant_netflix   [  33% ] 30/30 VUs  0m59.5s/3m00.0s
tenant_nvidia    [  33% ] 30/30 VUs  0m59.5s/3m00.0s
tenant_paypal    [  33% ] 30/30 VUs  0m59.5s/3m00.0s
tenant_reddit    [  33% ] 30/30 VUs  0m59.5s/3m00.0s
tenant_slack     [  33% ] 30/30 VUs  0m59.5s/3m00.0s
tenant_spotify   [  33% ] 30/30 VUs  0m59.5s/3m00.0s
tenant_tesla     [  33% ] 30/30 VUs  0m59.5s/3m00.0s
tenant_uber      [  33% ] 30/30 VUs  0m59.5s/3m00.0s
tenant_zoom      [  33% ] 30/30 VUs  0m59.5s/3m00.0s

running (2m18.9s), 450/450 VUs, 15798 complete and 0 interrupted iterations
tenant_amazon    [  34% ] 30/30 VUs  1m00.5s/3m00.0s
tenant_amd       [  34% ] 30/30 VUs  1m00.5s/3m00.0s
tenant_apple     [  34% ] 30/30 VUs  1m00.5s/3m00.0s
tenant_azure     [  34% ] 30/30 VUs  1m00.5s/3m00.0s
tenant_google    [  34% ] 30/30 VUs  1m00.5s/3m00.0s
tenant_meta      [  34% ] 30/30 VUs  1m00.5s/3m00.0s
tenant_netflix   [  34% ] 30/30 VUs  1m00.5s/3m00.0s
tenant_nvidia    [  34% ] 30/30 VUs  1m00.5s/3m00.0s
tenant_paypal    [  34% ] 30/30 VUs  1m00.5s/3m00.0s
tenant_reddit    [  34% ] 30/30 VUs  1m00.5s/3m00.0s
tenant_slack     [  34% ] 30/30 VUs  1m00.5s/3m00.0s
tenant_spotify   [  34% ] 30/30 VUs  1m00.5s/3m00.0s
tenant_tesla     [  34% ] 30/30 VUs  1m00.5s/3m00.0s
tenant_uber      [  34% ] 30/30 VUs  1m00.5s/3m00.0s
tenant_zoom      [  34% ] 30/30 VUs  1m00.5s/3m00.0s

running (2m19.9s), 450/450 VUs, 16170 complete and 0 interrupted iterations
tenant_amazon    [  34% ] 30/30 VUs  1m01.5s/3m00.0s
tenant_amd       [  34% ] 30/30 VUs  1m01.5s/3m00.0s
tenant_apple     [  34% ] 30/30 VUs  1m01.5s/3m00.0s
tenant_azure     [  34% ] 30/30 VUs  1m01.5s/3m00.0s
tenant_google    [  34% ] 30/30 VUs  1m01.5s/3m00.0s
tenant_meta      [  34% ] 30/30 VUs  1m01.5s/3m00.0s
tenant_netflix   [  34% ] 30/30 VUs  1m01.5s/3m00.0s
tenant_nvidia    [  34% ] 30/30 VUs  1m01.5s/3m00.0s
tenant_paypal    [  34% ] 30/30 VUs  1m01.5s/3m00.0s
tenant_reddit    [  34% ] 30/30 VUs  1m01.5s/3m00.0s
tenant_slack     [  34% ] 30/30 VUs  1m01.5s/3m00.0s
tenant_spotify   [  34% ] 30/30 VUs  1m01.5s/3m00.0s
tenant_tesla     [  34% ] 30/30 VUs  1m01.5s/3m00.0s
tenant_uber      [  34% ] 30/30 VUs  1m01.5s/3m00.0s
tenant_zoom      [  34% ] 30/30 VUs  1m01.5s/3m00.0s

running (2m20.9s), 450/450 VUs, 16527 complete and 0 interrupted iterations
tenant_amazon    [  35% ] 30/30 VUs  1m02.5s/3m00.0s
tenant_amd       [  35% ] 30/30 VUs  1m02.5s/3m00.0s
tenant_apple     [  35% ] 30/30 VUs  1m02.5s/3m00.0s
tenant_azure     [  35% ] 30/30 VUs  1m02.5s/3m00.0s
tenant_google    [  35% ] 30/30 VUs  1m02.5s/3m00.0s
tenant_meta      [  35% ] 30/30 VUs  1m02.5s/3m00.0s
tenant_netflix   [  35% ] 30/30 VUs  1m02.5s/3m00.0s
tenant_nvidia    [  35% ] 30/30 VUs  1m02.5s/3m00.0s
tenant_paypal    [  35% ] 30/30 VUs  1m02.5s/3m00.0s
tenant_reddit    [  35% ] 30/30 VUs  1m02.5s/3m00.0s
tenant_slack     [  35% ] 30/30 VUs  1m02.5s/3m00.0s
tenant_spotify   [  35% ] 30/30 VUs  1m02.5s/3m00.0s
tenant_tesla     [  35% ] 30/30 VUs  1m02.5s/3m00.0s
tenant_uber      [  35% ] 30/30 VUs  1m02.5s/3m00.0s
tenant_zoom      [  35% ] 30/30 VUs  1m02.5s/3m00.0s

running (2m21.9s), 450/450 VUs, 16853 complete and 0 interrupted iterations
tenant_amazon    [  35% ] 30/30 VUs  1m03.5s/3m00.0s
tenant_amd       [  35% ] 30/30 VUs  1m03.5s/3m00.0s
tenant_apple     [  35% ] 30/30 VUs  1m03.5s/3m00.0s
tenant_azure     [  35% ] 30/30 VUs  1m03.5s/3m00.0s
tenant_google    [  35% ] 30/30 VUs  1m03.5s/3m00.0s
tenant_meta      [  35% ] 30/30 VUs  1m03.5s/3m00.0s
tenant_netflix   [  35% ] 30/30 VUs  1m03.5s/3m00.0s
tenant_nvidia    [  35% ] 30/30 VUs  1m03.5s/3m00.0s
tenant_paypal    [  35% ] 30/30 VUs  1m03.5s/3m00.0s
tenant_reddit    [  35% ] 30/30 VUs  1m03.5s/3m00.0s
tenant_slack     [  35% ] 30/30 VUs  1m03.5s/3m00.0s
tenant_spotify   [  35% ] 30/30 VUs  1m03.5s/3m00.0s
tenant_tesla     [  35% ] 30/30 VUs  1m03.5s/3m00.0s
tenant_uber      [  35% ] 30/30 VUs  1m03.5s/3m00.0s
tenant_zoom      [  35% ] 30/30 VUs  1m03.5s/3m00.0s

running (2m22.9s), 450/450 VUs, 17168 complete and 0 interrupted iterations
tenant_amazon    [  36% ] 30/30 VUs  1m04.5s/3m00.0s
tenant_amd       [  36% ] 30/30 VUs  1m04.5s/3m00.0s
tenant_apple     [  36% ] 30/30 VUs  1m04.5s/3m00.0s
tenant_azure     [  36% ] 30/30 VUs  1m04.5s/3m00.0s
tenant_google    [  36% ] 30/30 VUs  1m04.5s/3m00.0s
tenant_meta      [  36% ] 30/30 VUs  1m04.5s/3m00.0s
tenant_netflix   [  36% ] 30/30 VUs  1m04.5s/3m00.0s
tenant_nvidia    [  36% ] 30/30 VUs  1m04.5s/3m00.0s
tenant_paypal    [  36% ] 30/30 VUs  1m04.5s/3m00.0s
tenant_reddit    [  36% ] 30/30 VUs  1m04.5s/3m00.0s
tenant_slack     [  36% ] 30/30 VUs  1m04.5s/3m00.0s
tenant_spotify   [  36% ] 30/30 VUs  1m04.5s/3m00.0s
tenant_tesla     [  36% ] 30/30 VUs  1m04.5s/3m00.0s
tenant_uber      [  36% ] 30/30 VUs  1m04.5s/3m00.0s
tenant_zoom      [  36% ] 30/30 VUs  1m04.5s/3m00.0s

running (2m23.9s), 450/450 VUs, 17477 complete and 0 interrupted iterations
tenant_amazon    [  36% ] 30/30 VUs  1m05.5s/3m00.0s
tenant_amd       [  36% ] 30/30 VUs  1m05.5s/3m00.0s
tenant_apple     [  36% ] 30/30 VUs  1m05.5s/3m00.0s
tenant_azure     [  36% ] 30/30 VUs  1m05.5s/3m00.0s
tenant_google    [  36% ] 30/30 VUs  1m05.5s/3m00.0s
tenant_meta      [  36% ] 30/30 VUs  1m05.5s/3m00.0s
tenant_netflix   [  36% ] 30/30 VUs  1m05.5s/3m00.0s
tenant_nvidia    [  36% ] 30/30 VUs  1m05.5s/3m00.0s
tenant_paypal    [  36% ] 30/30 VUs  1m05.5s/3m00.0s
tenant_reddit    [  36% ] 30/30 VUs  1m05.5s/3m00.0s
tenant_slack     [  36% ] 30/30 VUs  1m05.5s/3m00.0s
tenant_spotify   [  36% ] 30/30 VUs  1m05.5s/3m00.0s
tenant_tesla     [  36% ] 30/30 VUs  1m05.5s/3m00.0s
tenant_uber      [  36% ] 30/30 VUs  1m05.5s/3m00.0s
tenant_zoom      [  36% ] 30/30 VUs  1m05.5s/3m00.0s

running (2m24.9s), 450/450 VUs, 17888 complete and 0 interrupted iterations
tenant_amazon    [  37% ] 30/30 VUs  1m06.5s/3m00.0s
tenant_amd       [  37% ] 30/30 VUs  1m06.5s/3m00.0s
tenant_apple     [  37% ] 30/30 VUs  1m06.5s/3m00.0s
tenant_azure     [  37% ] 30/30 VUs  1m06.5s/3m00.0s
tenant_google    [  37% ] 30/30 VUs  1m06.5s/3m00.0s
tenant_meta      [  37% ] 30/30 VUs  1m06.5s/3m00.0s
tenant_netflix   [  37% ] 30/30 VUs  1m06.5s/3m00.0s
tenant_nvidia    [  37% ] 30/30 VUs  1m06.5s/3m00.0s
tenant_paypal    [  37% ] 30/30 VUs  1m06.5s/3m00.0s
tenant_reddit    [  37% ] 30/30 VUs  1m06.5s/3m00.0s
tenant_slack     [  37% ] 30/30 VUs  1m06.5s/3m00.0s
tenant_spotify   [  37% ] 30/30 VUs  1m06.5s/3m00.0s
tenant_tesla     [  37% ] 30/30 VUs  1m06.5s/3m00.0s
tenant_uber      [  37% ] 30/30 VUs  1m06.5s/3m00.0s
tenant_zoom      [  37% ] 30/30 VUs  1m06.5s/3m00.0s

running (2m25.9s), 450/450 VUs, 18219 complete and 0 interrupted iterations
tenant_amazon    [  38% ] 30/30 VUs  1m07.5s/3m00.0s
tenant_amd       [  38% ] 30/30 VUs  1m07.5s/3m00.0s
tenant_apple     [  38% ] 30/30 VUs  1m07.5s/3m00.0s
tenant_azure     [  38% ] 30/30 VUs  1m07.5s/3m00.0s
tenant_google    [  38% ] 30/30 VUs  1m07.5s/3m00.0s
tenant_meta      [  38% ] 30/30 VUs  1m07.5s/3m00.0s
tenant_netflix   [  38% ] 30/30 VUs  1m07.5s/3m00.0s
tenant_nvidia    [  38% ] 30/30 VUs  1m07.5s/3m00.0s
tenant_paypal    [  38% ] 30/30 VUs  1m07.5s/3m00.0s
tenant_reddit    [  38% ] 30/30 VUs  1m07.5s/3m00.0s
tenant_slack     [  38% ] 30/30 VUs  1m07.5s/3m00.0s
tenant_spotify   [  38% ] 30/30 VUs  1m07.5s/3m00.0s
tenant_tesla     [  38% ] 30/30 VUs  1m07.5s/3m00.0s
tenant_uber      [  38% ] 30/30 VUs  1m07.5s/3m00.0s
tenant_zoom      [  38% ] 30/30 VUs  1m07.5s/3m00.0s

running (2m26.9s), 450/450 VUs, 18558 complete and 0 interrupted iterations
tenant_amazon    [  38% ] 30/30 VUs  1m08.5s/3m00.0s
tenant_amd       [  38% ] 30/30 VUs  1m08.5s/3m00.0s
tenant_apple     [  38% ] 30/30 VUs  1m08.5s/3m00.0s
tenant_azure     [  38% ] 30/30 VUs  1m08.5s/3m00.0s
tenant_google    [  38% ] 30/30 VUs  1m08.5s/3m00.0s
tenant_meta      [  38% ] 30/30 VUs  1m08.5s/3m00.0s
tenant_netflix   [  38% ] 30/30 VUs  1m08.5s/3m00.0s
tenant_nvidia    [  38% ] 30/30 VUs  1m08.5s/3m00.0s
tenant_paypal    [  38% ] 30/30 VUs  1m08.5s/3m00.0s
tenant_reddit    [  38% ] 30/30 VUs  1m08.5s/3m00.0s
tenant_slack     [  38% ] 30/30 VUs  1m08.5s/3m00.0s
tenant_spotify   [  38% ] 30/30 VUs  1m08.5s/3m00.0s
tenant_tesla     [  38% ] 30/30 VUs  1m08.5s/3m00.0s
tenant_uber      [  38% ] 30/30 VUs  1m08.5s/3m00.0s
tenant_zoom      [  38% ] 30/30 VUs  1m08.5s/3m00.0s

running (2m27.9s), 450/450 VUs, 18907 complete and 0 interrupted iterations
tenant_amazon    [  39% ] 30/30 VUs  1m09.5s/3m00.0s
tenant_amd       [  39% ] 30/30 VUs  1m09.5s/3m00.0s
tenant_apple     [  39% ] 30/30 VUs  1m09.5s/3m00.0s
tenant_azure     [  39% ] 30/30 VUs  1m09.5s/3m00.0s
tenant_google    [  39% ] 30/30 VUs  1m09.5s/3m00.0s
tenant_meta      [  39% ] 30/30 VUs  1m09.5s/3m00.0s
tenant_netflix   [  39% ] 30/30 VUs  1m09.5s/3m00.0s
tenant_nvidia    [  39% ] 30/30 VUs  1m09.5s/3m00.0s
tenant_paypal    [  39% ] 30/30 VUs  1m09.5s/3m00.0s
tenant_reddit    [  39% ] 30/30 VUs  1m09.5s/3m00.0s
tenant_slack     [  39% ] 30/30 VUs  1m09.5s/3m00.0s
tenant_spotify   [  39% ] 30/30 VUs  1m09.5s/3m00.0s
tenant_tesla     [  39% ] 30/30 VUs  1m09.5s/3m00.0s
tenant_uber      [  39% ] 30/30 VUs  1m09.5s/3m00.0s
tenant_zoom      [  39% ] 30/30 VUs  1m09.5s/3m00.0s

running (2m28.9s), 450/450 VUs, 19293 complete and 0 interrupted iterations
tenant_amazon    [  39% ] 30/30 VUs  1m10.5s/3m00.0s
tenant_amd       [  39% ] 30/30 VUs  1m10.5s/3m00.0s
tenant_apple     [  39% ] 30/30 VUs  1m10.5s/3m00.0s
tenant_azure     [  39% ] 30/30 VUs  1m10.5s/3m00.0s
tenant_google    [  39% ] 30/30 VUs  1m10.5s/3m00.0s
tenant_meta      [  39% ] 30/30 VUs  1m10.5s/3m00.0s
tenant_netflix   [  39% ] 30/30 VUs  1m10.5s/3m00.0s
tenant_nvidia    [  39% ] 30/30 VUs  1m10.5s/3m00.0s
tenant_paypal    [  39% ] 30/30 VUs  1m10.5s/3m00.0s
tenant_reddit    [  39% ] 30/30 VUs  1m10.5s/3m00.0s
tenant_slack     [  39% ] 30/30 VUs  1m10.5s/3m00.0s
tenant_spotify   [  39% ] 30/30 VUs  1m10.5s/3m00.0s
tenant_tesla     [  39% ] 30/30 VUs  1m10.5s/3m00.0s
tenant_uber      [  39% ] 30/30 VUs  1m10.5s/3m00.0s
tenant_zoom      [  39% ] 30/30 VUs  1m10.5s/3m00.0s

running (2m29.9s), 450/450 VUs, 19768 complete and 0 interrupted iterations
tenant_amazon    [  40% ] 30/30 VUs  1m11.5s/3m00.0s
tenant_amd       [  40% ] 30/30 VUs  1m11.5s/3m00.0s
tenant_apple     [  40% ] 30/30 VUs  1m11.5s/3m00.0s
tenant_azure     [  40% ] 30/30 VUs  1m11.5s/3m00.0s
tenant_google    [  40% ] 30/30 VUs  1m11.5s/3m00.0s
tenant_meta      [  40% ] 30/30 VUs  1m11.5s/3m00.0s
tenant_netflix   [  40% ] 30/30 VUs  1m11.5s/3m00.0s
tenant_nvidia    [  40% ] 30/30 VUs  1m11.5s/3m00.0s
tenant_paypal    [  40% ] 30/30 VUs  1m11.5s/3m00.0s
tenant_reddit    [  40% ] 30/30 VUs  1m11.5s/3m00.0s
tenant_slack     [  40% ] 30/30 VUs  1m11.5s/3m00.0s
tenant_spotify   [  40% ] 30/30 VUs  1m11.5s/3m00.0s
tenant_tesla     [  40% ] 30/30 VUs  1m11.5s/3m00.0s
tenant_uber      [  40% ] 30/30 VUs  1m11.5s/3m00.0s
tenant_zoom      [  40% ] 30/30 VUs  1m11.5s/3m00.0s

running (2m30.9s), 450/450 VUs, 20114 complete and 0 interrupted iterations
tenant_amazon    [  40% ] 30/30 VUs  1m12.5s/3m00.0s
tenant_amd       [  40% ] 30/30 VUs  1m12.5s/3m00.0s
tenant_apple     [  40% ] 30/30 VUs  1m12.5s/3m00.0s
tenant_azure     [  40% ] 30/30 VUs  1m12.5s/3m00.0s
tenant_google    [  40% ] 30/30 VUs  1m12.5s/3m00.0s
tenant_meta      [  40% ] 30/30 VUs  1m12.5s/3m00.0s
tenant_netflix   [  40% ] 30/30 VUs  1m12.5s/3m00.0s
tenant_nvidia    [  40% ] 30/30 VUs  1m12.5s/3m00.0s
tenant_paypal    [  40% ] 30/30 VUs  1m12.5s/3m00.0s
tenant_reddit    [  40% ] 30/30 VUs  1m12.5s/3m00.0s
tenant_slack     [  40% ] 30/30 VUs  1m12.5s/3m00.0s
tenant_spotify   [  40% ] 30/30 VUs  1m12.5s/3m00.0s
tenant_tesla     [  40% ] 30/30 VUs  1m12.5s/3m00.0s
tenant_uber      [  40% ] 30/30 VUs  1m12.5s/3m00.0s
tenant_zoom      [  40% ] 30/30 VUs  1m12.5s/3m00.0s

running (2m31.9s), 450/450 VUs, 20453 complete and 0 interrupted iterations
tenant_amazon    [  41% ] 30/30 VUs  1m13.5s/3m00.0s
tenant_amd       [  41% ] 30/30 VUs  1m13.5s/3m00.0s
tenant_apple     [  41% ] 30/30 VUs  1m13.5s/3m00.0s
tenant_azure     [  41% ] 30/30 VUs  1m13.5s/3m00.0s
tenant_google    [  41% ] 30/30 VUs  1m13.5s/3m00.0s
tenant_meta      [  41% ] 30/30 VUs  1m13.5s/3m00.0s
tenant_netflix   [  41% ] 30/30 VUs  1m13.5s/3m00.0s
tenant_nvidia    [  41% ] 30/30 VUs  1m13.5s/3m00.0s
tenant_paypal    [  41% ] 30/30 VUs  1m13.5s/3m00.0s
tenant_reddit    [  41% ] 30/30 VUs  1m13.5s/3m00.0s
tenant_slack     [  41% ] 30/30 VUs  1m13.5s/3m00.0s
tenant_spotify   [  41% ] 30/30 VUs  1m13.5s/3m00.0s
tenant_tesla     [  41% ] 30/30 VUs  1m13.5s/3m00.0s
tenant_uber      [  41% ] 30/30 VUs  1m13.5s/3m00.0s
tenant_zoom      [  41% ] 30/30 VUs  1m13.5s/3m00.0s

running (2m32.9s), 450/450 VUs, 20843 complete and 0 interrupted iterations
tenant_amazon    [  41% ] 30/30 VUs  1m14.5s/3m00.0s
tenant_amd       [  41% ] 30/30 VUs  1m14.5s/3m00.0s
tenant_apple     [  41% ] 30/30 VUs  1m14.5s/3m00.0s
tenant_azure     [  41% ] 30/30 VUs  1m14.5s/3m00.0s
tenant_google    [  41% ] 30/30 VUs  1m14.5s/3m00.0s
tenant_meta      [  41% ] 30/30 VUs  1m14.5s/3m00.0s
tenant_netflix   [  41% ] 30/30 VUs  1m14.5s/3m00.0s
tenant_nvidia    [  41% ] 30/30 VUs  1m14.5s/3m00.0s
tenant_paypal    [  41% ] 30/30 VUs  1m14.5s/3m00.0s
tenant_reddit    [  41% ] 30/30 VUs  1m14.5s/3m00.0s
tenant_slack     [  41% ] 30/30 VUs  1m14.5s/3m00.0s
tenant_spotify   [  41% ] 30/30 VUs  1m14.5s/3m00.0s
tenant_tesla     [  41% ] 30/30 VUs  1m14.5s/3m00.0s
tenant_uber      [  41% ] 30/30 VUs  1m14.5s/3m00.0s
tenant_zoom      [  41% ] 30/30 VUs  1m14.5s/3m00.0s

running (2m33.9s), 450/450 VUs, 21309 complete and 0 interrupted iterations
tenant_amazon    [  42% ] 30/30 VUs  1m15.5s/3m00.0s
tenant_amd       [  42% ] 30/30 VUs  1m15.5s/3m00.0s
tenant_apple     [  42% ] 30/30 VUs  1m15.5s/3m00.0s
tenant_azure     [  42% ] 30/30 VUs  1m15.5s/3m00.0s
tenant_google    [  42% ] 30/30 VUs  1m15.5s/3m00.0s
tenant_meta      [  42% ] 30/30 VUs  1m15.5s/3m00.0s
tenant_netflix   [  42% ] 30/30 VUs  1m15.5s/3m00.0s
tenant_nvidia    [  42% ] 30/30 VUs  1m15.5s/3m00.0s
tenant_paypal    [  42% ] 30/30 VUs  1m15.5s/3m00.0s
tenant_reddit    [  42% ] 30/30 VUs  1m15.5s/3m00.0s
tenant_slack     [  42% ] 30/30 VUs  1m15.5s/3m00.0s
tenant_spotify   [  42% ] 30/30 VUs  1m15.5s/3m00.0s
tenant_tesla     [  42% ] 30/30 VUs  1m15.5s/3m00.0s
tenant_uber      [  42% ] 30/30 VUs  1m15.5s/3m00.0s
tenant_zoom      [  42% ] 30/30 VUs  1m15.5s/3m00.0s

running (2m34.9s), 450/450 VUs, 21680 complete and 0 interrupted iterations
tenant_amazon    [  43% ] 30/30 VUs  1m16.5s/3m00.0s
tenant_amd       [  43% ] 30/30 VUs  1m16.5s/3m00.0s
tenant_apple     [  43% ] 30/30 VUs  1m16.5s/3m00.0s
tenant_azure     [  43% ] 30/30 VUs  1m16.5s/3m00.0s
tenant_google    [  43% ] 30/30 VUs  1m16.5s/3m00.0s
tenant_meta      [  43% ] 30/30 VUs  1m16.5s/3m00.0s
tenant_netflix   [  43% ] 30/30 VUs  1m16.5s/3m00.0s
tenant_nvidia    [  43% ] 30/30 VUs  1m16.5s/3m00.0s
tenant_paypal    [  43% ] 30/30 VUs  1m16.5s/3m00.0s
tenant_reddit    [  43% ] 30/30 VUs  1m16.5s/3m00.0s
tenant_slack     [  43% ] 30/30 VUs  1m16.5s/3m00.0s
tenant_spotify   [  43% ] 30/30 VUs  1m16.5s/3m00.0s
tenant_tesla     [  43% ] 30/30 VUs  1m16.5s/3m00.0s
tenant_uber      [  43% ] 30/30 VUs  1m16.5s/3m00.0s
tenant_zoom      [  43% ] 30/30 VUs  1m16.5s/3m00.0s

running (2m35.9s), 450/450 VUs, 22006 complete and 0 interrupted iterations
tenant_amazon    [  43% ] 30/30 VUs  1m17.5s/3m00.0s
tenant_amd       [  43% ] 30/30 VUs  1m17.5s/3m00.0s
tenant_apple     [  43% ] 30/30 VUs  1m17.5s/3m00.0s
tenant_azure     [  43% ] 30/30 VUs  1m17.5s/3m00.0s
tenant_google    [  43% ] 30/30 VUs  1m17.5s/3m00.0s
tenant_meta      [  43% ] 30/30 VUs  1m17.5s/3m00.0s
tenant_netflix   [  43% ] 30/30 VUs  1m17.5s/3m00.0s
tenant_nvidia    [  43% ] 30/30 VUs  1m17.5s/3m00.0s
tenant_paypal    [  43% ] 30/30 VUs  1m17.5s/3m00.0s
tenant_reddit    [  43% ] 30/30 VUs  1m17.5s/3m00.0s
tenant_slack     [  43% ] 30/30 VUs  1m17.5s/3m00.0s
tenant_spotify   [  43% ] 30/30 VUs  1m17.5s/3m00.0s
tenant_tesla     [  43% ] 30/30 VUs  1m17.5s/3m00.0s
tenant_uber      [  43% ] 30/30 VUs  1m17.5s/3m00.0s
tenant_zoom      [  43% ] 30/30 VUs  1m17.5s/3m00.0s

running (2m36.9s), 450/450 VUs, 22383 complete and 0 interrupted iterations
tenant_amazon    [  44% ] 30/30 VUs  1m18.5s/3m00.0s
tenant_amd       [  44% ] 30/30 VUs  1m18.5s/3m00.0s
tenant_apple     [  44% ] 30/30 VUs  1m18.5s/3m00.0s
tenant_azure     [  44% ] 30/30 VUs  1m18.5s/3m00.0s
tenant_google    [  44% ] 30/30 VUs  1m18.5s/3m00.0s
tenant_meta      [  44% ] 30/30 VUs  1m18.5s/3m00.0s
tenant_netflix   [  44% ] 30/30 VUs  1m18.5s/3m00.0s
tenant_nvidia    [  44% ] 30/30 VUs  1m18.5s/3m00.0s
tenant_paypal    [  44% ] 30/30 VUs  1m18.5s/3m00.0s
tenant_reddit    [  44% ] 30/30 VUs  1m18.5s/3m00.0s
tenant_slack     [  44% ] 30/30 VUs  1m18.5s/3m00.0s
tenant_spotify   [  44% ] 30/30 VUs  1m18.5s/3m00.0s
tenant_tesla     [  44% ] 30/30 VUs  1m18.5s/3m00.0s
tenant_uber      [  44% ] 30/30 VUs  1m18.5s/3m00.0s
tenant_zoom      [  44% ] 30/30 VUs  1m18.5s/3m00.0s

running (2m37.9s), 450/450 VUs, 22885 complete and 0 interrupted iterations
tenant_amazon    [  44% ] 30/30 VUs  1m19.5s/3m00.0s
tenant_amd       [  44% ] 30/30 VUs  1m19.5s/3m00.0s
tenant_apple     [  44% ] 30/30 VUs  1m19.5s/3m00.0s
tenant_azure     [  44% ] 30/30 VUs  1m19.5s/3m00.0s
tenant_google    [  44% ] 30/30 VUs  1m19.5s/3m00.0s
tenant_meta      [  44% ] 30/30 VUs  1m19.5s/3m00.0s
tenant_netflix   [  44% ] 30/30 VUs  1m19.5s/3m00.0s
tenant_nvidia    [  44% ] 30/30 VUs  1m19.5s/3m00.0s
tenant_paypal    [  44% ] 30/30 VUs  1m19.5s/3m00.0s
tenant_reddit    [  44% ] 30/30 VUs  1m19.5s/3m00.0s
tenant_slack     [  44% ] 30/30 VUs  1m19.5s/3m00.0s
tenant_spotify   [  44% ] 30/30 VUs  1m19.5s/3m00.0s
tenant_tesla     [  44% ] 30/30 VUs  1m19.5s/3m00.0s
tenant_uber      [  44% ] 30/30 VUs  1m19.5s/3m00.0s
tenant_zoom      [  44% ] 30/30 VUs  1m19.5s/3m00.0s

running (2m38.9s), 450/450 VUs, 23318 complete and 0 interrupted iterations
tenant_amazon    [  45% ] 30/30 VUs  1m20.5s/3m00.0s
tenant_amd       [  45% ] 30/30 VUs  1m20.5s/3m00.0s
tenant_apple     [  45% ] 30/30 VUs  1m20.5s/3m00.0s
tenant_azure     [  45% ] 30/30 VUs  1m20.5s/3m00.0s
tenant_google    [  45% ] 30/30 VUs  1m20.5s/3m00.0s
tenant_meta      [  45% ] 30/30 VUs  1m20.5s/3m00.0s
tenant_netflix   [  45% ] 30/30 VUs  1m20.5s/3m00.0s
tenant_nvidia    [  45% ] 30/30 VUs  1m20.5s/3m00.0s
tenant_paypal    [  45% ] 30/30 VUs  1m20.5s/3m00.0s
tenant_reddit    [  45% ] 30/30 VUs  1m20.5s/3m00.0s
tenant_slack     [  45% ] 30/30 VUs  1m20.5s/3m00.0s
tenant_spotify   [  45% ] 30/30 VUs  1m20.5s/3m00.0s
tenant_tesla     [  45% ] 30/30 VUs  1m20.5s/3m00.0s
tenant_uber      [  45% ] 30/30 VUs  1m20.5s/3m00.0s
tenant_zoom      [  45% ] 30/30 VUs  1m20.5s/3m00.0s

running (2m39.9s), 450/450 VUs, 23663 complete and 0 interrupted iterations
tenant_amazon    [  45% ] 30/30 VUs  1m21.5s/3m00.0s
tenant_amd       [  45% ] 30/30 VUs  1m21.5s/3m00.0s
tenant_apple     [  45% ] 30/30 VUs  1m21.5s/3m00.0s
tenant_azure     [  45% ] 30/30 VUs  1m21.5s/3m00.0s
tenant_google    [  45% ] 30/30 VUs  1m21.5s/3m00.0s
tenant_meta      [  45% ] 30/30 VUs  1m21.5s/3m00.0s
tenant_netflix   [  45% ] 30/30 VUs  1m21.5s/3m00.0s
tenant_nvidia    [  45% ] 30/30 VUs  1m21.5s/3m00.0s
tenant_paypal    [  45% ] 30/30 VUs  1m21.5s/3m00.0s
tenant_reddit    [  45% ] 30/30 VUs  1m21.5s/3m00.0s
tenant_slack     [  45% ] 30/30 VUs  1m21.5s/3m00.0s
tenant_spotify   [  45% ] 30/30 VUs  1m21.5s/3m00.0s
tenant_tesla     [  45% ] 30/30 VUs  1m21.5s/3m00.0s
tenant_uber      [  45% ] 30/30 VUs  1m21.5s/3m00.0s
tenant_zoom      [  45% ] 30/30 VUs  1m21.5s/3m00.0s

running (2m40.9s), 450/450 VUs, 24018 complete and 0 interrupted iterations
tenant_amazon    [  46% ] 30/30 VUs  1m22.5s/3m00.0s
tenant_amd       [  46% ] 30/30 VUs  1m22.5s/3m00.0s
tenant_apple     [  46% ] 30/30 VUs  1m22.5s/3m00.0s
tenant_azure     [  46% ] 30/30 VUs  1m22.5s/3m00.0s
tenant_google    [  46% ] 30/30 VUs  1m22.5s/3m00.0s
tenant_meta      [  46% ] 30/30 VUs  1m22.5s/3m00.0s
tenant_netflix   [  46% ] 30/30 VUs  1m22.5s/3m00.0s
tenant_nvidia    [  46% ] 30/30 VUs  1m22.5s/3m00.0s
tenant_paypal    [  46% ] 30/30 VUs  1m22.5s/3m00.0s
tenant_reddit    [  46% ] 30/30 VUs  1m22.5s/3m00.0s
tenant_slack     [  46% ] 30/30 VUs  1m22.5s/3m00.0s
tenant_spotify   [  46% ] 30/30 VUs  1m22.5s/3m00.0s
tenant_tesla     [  46% ] 30/30 VUs  1m22.5s/3m00.0s
tenant_uber      [  46% ] 30/30 VUs  1m22.5s/3m00.0s
tenant_zoom      [  46% ] 30/30 VUs  1m22.5s/3m00.0s

running (2m41.9s), 450/450 VUs, 24518 complete and 0 interrupted iterations
tenant_amazon    [  46% ] 30/30 VUs  1m23.5s/3m00.0s
tenant_amd       [  46% ] 30/30 VUs  1m23.5s/3m00.0s
tenant_apple     [  46% ] 30/30 VUs  1m23.5s/3m00.0s
tenant_azure     [  46% ] 30/30 VUs  1m23.5s/3m00.0s
tenant_google    [  46% ] 30/30 VUs  1m23.5s/3m00.0s
tenant_meta      [  46% ] 30/30 VUs  1m23.5s/3m00.0s
tenant_netflix   [  46% ] 30/30 VUs  1m23.5s/3m00.0s
tenant_nvidia    [  46% ] 30/30 VUs  1m23.5s/3m00.0s
tenant_paypal    [  46% ] 30/30 VUs  1m23.5s/3m00.0s
tenant_reddit    [  46% ] 30/30 VUs  1m23.5s/3m00.0s
tenant_slack     [  46% ] 30/30 VUs  1m23.5s/3m00.0s
tenant_spotify   [  46% ] 30/30 VUs  1m23.5s/3m00.0s
tenant_tesla     [  46% ] 30/30 VUs  1m23.5s/3m00.0s
tenant_uber      [  46% ] 30/30 VUs  1m23.5s/3m00.0s
tenant_zoom      [  46% ] 30/30 VUs  1m23.5s/3m00.0s

running (2m42.9s), 450/450 VUs, 24929 complete and 0 interrupted iterations
tenant_amazon    [  47% ] 30/30 VUs  1m24.5s/3m00.0s
tenant_amd       [  47% ] 30/30 VUs  1m24.5s/3m00.0s
tenant_apple     [  47% ] 30/30 VUs  1m24.5s/3m00.0s
tenant_azure     [  47% ] 30/30 VUs  1m24.5s/3m00.0s
tenant_google    [  47% ] 30/30 VUs  1m24.5s/3m00.0s
tenant_meta      [  47% ] 30/30 VUs  1m24.5s/3m00.0s
tenant_netflix   [  47% ] 30/30 VUs  1m24.5s/3m00.0s
tenant_nvidia    [  47% ] 30/30 VUs  1m24.5s/3m00.0s
tenant_paypal    [  47% ] 30/30 VUs  1m24.5s/3m00.0s
tenant_reddit    [  47% ] 30/30 VUs  1m24.5s/3m00.0s
tenant_slack     [  47% ] 30/30 VUs  1m24.5s/3m00.0s
tenant_spotify   [  47% ] 30/30 VUs  1m24.5s/3m00.0s
tenant_tesla     [  47% ] 30/30 VUs  1m24.5s/3m00.0s
tenant_uber      [  47% ] 30/30 VUs  1m24.5s/3m00.0s
tenant_zoom      [  47% ] 30/30 VUs  1m24.5s/3m00.0s

running (2m43.9s), 450/450 VUs, 25261 complete and 0 interrupted iterations
tenant_amazon    [  48% ] 30/30 VUs  1m25.5s/3m00.0s
tenant_amd       [  48% ] 30/30 VUs  1m25.5s/3m00.0s
tenant_apple     [  48% ] 30/30 VUs  1m25.5s/3m00.0s
tenant_azure     [  48% ] 30/30 VUs  1m25.5s/3m00.0s
tenant_google    [  48% ] 30/30 VUs  1m25.5s/3m00.0s
tenant_meta      [  48% ] 30/30 VUs  1m25.5s/3m00.0s
tenant_netflix   [  48% ] 30/30 VUs  1m25.5s/3m00.0s
tenant_nvidia    [  48% ] 30/30 VUs  1m25.5s/3m00.0s
tenant_paypal    [  48% ] 30/30 VUs  1m25.5s/3m00.0s
tenant_reddit    [  48% ] 30/30 VUs  1m25.5s/3m00.0s
tenant_slack     [  48% ] 30/30 VUs  1m25.5s/3m00.0s
tenant_spotify   [  48% ] 30/30 VUs  1m25.5s/3m00.0s
tenant_tesla     [  48% ] 30/30 VUs  1m25.5s/3m00.0s
tenant_uber      [  48% ] 30/30 VUs  1m25.5s/3m00.0s
tenant_zoom      [  48% ] 30/30 VUs  1m25.5s/3m00.0s

running (2m44.9s), 450/450 VUs, 25602 complete and 0 interrupted iterations
tenant_amazon    [  48% ] 30/30 VUs  1m26.5s/3m00.0s
tenant_amd       [  48% ] 30/30 VUs  1m26.5s/3m00.0s
tenant_apple     [  48% ] 30/30 VUs  1m26.5s/3m00.0s
tenant_azure     [  48% ] 30/30 VUs  1m26.5s/3m00.0s
tenant_google    [  48% ] 30/30 VUs  1m26.5s/3m00.0s
tenant_meta      [  48% ] 30/30 VUs  1m26.5s/3m00.0s
tenant_netflix   [  48% ] 30/30 VUs  1m26.5s/3m00.0s
tenant_nvidia    [  48% ] 30/30 VUs  1m26.5s/3m00.0s
tenant_paypal    [  48% ] 30/30 VUs  1m26.5s/3m00.0s
tenant_reddit    [  48% ] 30/30 VUs  1m26.5s/3m00.0s
tenant_slack     [  48% ] 30/30 VUs  1m26.5s/3m00.0s
tenant_spotify   [  48% ] 30/30 VUs  1m26.5s/3m00.0s
tenant_tesla     [  48% ] 30/30 VUs  1m26.5s/3m00.0s
tenant_uber      [  48% ] 30/30 VUs  1m26.5s/3m00.0s
tenant_zoom      [  48% ] 30/30 VUs  1m26.5s/3m00.0s

running (2m45.9s), 450/450 VUs, 26086 complete and 0 interrupted iterations
tenant_amazon    [  49% ] 30/30 VUs  1m27.5s/3m00.0s
tenant_amd       [  49% ] 30/30 VUs  1m27.5s/3m00.0s
tenant_apple     [  49% ] 30/30 VUs  1m27.5s/3m00.0s
tenant_azure     [  49% ] 30/30 VUs  1m27.5s/3m00.0s
tenant_google    [  49% ] 30/30 VUs  1m27.5s/3m00.0s
tenant_meta      [  49% ] 30/30 VUs  1m27.5s/3m00.0s
tenant_netflix   [  49% ] 30/30 VUs  1m27.5s/3m00.0s
tenant_nvidia    [  49% ] 30/30 VUs  1m27.5s/3m00.0s
tenant_paypal    [  49% ] 30/30 VUs  1m27.5s/3m00.0s
tenant_reddit    [  49% ] 30/30 VUs  1m27.5s/3m00.0s
tenant_slack     [  49% ] 30/30 VUs  1m27.5s/3m00.0s
tenant_spotify   [  49% ] 30/30 VUs  1m27.5s/3m00.0s
tenant_tesla     [  49% ] 30/30 VUs  1m27.5s/3m00.0s
tenant_uber      [  49% ] 30/30 VUs  1m27.5s/3m00.0s
tenant_zoom      [  49% ] 30/30 VUs  1m27.5s/3m00.0s

running (2m46.9s), 450/450 VUs, 26428 complete and 0 interrupted iterations
tenant_amazon    [  49% ] 30/30 VUs  1m28.5s/3m00.0s
tenant_amd       [  49% ] 30/30 VUs  1m28.5s/3m00.0s
tenant_apple     [  49% ] 30/30 VUs  1m28.5s/3m00.0s
tenant_azure     [  49% ] 30/30 VUs  1m28.5s/3m00.0s
tenant_google    [  49% ] 30/30 VUs  1m28.5s/3m00.0s
tenant_meta      [  49% ] 30/30 VUs  1m28.5s/3m00.0s
tenant_netflix   [  49% ] 30/30 VUs  1m28.5s/3m00.0s
tenant_nvidia    [  49% ] 30/30 VUs  1m28.5s/3m00.0s
tenant_paypal    [  49% ] 30/30 VUs  1m28.5s/3m00.0s
tenant_reddit    [  49% ] 30/30 VUs  1m28.5s/3m00.0s
tenant_slack     [  49% ] 30/30 VUs  1m28.5s/3m00.0s
tenant_spotify   [  49% ] 30/30 VUs  1m28.5s/3m00.0s
tenant_tesla     [  49% ] 30/30 VUs  1m28.5s/3m00.0s
tenant_uber      [  49% ] 30/30 VUs  1m28.5s/3m00.0s
tenant_zoom      [  49% ] 30/30 VUs  1m28.5s/3m00.0s

running (2m47.9s), 450/450 VUs, 26744 complete and 0 interrupted iterations
tenant_amazon    [  50% ] 30/30 VUs  1m29.5s/3m00.0s
tenant_amd       [  50% ] 30/30 VUs  1m29.5s/3m00.0s
tenant_apple     [  50% ] 30/30 VUs  1m29.5s/3m00.0s
tenant_azure     [  50% ] 30/30 VUs  1m29.5s/3m00.0s
tenant_google    [  50% ] 30/30 VUs  1m29.5s/3m00.0s
tenant_meta      [  50% ] 30/30 VUs  1m29.5s/3m00.0s
tenant_netflix   [  50% ] 30/30 VUs  1m29.5s/3m00.0s
tenant_nvidia    [  50% ] 30/30 VUs  1m29.5s/3m00.0s
tenant_paypal    [  50% ] 30/30 VUs  1m29.5s/3m00.0s
tenant_reddit    [  50% ] 30/30 VUs  1m29.5s/3m00.0s
tenant_slack     [  50% ] 30/30 VUs  1m29.5s/3m00.0s
tenant_spotify   [  50% ] 30/30 VUs  1m29.5s/3m00.0s
tenant_tesla     [  50% ] 30/30 VUs  1m29.5s/3m00.0s
tenant_uber      [  50% ] 30/30 VUs  1m29.5s/3m00.0s
tenant_zoom      [  50% ] 30/30 VUs  1m29.5s/3m00.0s

running (2m48.9s), 450/450 VUs, 27060 complete and 0 interrupted iterations
tenant_amazon    [  50% ] 30/30 VUs  1m30.5s/3m00.0s
tenant_amd       [  50% ] 30/30 VUs  1m30.5s/3m00.0s
tenant_apple     [  50% ] 30/30 VUs  1m30.5s/3m00.0s
tenant_azure     [  50% ] 30/30 VUs  1m30.5s/3m00.0s
tenant_google    [  50% ] 30/30 VUs  1m30.5s/3m00.0s
tenant_meta      [  50% ] 30/30 VUs  1m30.5s/3m00.0s
tenant_netflix   [  50% ] 30/30 VUs  1m30.5s/3m00.0s
tenant_nvidia    [  50% ] 30/30 VUs  1m30.5s/3m00.0s
tenant_paypal    [  50% ] 30/30 VUs  1m30.5s/3m00.0s
tenant_reddit    [  50% ] 30/30 VUs  1m30.5s/3m00.0s
tenant_slack     [  50% ] 30/30 VUs  1m30.5s/3m00.0s
tenant_spotify   [  50% ] 30/30 VUs  1m30.5s/3m00.0s
tenant_tesla     [  50% ] 30/30 VUs  1m30.5s/3m00.0s
tenant_uber      [  50% ] 30/30 VUs  1m30.5s/3m00.0s
tenant_zoom      [  50% ] 30/30 VUs  1m30.5s/3m00.0s

running (2m49.9s), 450/450 VUs, 27513 complete and 0 interrupted iterations
tenant_amazon    [  51% ] 30/30 VUs  1m31.5s/3m00.0s
tenant_amd       [  51% ] 30/30 VUs  1m31.5s/3m00.0s
tenant_apple     [  51% ] 30/30 VUs  1m31.5s/3m00.0s
tenant_azure     [  51% ] 30/30 VUs  1m31.5s/3m00.0s
tenant_google    [  51% ] 30/30 VUs  1m31.5s/3m00.0s
tenant_meta      [  51% ] 30/30 VUs  1m31.5s/3m00.0s
tenant_netflix   [  51% ] 30/30 VUs  1m31.5s/3m00.0s
tenant_nvidia    [  51% ] 30/30 VUs  1m31.5s/3m00.0s
tenant_paypal    [  51% ] 30/30 VUs  1m31.5s/3m00.0s
tenant_reddit    [  51% ] 30/30 VUs  1m31.5s/3m00.0s
tenant_slack     [  51% ] 30/30 VUs  1m31.5s/3m00.0s
tenant_spotify   [  51% ] 30/30 VUs  1m31.5s/3m00.0s
tenant_tesla     [  51% ] 30/30 VUs  1m31.5s/3m00.0s
tenant_uber      [  51% ] 30/30 VUs  1m31.5s/3m00.0s
tenant_zoom      [  51% ] 30/30 VUs  1m31.5s/3m00.0s

running (2m50.9s), 450/450 VUs, 27957 complete and 0 interrupted iterations
tenant_amazon    [  51% ] 30/30 VUs  1m32.5s/3m00.0s
tenant_amd       [  51% ] 30/30 VUs  1m32.5s/3m00.0s
tenant_apple     [  51% ] 30/30 VUs  1m32.5s/3m00.0s
tenant_azure     [  51% ] 30/30 VUs  1m32.5s/3m00.0s
tenant_google    [  51% ] 30/30 VUs  1m32.5s/3m00.0s
tenant_meta      [  51% ] 30/30 VUs  1m32.5s/3m00.0s
tenant_netflix   [  51% ] 30/30 VUs  1m32.5s/3m00.0s
tenant_nvidia    [  51% ] 30/30 VUs  1m32.5s/3m00.0s
tenant_paypal    [  51% ] 30/30 VUs  1m32.5s/3m00.0s
tenant_reddit    [  51% ] 30/30 VUs  1m32.5s/3m00.0s
tenant_slack     [  51% ] 30/30 VUs  1m32.5s/3m00.0s
tenant_spotify   [  51% ] 30/30 VUs  1m32.5s/3m00.0s
tenant_tesla     [  51% ] 30/30 VUs  1m32.5s/3m00.0s
tenant_uber      [  51% ] 30/30 VUs  1m32.5s/3m00.0s
tenant_zoom      [  51% ] 30/30 VUs  1m32.5s/3m00.0s

running (2m51.9s), 450/450 VUs, 28288 complete and 0 interrupted iterations
tenant_amazon    [  52% ] 30/30 VUs  1m33.5s/3m00.0s
tenant_amd       [  52% ] 30/30 VUs  1m33.5s/3m00.0s
tenant_apple     [  52% ] 30/30 VUs  1m33.5s/3m00.0s
tenant_azure     [  52% ] 30/30 VUs  1m33.5s/3m00.0s
tenant_google    [  52% ] 30/30 VUs  1m33.5s/3m00.0s
tenant_meta      [  52% ] 30/30 VUs  1m33.5s/3m00.0s
tenant_netflix   [  52% ] 30/30 VUs  1m33.5s/3m00.0s
tenant_nvidia    [  52% ] 30/30 VUs  1m33.5s/3m00.0s
tenant_paypal    [  52% ] 30/30 VUs  1m33.5s/3m00.0s
tenant_reddit    [  52% ] 30/30 VUs  1m33.5s/3m00.0s
tenant_slack     [  52% ] 30/30 VUs  1m33.5s/3m00.0s
tenant_spotify   [  52% ] 30/30 VUs  1m33.5s/3m00.0s
tenant_tesla     [  52% ] 30/30 VUs  1m33.5s/3m00.0s
tenant_uber      [  52% ] 30/30 VUs  1m33.5s/3m00.0s
tenant_zoom      [  52% ] 30/30 VUs  1m33.5s/3m00.0s

running (2m52.9s), 450/450 VUs, 28628 complete and 0 interrupted iterations
tenant_amazon    [  53% ] 30/30 VUs  1m34.5s/3m00.0s
tenant_amd       [  53% ] 30/30 VUs  1m34.5s/3m00.0s
tenant_apple     [  53% ] 30/30 VUs  1m34.5s/3m00.0s
tenant_azure     [  53% ] 30/30 VUs  1m34.5s/3m00.0s
tenant_google    [  53% ] 30/30 VUs  1m34.5s/3m00.0s
tenant_meta      [  53% ] 30/30 VUs  1m34.5s/3m00.0s
tenant_netflix   [  53% ] 30/30 VUs  1m34.5s/3m00.0s
tenant_nvidia    [  53% ] 30/30 VUs  1m34.5s/3m00.0s
tenant_paypal    [  53% ] 30/30 VUs  1m34.5s/3m00.0s
tenant_reddit    [  53% ] 30/30 VUs  1m34.5s/3m00.0s
tenant_slack     [  53% ] 30/30 VUs  1m34.5s/3m00.0s
tenant_spotify   [  53% ] 30/30 VUs  1m34.5s/3m00.0s
tenant_tesla     [  53% ] 30/30 VUs  1m34.5s/3m00.0s
tenant_uber      [  53% ] 30/30 VUs  1m34.5s/3m00.0s
tenant_zoom      [  53% ] 30/30 VUs  1m34.5s/3m00.0s

running (2m53.9s), 450/450 VUs, 29123 complete and 0 interrupted iterations
tenant_amazon    [  53% ] 30/30 VUs  1m35.5s/3m00.0s
tenant_amd       [  53% ] 30/30 VUs  1m35.5s/3m00.0s
tenant_apple     [  53% ] 30/30 VUs  1m35.5s/3m00.0s
tenant_azure     [  53% ] 30/30 VUs  1m35.5s/3m00.0s
tenant_google    [  53% ] 30/30 VUs  1m35.5s/3m00.0s
tenant_meta      [  53% ] 30/30 VUs  1m35.5s/3m00.0s
tenant_netflix   [  53% ] 30/30 VUs  1m35.5s/3m00.0s
tenant_nvidia    [  53% ] 30/30 VUs  1m35.5s/3m00.0s
tenant_paypal    [  53% ] 30/30 VUs  1m35.5s/3m00.0s
tenant_reddit    [  53% ] 30/30 VUs  1m35.5s/3m00.0s
tenant_slack     [  53% ] 30/30 VUs  1m35.5s/3m00.0s
tenant_spotify   [  53% ] 30/30 VUs  1m35.5s/3m00.0s
tenant_tesla     [  53% ] 30/30 VUs  1m35.5s/3m00.0s
tenant_uber      [  53% ] 30/30 VUs  1m35.5s/3m00.0s
tenant_zoom      [  53% ] 30/30 VUs  1m35.5s/3m00.0s

running (2m54.9s), 450/450 VUs, 29623 complete and 0 interrupted iterations
tenant_amazon    [  54% ] 30/30 VUs  1m36.5s/3m00.0s
tenant_amd       [  54% ] 30/30 VUs  1m36.5s/3m00.0s
tenant_apple     [  54% ] 30/30 VUs  1m36.5s/3m00.0s
tenant_azure     [  54% ] 30/30 VUs  1m36.5s/3m00.0s
tenant_google    [  54% ] 30/30 VUs  1m36.5s/3m00.0s
tenant_meta      [  54% ] 30/30 VUs  1m36.5s/3m00.0s
tenant_netflix   [  54% ] 30/30 VUs  1m36.5s/3m00.0s
tenant_nvidia    [  54% ] 30/30 VUs  1m36.5s/3m00.0s
tenant_paypal    [  54% ] 30/30 VUs  1m36.5s/3m00.0s
tenant_reddit    [  54% ] 30/30 VUs  1m36.5s/3m00.0s
tenant_slack     [  54% ] 30/30 VUs  1m36.5s/3m00.0s
tenant_spotify   [  54% ] 30/30 VUs  1m36.5s/3m00.0s
tenant_tesla     [  54% ] 30/30 VUs  1m36.5s/3m00.0s
tenant_uber      [  54% ] 30/30 VUs  1m36.5s/3m00.0s
tenant_zoom      [  54% ] 30/30 VUs  1m36.5s/3m00.0s

running (2m55.9s), 450/450 VUs, 30055 complete and 0 interrupted iterations
tenant_amazon    [  54% ] 30/30 VUs  1m37.5s/3m00.0s
tenant_amd       [  54% ] 30/30 VUs  1m37.5s/3m00.0s
tenant_apple     [  54% ] 30/30 VUs  1m37.5s/3m00.0s
tenant_azure     [  54% ] 30/30 VUs  1m37.5s/3m00.0s
tenant_google    [  54% ] 30/30 VUs  1m37.5s/3m00.0s
tenant_meta      [  54% ] 30/30 VUs  1m37.5s/3m00.0s
tenant_netflix   [  54% ] 30/30 VUs  1m37.5s/3m00.0s
tenant_nvidia    [  54% ] 30/30 VUs  1m37.5s/3m00.0s
tenant_paypal    [  54% ] 30/30 VUs  1m37.5s/3m00.0s
tenant_reddit    [  54% ] 30/30 VUs  1m37.5s/3m00.0s
tenant_slack     [  54% ] 30/30 VUs  1m37.5s/3m00.0s
tenant_spotify   [  54% ] 30/30 VUs  1m37.5s/3m00.0s
tenant_tesla     [  54% ] 30/30 VUs  1m37.5s/3m00.0s
tenant_uber      [  54% ] 30/30 VUs  1m37.5s/3m00.0s
tenant_zoom      [  54% ] 30/30 VUs  1m37.5s/3m00.0s

running (2m56.9s), 450/450 VUs, 30403 complete and 0 interrupted iterations
tenant_amazon    [  55% ] 30/30 VUs  1m38.5s/3m00.0s
tenant_amd       [  55% ] 30/30 VUs  1m38.5s/3m00.0s
tenant_apple     [  55% ] 30/30 VUs  1m38.5s/3m00.0s
tenant_azure     [  55% ] 30/30 VUs  1m38.5s/3m00.0s
tenant_google    [  55% ] 30/30 VUs  1m38.5s/3m00.0s
tenant_meta      [  55% ] 30/30 VUs  1m38.5s/3m00.0s
tenant_netflix   [  55% ] 30/30 VUs  1m38.5s/3m00.0s
tenant_nvidia    [  55% ] 30/30 VUs  1m38.5s/3m00.0s
tenant_paypal    [  55% ] 30/30 VUs  1m38.5s/3m00.0s
tenant_reddit    [  55% ] 30/30 VUs  1m38.5s/3m00.0s
tenant_slack     [  55% ] 30/30 VUs  1m38.5s/3m00.0s
tenant_spotify   [  55% ] 30/30 VUs  1m38.5s/3m00.0s
tenant_tesla     [  55% ] 30/30 VUs  1m38.5s/3m00.0s
tenant_uber      [  55% ] 30/30 VUs  1m38.5s/3m00.0s
tenant_zoom      [  55% ] 30/30 VUs  1m38.5s/3m00.0s

running (2m57.9s), 450/450 VUs, 30897 complete and 0 interrupted iterations
tenant_amazon    [  55% ] 30/30 VUs  1m39.5s/3m00.0s
tenant_amd       [  55% ] 30/30 VUs  1m39.5s/3m00.0s
tenant_apple     [  55% ] 30/30 VUs  1m39.5s/3m00.0s
tenant_azure     [  55% ] 30/30 VUs  1m39.5s/3m00.0s
tenant_google    [  55% ] 30/30 VUs  1m39.5s/3m00.0s
tenant_meta      [  55% ] 30/30 VUs  1m39.5s/3m00.0s
tenant_netflix   [  55% ] 30/30 VUs  1m39.5s/3m00.0s
tenant_nvidia    [  55% ] 30/30 VUs  1m39.5s/3m00.0s
tenant_paypal    [  55% ] 30/30 VUs  1m39.5s/3m00.0s
tenant_reddit    [  55% ] 30/30 VUs  1m39.5s/3m00.0s
tenant_slack     [  55% ] 30/30 VUs  1m39.5s/3m00.0s
tenant_spotify   [  55% ] 30/30 VUs  1m39.5s/3m00.0s
tenant_tesla     [  55% ] 30/30 VUs  1m39.5s/3m00.0s
tenant_uber      [  55% ] 30/30 VUs  1m39.5s/3m00.0s
tenant_zoom      [  55% ] 30/30 VUs  1m39.5s/3m00.0s

running (2m58.9s), 450/450 VUs, 31409 complete and 0 interrupted iterations
tenant_amazon    [  56% ] 30/30 VUs  1m40.5s/3m00.0s
tenant_amd       [  56% ] 30/30 VUs  1m40.5s/3m00.0s
tenant_apple     [  56% ] 30/30 VUs  1m40.5s/3m00.0s
tenant_azure     [  56% ] 30/30 VUs  1m40.5s/3m00.0s
tenant_google    [  56% ] 30/30 VUs  1m40.5s/3m00.0s
tenant_meta      [  56% ] 30/30 VUs  1m40.5s/3m00.0s
tenant_netflix   [  56% ] 30/30 VUs  1m40.5s/3m00.0s
tenant_nvidia    [  56% ] 30/30 VUs  1m40.5s/3m00.0s
tenant_paypal    [  56% ] 30/30 VUs  1m40.5s/3m00.0s
tenant_reddit    [  56% ] 30/30 VUs  1m40.5s/3m00.0s
tenant_slack     [  56% ] 30/30 VUs  1m40.5s/3m00.0s
tenant_spotify   [  56% ] 30/30 VUs  1m40.5s/3m00.0s
tenant_tesla     [  56% ] 30/30 VUs  1m40.5s/3m00.0s
tenant_uber      [  56% ] 30/30 VUs  1m40.5s/3m00.0s
tenant_zoom      [  56% ] 30/30 VUs  1m40.5s/3m00.0s

running (2m59.9s), 450/450 VUs, 31936 complete and 0 interrupted iterations
tenant_amazon    [  56% ] 30/30 VUs  1m41.5s/3m00.0s
tenant_amd       [  56% ] 30/30 VUs  1m41.5s/3m00.0s
tenant_apple     [  56% ] 30/30 VUs  1m41.5s/3m00.0s
tenant_azure     [  56% ] 30/30 VUs  1m41.5s/3m00.0s
tenant_google    [  56% ] 30/30 VUs  1m41.5s/3m00.0s
tenant_meta      [  56% ] 30/30 VUs  1m41.5s/3m00.0s
tenant_netflix   [  56% ] 30/30 VUs  1m41.5s/3m00.0s
tenant_nvidia    [  56% ] 30/30 VUs  1m41.5s/3m00.0s
tenant_paypal    [  56% ] 30/30 VUs  1m41.5s/3m00.0s
tenant_reddit    [  56% ] 30/30 VUs  1m41.5s/3m00.0s
tenant_slack     [  56% ] 30/30 VUs  1m41.5s/3m00.0s
tenant_spotify   [  56% ] 30/30 VUs  1m41.5s/3m00.0s
tenant_tesla     [  56% ] 30/30 VUs  1m41.5s/3m00.0s
tenant_uber      [  56% ] 30/30 VUs  1m41.5s/3m00.0s
tenant_zoom      [  56% ] 30/30 VUs  1m41.5s/3m00.0s

running (3m00.9s), 450/450 VUs, 32433 complete and 0 interrupted iterations
tenant_amazon    [  57% ] 30/30 VUs  1m42.5s/3m00.0s
tenant_amd       [  57% ] 30/30 VUs  1m42.5s/3m00.0s
tenant_apple     [  57% ] 30/30 VUs  1m42.5s/3m00.0s
tenant_azure     [  57% ] 30/30 VUs  1m42.5s/3m00.0s
tenant_google    [  57% ] 30/30 VUs  1m42.5s/3m00.0s
tenant_meta      [  57% ] 30/30 VUs  1m42.5s/3m00.0s
tenant_netflix   [  57% ] 30/30 VUs  1m42.5s/3m00.0s
tenant_nvidia    [  57% ] 30/30 VUs  1m42.5s/3m00.0s
tenant_paypal    [  57% ] 30/30 VUs  1m42.5s/3m00.0s
tenant_reddit    [  57% ] 30/30 VUs  1m42.5s/3m00.0s
tenant_slack     [  57% ] 30/30 VUs  1m42.5s/3m00.0s
tenant_spotify   [  57% ] 30/30 VUs  1m42.5s/3m00.0s
tenant_tesla     [  57% ] 30/30 VUs  1m42.5s/3m00.0s
tenant_uber      [  57% ] 30/30 VUs  1m42.5s/3m00.0s
tenant_zoom      [  57% ] 30/30 VUs  1m42.5s/3m00.0s

running (3m01.9s), 450/450 VUs, 32887 complete and 0 interrupted iterations
tenant_amazon    [  58% ] 30/30 VUs  1m43.5s/3m00.0s
tenant_amd       [  58% ] 30/30 VUs  1m43.5s/3m00.0s
tenant_apple     [  58% ] 30/30 VUs  1m43.5s/3m00.0s
tenant_azure     [  58% ] 30/30 VUs  1m43.5s/3m00.0s
tenant_google    [  58% ] 30/30 VUs  1m43.5s/3m00.0s
tenant_meta      [  58% ] 30/30 VUs  1m43.5s/3m00.0s
tenant_netflix   [  58% ] 30/30 VUs  1m43.5s/3m00.0s
tenant_nvidia    [  58% ] 30/30 VUs  1m43.5s/3m00.0s
tenant_paypal    [  58% ] 30/30 VUs  1m43.5s/3m00.0s
tenant_reddit    [  58% ] 30/30 VUs  1m43.5s/3m00.0s
tenant_slack     [  58% ] 30/30 VUs  1m43.5s/3m00.0s
tenant_spotify   [  58% ] 30/30 VUs  1m43.5s/3m00.0s
tenant_tesla     [  58% ] 30/30 VUs  1m43.5s/3m00.0s
tenant_uber      [  58% ] 30/30 VUs  1m43.5s/3m00.0s
tenant_zoom      [  58% ] 30/30 VUs  1m43.5s/3m00.0s

running (3m02.9s), 450/450 VUs, 33411 complete and 0 interrupted iterations
tenant_amazon    [  58% ] 30/30 VUs  1m44.5s/3m00.0s
tenant_amd       [  58% ] 30/30 VUs  1m44.5s/3m00.0s
tenant_apple     [  58% ] 30/30 VUs  1m44.5s/3m00.0s
tenant_azure     [  58% ] 30/30 VUs  1m44.5s/3m00.0s
tenant_google    [  58% ] 30/30 VUs  1m44.5s/3m00.0s
tenant_meta      [  58% ] 30/30 VUs  1m44.5s/3m00.0s
tenant_netflix   [  58% ] 30/30 VUs  1m44.5s/3m00.0s
tenant_nvidia    [  58% ] 30/30 VUs  1m44.5s/3m00.0s
tenant_paypal    [  58% ] 30/30 VUs  1m44.5s/3m00.0s
tenant_reddit    [  58% ] 30/30 VUs  1m44.5s/3m00.0s
tenant_slack     [  58% ] 30/30 VUs  1m44.5s/3m00.0s
tenant_spotify   [  58% ] 30/30 VUs  1m44.5s/3m00.0s
tenant_tesla     [  58% ] 30/30 VUs  1m44.5s/3m00.0s
tenant_uber      [  58% ] 30/30 VUs  1m44.5s/3m00.0s
tenant_zoom      [  58% ] 30/30 VUs  1m44.5s/3m00.0s

running (3m03.9s), 450/450 VUs, 33927 complete and 0 interrupted iterations
tenant_amazon    [  59% ] 30/30 VUs  1m45.5s/3m00.0s
tenant_amd       [  59% ] 30/30 VUs  1m45.5s/3m00.0s
tenant_apple     [  59% ] 30/30 VUs  1m45.5s/3m00.0s
tenant_azure     [  59% ] 30/30 VUs  1m45.5s/3m00.0s
tenant_google    [  59% ] 30/30 VUs  1m45.5s/3m00.0s
tenant_meta      [  59% ] 30/30 VUs  1m45.5s/3m00.0s
tenant_netflix   [  59% ] 30/30 VUs  1m45.5s/3m00.0s
tenant_nvidia    [  59% ] 30/30 VUs  1m45.5s/3m00.0s
tenant_paypal    [  59% ] 30/30 VUs  1m45.5s/3m00.0s
tenant_reddit    [  59% ] 30/30 VUs  1m45.5s/3m00.0s
tenant_slack     [  59% ] 30/30 VUs  1m45.5s/3m00.0s
tenant_spotify   [  59% ] 30/30 VUs  1m45.5s/3m00.0s
tenant_tesla     [  59% ] 30/30 VUs  1m45.5s/3m00.0s
tenant_uber      [  59% ] 30/30 VUs  1m45.5s/3m00.0s
tenant_zoom      [  59% ] 30/30 VUs  1m45.5s/3m00.0s

running (3m04.9s), 450/450 VUs, 34433 complete and 0 interrupted iterations
tenant_amazon    [  59% ] 30/30 VUs  1m46.5s/3m00.0s
tenant_amd       [  59% ] 30/30 VUs  1m46.5s/3m00.0s
tenant_apple     [  59% ] 30/30 VUs  1m46.5s/3m00.0s
tenant_azure     [  59% ] 30/30 VUs  1m46.5s/3m00.0s
tenant_google    [  59% ] 30/30 VUs  1m46.5s/3m00.0s
tenant_meta      [  59% ] 30/30 VUs  1m46.5s/3m00.0s
tenant_netflix   [  59% ] 30/30 VUs  1m46.5s/3m00.0s
tenant_nvidia    [  59% ] 30/30 VUs  1m46.5s/3m00.0s
tenant_paypal    [  59% ] 30/30 VUs  1m46.5s/3m00.0s
tenant_reddit    [  59% ] 30/30 VUs  1m46.5s/3m00.0s
tenant_slack     [  59% ] 30/30 VUs  1m46.5s/3m00.0s
tenant_spotify   [  59% ] 30/30 VUs  1m46.5s/3m00.0s
tenant_tesla     [  59% ] 30/30 VUs  1m46.5s/3m00.0s
tenant_uber      [  59% ] 30/30 VUs  1m46.5s/3m00.0s
tenant_zoom      [  59% ] 30/30 VUs  1m46.5s/3m00.0s

running (3m05.9s), 450/450 VUs, 34928 complete and 0 interrupted iterations
tenant_amazon    [  60% ] 30/30 VUs  1m47.5s/3m00.0s
tenant_amd       [  60% ] 30/30 VUs  1m47.5s/3m00.0s
tenant_apple     [  60% ] 30/30 VUs  1m47.5s/3m00.0s
tenant_azure     [  60% ] 30/30 VUs  1m47.5s/3m00.0s
tenant_google    [  60% ] 30/30 VUs  1m47.5s/3m00.0s
tenant_meta      [  60% ] 30/30 VUs  1m47.5s/3m00.0s
tenant_netflix   [  60% ] 30/30 VUs  1m47.5s/3m00.0s
tenant_nvidia    [  60% ] 30/30 VUs  1m47.5s/3m00.0s
tenant_paypal    [  60% ] 30/30 VUs  1m47.5s/3m00.0s
tenant_reddit    [  60% ] 30/30 VUs  1m47.5s/3m00.0s
tenant_slack     [  60% ] 30/30 VUs  1m47.5s/3m00.0s
tenant_spotify   [  60% ] 30/30 VUs  1m47.5s/3m00.0s
tenant_tesla     [  60% ] 30/30 VUs  1m47.5s/3m00.0s
tenant_uber      [  60% ] 30/30 VUs  1m47.5s/3m00.0s
tenant_zoom      [  60% ] 30/30 VUs  1m47.5s/3m00.0s

running (3m06.9s), 450/450 VUs, 35442 complete and 0 interrupted iterations
tenant_amazon    [  60% ] 30/30 VUs  1m48.5s/3m00.0s
tenant_amd       [  60% ] 30/30 VUs  1m48.5s/3m00.0s
tenant_apple     [  60% ] 30/30 VUs  1m48.5s/3m00.0s
tenant_azure     [  60% ] 30/30 VUs  1m48.5s/3m00.0s
tenant_google    [  60% ] 30/30 VUs  1m48.5s/3m00.0s
tenant_meta      [  60% ] 30/30 VUs  1m48.5s/3m00.0s
tenant_netflix   [  60% ] 30/30 VUs  1m48.5s/3m00.0s
tenant_nvidia    [  60% ] 30/30 VUs  1m48.5s/3m00.0s
tenant_paypal    [  60% ] 30/30 VUs  1m48.5s/3m00.0s
tenant_reddit    [  60% ] 30/30 VUs  1m48.5s/3m00.0s
tenant_slack     [  60% ] 30/30 VUs  1m48.5s/3m00.0s
tenant_spotify   [  60% ] 30/30 VUs  1m48.5s/3m00.0s
tenant_tesla     [  60% ] 30/30 VUs  1m48.5s/3m00.0s
tenant_uber      [  60% ] 30/30 VUs  1m48.5s/3m00.0s
tenant_zoom      [  60% ] 30/30 VUs  1m48.5s/3m00.0s

running (3m07.9s), 450/450 VUs, 36009 complete and 0 interrupted iterations
tenant_amazon    [  61% ] 30/30 VUs  1m49.5s/3m00.0s
tenant_amd       [  61% ] 30/30 VUs  1m49.5s/3m00.0s
tenant_apple     [  61% ] 30/30 VUs  1m49.5s/3m00.0s
tenant_azure     [  61% ] 30/30 VUs  1m49.5s/3m00.0s
tenant_google    [  61% ] 30/30 VUs  1m49.5s/3m00.0s
tenant_meta      [  61% ] 30/30 VUs  1m49.5s/3m00.0s
tenant_netflix   [  61% ] 30/30 VUs  1m49.5s/3m00.0s
tenant_nvidia    [  61% ] 30/30 VUs  1m49.5s/3m00.0s
tenant_paypal    [  61% ] 30/30 VUs  1m49.5s/3m00.0s
tenant_reddit    [  61% ] 30/30 VUs  1m49.5s/3m00.0s
tenant_slack     [  61% ] 30/30 VUs  1m49.5s/3m00.0s
tenant_spotify   [  61% ] 30/30 VUs  1m49.5s/3m00.0s
tenant_tesla     [  61% ] 30/30 VUs  1m49.5s/3m00.0s
tenant_uber      [  61% ] 30/30 VUs  1m49.5s/3m00.0s
tenant_zoom      [  61% ] 30/30 VUs  1m49.5s/3m00.0s

running (3m08.9s), 450/450 VUs, 36512 complete and 0 interrupted iterations
tenant_amazon    [  61% ] 30/30 VUs  1m50.5s/3m00.0s
tenant_amd       [  61% ] 30/30 VUs  1m50.5s/3m00.0s
tenant_apple     [  61% ] 30/30 VUs  1m50.5s/3m00.0s
tenant_azure     [  61% ] 30/30 VUs  1m50.5s/3m00.0s
tenant_google    [  61% ] 30/30 VUs  1m50.5s/3m00.0s
tenant_meta      [  61% ] 30/30 VUs  1m50.5s/3m00.0s
tenant_netflix   [  61% ] 30/30 VUs  1m50.5s/3m00.0s
tenant_nvidia    [  61% ] 30/30 VUs  1m50.5s/3m00.0s
tenant_paypal    [  61% ] 30/30 VUs  1m50.5s/3m00.0s
tenant_reddit    [  61% ] 30/30 VUs  1m50.5s/3m00.0s
tenant_slack     [  61% ] 30/30 VUs  1m50.5s/3m00.0s
tenant_spotify   [  61% ] 30/30 VUs  1m50.5s/3m00.0s
tenant_tesla     [  61% ] 30/30 VUs  1m50.5s/3m00.0s
tenant_uber      [  61% ] 30/30 VUs  1m50.5s/3m00.0s
tenant_zoom      [  61% ] 30/30 VUs  1m50.5s/3m00.0s

running (3m09.9s), 450/450 VUs, 36948 complete and 0 interrupted iterations
tenant_amazon    [  62% ] 30/30 VUs  1m51.5s/3m00.0s
tenant_amd       [  62% ] 30/30 VUs  1m51.5s/3m00.0s
tenant_apple     [  62% ] 30/30 VUs  1m51.5s/3m00.0s
tenant_azure     [  62% ] 30/30 VUs  1m51.5s/3m00.0s
tenant_google    [  62% ] 30/30 VUs  1m51.5s/3m00.0s
tenant_meta      [  62% ] 30/30 VUs  1m51.5s/3m00.0s
tenant_netflix   [  62% ] 30/30 VUs  1m51.5s/3m00.0s
tenant_nvidia    [  62% ] 30/30 VUs  1m51.5s/3m00.0s
tenant_paypal    [  62% ] 30/30 VUs  1m51.5s/3m00.0s
tenant_reddit    [  62% ] 30/30 VUs  1m51.5s/3m00.0s
tenant_slack     [  62% ] 30/30 VUs  1m51.5s/3m00.0s
tenant_spotify   [  62% ] 30/30 VUs  1m51.5s/3m00.0s
tenant_tesla     [  62% ] 30/30 VUs  1m51.5s/3m00.0s
tenant_uber      [  62% ] 30/30 VUs  1m51.5s/3m00.0s
tenant_zoom      [  62% ] 30/30 VUs  1m51.5s/3m00.0s

running (3m10.9s), 450/450 VUs, 37479 complete and 0 interrupted iterations
tenant_amazon    [  63% ] 30/30 VUs  1m52.5s/3m00.0s
tenant_amd       [  63% ] 30/30 VUs  1m52.5s/3m00.0s
tenant_apple     [  63% ] 30/30 VUs  1m52.5s/3m00.0s
tenant_azure     [  63% ] 30/30 VUs  1m52.5s/3m00.0s
tenant_google    [  63% ] 30/30 VUs  1m52.5s/3m00.0s
tenant_meta      [  63% ] 30/30 VUs  1m52.5s/3m00.0s
tenant_netflix   [  63% ] 30/30 VUs  1m52.5s/3m00.0s
tenant_nvidia    [  63% ] 30/30 VUs  1m52.5s/3m00.0s
tenant_paypal    [  63% ] 30/30 VUs  1m52.5s/3m00.0s
tenant_reddit    [  63% ] 30/30 VUs  1m52.5s/3m00.0s
tenant_slack     [  63% ] 30/30 VUs  1m52.5s/3m00.0s
tenant_spotify   [  63% ] 30/30 VUs  1m52.5s/3m00.0s
tenant_tesla     [  63% ] 30/30 VUs  1m52.5s/3m00.0s
tenant_uber      [  63% ] 30/30 VUs  1m52.5s/3m00.0s
tenant_zoom      [  63% ] 30/30 VUs  1m52.5s/3m00.0s

running (3m11.9s), 450/450 VUs, 37929 complete and 0 interrupted iterations
tenant_amazon    [  63% ] 30/30 VUs  1m53.5s/3m00.0s
tenant_amd       [  63% ] 30/30 VUs  1m53.5s/3m00.0s
tenant_apple     [  63% ] 30/30 VUs  1m53.5s/3m00.0s
tenant_azure     [  63% ] 30/30 VUs  1m53.5s/3m00.0s
tenant_google    [  63% ] 30/30 VUs  1m53.5s/3m00.0s
tenant_meta      [  63% ] 30/30 VUs  1m53.5s/3m00.0s
tenant_netflix   [  63% ] 30/30 VUs  1m53.5s/3m00.0s
tenant_nvidia    [  63% ] 30/30 VUs  1m53.5s/3m00.0s
tenant_paypal    [  63% ] 30/30 VUs  1m53.5s/3m00.0s
tenant_reddit    [  63% ] 30/30 VUs  1m53.5s/3m00.0s
tenant_slack     [  63% ] 30/30 VUs  1m53.5s/3m00.0s
tenant_spotify   [  63% ] 30/30 VUs  1m53.5s/3m00.0s
tenant_tesla     [  63% ] 30/30 VUs  1m53.5s/3m00.0s
tenant_uber      [  63% ] 30/30 VUs  1m53.5s/3m00.0s
tenant_zoom      [  63% ] 30/30 VUs  1m53.5s/3m00.0s

running (3m12.9s), 450/450 VUs, 38403 complete and 0 interrupted iterations
tenant_amazon    [  64% ] 30/30 VUs  1m54.5s/3m00.0s
tenant_amd       [  64% ] 30/30 VUs  1m54.5s/3m00.0s
tenant_apple     [  64% ] 30/30 VUs  1m54.5s/3m00.0s
tenant_azure     [  64% ] 30/30 VUs  1m54.5s/3m00.0s
tenant_google    [  64% ] 30/30 VUs  1m54.5s/3m00.0s
tenant_meta      [  64% ] 30/30 VUs  1m54.5s/3m00.0s
tenant_netflix   [  64% ] 30/30 VUs  1m54.5s/3m00.0s
tenant_nvidia    [  64% ] 30/30 VUs  1m54.5s/3m00.0s
tenant_paypal    [  64% ] 30/30 VUs  1m54.5s/3m00.0s
tenant_reddit    [  64% ] 30/30 VUs  1m54.5s/3m00.0s
tenant_slack     [  64% ] 30/30 VUs  1m54.5s/3m00.0s
tenant_spotify   [  64% ] 30/30 VUs  1m54.5s/3m00.0s
tenant_tesla     [  64% ] 30/30 VUs  1m54.5s/3m00.0s
tenant_uber      [  64% ] 30/30 VUs  1m54.5s/3m00.0s
tenant_zoom      [  64% ] 30/30 VUs  1m54.5s/3m00.0s

running (3m13.9s), 450/450 VUs, 38791 complete and 0 interrupted iterations
tenant_amazon    [  64% ] 30/30 VUs  1m55.5s/3m00.0s
tenant_amd       [  64% ] 30/30 VUs  1m55.5s/3m00.0s
tenant_apple     [  64% ] 30/30 VUs  1m55.5s/3m00.0s
tenant_azure     [  64% ] 30/30 VUs  1m55.5s/3m00.0s
tenant_google    [  64% ] 30/30 VUs  1m55.5s/3m00.0s
tenant_meta      [  64% ] 30/30 VUs  1m55.5s/3m00.0s
tenant_netflix   [  64% ] 30/30 VUs  1m55.5s/3m00.0s
tenant_nvidia    [  64% ] 30/30 VUs  1m55.5s/3m00.0s
tenant_paypal    [  64% ] 30/30 VUs  1m55.5s/3m00.0s
tenant_reddit    [  64% ] 30/30 VUs  1m55.5s/3m00.0s
tenant_slack     [  64% ] 30/30 VUs  1m55.5s/3m00.0s
tenant_spotify   [  64% ] 30/30 VUs  1m55.5s/3m00.0s
tenant_tesla     [  64% ] 30/30 VUs  1m55.5s/3m00.0s
tenant_uber      [  64% ] 30/30 VUs  1m55.5s/3m00.0s
tenant_zoom      [  64% ] 30/30 VUs  1m55.5s/3m00.0s

running (3m14.9s), 450/450 VUs, 39248 complete and 0 interrupted iterations
tenant_amazon    [  65% ] 30/30 VUs  1m56.5s/3m00.0s
tenant_amd       [  65% ] 30/30 VUs  1m56.5s/3m00.0s
tenant_apple     [  65% ] 30/30 VUs  1m56.5s/3m00.0s
tenant_azure     [  65% ] 30/30 VUs  1m56.5s/3m00.0s
tenant_google    [  65% ] 30/30 VUs  1m56.5s/3m00.0s
tenant_meta      [  65% ] 30/30 VUs  1m56.5s/3m00.0s
tenant_netflix   [  65% ] 30/30 VUs  1m56.5s/3m00.0s
tenant_nvidia    [  65% ] 30/30 VUs  1m56.5s/3m00.0s
tenant_paypal    [  65% ] 30/30 VUs  1m56.5s/3m00.0s
tenant_reddit    [  65% ] 30/30 VUs  1m56.5s/3m00.0s
tenant_slack     [  65% ] 30/30 VUs  1m56.5s/3m00.0s
tenant_spotify   [  65% ] 30/30 VUs  1m56.5s/3m00.0s
tenant_tesla     [  65% ] 30/30 VUs  1m56.5s/3m00.0s
tenant_uber      [  65% ] 30/30 VUs  1m56.5s/3m00.0s
tenant_zoom      [  65% ] 30/30 VUs  1m56.5s/3m00.0s

running (3m15.9s), 450/450 VUs, 39558 complete and 0 interrupted iterations
tenant_amazon    [  65% ] 30/30 VUs  1m57.5s/3m00.0s
tenant_amd       [  65% ] 30/30 VUs  1m57.5s/3m00.0s
tenant_apple     [  65% ] 30/30 VUs  1m57.5s/3m00.0s
tenant_azure     [  65% ] 30/30 VUs  1m57.5s/3m00.0s
tenant_google    [  65% ] 30/30 VUs  1m57.5s/3m00.0s
tenant_meta      [  65% ] 30/30 VUs  1m57.5s/3m00.0s
tenant_netflix   [  65% ] 30/30 VUs  1m57.5s/3m00.0s
tenant_nvidia    [  65% ] 30/30 VUs  1m57.5s/3m00.0s
tenant_paypal    [  65% ] 30/30 VUs  1m57.5s/3m00.0s
tenant_reddit    [  65% ] 30/30 VUs  1m57.5s/3m00.0s
tenant_slack     [  65% ] 30/30 VUs  1m57.5s/3m00.0s
tenant_spotify   [  65% ] 30/30 VUs  1m57.5s/3m00.0s
tenant_tesla     [  65% ] 30/30 VUs  1m57.5s/3m00.0s
tenant_uber      [  65% ] 30/30 VUs  1m57.5s/3m00.0s
tenant_zoom      [  65% ] 30/30 VUs  1m57.5s/3m00.0s

running (3m16.9s), 450/450 VUs, 39926 complete and 0 interrupted iterations
tenant_amazon    [  66% ] 30/30 VUs  1m58.5s/3m00.0s
tenant_amd       [  66% ] 30/30 VUs  1m58.5s/3m00.0s
tenant_apple     [  66% ] 30/30 VUs  1m58.5s/3m00.0s
tenant_azure     [  66% ] 30/30 VUs  1m58.5s/3m00.0s
tenant_google    [  66% ] 30/30 VUs  1m58.5s/3m00.0s
tenant_meta      [  66% ] 30/30 VUs  1m58.5s/3m00.0s
tenant_netflix   [  66% ] 30/30 VUs  1m58.5s/3m00.0s
tenant_nvidia    [  66% ] 30/30 VUs  1m58.5s/3m00.0s
tenant_paypal    [  66% ] 30/30 VUs  1m58.5s/3m00.0s
tenant_reddit    [  66% ] 30/30 VUs  1m58.5s/3m00.0s
tenant_slack     [  66% ] 30/30 VUs  1m58.5s/3m00.0s
tenant_spotify   [  66% ] 30/30 VUs  1m58.5s/3m00.0s
tenant_tesla     [  66% ] 30/30 VUs  1m58.5s/3m00.0s
tenant_uber      [  66% ] 30/30 VUs  1m58.5s/3m00.0s
tenant_zoom      [  66% ] 30/30 VUs  1m58.5s/3m00.0s

running (3m17.9s), 450/450 VUs, 40311 complete and 0 interrupted iterations
tenant_amazon    [  66% ] 30/30 VUs  1m59.5s/3m00.0s
tenant_amd       [  66% ] 30/30 VUs  1m59.5s/3m00.0s
tenant_apple     [  66% ] 30/30 VUs  1m59.5s/3m00.0s
tenant_azure     [  66% ] 30/30 VUs  1m59.5s/3m00.0s
tenant_google    [  66% ] 30/30 VUs  1m59.5s/3m00.0s
tenant_meta      [  66% ] 30/30 VUs  1m59.5s/3m00.0s
tenant_netflix   [  66% ] 30/30 VUs  1m59.5s/3m00.0s
tenant_nvidia    [  66% ] 30/30 VUs  1m59.5s/3m00.0s
tenant_paypal    [  66% ] 30/30 VUs  1m59.5s/3m00.0s
tenant_reddit    [  66% ] 30/30 VUs  1m59.5s/3m00.0s
tenant_slack     [  66% ] 30/30 VUs  1m59.5s/3m00.0s
tenant_spotify   [  66% ] 30/30 VUs  1m59.5s/3m00.0s
tenant_tesla     [  66% ] 30/30 VUs  1m59.5s/3m00.0s
tenant_uber      [  66% ] 30/30 VUs  1m59.5s/3m00.0s
tenant_zoom      [  66% ] 30/30 VUs  1m59.5s/3m00.0s

running (3m18.9s), 450/450 VUs, 40716 complete and 0 interrupted iterations
tenant_amazon    [  67% ] 30/30 VUs  2m00.5s/3m00.0s
tenant_amd       [  67% ] 30/30 VUs  2m00.5s/3m00.0s
tenant_apple     [  67% ] 30/30 VUs  2m00.5s/3m00.0s
tenant_azure     [  67% ] 30/30 VUs  2m00.5s/3m00.0s
tenant_google    [  67% ] 30/30 VUs  2m00.5s/3m00.0s
tenant_meta      [  67% ] 30/30 VUs  2m00.5s/3m00.0s
tenant_netflix   [  67% ] 30/30 VUs  2m00.5s/3m00.0s
tenant_nvidia    [  67% ] 30/30 VUs  2m00.5s/3m00.0s
tenant_paypal    [  67% ] 30/30 VUs  2m00.5s/3m00.0s
tenant_reddit    [  67% ] 30/30 VUs  2m00.5s/3m00.0s
tenant_slack     [  67% ] 30/30 VUs  2m00.5s/3m00.0s
tenant_spotify   [  67% ] 30/30 VUs  2m00.5s/3m00.0s
tenant_tesla     [  67% ] 30/30 VUs  2m00.5s/3m00.0s
tenant_uber      [  67% ] 30/30 VUs  2m00.5s/3m00.0s
tenant_zoom      [  67% ] 30/30 VUs  2m00.5s/3m00.0s

running (3m19.9s), 450/450 VUs, 41078 complete and 0 interrupted iterations
tenant_amazon    [  68% ] 30/30 VUs  2m01.5s/3m00.0s
tenant_amd       [  68% ] 30/30 VUs  2m01.5s/3m00.0s
tenant_apple     [  68% ] 30/30 VUs  2m01.5s/3m00.0s
tenant_azure     [  68% ] 30/30 VUs  2m01.5s/3m00.0s
tenant_google    [  68% ] 30/30 VUs  2m01.5s/3m00.0s
tenant_meta      [  68% ] 30/30 VUs  2m01.5s/3m00.0s
tenant_netflix   [  68% ] 30/30 VUs  2m01.5s/3m00.0s
tenant_nvidia    [  68% ] 30/30 VUs  2m01.5s/3m00.0s
tenant_paypal    [  68% ] 30/30 VUs  2m01.5s/3m00.0s
tenant_reddit    [  68% ] 30/30 VUs  2m01.5s/3m00.0s
tenant_slack     [  68% ] 30/30 VUs  2m01.5s/3m00.0s
tenant_spotify   [  68% ] 30/30 VUs  2m01.5s/3m00.0s
tenant_tesla     [  68% ] 30/30 VUs  2m01.5s/3m00.0s
tenant_uber      [  68% ] 30/30 VUs  2m01.5s/3m00.0s
tenant_zoom      [  68% ] 30/30 VUs  2m01.5s/3m00.0s

running (3m20.9s), 450/450 VUs, 41443 complete and 0 interrupted iterations
tenant_amazon    [  68% ] 30/30 VUs  2m02.5s/3m00.0s
tenant_amd       [  68% ] 30/30 VUs  2m02.5s/3m00.0s
tenant_apple     [  68% ] 30/30 VUs  2m02.5s/3m00.0s
tenant_azure     [  68% ] 30/30 VUs  2m02.5s/3m00.0s
tenant_google    [  68% ] 30/30 VUs  2m02.5s/3m00.0s
tenant_meta      [  68% ] 30/30 VUs  2m02.5s/3m00.0s
tenant_netflix   [  68% ] 30/30 VUs  2m02.5s/3m00.0s
tenant_nvidia    [  68% ] 30/30 VUs  2m02.5s/3m00.0s
tenant_paypal    [  68% ] 30/30 VUs  2m02.5s/3m00.0s
tenant_reddit    [  68% ] 30/30 VUs  2m02.5s/3m00.0s
tenant_slack     [  68% ] 30/30 VUs  2m02.5s/3m00.0s
tenant_spotify   [  68% ] 30/30 VUs  2m02.5s/3m00.0s
tenant_tesla     [  68% ] 30/30 VUs  2m02.5s/3m00.0s
tenant_uber      [  68% ] 30/30 VUs  2m02.5s/3m00.0s
tenant_zoom      [  68% ] 30/30 VUs  2m02.5s/3m00.0s

running (3m21.9s), 450/450 VUs, 41789 complete and 0 interrupted iterations
tenant_amazon    [  69% ] 30/30 VUs  2m03.5s/3m00.0s
tenant_amd       [  69% ] 30/30 VUs  2m03.5s/3m00.0s
tenant_apple     [  69% ] 30/30 VUs  2m03.5s/3m00.0s
tenant_azure     [  69% ] 30/30 VUs  2m03.5s/3m00.0s
tenant_google    [  69% ] 30/30 VUs  2m03.5s/3m00.0s
tenant_meta      [  69% ] 30/30 VUs  2m03.5s/3m00.0s
tenant_netflix   [  69% ] 30/30 VUs  2m03.5s/3m00.0s
tenant_nvidia    [  69% ] 30/30 VUs  2m03.5s/3m00.0s
tenant_paypal    [  69% ] 30/30 VUs  2m03.5s/3m00.0s
tenant_reddit    [  69% ] 30/30 VUs  2m03.5s/3m00.0s
tenant_slack     [  69% ] 30/30 VUs  2m03.5s/3m00.0s
tenant_spotify   [  69% ] 30/30 VUs  2m03.5s/3m00.0s
tenant_tesla     [  69% ] 30/30 VUs  2m03.5s/3m00.0s
tenant_uber      [  69% ] 30/30 VUs  2m03.5s/3m00.0s
tenant_zoom      [  69% ] 30/30 VUs  2m03.5s/3m00.0s

running (3m22.9s), 450/450 VUs, 42202 complete and 0 interrupted iterations
tenant_amazon    [  69% ] 30/30 VUs  2m04.5s/3m00.0s
tenant_amd       [  69% ] 30/30 VUs  2m04.5s/3m00.0s
tenant_apple     [  69% ] 30/30 VUs  2m04.5s/3m00.0s
tenant_azure     [  69% ] 30/30 VUs  2m04.5s/3m00.0s
tenant_google    [  69% ] 30/30 VUs  2m04.5s/3m00.0s
tenant_meta      [  69% ] 30/30 VUs  2m04.5s/3m00.0s
tenant_netflix   [  69% ] 30/30 VUs  2m04.5s/3m00.0s
tenant_nvidia    [  69% ] 30/30 VUs  2m04.5s/3m00.0s
tenant_paypal    [  69% ] 30/30 VUs  2m04.5s/3m00.0s
tenant_reddit    [  69% ] 30/30 VUs  2m04.5s/3m00.0s
tenant_slack     [  69% ] 30/30 VUs  2m04.5s/3m00.0s
tenant_spotify   [  69% ] 30/30 VUs  2m04.5s/3m00.0s
tenant_tesla     [  69% ] 30/30 VUs  2m04.5s/3m00.0s
tenant_uber      [  69% ] 30/30 VUs  2m04.5s/3m00.0s
tenant_zoom      [  69% ] 30/30 VUs  2m04.5s/3m00.0s

running (3m23.9s), 450/450 VUs, 42601 complete and 0 interrupted iterations
tenant_amazon    [  70% ] 30/30 VUs  2m05.5s/3m00.0s
tenant_amd       [  70% ] 30/30 VUs  2m05.5s/3m00.0s
tenant_apple     [  70% ] 30/30 VUs  2m05.5s/3m00.0s
tenant_azure     [  70% ] 30/30 VUs  2m05.5s/3m00.0s
tenant_google    [  70% ] 30/30 VUs  2m05.5s/3m00.0s
tenant_meta      [  70% ] 30/30 VUs  2m05.5s/3m00.0s
tenant_netflix   [  70% ] 30/30 VUs  2m05.5s/3m00.0s
tenant_nvidia    [  70% ] 30/30 VUs  2m05.5s/3m00.0s
tenant_paypal    [  70% ] 30/30 VUs  2m05.5s/3m00.0s
tenant_reddit    [  70% ] 30/30 VUs  2m05.5s/3m00.0s
tenant_slack     [  70% ] 30/30 VUs  2m05.5s/3m00.0s
tenant_spotify   [  70% ] 30/30 VUs  2m05.5s/3m00.0s
tenant_tesla     [  70% ] 30/30 VUs  2m05.5s/3m00.0s
tenant_uber      [  70% ] 30/30 VUs  2m05.5s/3m00.0s
tenant_zoom      [  70% ] 30/30 VUs  2m05.5s/3m00.0s

running (3m24.9s), 450/450 VUs, 42941 complete and 0 interrupted iterations
tenant_amazon    [  70% ] 30/30 VUs  2m06.5s/3m00.0s
tenant_amd       [  70% ] 30/30 VUs  2m06.5s/3m00.0s
tenant_apple     [  70% ] 30/30 VUs  2m06.5s/3m00.0s
tenant_azure     [  70% ] 30/30 VUs  2m06.5s/3m00.0s
tenant_google    [  70% ] 30/30 VUs  2m06.5s/3m00.0s
tenant_meta      [  70% ] 30/30 VUs  2m06.5s/3m00.0s
tenant_netflix   [  70% ] 30/30 VUs  2m06.5s/3m00.0s
tenant_nvidia    [  70% ] 30/30 VUs  2m06.5s/3m00.0s
tenant_paypal    [  70% ] 30/30 VUs  2m06.5s/3m00.0s
tenant_reddit    [  70% ] 30/30 VUs  2m06.5s/3m00.0s
tenant_slack     [  70% ] 30/30 VUs  2m06.5s/3m00.0s
tenant_spotify   [  70% ] 30/30 VUs  2m06.5s/3m00.0s
tenant_tesla     [  70% ] 30/30 VUs  2m06.5s/3m00.0s
tenant_uber      [  70% ] 30/30 VUs  2m06.5s/3m00.0s
tenant_zoom      [  70% ] 30/30 VUs  2m06.5s/3m00.0s

running (3m25.9s), 450/450 VUs, 43287 complete and 0 interrupted iterations
tenant_amazon    [  71% ] 30/30 VUs  2m07.5s/3m00.0s
tenant_amd       [  71% ] 30/30 VUs  2m07.5s/3m00.0s
tenant_apple     [  71% ] 30/30 VUs  2m07.5s/3m00.0s
tenant_azure     [  71% ] 30/30 VUs  2m07.5s/3m00.0s
tenant_google    [  71% ] 30/30 VUs  2m07.5s/3m00.0s
tenant_meta      [  71% ] 30/30 VUs  2m07.5s/3m00.0s
tenant_netflix   [  71% ] 30/30 VUs  2m07.5s/3m00.0s
tenant_nvidia    [  71% ] 30/30 VUs  2m07.5s/3m00.0s
tenant_paypal    [  71% ] 30/30 VUs  2m07.5s/3m00.0s
tenant_reddit    [  71% ] 30/30 VUs  2m07.5s/3m00.0s
tenant_slack     [  71% ] 30/30 VUs  2m07.5s/3m00.0s
tenant_spotify   [  71% ] 30/30 VUs  2m07.5s/3m00.0s
tenant_tesla     [  71% ] 30/30 VUs  2m07.5s/3m00.0s
tenant_uber      [  71% ] 30/30 VUs  2m07.5s/3m00.0s
tenant_zoom      [  71% ] 30/30 VUs  2m07.5s/3m00.0s

running (3m26.9s), 450/450 VUs, 43715 complete and 0 interrupted iterations
tenant_amazon    [  71% ] 30/30 VUs  2m08.5s/3m00.0s
tenant_amd       [  71% ] 30/30 VUs  2m08.5s/3m00.0s
tenant_apple     [  71% ] 30/30 VUs  2m08.5s/3m00.0s
tenant_azure     [  71% ] 30/30 VUs  2m08.5s/3m00.0s
tenant_google    [  71% ] 30/30 VUs  2m08.5s/3m00.0s
tenant_meta      [  71% ] 30/30 VUs  2m08.5s/3m00.0s
tenant_netflix   [  71% ] 30/30 VUs  2m08.5s/3m00.0s
tenant_nvidia    [  71% ] 30/30 VUs  2m08.5s/3m00.0s
tenant_paypal    [  71% ] 30/30 VUs  2m08.5s/3m00.0s
tenant_reddit    [  71% ] 30/30 VUs  2m08.5s/3m00.0s
tenant_slack     [  71% ] 30/30 VUs  2m08.5s/3m00.0s
tenant_spotify   [  71% ] 30/30 VUs  2m08.5s/3m00.0s
tenant_tesla     [  71% ] 30/30 VUs  2m08.5s/3m00.0s
tenant_uber      [  71% ] 30/30 VUs  2m08.5s/3m00.0s
tenant_zoom      [  71% ] 30/30 VUs  2m08.5s/3m00.0s

running (3m27.9s), 450/450 VUs, 44081 complete and 0 interrupted iterations
tenant_amazon    [  72% ] 30/30 VUs  2m09.5s/3m00.0s
tenant_amd       [  72% ] 30/30 VUs  2m09.5s/3m00.0s
tenant_apple     [  72% ] 30/30 VUs  2m09.5s/3m00.0s
tenant_azure     [  72% ] 30/30 VUs  2m09.5s/3m00.0s
tenant_google    [  72% ] 30/30 VUs  2m09.5s/3m00.0s
tenant_meta      [  72% ] 30/30 VUs  2m09.5s/3m00.0s
tenant_netflix   [  72% ] 30/30 VUs  2m09.5s/3m00.0s
tenant_nvidia    [  72% ] 30/30 VUs  2m09.5s/3m00.0s
tenant_paypal    [  72% ] 30/30 VUs  2m09.5s/3m00.0s
tenant_reddit    [  72% ] 30/30 VUs  2m09.5s/3m00.0s
tenant_slack     [  72% ] 30/30 VUs  2m09.5s/3m00.0s
tenant_spotify   [  72% ] 30/30 VUs  2m09.5s/3m00.0s
tenant_tesla     [  72% ] 30/30 VUs  2m09.5s/3m00.0s
tenant_uber      [  72% ] 30/30 VUs  2m09.5s/3m00.0s
tenant_zoom      [  72% ] 30/30 VUs  2m09.5s/3m00.0s

running (3m28.9s), 450/450 VUs, 44431 complete and 0 interrupted iterations
tenant_amazon    [  73% ] 30/30 VUs  2m10.5s/3m00.0s
tenant_amd       [  73% ] 30/30 VUs  2m10.5s/3m00.0s
tenant_apple     [  73% ] 30/30 VUs  2m10.5s/3m00.0s
tenant_azure     [  73% ] 30/30 VUs  2m10.5s/3m00.0s
tenant_google    [  73% ] 30/30 VUs  2m10.5s/3m00.0s
tenant_meta      [  73% ] 30/30 VUs  2m10.5s/3m00.0s
tenant_netflix   [  73% ] 30/30 VUs  2m10.5s/3m00.0s
tenant_nvidia    [  73% ] 30/30 VUs  2m10.5s/3m00.0s
tenant_paypal    [  73% ] 30/30 VUs  2m10.5s/3m00.0s
tenant_reddit    [  73% ] 30/30 VUs  2m10.5s/3m00.0s
tenant_slack     [  73% ] 30/30 VUs  2m10.5s/3m00.0s
tenant_spotify   [  73% ] 30/30 VUs  2m10.5s/3m00.0s
tenant_tesla     [  73% ] 30/30 VUs  2m10.5s/3m00.0s
tenant_uber      [  73% ] 30/30 VUs  2m10.5s/3m00.0s
tenant_zoom      [  73% ] 30/30 VUs  2m10.5s/3m00.0s

running (3m29.9s), 450/450 VUs, 44791 complete and 0 interrupted iterations
tenant_amazon    [  73% ] 30/30 VUs  2m11.5s/3m00.0s
tenant_amd       [  73% ] 30/30 VUs  2m11.5s/3m00.0s
tenant_apple     [  73% ] 30/30 VUs  2m11.5s/3m00.0s
tenant_azure     [  73% ] 30/30 VUs  2m11.5s/3m00.0s
tenant_google    [  73% ] 30/30 VUs  2m11.5s/3m00.0s
tenant_meta      [  73% ] 30/30 VUs  2m11.5s/3m00.0s
tenant_netflix   [  73% ] 30/30 VUs  2m11.5s/3m00.0s
tenant_nvidia    [  73% ] 30/30 VUs  2m11.5s/3m00.0s
tenant_paypal    [  73% ] 30/30 VUs  2m11.5s/3m00.0s
tenant_reddit    [  73% ] 30/30 VUs  2m11.5s/3m00.0s
tenant_slack     [  73% ] 30/30 VUs  2m11.5s/3m00.0s
tenant_spotify   [  73% ] 30/30 VUs  2m11.5s/3m00.0s
tenant_tesla     [  73% ] 30/30 VUs  2m11.5s/3m00.0s
tenant_uber      [  73% ] 30/30 VUs  2m11.5s/3m00.0s
tenant_zoom      [  73% ] 30/30 VUs  2m11.5s/3m00.0s

running (3m30.9s), 450/450 VUs, 45256 complete and 0 interrupted iterations
tenant_amazon    [  74% ] 30/30 VUs  2m12.5s/3m00.0s
tenant_amd       [  74% ] 30/30 VUs  2m12.5s/3m00.0s
tenant_apple     [  74% ] 30/30 VUs  2m12.5s/3m00.0s
tenant_azure     [  74% ] 30/30 VUs  2m12.5s/3m00.0s
tenant_google    [  74% ] 30/30 VUs  2m12.5s/3m00.0s
tenant_meta      [  74% ] 30/30 VUs  2m12.5s/3m00.0s
tenant_netflix   [  74% ] 30/30 VUs  2m12.5s/3m00.0s
tenant_nvidia    [  74% ] 30/30 VUs  2m12.5s/3m00.0s
tenant_paypal    [  74% ] 30/30 VUs  2m12.5s/3m00.0s
tenant_reddit    [  74% ] 30/30 VUs  2m12.5s/3m00.0s
tenant_slack     [  74% ] 30/30 VUs  2m12.5s/3m00.0s
tenant_spotify   [  74% ] 30/30 VUs  2m12.5s/3m00.0s
tenant_tesla     [  74% ] 30/30 VUs  2m12.5s/3m00.0s
tenant_uber      [  74% ] 30/30 VUs  2m12.5s/3m00.0s
tenant_zoom      [  74% ] 30/30 VUs  2m12.5s/3m00.0s

running (3m31.9s), 450/450 VUs, 45641 complete and 0 interrupted iterations
tenant_amazon    [  74% ] 30/30 VUs  2m13.5s/3m00.0s
tenant_amd       [  74% ] 30/30 VUs  2m13.5s/3m00.0s
tenant_apple     [  74% ] 30/30 VUs  2m13.5s/3m00.0s
tenant_azure     [  74% ] 30/30 VUs  2m13.5s/3m00.0s
tenant_google    [  74% ] 30/30 VUs  2m13.5s/3m00.0s
tenant_meta      [  74% ] 30/30 VUs  2m13.5s/3m00.0s
tenant_netflix   [  74% ] 30/30 VUs  2m13.5s/3m00.0s
tenant_nvidia    [  74% ] 30/30 VUs  2m13.5s/3m00.0s
tenant_paypal    [  74% ] 30/30 VUs  2m13.5s/3m00.0s
tenant_reddit    [  74% ] 30/30 VUs  2m13.5s/3m00.0s
tenant_slack     [  74% ] 30/30 VUs  2m13.5s/3m00.0s
tenant_spotify   [  74% ] 30/30 VUs  2m13.5s/3m00.0s
tenant_tesla     [  74% ] 30/30 VUs  2m13.5s/3m00.0s
tenant_uber      [  74% ] 30/30 VUs  2m13.5s/3m00.0s
tenant_zoom      [  74% ] 30/30 VUs  2m13.5s/3m00.0s

running (3m32.9s), 450/450 VUs, 45970 complete and 0 interrupted iterations
tenant_amazon    [  75% ] 30/30 VUs  2m14.5s/3m00.0s
tenant_amd       [  75% ] 30/30 VUs  2m14.5s/3m00.0s
tenant_apple     [  75% ] 30/30 VUs  2m14.5s/3m00.0s
tenant_azure     [  75% ] 30/30 VUs  2m14.5s/3m00.0s
tenant_google    [  75% ] 30/30 VUs  2m14.5s/3m00.0s
tenant_meta      [  75% ] 30/30 VUs  2m14.5s/3m00.0s
tenant_netflix   [  75% ] 30/30 VUs  2m14.5s/3m00.0s
tenant_nvidia    [  75% ] 30/30 VUs  2m14.5s/3m00.0s
tenant_paypal    [  75% ] 30/30 VUs  2m14.5s/3m00.0s
tenant_reddit    [  75% ] 30/30 VUs  2m14.5s/3m00.0s
tenant_slack     [  75% ] 30/30 VUs  2m14.5s/3m00.0s
tenant_spotify   [  75% ] 30/30 VUs  2m14.5s/3m00.0s
tenant_tesla     [  75% ] 30/30 VUs  2m14.5s/3m00.0s
tenant_uber      [  75% ] 30/30 VUs  2m14.5s/3m00.0s
tenant_zoom      [  75% ] 30/30 VUs  2m14.5s/3m00.0s

running (3m33.9s), 450/450 VUs, 46328 complete and 0 interrupted iterations
tenant_amazon    [  75% ] 30/30 VUs  2m15.5s/3m00.0s
tenant_amd       [  75% ] 30/30 VUs  2m15.5s/3m00.0s
tenant_apple     [  75% ] 30/30 VUs  2m15.5s/3m00.0s
tenant_azure     [  75% ] 30/30 VUs  2m15.5s/3m00.0s
tenant_google    [  75% ] 30/30 VUs  2m15.5s/3m00.0s
tenant_meta      [  75% ] 30/30 VUs  2m15.5s/3m00.0s
tenant_netflix   [  75% ] 30/30 VUs  2m15.5s/3m00.0s
tenant_nvidia    [  75% ] 30/30 VUs  2m15.5s/3m00.0s
tenant_paypal    [  75% ] 30/30 VUs  2m15.5s/3m00.0s
tenant_reddit    [  75% ] 30/30 VUs  2m15.5s/3m00.0s
tenant_slack     [  75% ] 30/30 VUs  2m15.5s/3m00.0s
tenant_spotify   [  75% ] 30/30 VUs  2m15.5s/3m00.0s
tenant_tesla     [  75% ] 30/30 VUs  2m15.5s/3m00.0s
tenant_uber      [  75% ] 30/30 VUs  2m15.5s/3m00.0s
tenant_zoom      [  75% ] 30/30 VUs  2m15.5s/3m00.0s

running (3m34.9s), 450/450 VUs, 46807 complete and 0 interrupted iterations
tenant_amazon    [  76% ] 30/30 VUs  2m16.5s/3m00.0s
tenant_amd       [  76% ] 30/30 VUs  2m16.5s/3m00.0s
tenant_apple     [  76% ] 30/30 VUs  2m16.5s/3m00.0s
tenant_azure     [  76% ] 30/30 VUs  2m16.5s/3m00.0s
tenant_google    [  76% ] 30/30 VUs  2m16.5s/3m00.0s
tenant_meta      [  76% ] 30/30 VUs  2m16.5s/3m00.0s
tenant_netflix   [  76% ] 30/30 VUs  2m16.5s/3m00.0s
tenant_nvidia    [  76% ] 30/30 VUs  2m16.5s/3m00.0s
tenant_paypal    [  76% ] 30/30 VUs  2m16.5s/3m00.0s
tenant_reddit    [  76% ] 30/30 VUs  2m16.5s/3m00.0s
tenant_slack     [  76% ] 30/30 VUs  2m16.5s/3m00.0s
tenant_spotify   [  76% ] 30/30 VUs  2m16.5s/3m00.0s
tenant_tesla     [  76% ] 30/30 VUs  2m16.5s/3m00.0s
tenant_uber      [  76% ] 30/30 VUs  2m16.5s/3m00.0s
tenant_zoom      [  76% ] 30/30 VUs  2m16.5s/3m00.0s

running (3m35.9s), 450/450 VUs, 47230 complete and 0 interrupted iterations
tenant_amazon    [  76% ] 30/30 VUs  2m17.5s/3m00.0s
tenant_amd       [  76% ] 30/30 VUs  2m17.5s/3m00.0s
tenant_apple     [  76% ] 30/30 VUs  2m17.5s/3m00.0s
tenant_azure     [  76% ] 30/30 VUs  2m17.5s/3m00.0s
tenant_google    [  76% ] 30/30 VUs  2m17.5s/3m00.0s
tenant_meta      [  76% ] 30/30 VUs  2m17.5s/3m00.0s
tenant_netflix   [  76% ] 30/30 VUs  2m17.5s/3m00.0s
tenant_nvidia    [  76% ] 30/30 VUs  2m17.5s/3m00.0s
tenant_paypal    [  76% ] 30/30 VUs  2m17.5s/3m00.0s
tenant_reddit    [  76% ] 30/30 VUs  2m17.5s/3m00.0s
tenant_slack     [  76% ] 30/30 VUs  2m17.5s/3m00.0s
tenant_spotify   [  76% ] 30/30 VUs  2m17.5s/3m00.0s
tenant_tesla     [  76% ] 30/30 VUs  2m17.5s/3m00.0s
tenant_uber      [  76% ] 30/30 VUs  2m17.5s/3m00.0s
tenant_zoom      [  76% ] 30/30 VUs  2m17.5s/3m00.0s

running (3m36.9s), 450/450 VUs, 47608 complete and 0 interrupted iterations
tenant_amazon    [  77% ] 30/30 VUs  2m18.5s/3m00.0s
tenant_amd       [  77% ] 30/30 VUs  2m18.5s/3m00.0s
tenant_apple     [  77% ] 30/30 VUs  2m18.5s/3m00.0s
tenant_azure     [  77% ] 30/30 VUs  2m18.5s/3m00.0s
tenant_google    [  77% ] 30/30 VUs  2m18.5s/3m00.0s
tenant_meta      [  77% ] 30/30 VUs  2m18.5s/3m00.0s
tenant_netflix   [  77% ] 30/30 VUs  2m18.5s/3m00.0s
tenant_nvidia    [  77% ] 30/30 VUs  2m18.5s/3m00.0s
tenant_paypal    [  77% ] 30/30 VUs  2m18.5s/3m00.0s
tenant_reddit    [  77% ] 30/30 VUs  2m18.5s/3m00.0s
tenant_slack     [  77% ] 30/30 VUs  2m18.5s/3m00.0s
tenant_spotify   [  77% ] 30/30 VUs  2m18.5s/3m00.0s
tenant_tesla     [  77% ] 30/30 VUs  2m18.5s/3m00.0s
tenant_uber      [  77% ] 30/30 VUs  2m18.5s/3m00.0s
tenant_zoom      [  77% ] 30/30 VUs  2m18.5s/3m00.0s

running (3m37.9s), 450/450 VUs, 47984 complete and 0 interrupted iterations
tenant_amazon    [  78% ] 30/30 VUs  2m19.5s/3m00.0s
tenant_amd       [  78% ] 30/30 VUs  2m19.5s/3m00.0s
tenant_apple     [  78% ] 30/30 VUs  2m19.5s/3m00.0s
tenant_azure     [  78% ] 30/30 VUs  2m19.5s/3m00.0s
tenant_google    [  78% ] 30/30 VUs  2m19.5s/3m00.0s
tenant_meta      [  78% ] 30/30 VUs  2m19.5s/3m00.0s
tenant_netflix   [  78% ] 30/30 VUs  2m19.5s/3m00.0s
tenant_nvidia    [  78% ] 30/30 VUs  2m19.5s/3m00.0s
tenant_paypal    [  78% ] 30/30 VUs  2m19.5s/3m00.0s
tenant_reddit    [  78% ] 30/30 VUs  2m19.5s/3m00.0s
tenant_slack     [  78% ] 30/30 VUs  2m19.5s/3m00.0s
tenant_spotify   [  78% ] 30/30 VUs  2m19.5s/3m00.0s
tenant_tesla     [  78% ] 30/30 VUs  2m19.5s/3m00.0s
tenant_uber      [  78% ] 30/30 VUs  2m19.5s/3m00.0s
tenant_zoom      [  78% ] 30/30 VUs  2m19.5s/3m00.0s

running (3m38.9s), 450/450 VUs, 48452 complete and 0 interrupted iterations
tenant_amazon    [  78% ] 30/30 VUs  2m20.5s/3m00.0s
tenant_amd       [  78% ] 30/30 VUs  2m20.5s/3m00.0s
tenant_apple     [  78% ] 30/30 VUs  2m20.5s/3m00.0s
tenant_azure     [  78% ] 30/30 VUs  2m20.5s/3m00.0s
tenant_google    [  78% ] 30/30 VUs  2m20.5s/3m00.0s
tenant_meta      [  78% ] 30/30 VUs  2m20.5s/3m00.0s
tenant_netflix   [  78% ] 30/30 VUs  2m20.5s/3m00.0s
tenant_nvidia    [  78% ] 30/30 VUs  2m20.5s/3m00.0s
tenant_paypal    [  78% ] 30/30 VUs  2m20.5s/3m00.0s
tenant_reddit    [  78% ] 30/30 VUs  2m20.5s/3m00.0s
tenant_slack     [  78% ] 30/30 VUs  2m20.5s/3m00.0s
tenant_spotify   [  78% ] 30/30 VUs  2m20.5s/3m00.0s
tenant_tesla     [  78% ] 30/30 VUs  2m20.5s/3m00.0s
tenant_uber      [  78% ] 30/30 VUs  2m20.5s/3m00.0s
tenant_zoom      [  78% ] 30/30 VUs  2m20.5s/3m00.0s

running (3m39.9s), 450/450 VUs, 48918 complete and 0 interrupted iterations
tenant_amazon    [  79% ] 30/30 VUs  2m21.5s/3m00.0s
tenant_amd       [  79% ] 30/30 VUs  2m21.5s/3m00.0s
tenant_apple     [  79% ] 30/30 VUs  2m21.5s/3m00.0s
tenant_azure     [  79% ] 30/30 VUs  2m21.5s/3m00.0s
tenant_google    [  79% ] 30/30 VUs  2m21.5s/3m00.0s
tenant_meta      [  79% ] 30/30 VUs  2m21.5s/3m00.0s
tenant_netflix   [  79% ] 30/30 VUs  2m21.5s/3m00.0s
tenant_nvidia    [  79% ] 30/30 VUs  2m21.5s/3m00.0s
tenant_paypal    [  79% ] 30/30 VUs  2m21.5s/3m00.0s
tenant_reddit    [  79% ] 30/30 VUs  2m21.5s/3m00.0s
tenant_slack     [  79% ] 30/30 VUs  2m21.5s/3m00.0s
tenant_spotify   [  79% ] 30/30 VUs  2m21.5s/3m00.0s
tenant_tesla     [  79% ] 30/30 VUs  2m21.5s/3m00.0s
tenant_uber      [  79% ] 30/30 VUs  2m21.5s/3m00.0s
tenant_zoom      [  79% ] 30/30 VUs  2m21.5s/3m00.0s

running (3m40.9s), 450/450 VUs, 49256 complete and 0 interrupted iterations
tenant_amazon    [  79% ] 30/30 VUs  2m22.5s/3m00.0s
tenant_amd       [  79% ] 30/30 VUs  2m22.5s/3m00.0s
tenant_apple     [  79% ] 30/30 VUs  2m22.5s/3m00.0s
tenant_azure     [  79% ] 30/30 VUs  2m22.5s/3m00.0s
tenant_google    [  79% ] 30/30 VUs  2m22.5s/3m00.0s
tenant_meta      [  79% ] 30/30 VUs  2m22.5s/3m00.0s
tenant_netflix   [  79% ] 30/30 VUs  2m22.5s/3m00.0s
tenant_nvidia    [  79% ] 30/30 VUs  2m22.5s/3m00.0s
tenant_paypal    [  79% ] 30/30 VUs  2m22.5s/3m00.0s
tenant_reddit    [  79% ] 30/30 VUs  2m22.5s/3m00.0s
tenant_slack     [  79% ] 30/30 VUs  2m22.5s/3m00.0s
tenant_spotify   [  79% ] 30/30 VUs  2m22.5s/3m00.0s
tenant_tesla     [  79% ] 30/30 VUs  2m22.5s/3m00.0s
tenant_uber      [  79% ] 30/30 VUs  2m22.5s/3m00.0s
tenant_zoom      [  79% ] 30/30 VUs  2m22.5s/3m00.0s

running (3m41.9s), 450/450 VUs, 49613 complete and 0 interrupted iterations
tenant_amazon    [  80% ] 30/30 VUs  2m23.5s/3m00.0s
tenant_amd       [  80% ] 30/30 VUs  2m23.5s/3m00.0s
tenant_apple     [  80% ] 30/30 VUs  2m23.5s/3m00.0s
tenant_azure     [  80% ] 30/30 VUs  2m23.5s/3m00.0s
tenant_google    [  80% ] 30/30 VUs  2m23.5s/3m00.0s
tenant_meta      [  80% ] 30/30 VUs  2m23.5s/3m00.0s
tenant_netflix   [  80% ] 30/30 VUs  2m23.5s/3m00.0s
tenant_nvidia    [  80% ] 30/30 VUs  2m23.5s/3m00.0s
tenant_paypal    [  80% ] 30/30 VUs  2m23.5s/3m00.0s
tenant_reddit    [  80% ] 30/30 VUs  2m23.5s/3m00.0s
tenant_slack     [  80% ] 30/30 VUs  2m23.5s/3m00.0s
tenant_spotify   [  80% ] 30/30 VUs  2m23.5s/3m00.0s
tenant_tesla     [  80% ] 30/30 VUs  2m23.5s/3m00.0s
tenant_uber      [  80% ] 30/30 VUs  2m23.5s/3m00.0s
tenant_zoom      [  80% ] 30/30 VUs  2m23.5s/3m00.0s

running (3m42.9s), 450/450 VUs, 50048 complete and 0 interrupted iterations
tenant_amazon    [  80% ] 30/30 VUs  2m24.5s/3m00.0s
tenant_amd       [  80% ] 30/30 VUs  2m24.5s/3m00.0s
tenant_apple     [  80% ] 30/30 VUs  2m24.5s/3m00.0s
tenant_azure     [  80% ] 30/30 VUs  2m24.5s/3m00.0s
tenant_google    [  80% ] 30/30 VUs  2m24.5s/3m00.0s
tenant_meta      [  80% ] 30/30 VUs  2m24.5s/3m00.0s
tenant_netflix   [  80% ] 30/30 VUs  2m24.5s/3m00.0s
tenant_nvidia    [  80% ] 30/30 VUs  2m24.5s/3m00.0s
tenant_paypal    [  80% ] 30/30 VUs  2m24.5s/3m00.0s
tenant_reddit    [  80% ] 30/30 VUs  2m24.5s/3m00.0s
tenant_slack     [  80% ] 30/30 VUs  2m24.5s/3m00.0s
tenant_spotify   [  80% ] 30/30 VUs  2m24.5s/3m00.0s
tenant_tesla     [  80% ] 30/30 VUs  2m24.5s/3m00.0s
tenant_uber      [  80% ] 30/30 VUs  2m24.5s/3m00.0s
tenant_zoom      [  80% ] 30/30 VUs  2m24.5s/3m00.0s

running (3m43.9s), 450/450 VUs, 50556 complete and 0 interrupted iterations
tenant_amazon    [  81% ] 30/30 VUs  2m25.5s/3m00.0s
tenant_amd       [  81% ] 30/30 VUs  2m25.5s/3m00.0s
tenant_apple     [  81% ] 30/30 VUs  2m25.5s/3m00.0s
tenant_azure     [  81% ] 30/30 VUs  2m25.5s/3m00.0s
tenant_google    [  81% ] 30/30 VUs  2m25.5s/3m00.0s
tenant_meta      [  81% ] 30/30 VUs  2m25.5s/3m00.0s
tenant_netflix   [  81% ] 30/30 VUs  2m25.5s/3m00.0s
tenant_nvidia    [  81% ] 30/30 VUs  2m25.5s/3m00.0s
tenant_paypal    [  81% ] 30/30 VUs  2m25.5s/3m00.0s
tenant_reddit    [  81% ] 30/30 VUs  2m25.5s/3m00.0s
tenant_slack     [  81% ] 30/30 VUs  2m25.5s/3m00.0s
tenant_spotify   [  81% ] 30/30 VUs  2m25.5s/3m00.0s
tenant_tesla     [  81% ] 30/30 VUs  2m25.5s/3m00.0s
tenant_uber      [  81% ] 30/30 VUs  2m25.5s/3m00.0s
tenant_zoom      [  81% ] 30/30 VUs  2m25.5s/3m00.0s

running (3m44.9s), 450/450 VUs, 50930 complete and 0 interrupted iterations
tenant_amazon    [  81% ] 30/30 VUs  2m26.5s/3m00.0s
tenant_amd       [  81% ] 30/30 VUs  2m26.5s/3m00.0s
tenant_apple     [  81% ] 30/30 VUs  2m26.5s/3m00.0s
tenant_azure     [  81% ] 30/30 VUs  2m26.5s/3m00.0s
tenant_google    [  81% ] 30/30 VUs  2m26.5s/3m00.0s
tenant_meta      [  81% ] 30/30 VUs  2m26.5s/3m00.0s
tenant_netflix   [  81% ] 30/30 VUs  2m26.5s/3m00.0s
tenant_nvidia    [  81% ] 30/30 VUs  2m26.5s/3m00.0s
tenant_paypal    [  81% ] 30/30 VUs  2m26.5s/3m00.0s
tenant_reddit    [  81% ] 30/30 VUs  2m26.5s/3m00.0s
tenant_slack     [  81% ] 30/30 VUs  2m26.5s/3m00.0s
tenant_spotify   [  81% ] 30/30 VUs  2m26.5s/3m00.0s
tenant_tesla     [  81% ] 30/30 VUs  2m26.5s/3m00.0s
tenant_uber      [  81% ] 30/30 VUs  2m26.5s/3m00.0s
tenant_zoom      [  81% ] 30/30 VUs  2m26.5s/3m00.0s

running (3m45.9s), 450/450 VUs, 51298 complete and 0 interrupted iterations
tenant_amazon    [  82% ] 30/30 VUs  2m27.5s/3m00.0s
tenant_amd       [  82% ] 30/30 VUs  2m27.5s/3m00.0s
tenant_apple     [  82% ] 30/30 VUs  2m27.5s/3m00.0s
tenant_azure     [  82% ] 30/30 VUs  2m27.5s/3m00.0s
tenant_google    [  82% ] 30/30 VUs  2m27.5s/3m00.0s
tenant_meta      [  82% ] 30/30 VUs  2m27.5s/3m00.0s
tenant_netflix   [  82% ] 30/30 VUs  2m27.5s/3m00.0s
tenant_nvidia    [  82% ] 30/30 VUs  2m27.5s/3m00.0s
tenant_paypal    [  82% ] 30/30 VUs  2m27.5s/3m00.0s
tenant_reddit    [  82% ] 30/30 VUs  2m27.5s/3m00.0s
tenant_slack     [  82% ] 30/30 VUs  2m27.5s/3m00.0s
tenant_spotify   [  82% ] 30/30 VUs  2m27.5s/3m00.0s
tenant_tesla     [  82% ] 30/30 VUs  2m27.5s/3m00.0s
tenant_uber      [  82% ] 30/30 VUs  2m27.5s/3m00.0s
tenant_zoom      [  82% ] 30/30 VUs  2m27.5s/3m00.0s

running (3m46.9s), 450/450 VUs, 51722 complete and 0 interrupted iterations
tenant_amazon    [  83% ] 30/30 VUs  2m28.5s/3m00.0s
tenant_amd       [  83% ] 30/30 VUs  2m28.5s/3m00.0s
tenant_apple     [  83% ] 30/30 VUs  2m28.5s/3m00.0s
tenant_azure     [  83% ] 30/30 VUs  2m28.5s/3m00.0s
tenant_google    [  83% ] 30/30 VUs  2m28.5s/3m00.0s
tenant_meta      [  83% ] 30/30 VUs  2m28.5s/3m00.0s
tenant_netflix   [  83% ] 30/30 VUs  2m28.5s/3m00.0s
tenant_nvidia    [  83% ] 30/30 VUs  2m28.5s/3m00.0s
tenant_paypal    [  83% ] 30/30 VUs  2m28.5s/3m00.0s
tenant_reddit    [  83% ] 30/30 VUs  2m28.5s/3m00.0s
tenant_slack     [  83% ] 30/30 VUs  2m28.5s/3m00.0s
tenant_spotify   [  83% ] 30/30 VUs  2m28.5s/3m00.0s
tenant_tesla     [  83% ] 30/30 VUs  2m28.5s/3m00.0s
tenant_uber      [  83% ] 30/30 VUs  2m28.5s/3m00.0s
tenant_zoom      [  83% ] 30/30 VUs  2m28.5s/3m00.0s

running (3m47.9s), 450/450 VUs, 52203 complete and 0 interrupted iterations
tenant_amazon    [  83% ] 30/30 VUs  2m29.5s/3m00.0s
tenant_amd       [  83% ] 30/30 VUs  2m29.5s/3m00.0s
tenant_apple     [  83% ] 30/30 VUs  2m29.5s/3m00.0s
tenant_azure     [  83% ] 30/30 VUs  2m29.5s/3m00.0s
tenant_google    [  83% ] 30/30 VUs  2m29.5s/3m00.0s
tenant_meta      [  83% ] 30/30 VUs  2m29.5s/3m00.0s
tenant_netflix   [  83% ] 30/30 VUs  2m29.5s/3m00.0s
tenant_nvidia    [  83% ] 30/30 VUs  2m29.5s/3m00.0s
tenant_paypal    [  83% ] 30/30 VUs  2m29.5s/3m00.0s
tenant_reddit    [  83% ] 30/30 VUs  2m29.5s/3m00.0s
tenant_slack     [  83% ] 30/30 VUs  2m29.5s/3m00.0s
tenant_spotify   [  83% ] 30/30 VUs  2m29.5s/3m00.0s
tenant_tesla     [  83% ] 30/30 VUs  2m29.5s/3m00.0s
tenant_uber      [  83% ] 30/30 VUs  2m29.5s/3m00.0s
tenant_zoom      [  83% ] 30/30 VUs  2m29.5s/3m00.0s

running (3m48.9s), 450/450 VUs, 52561 complete and 0 interrupted iterations
tenant_amazon    [  84% ] 30/30 VUs  2m30.5s/3m00.0s
tenant_amd       [  84% ] 30/30 VUs  2m30.5s/3m00.0s
tenant_apple     [  84% ] 30/30 VUs  2m30.5s/3m00.0s
tenant_azure     [  84% ] 30/30 VUs  2m30.5s/3m00.0s
tenant_google    [  84% ] 30/30 VUs  2m30.5s/3m00.0s
tenant_meta      [  84% ] 30/30 VUs  2m30.5s/3m00.0s
tenant_netflix   [  84% ] 30/30 VUs  2m30.5s/3m00.0s
tenant_nvidia    [  84% ] 30/30 VUs  2m30.5s/3m00.0s
tenant_paypal    [  84% ] 30/30 VUs  2m30.5s/3m00.0s
tenant_reddit    [  84% ] 30/30 VUs  2m30.5s/3m00.0s
tenant_slack     [  84% ] 30/30 VUs  2m30.5s/3m00.0s
tenant_spotify   [  84% ] 30/30 VUs  2m30.5s/3m00.0s
tenant_tesla     [  84% ] 30/30 VUs  2m30.5s/3m00.0s
tenant_uber      [  84% ] 30/30 VUs  2m30.5s/3m00.0s
tenant_zoom      [  84% ] 30/30 VUs  2m30.5s/3m00.0s

running (3m49.9s), 445/450 VUs, 52927 complete and 0 interrupted iterations
tenant_amazon    [  84% ] 29/30 VUs  2m31.5s/3m00.0s
tenant_amd       [  84% ] 30/30 VUs  2m31.5s/3m00.0s
tenant_apple     [  84% ] 30/30 VUs  2m31.5s/3m00.0s
tenant_azure     [  84% ] 30/30 VUs  2m31.5s/3m00.0s
tenant_google    [  84% ] 30/30 VUs  2m31.5s/3m00.0s
tenant_meta      [  84% ] 29/30 VUs  2m31.5s/3m00.0s
tenant_netflix   [  84% ] 30/30 VUs  2m31.5s/3m00.0s
tenant_nvidia    [  84% ] 30/30 VUs  2m31.5s/3m00.0s
tenant_paypal    [  84% ] 30/30 VUs  2m31.5s/3m00.0s
tenant_reddit    [  84% ] 29/30 VUs  2m31.5s/3m00.0s
tenant_slack     [  84% ] 30/30 VUs  2m31.5s/3m00.0s
tenant_spotify   [  84% ] 29/30 VUs  2m31.5s/3m00.0s
tenant_tesla     [  84% ] 30/30 VUs  2m31.5s/3m00.0s
tenant_uber      [  84% ] 29/30 VUs  2m31.5s/3m00.0s
tenant_zoom      [  84% ] 30/30 VUs  2m31.5s/3m00.0s

running (3m50.9s), 433/450 VUs, 53326 complete and 0 interrupted iterations
tenant_amazon    [  85% ] 28/30 VUs  2m32.5s/3m00.0s
tenant_amd       [  85% ] 29/30 VUs  2m32.5s/3m00.0s
tenant_apple     [  85% ] 29/30 VUs  2m32.5s/3m00.0s
tenant_azure     [  85% ] 29/30 VUs  2m32.5s/3m00.0s
tenant_google    [  85% ] 29/30 VUs  2m32.5s/3m00.0s
tenant_meta      [  85% ] 29/30 VUs  2m32.5s/3m00.0s
tenant_netflix   [  85% ] 29/30 VUs  2m32.5s/3m00.0s
tenant_nvidia    [  85% ] 30/30 VUs  2m32.5s/3m00.0s
tenant_paypal    [  85% ] 29/30 VUs  2m32.5s/3m00.0s
tenant_reddit    [  85% ] 29/30 VUs  2m32.5s/3m00.0s
tenant_slack     [  85% ] 29/30 VUs  2m32.5s/3m00.0s
tenant_spotify   [  85% ] 29/30 VUs  2m32.5s/3m00.0s
tenant_tesla     [  85% ] 29/30 VUs  2m32.5s/3m00.0s
tenant_uber      [  85% ] 28/30 VUs  2m32.5s/3m00.0s
tenant_zoom      [  85% ] 28/30 VUs  2m32.5s/3m00.0s

running (3m51.9s), 414/450 VUs, 53813 complete and 0 interrupted iterations
tenant_amazon    [  85% ] 27/30 VUs  2m33.5s/3m00.0s
tenant_amd       [  85% ] 28/30 VUs  2m33.5s/3m00.0s
tenant_apple     [  85% ] 27/30 VUs  2m33.5s/3m00.0s
tenant_azure     [  85% ] 28/30 VUs  2m33.5s/3m00.0s
tenant_google    [  85% ] 27/30 VUs  2m33.5s/3m00.0s
tenant_meta      [  85% ] 27/30 VUs  2m33.5s/3m00.0s
tenant_netflix   [  85% ] 29/30 VUs  2m33.5s/3m00.0s
tenant_nvidia    [  85% ] 28/30 VUs  2m33.5s/3m00.0s
tenant_paypal    [  85% ] 28/30 VUs  2m33.5s/3m00.0s
tenant_reddit    [  85% ] 27/30 VUs  2m33.5s/3m00.0s
tenant_slack     [  85% ] 28/30 VUs  2m33.5s/3m00.0s
tenant_spotify   [  85% ] 28/30 VUs  2m33.5s/3m00.0s
tenant_tesla     [  85% ] 27/30 VUs  2m33.5s/3m00.0s
tenant_uber      [  85% ] 28/30 VUs  2m33.5s/3m00.0s
tenant_zoom      [  85% ] 27/30 VUs  2m33.5s/3m00.0s

running (3m52.9s), 410/450 VUs, 54159 complete and 0 interrupted iterations
tenant_amazon    [  86% ] 27/30 VUs  2m34.5s/3m00.0s
tenant_amd       [  86% ] 28/30 VUs  2m34.5s/3m00.0s
tenant_apple     [  86% ] 27/30 VUs  2m34.5s/3m00.0s
tenant_azure     [  86% ] 26/30 VUs  2m34.5s/3m00.0s
tenant_google    [  86% ] 27/30 VUs  2m34.5s/3m00.0s
tenant_meta      [  86% ] 27/30 VUs  2m34.5s/3m00.0s
tenant_netflix   [  86% ] 28/30 VUs  2m34.5s/3m00.0s
tenant_nvidia    [  86% ] 28/30 VUs  2m34.5s/3m00.0s
tenant_paypal    [  86% ] 28/30 VUs  2m34.5s/3m00.0s
tenant_reddit    [  86% ] 27/30 VUs  2m34.5s/3m00.0s
tenant_slack     [  86% ] 27/30 VUs  2m34.5s/3m00.0s
tenant_spotify   [  86% ] 28/30 VUs  2m34.5s/3m00.0s
tenant_tesla     [  86% ] 27/30 VUs  2m34.5s/3m00.0s
tenant_uber      [  86% ] 28/30 VUs  2m34.5s/3m00.0s
tenant_zoom      [  86% ] 27/30 VUs  2m34.5s/3m00.0s

running (3m53.9s), 394/450 VUs, 54527 complete and 0 interrupted iterations
tenant_amazon    [  86% ] 26/30 VUs  2m35.5s/3m00.0s
tenant_amd       [  86% ] 25/30 VUs  2m35.5s/3m00.0s
tenant_apple     [  86% ] 25/30 VUs  2m35.5s/3m00.0s
tenant_azure     [  86% ] 26/30 VUs  2m35.5s/3m00.0s
tenant_google    [  86% ] 26/30 VUs  2m35.5s/3m00.0s
tenant_meta      [  86% ] 27/30 VUs  2m35.5s/3m00.0s
tenant_netflix   [  86% ] 26/30 VUs  2m35.5s/3m00.0s
tenant_nvidia    [  86% ] 27/30 VUs  2m35.5s/3m00.0s
tenant_paypal    [  86% ] 27/30 VUs  2m35.5s/3m00.0s
tenant_reddit    [  86% ] 26/30 VUs  2m35.5s/3m00.0s
tenant_slack     [  86% ] 27/30 VUs  2m35.5s/3m00.0s
tenant_spotify   [  86% ] 27/30 VUs  2m35.5s/3m00.0s
tenant_tesla     [  86% ] 26/30 VUs  2m35.5s/3m00.0s
tenant_uber      [  86% ] 26/30 VUs  2m35.5s/3m00.0s
tenant_zoom      [  86% ] 27/30 VUs  2m35.5s/3m00.0s

running (3m54.9s), 369/450 VUs, 54957 complete and 0 interrupted iterations
tenant_amazon    [  87% ] 24/30 VUs  2m36.5s/3m00.0s
tenant_amd       [  87% ] 24/30 VUs  2m36.5s/3m00.0s
tenant_apple     [  87% ] 25/30 VUs  2m36.5s/3m00.0s
tenant_azure     [  87% ] 24/30 VUs  2m36.5s/3m00.0s
tenant_google    [  87% ] 25/30 VUs  2m36.5s/3m00.0s
tenant_meta      [  87% ] 24/30 VUs  2m36.5s/3m00.0s
tenant_netflix   [  87% ] 24/30 VUs  2m36.5s/3m00.0s
tenant_nvidia    [  87% ] 26/30 VUs  2m36.5s/3m00.0s
tenant_paypal    [  87% ] 24/30 VUs  2m36.5s/3m00.0s
tenant_reddit    [  87% ] 25/30 VUs  2m36.5s/3m00.0s
tenant_slack     [  87% ] 25/30 VUs  2m36.5s/3m00.0s
tenant_spotify   [  87% ] 24/30 VUs  2m36.5s/3m00.0s
tenant_tesla     [  87% ] 25/30 VUs  2m36.5s/3m00.0s
tenant_uber      [  87% ] 25/30 VUs  2m36.5s/3m00.0s
tenant_zoom      [  87% ] 25/30 VUs  2m36.5s/3m00.0s

running (3m55.9s), 352/450 VUs, 55466 complete and 0 interrupted iterations
tenant_amazon    [  88% ] 24/30 VUs  2m37.5s/3m00.0s
tenant_amd       [  88% ] 24/30 VUs  2m37.5s/3m00.0s
tenant_apple     [  88% ] 23/30 VUs  2m37.5s/3m00.0s
tenant_azure     [  88% ] 24/30 VUs  2m37.5s/3m00.0s
tenant_google    [  88% ] 24/30 VUs  2m37.5s/3m00.0s
tenant_meta      [  88% ] 23/30 VUs  2m37.5s/3m00.0s
tenant_netflix   [  88% ] 24/30 VUs  2m37.5s/3m00.0s
tenant_nvidia    [  88% ] 23/30 VUs  2m37.5s/3m00.0s
tenant_paypal    [  88% ] 24/30 VUs  2m37.5s/3m00.0s
tenant_reddit    [  88% ] 24/30 VUs  2m37.5s/3m00.0s
tenant_slack     [  88% ] 23/30 VUs  2m37.5s/3m00.0s
tenant_spotify   [  88% ] 23/30 VUs  2m37.5s/3m00.0s
tenant_tesla     [  88% ] 23/30 VUs  2m37.5s/3m00.0s
tenant_uber      [  88% ] 23/30 VUs  2m37.5s/3m00.0s
tenant_zoom      [  88% ] 23/30 VUs  2m37.5s/3m00.0s

running (3m56.9s), 342/450 VUs, 55886 complete and 0 interrupted iterations
tenant_amazon    [  88% ] 22/30 VUs  2m38.5s/3m00.0s
tenant_amd       [  88% ] 22/30 VUs  2m38.5s/3m00.0s
tenant_apple     [  88% ] 23/30 VUs  2m38.5s/3m00.0s
tenant_azure     [  88% ] 23/30 VUs  2m38.5s/3m00.0s
tenant_google    [  88% ] 22/30 VUs  2m38.5s/3m00.0s
tenant_meta      [  88% ] 23/30 VUs  2m38.5s/3m00.0s
tenant_netflix   [  88% ] 23/30 VUs  2m38.5s/3m00.0s
tenant_nvidia    [  88% ] 23/30 VUs  2m38.5s/3m00.0s
tenant_paypal    [  88% ] 23/30 VUs  2m38.5s/3m00.0s
tenant_reddit    [  88% ] 24/30 VUs  2m38.5s/3m00.0s
tenant_slack     [  88% ] 23/30 VUs  2m38.5s/3m00.0s
tenant_spotify   [  88% ] 22/30 VUs  2m38.5s/3m00.0s
tenant_tesla     [  88% ] 23/30 VUs  2m38.5s/3m00.0s
tenant_uber      [  88% ] 23/30 VUs  2m38.5s/3m00.0s
tenant_zoom      [  88% ] 23/30 VUs  2m38.5s/3m00.0s

running (3m57.9s), 324/450 VUs, 56265 complete and 0 interrupted iterations
tenant_amazon    [  89% ] 22/30 VUs  2m39.5s/3m00.0s
tenant_amd       [  89% ] 21/30 VUs  2m39.5s/3m00.0s
tenant_apple     [  89% ] 21/30 VUs  2m39.5s/3m00.0s
tenant_azure     [  89% ] 21/30 VUs  2m39.5s/3m00.0s
tenant_google    [  89% ] 21/30 VUs  2m39.5s/3m00.0s
tenant_meta      [  89% ] 21/30 VUs  2m39.5s/3m00.0s
tenant_netflix   [  89% ] 22/30 VUs  2m39.5s/3m00.0s
tenant_nvidia    [  89% ] 22/30 VUs  2m39.5s/3m00.0s
tenant_paypal    [  89% ] 21/30 VUs  2m39.5s/3m00.0s
tenant_reddit    [  89% ] 21/30 VUs  2m39.5s/3m00.0s
tenant_slack     [  89% ] 22/30 VUs  2m39.5s/3m00.0s
tenant_spotify   [  89% ] 22/30 VUs  2m39.5s/3m00.0s
tenant_tesla     [  89% ] 23/30 VUs  2m39.5s/3m00.0s
tenant_uber      [  89% ] 22/30 VUs  2m39.5s/3m00.0s
tenant_zoom      [  89% ] 22/30 VUs  2m39.5s/3m00.0s

running (3m58.9s), 308/450 VUs, 56658 complete and 0 interrupted iterations
tenant_amazon    [  89% ] 20/30 VUs  2m40.5s/3m00.0s
tenant_amd       [  89% ] 21/30 VUs  2m40.5s/3m00.0s
tenant_apple     [  89% ] 21/30 VUs  2m40.5s/3m00.0s
tenant_azure     [  89% ] 21/30 VUs  2m40.5s/3m00.0s
tenant_google    [  89% ] 20/30 VUs  2m40.5s/3m00.0s
tenant_meta      [  89% ] 20/30 VUs  2m40.5s/3m00.0s
tenant_netflix   [  89% ] 21/30 VUs  2m40.5s/3m00.0s
tenant_nvidia    [  89% ] 21/30 VUs  2m40.5s/3m00.0s
tenant_paypal    [  89% ] 21/30 VUs  2m40.5s/3m00.0s
tenant_reddit    [  89% ] 20/30 VUs  2m40.5s/3m00.0s
tenant_slack     [  89% ] 21/30 VUs  2m40.5s/3m00.0s
tenant_spotify   [  89% ] 21/30 VUs  2m40.5s/3m00.0s
tenant_tesla     [  89% ] 20/30 VUs  2m40.5s/3m00.0s
tenant_uber      [  89% ] 20/30 VUs  2m40.5s/3m00.0s
tenant_zoom      [  89% ] 20/30 VUs  2m40.5s/3m00.0s

running (3m59.9s), 292/450 VUs, 57172 complete and 0 interrupted iterations
tenant_amazon    [  90% ] 20/30 VUs  2m41.5s/3m00.0s
tenant_amd       [  90% ] 20/30 VUs  2m41.5s/3m00.0s
tenant_apple     [  90% ] 19/30 VUs  2m41.5s/3m00.0s
tenant_azure     [  90% ] 19/30 VUs  2m41.5s/3m00.0s
tenant_google    [  90% ] 19/30 VUs  2m41.5s/3m00.0s
tenant_meta      [  90% ] 19/30 VUs  2m41.5s/3m00.0s
tenant_netflix   [  90% ] 20/30 VUs  2m41.5s/3m00.0s
tenant_nvidia    [  90% ] 19/30 VUs  2m41.5s/3m00.0s
tenant_paypal    [  90% ] 20/30 VUs  2m41.5s/3m00.0s
tenant_reddit    [  90% ] 19/30 VUs  2m41.5s/3m00.0s
tenant_slack     [  90% ] 19/30 VUs  2m41.5s/3m00.0s
tenant_spotify   [  90% ] 20/30 VUs  2m41.5s/3m00.0s
tenant_tesla     [  90% ] 19/30 VUs  2m41.5s/3m00.0s
tenant_uber      [  90% ] 20/30 VUs  2m41.5s/3m00.0s
tenant_zoom      [  90% ] 20/30 VUs  2m41.5s/3m00.0s

running (4m00.9s), 273/450 VUs, 57661 complete and 0 interrupted iterations
tenant_amazon    [  90% ] 18/30 VUs  2m42.5s/3m00.0s
tenant_amd       [  90% ] 19/30 VUs  2m42.5s/3m00.0s
tenant_apple     [  90% ] 18/30 VUs  2m42.5s/3m00.0s
tenant_azure     [  90% ] 18/30 VUs  2m42.5s/3m00.0s
tenant_google    [  90% ] 18/30 VUs  2m42.5s/3m00.0s
tenant_meta      [  90% ] 18/30 VUs  2m42.5s/3m00.0s
tenant_netflix   [  90% ] 19/30 VUs  2m42.5s/3m00.0s
tenant_nvidia    [  90% ] 18/30 VUs  2m42.5s/3m00.0s
tenant_paypal    [  90% ] 18/30 VUs  2m42.5s/3m00.0s
tenant_reddit    [  90% ] 18/30 VUs  2m42.5s/3m00.0s
tenant_slack     [  90% ] 19/30 VUs  2m42.5s/3m00.0s
tenant_spotify   [  90% ] 18/30 VUs  2m42.5s/3m00.0s
tenant_tesla     [  90% ] 18/30 VUs  2m42.5s/3m00.0s
tenant_uber      [  90% ] 18/30 VUs  2m42.5s/3m00.0s
tenant_zoom      [  90% ] 18/30 VUs  2m42.5s/3m00.0s

running (4m01.9s), 264/450 VUs, 57992 complete and 0 interrupted iterations
tenant_amazon    [  91% ] 17/30 VUs  2m43.5s/3m00.0s
tenant_amd       [  91% ] 18/30 VUs  2m43.5s/3m00.0s
tenant_apple     [  91% ] 17/30 VUs  2m43.5s/3m00.0s
tenant_azure     [  91% ] 17/30 VUs  2m43.5s/3m00.0s
tenant_google    [  91% ] 18/30 VUs  2m43.5s/3m00.0s
tenant_meta      [  91% ] 18/30 VUs  2m43.5s/3m00.0s
tenant_netflix   [  91% ] 17/30 VUs  2m43.5s/3m00.0s
tenant_nvidia    [  91% ] 18/30 VUs  2m43.5s/3m00.0s
tenant_paypal    [  91% ] 17/30 VUs  2m43.5s/3m00.0s
tenant_reddit    [  91% ] 18/30 VUs  2m43.5s/3m00.0s
tenant_slack     [  91% ] 18/30 VUs  2m43.5s/3m00.0s
tenant_spotify   [  91% ] 18/30 VUs  2m43.5s/3m00.0s
tenant_tesla     [  91% ] 18/30 VUs  2m43.5s/3m00.0s
tenant_uber      [  91% ] 18/30 VUs  2m43.5s/3m00.0s
tenant_zoom      [  91% ] 17/30 VUs  2m43.5s/3m00.0s

running (4m02.9s), 247/450 VUs, 58359 complete and 0 interrupted iterations
tenant_amazon    [  91% ] 16/30 VUs  2m44.5s/3m00.0s
tenant_amd       [  91% ] 17/30 VUs  2m44.5s/3m00.0s
tenant_apple     [  91% ] 16/30 VUs  2m44.5s/3m00.0s
tenant_azure     [  91% ] 16/30 VUs  2m44.5s/3m00.0s
tenant_google    [  91% ] 16/30 VUs  2m44.5s/3m00.0s
tenant_meta      [  91% ] 16/30 VUs  2m44.5s/3m00.0s
tenant_netflix   [  91% ] 17/30 VUs  2m44.5s/3m00.0s
tenant_nvidia    [  91% ] 16/30 VUs  2m44.5s/3m00.0s
tenant_paypal    [  91% ] 17/30 VUs  2m44.5s/3m00.0s
tenant_reddit    [  91% ] 17/30 VUs  2m44.5s/3m00.0s
tenant_slack     [  91% ] 17/30 VUs  2m44.5s/3m00.0s
tenant_spotify   [  91% ] 17/30 VUs  2m44.5s/3m00.0s
tenant_tesla     [  91% ] 16/30 VUs  2m44.5s/3m00.0s
tenant_uber      [  91% ] 17/30 VUs  2m44.5s/3m00.0s
tenant_zoom      [  91% ] 16/30 VUs  2m44.5s/3m00.0s

running (4m03.9s), 231/450 VUs, 58837 complete and 0 interrupted iterations
tenant_amazon    [  92% ] 15/30 VUs  2m45.5s/3m00.0s
tenant_amd       [  92% ] 15/30 VUs  2m45.5s/3m00.0s
tenant_apple     [  92% ] 15/30 VUs  2m45.5s/3m00.0s
tenant_azure     [  92% ] 15/30 VUs  2m45.5s/3m00.0s
tenant_google    [  92% ] 16/30 VUs  2m45.5s/3m00.0s
tenant_meta      [  92% ] 16/30 VUs  2m45.5s/3m00.0s
tenant_netflix   [  92% ] 15/30 VUs  2m45.5s/3m00.0s
tenant_nvidia    [  92% ] 16/30 VUs  2m45.5s/3m00.0s
tenant_paypal    [  92% ] 16/30 VUs  2m45.5s/3m00.0s
tenant_reddit    [  92% ] 16/30 VUs  2m45.5s/3m00.0s
tenant_slack     [  92% ] 15/30 VUs  2m45.5s/3m00.0s
tenant_spotify   [  92% ] 15/30 VUs  2m45.5s/3m00.0s
tenant_tesla     [  92% ] 15/30 VUs  2m45.5s/3m00.0s
tenant_uber      [  92% ] 15/30 VUs  2m45.5s/3m00.0s
tenant_zoom      [  92% ] 16/30 VUs  2m45.5s/3m00.0s

running (4m04.9s), 215/450 VUs, 59350 complete and 0 interrupted iterations
tenant_amazon    [  93% ] 15/30 VUs  2m46.5s/3m00.0s
tenant_amd       [  93% ] 15/30 VUs  2m46.5s/3m00.0s
tenant_apple     [  93% ] 14/30 VUs  2m46.5s/3m00.0s
tenant_azure     [  93% ] 14/30 VUs  2m46.5s/3m00.0s
tenant_google    [  93% ] 14/30 VUs  2m46.5s/3m00.0s
tenant_meta      [  93% ] 14/30 VUs  2m46.5s/3m00.0s
tenant_netflix   [  93% ] 15/30 VUs  2m46.5s/3m00.0s
tenant_nvidia    [  93% ] 14/30 VUs  2m46.5s/3m00.0s
tenant_paypal    [  93% ] 15/30 VUs  2m46.5s/3m00.0s
tenant_reddit    [  93% ] 14/30 VUs  2m46.5s/3m00.0s
tenant_slack     [  93% ] 14/30 VUs  2m46.5s/3m00.0s
tenant_spotify   [  93% ] 15/30 VUs  2m46.5s/3m00.0s
tenant_tesla     [  93% ] 14/30 VUs  2m46.5s/3m00.0s
tenant_uber      [  93% ] 14/30 VUs  2m46.5s/3m00.0s
tenant_zoom      [  93% ] 14/30 VUs  2m46.5s/3m00.0s

running (4m05.9s), 200/450 VUs, 59884 complete and 0 interrupted iterations
tenant_amazon    [  93% ] 13/30 VUs  2m47.5s/3m00.0s
tenant_amd       [  93% ] 13/30 VUs  2m47.5s/3m00.0s
tenant_apple     [  93% ] 13/30 VUs  2m47.5s/3m00.0s
tenant_azure     [  93% ] 14/30 VUs  2m47.5s/3m00.0s
tenant_google    [  93% ] 14/30 VUs  2m47.5s/3m00.0s
tenant_meta      [  93% ] 13/30 VUs  2m47.5s/3m00.0s
tenant_netflix   [  93% ] 13/30 VUs  2m47.5s/3m00.0s
tenant_nvidia    [  93% ] 13/30 VUs  2m47.5s/3m00.0s
tenant_paypal    [  93% ] 14/30 VUs  2m47.5s/3m00.0s
tenant_reddit    [  93% ] 13/30 VUs  2m47.5s/3m00.0s
tenant_slack     [  93% ] 14/30 VUs  2m47.5s/3m00.0s
tenant_spotify   [  93% ] 13/30 VUs  2m47.5s/3m00.0s
tenant_tesla     [  93% ] 13/30 VUs  2m47.5s/3m00.0s
tenant_uber      [  93% ] 14/30 VUs  2m47.5s/3m00.0s
tenant_zoom      [  93% ] 13/30 VUs  2m47.5s/3m00.0s

running (4m06.9s), 186/450 VUs, 60388 complete and 0 interrupted iterations
tenant_amazon    [  94% ] 12/30 VUs  2m48.5s/3m00.0s
tenant_amd       [  94% ] 12/30 VUs  2m48.5s/3m00.0s
tenant_apple     [  94% ] 13/30 VUs  2m48.5s/3m00.0s
tenant_azure     [  94% ] 13/30 VUs  2m48.5s/3m00.0s
tenant_google    [  94% ] 12/30 VUs  2m48.5s/3m00.0s
tenant_meta      [  94% ] 13/30 VUs  2m48.5s/3m00.0s
tenant_netflix   [  94% ] 12/30 VUs  2m48.5s/3m00.0s
tenant_nvidia    [  94% ] 13/30 VUs  2m48.5s/3m00.0s
tenant_paypal    [  94% ] 12/30 VUs  2m48.5s/3m00.0s
tenant_reddit    [  94% ] 12/30 VUs  2m48.5s/3m00.0s
tenant_slack     [  94% ] 12/30 VUs  2m48.5s/3m00.0s
tenant_spotify   [  94% ] 12/30 VUs  2m48.5s/3m00.0s
tenant_tesla     [  94% ] 13/30 VUs  2m48.5s/3m00.0s
tenant_uber      [  94% ] 12/30 VUs  2m48.5s/3m00.0s
tenant_zoom      [  94% ] 13/30 VUs  2m48.5s/3m00.0s

running (4m07.9s), 169/450 VUs, 60937 complete and 0 interrupted iterations
tenant_amazon    [  94% ] 11/30 VUs  2m49.5s/3m00.0s
tenant_amd       [  94% ] 11/30 VUs  2m49.5s/3m00.0s
tenant_apple     [  94% ] 11/30 VUs  2m49.5s/3m00.0s
tenant_azure     [  94% ] 11/30 VUs  2m49.5s/3m00.0s
tenant_google    [  94% ] 12/30 VUs  2m49.5s/3m00.0s
tenant_meta      [  94% ] 11/30 VUs  2m49.5s/3m00.0s
tenant_netflix   [  94% ] 11/30 VUs  2m49.5s/3m00.0s
tenant_nvidia    [  94% ] 11/30 VUs  2m49.5s/3m00.0s
tenant_paypal    [  94% ] 12/30 VUs  2m49.5s/3m00.0s
tenant_reddit    [  94% ] 11/30 VUs  2m49.5s/3m00.0s
tenant_slack     [  94% ] 12/30 VUs  2m49.5s/3m00.0s
tenant_spotify   [  94% ] 11/30 VUs  2m49.5s/3m00.0s
tenant_tesla     [  94% ] 11/30 VUs  2m49.5s/3m00.0s
tenant_uber      [  94% ] 12/30 VUs  2m49.5s/3m00.0s
tenant_zoom      [  94% ] 11/30 VUs  2m49.5s/3m00.0s

running (4m08.9s), 151/450 VUs, 61445 complete and 0 interrupted iterations
tenant_amazon    [  95% ] 10/30 VUs  2m50.5s/3m00.0s
tenant_amd       [  95% ] 10/30 VUs  2m50.5s/3m00.0s
tenant_apple     [  95% ] 10/30 VUs  2m50.5s/3m00.0s
tenant_azure     [  95% ] 10/30 VUs  2m50.5s/3m00.0s
tenant_google    [  95% ] 10/30 VUs  2m50.5s/3m00.0s
tenant_meta      [  95% ] 10/30 VUs  2m50.5s/3m00.0s
tenant_netflix   [  95% ] 10/30 VUs  2m50.5s/3m00.0s
tenant_nvidia    [  95% ] 10/30 VUs  2m50.5s/3m00.0s
tenant_paypal    [  95% ] 11/30 VUs  2m50.5s/3m00.0s
tenant_reddit    [  95% ] 10/30 VUs  2m50.5s/3m00.0s
tenant_slack     [  95% ] 10/30 VUs  2m50.5s/3m00.0s
tenant_spotify   [  95% ] 10/30 VUs  2m50.5s/3m00.0s
tenant_tesla     [  95% ] 10/30 VUs  2m50.5s/3m00.0s
tenant_uber      [  95% ] 10/30 VUs  2m50.5s/3m00.0s
tenant_zoom      [  95% ] 10/30 VUs  2m50.5s/3m00.0s

running (4m09.9s), 135/450 VUs, 62010 complete and 0 interrupted iterations
tenant_amazon    [  95% ] 09/30 VUs  2m51.5s/3m00.0s
tenant_amd       [  95% ] 09/30 VUs  2m51.5s/3m00.0s
tenant_apple     [  95% ] 09/30 VUs  2m51.5s/3m00.0s
tenant_azure     [  95% ] 09/30 VUs  2m51.5s/3m00.0s
tenant_google    [  95% ] 09/30 VUs  2m51.5s/3m00.0s
tenant_meta      [  95% ] 09/30 VUs  2m51.5s/3m00.0s
tenant_netflix   [  95% ] 09/30 VUs  2m51.5s/3m00.0s
tenant_nvidia    [  95% ] 09/30 VUs  2m51.5s/3m00.0s
tenant_paypal    [  95% ] 09/30 VUs  2m51.5s/3m00.0s
tenant_reddit    [  95% ] 09/30 VUs  2m51.5s/3m00.0s
tenant_slack     [  95% ] 09/30 VUs  2m51.5s/3m00.0s
tenant_spotify   [  95% ] 09/30 VUs  2m51.5s/3m00.0s
tenant_tesla     [  95% ] 09/30 VUs  2m51.5s/3m00.0s
tenant_uber      [  95% ] 09/30 VUs  2m51.5s/3m00.0s
tenant_zoom      [  95% ] 09/30 VUs  2m51.5s/3m00.0s

running (4m10.9s), 122/450 VUs, 62499 complete and 0 interrupted iterations
tenant_amazon    [  96% ] 08/30 VUs  2m52.5s/3m00.0s
tenant_amd       [  96% ] 08/30 VUs  2m52.5s/3m00.0s
tenant_apple     [  96% ] 08/30 VUs  2m52.5s/3m00.0s
tenant_azure     [  96% ] 08/30 VUs  2m52.5s/3m00.0s
tenant_google    [  96% ] 08/30 VUs  2m52.5s/3m00.0s
tenant_meta      [  96% ] 08/30 VUs  2m52.5s/3m00.0s
tenant_netflix   [  96% ] 09/30 VUs  2m52.5s/3m00.0s
tenant_nvidia    [  96% ] 08/30 VUs  2m52.5s/3m00.0s
tenant_paypal    [  96% ] 08/30 VUs  2m52.5s/3m00.0s
tenant_reddit    [  96% ] 08/30 VUs  2m52.5s/3m00.0s
tenant_slack     [  96% ] 08/30 VUs  2m52.5s/3m00.0s
tenant_spotify   [  96% ] 08/30 VUs  2m52.5s/3m00.0s
tenant_tesla     [  96% ] 09/30 VUs  2m52.5s/3m00.0s
tenant_uber      [  96% ] 08/30 VUs  2m52.5s/3m00.0s
tenant_zoom      [  96% ] 08/30 VUs  2m52.5s/3m00.0s

running (4m11.9s), 106/450 VUs, 62942 complete and 0 interrupted iterations
tenant_amazon    [  96% ] 07/30 VUs  2m53.5s/3m00.0s
tenant_amd       [  96% ] 07/30 VUs  2m53.5s/3m00.0s
tenant_apple     [  96% ] 07/30 VUs  2m53.5s/3m00.0s
tenant_azure     [  96% ] 08/30 VUs  2m53.5s/3m00.0s
tenant_google    [  96% ] 07/30 VUs  2m53.5s/3m00.0s
tenant_meta      [  96% ] 07/30 VUs  2m53.5s/3m00.0s
tenant_netflix   [  96% ] 07/30 VUs  2m53.5s/3m00.0s
tenant_nvidia    [  96% ] 07/30 VUs  2m53.5s/3m00.0s
tenant_paypal    [  96% ] 07/30 VUs  2m53.5s/3m00.0s
tenant_reddit    [  96% ] 07/30 VUs  2m53.5s/3m00.0s
tenant_slack     [  96% ] 07/30 VUs  2m53.5s/3m00.0s
tenant_spotify   [  96% ] 07/30 VUs  2m53.5s/3m00.0s
tenant_tesla     [  96% ] 07/30 VUs  2m53.5s/3m00.0s
tenant_uber      [  96% ] 07/30 VUs  2m53.5s/3m00.0s
tenant_zoom      [  96% ] 07/30 VUs  2m53.5s/3m00.0s

running (4m12.9s), 090/450 VUs, 63403 complete and 0 interrupted iterations
tenant_amazon    [  97% ] 06/30 VUs  2m54.5s/3m00.0s
tenant_amd       [  97% ] 06/30 VUs  2m54.5s/3m00.0s
tenant_apple     [  97% ] 06/30 VUs  2m54.5s/3m00.0s
tenant_azure     [  97% ] 06/30 VUs  2m54.5s/3m00.0s
tenant_google    [  97% ] 06/30 VUs  2m54.5s/3m00.0s
tenant_meta      [  97% ] 06/30 VUs  2m54.5s/3m00.0s
tenant_netflix   [  97% ] 06/30 VUs  2m54.5s/3m00.0s
tenant_nvidia    [  97% ] 06/30 VUs  2m54.5s/3m00.0s
tenant_paypal    [  97% ] 06/30 VUs  2m54.5s/3m00.0s
tenant_reddit    [  97% ] 06/30 VUs  2m54.5s/3m00.0s
tenant_slack     [  97% ] 06/30 VUs  2m54.5s/3m00.0s
tenant_spotify   [  97% ] 06/30 VUs  2m54.5s/3m00.0s
tenant_tesla     [  97% ] 06/30 VUs  2m54.5s/3m00.0s
tenant_uber      [  97% ] 06/30 VUs  2m54.5s/3m00.0s
tenant_zoom      [  97% ] 06/30 VUs  2m54.5s/3m00.0s

running (4m13.9s), 075/450 VUs, 63866 complete and 0 interrupted iterations
tenant_amazon    [  98% ] 05/30 VUs  2m55.5s/3m00.0s
tenant_amd       [  98% ] 05/30 VUs  2m55.5s/3m00.0s
tenant_apple     [  98% ] 05/30 VUs  2m55.5s/3m00.0s
tenant_azure     [  98% ] 05/30 VUs  2m55.5s/3m00.0s
tenant_google    [  98% ] 05/30 VUs  2m55.5s/3m00.0s
tenant_meta      [  98% ] 05/30 VUs  2m55.5s/3m00.0s
tenant_netflix   [  98% ] 05/30 VUs  2m55.5s/3m00.0s
tenant_nvidia    [  98% ] 05/30 VUs  2m55.5s/3m00.0s
tenant_paypal    [  98% ] 05/30 VUs  2m55.5s/3m00.0s
tenant_reddit    [  98% ] 05/30 VUs  2m55.5s/3m00.0s
tenant_slack     [  98% ] 05/30 VUs  2m55.5s/3m00.0s
tenant_spotify   [  98% ] 05/30 VUs  2m55.5s/3m00.0s
tenant_tesla     [  98% ] 05/30 VUs  2m55.5s/3m00.0s
tenant_uber      [  98% ] 05/30 VUs  2m55.5s/3m00.0s
tenant_zoom      [  98% ] 05/30 VUs  2m55.5s/3m00.0s

running (4m14.9s), 060/450 VUs, 64296 complete and 0 interrupted iterations
tenant_amazon    [  98% ] 04/30 VUs  2m56.5s/3m00.0s
tenant_amd       [  98% ] 04/30 VUs  2m56.5s/3m00.0s
tenant_apple     [  98% ] 04/30 VUs  2m56.5s/3m00.0s
tenant_azure     [  98% ] 04/30 VUs  2m56.5s/3m00.0s
tenant_google    [  98% ] 04/30 VUs  2m56.5s/3m00.0s
tenant_meta      [  98% ] 04/30 VUs  2m56.5s/3m00.0s
tenant_netflix   [  98% ] 04/30 VUs  2m56.5s/3m00.0s
tenant_nvidia    [  98% ] 04/30 VUs  2m56.5s/3m00.0s
tenant_paypal    [  98% ] 04/30 VUs  2m56.5s/3m00.0s
tenant_reddit    [  98% ] 04/30 VUs  2m56.5s/3m00.0s
tenant_slack     [  98% ] 04/30 VUs  2m56.5s/3m00.0s
tenant_spotify   [  98% ] 04/30 VUs  2m56.5s/3m00.0s
tenant_tesla     [  98% ] 04/30 VUs  2m56.5s/3m00.0s
tenant_uber      [  98% ] 04/30 VUs  2m56.5s/3m00.0s
tenant_zoom      [  98% ] 04/30 VUs  2m56.5s/3m00.0s

running (4m15.9s), 045/450 VUs, 64650 complete and 0 interrupted iterations
tenant_amazon    [  99% ] 03/30 VUs  2m57.5s/3m00.0s
tenant_amd       [  99% ] 03/30 VUs  2m57.5s/3m00.0s
tenant_apple     [  99% ] 03/30 VUs  2m57.5s/3m00.0s
tenant_azure     [  99% ] 03/30 VUs  2m57.5s/3m00.0s
tenant_google    [  99% ] 03/30 VUs  2m57.5s/3m00.0s
tenant_meta      [  99% ] 03/30 VUs  2m57.5s/3m00.0s
tenant_netflix   [  99% ] 03/30 VUs  2m57.5s/3m00.0s
tenant_nvidia    [  99% ] 03/30 VUs  2m57.5s/3m00.0s
tenant_paypal    [  99% ] 03/30 VUs  2m57.5s/3m00.0s
tenant_reddit    [  99% ] 03/30 VUs  2m57.5s/3m00.0s
tenant_slack     [  99% ] 03/30 VUs  2m57.5s/3m00.0s
tenant_spotify   [  99% ] 03/30 VUs  2m57.5s/3m00.0s
tenant_tesla     [  99% ] 03/30 VUs  2m57.5s/3m00.0s
tenant_uber      [  99% ] 03/30 VUs  2m57.5s/3m00.0s
tenant_zoom      [  99% ] 03/30 VUs  2m57.5s/3m00.0s

running (4m16.9s), 030/450 VUs, 64992 complete and 0 interrupted iterations
tenant_amazon    [  99% ] 02/30 VUs  2m58.5s/3m00.0s
tenant_amd       [  99% ] 02/30 VUs  2m58.5s/3m00.0s
tenant_apple     [  99% ] 02/30 VUs  2m58.5s/3m00.0s
tenant_azure     [  99% ] 02/30 VUs  2m58.5s/3m00.0s
tenant_google    [  99% ] 02/30 VUs  2m58.5s/3m00.0s
tenant_meta      [  99% ] 02/30 VUs  2m58.5s/3m00.0s
tenant_netflix   [  99% ] 02/30 VUs  2m58.5s/3m00.0s
tenant_nvidia    [  99% ] 02/30 VUs  2m58.5s/3m00.0s
tenant_paypal    [  99% ] 02/30 VUs  2m58.5s/3m00.0s
tenant_reddit    [  99% ] 02/30 VUs  2m58.5s/3m00.0s
tenant_slack     [  99% ] 02/30 VUs  2m58.5s/3m00.0s
tenant_spotify   [  99% ] 02/30 VUs  2m58.5s/3m00.0s
tenant_tesla     [  99% ] 02/30 VUs  2m58.5s/3m00.0s
tenant_uber      [  99% ] 02/30 VUs  2m58.5s/3m00.0s
tenant_zoom      [  99% ] 02/30 VUs  2m58.5s/3m00.0s

running (4m17.9s), 015/450 VUs, 65260 complete and 0 interrupted iterations
tenant_amazon    [ 100% ] 01/30 VUs  2m59.5s/3m00.0s
tenant_amd       [ 100% ] 01/30 VUs  2m59.5s/3m00.0s
tenant_apple     [ 100% ] 01/30 VUs  2m59.5s/3m00.0s
tenant_azure     [ 100% ] 01/30 VUs  2m59.5s/3m00.0s
tenant_google    [ 100% ] 01/30 VUs  2m59.5s/3m00.0s
tenant_meta      [ 100% ] 01/30 VUs  2m59.5s/3m00.0s
tenant_netflix   [ 100% ] 01/30 VUs  2m59.5s/3m00.0s
tenant_nvidia    [ 100% ] 01/30 VUs  2m59.5s/3m00.0s
tenant_paypal    [ 100% ] 01/30 VUs  2m59.5s/3m00.0s
tenant_reddit    [ 100% ] 01/30 VUs  2m59.5s/3m00.0s
tenant_slack     [ 100% ] 01/30 VUs  2m59.5s/3m00.0s
tenant_spotify   [ 100% ] 01/30 VUs  2m59.5s/3m00.0s
tenant_tesla     [ 100% ] 01/30 VUs  2m59.5s/3m00.0s
tenant_uber      [ 100% ] 01/30 VUs  2m59.5s/3m00.0s
tenant_zoom      [ 100% ] 01/30 VUs  2m59.5s/3m00.0s


  █ THRESHOLDS 

    http_req_duration{phase:test}
    ✗ 'p(95)<300' p(95)=2.19s
    ✗ 'p(99)<500' p(99)=2.94s

    http_req_failed
    ✓ 'rate<0.01' rate=0.00%


  █ TOTAL RESULTS 

    HTTP
    http_req_duration..............: avg=818.13ms min=3.21ms med=601.42ms max=4.8s  p(90)=1.9s  p(95)=2.16s
      { expected_response:true }...: avg=818.13ms min=3.21ms med=601.42ms max=4.8s  p(90)=1.9s  p(95)=2.16s
      { phase:test }...............: avg=949.84ms min=3.21ms med=887.47ms max=4.8s  p(90)=1.98s p(95)=2.19s
    http_req_failed................: 0.00% 0 out of 82815
    http_reqs......................: 82815 320.425986/s

    EXECUTION
    iteration_duration.............: avg=1.03s    min=3.28ms med=916.89ms max=9.92s p(90)=2.09s p(95)=2.39s
    iterations.....................: 65340 252.812098/s
    vus............................: 15    min=0          max=450
    vus_max........................: 450   min=450        max=450

    NETWORK
    data_received..................: 48 MB 186 kB/s
    data_sent......................: 32 MB 122 kB/s




running (4m18.5s), 000/450 VUs, 65340 complete and 0 interrupted iterations
tenant_amazon  ✓ [ 100% ] 00/30 VUs  3m0s
tenant_amd     ✓ [ 100% ] 00/30 VUs  3m0s
tenant_apple   ✓ [ 100% ] 00/30 VUs  3m0s
tenant_azure   ✓ [ 100% ] 00/30 VUs  3m0s
tenant_google  ✓ [ 100% ] 00/30 VUs  3m0s
tenant_meta    ✓ [ 100% ] 00/30 VUs  3m0s
tenant_netflix ✓ [ 100% ] 00/30 VUs  3m0s
tenant_nvidia  ✓ [ 100% ] 00/30 VUs  3m0s
tenant_paypal  ✓ [ 100% ] 00/30 VUs  3m0s
tenant_reddit  ✓ [ 100% ] 00/30 VUs  3m0s
tenant_slack   ✓ [ 100% ] 00/30 VUs  3m0s
tenant_spotify ✓ [ 100% ] 00/30 VUs  3m0s
tenant_tesla   ✓ [ 100% ] 00/30 VUs  3m0s
tenant_uber    ✓ [ 100% ] 00/30 VUs  3m0s
tenant_zoom    ✓ [ 100% ] 00/30 VUs  3m0s
