
         /\      Grafana   /‾‾/  
    /\  /  \     |\  __   /  /   
   /  \/    \    | |/ /  /   ‾‾\ 
  /          \   |   (  |  (‾)  |
 / __________ \  |_|\_\  \_____/ 


     execution: local
        script: /scripts/scenario.js
        output: -

     scenarios: (100.00%) 45 scenarios, 60 max VUs, 3m5s max duration (incl. graceful stop):
              * warmup_01_amazon: Up to 2 looping VUs for 30s over 1 stages (gracefulRampDown: 30s, exec: tenantWorkload, gracefulStop: 5s)
              * warmup_02_amd: Up to 2 looping VUs for 30s over 1 stages (gracefulRampDown: 30s, exec: tenantWorkload, gracefulStop: 5s)
              * warmup_03_apple: Up to 2 looping VUs for 30s over 1 stages (gracefulRampDown: 30s, exec: tenantWorkload, gracefulStop: 5s)
              * warmup_04_azure: Up to 2 looping VUs for 30s over 1 stages (gracefulRampDown: 30s, exec: tenantWorkload, gracefulStop: 5s)
              * warmup_05_google: Up to 2 looping VUs for 30s over 1 stages (gracefulRampDown: 30s, exec: tenantWorkload, gracefulStop: 5s)
              * warmup_06_meta: Up to 2 looping VUs for 30s over 1 stages (gracefulRampDown: 30s, exec: tenantWorkload, gracefulStop: 5s)
              * warmup_07_netflix: Up to 2 looping VUs for 30s over 1 stages (gracefulRampDown: 30s, exec: tenantWorkload, gracefulStop: 5s)
              * warmup_08_nvidia: Up to 2 looping VUs for 30s over 1 stages (gracefulRampDown: 30s, exec: tenantWorkload, gracefulStop: 5s)
              * warmup_09_paypal: Up to 2 looping VUs for 30s over 1 stages (gracefulRampDown: 30s, exec: tenantWorkload, gracefulStop: 5s)
              * warmup_10_reddit: Up to 2 looping VUs for 30s over 1 stages (gracefulRampDown: 30s, exec: tenantWorkload, gracefulStop: 5s)
              * warmup_11_slack: Up to 2 looping VUs for 30s over 1 stages (gracefulRampDown: 30s, exec: tenantWorkload, gracefulStop: 5s)
              * warmup_12_spotify: Up to 2 looping VUs for 30s over 1 stages (gracefulRampDown: 30s, exec: tenantWorkload, gracefulStop: 5s)
              * warmup_13_tesla: Up to 2 looping VUs for 30s over 1 stages (gracefulRampDown: 30s, exec: tenantWorkload, gracefulStop: 5s)
              * warmup_14_uber: Up to 2 looping VUs for 30s over 1 stages (gracefulRampDown: 30s, exec: tenantWorkload, gracefulStop: 5s)
              * warmup_15_zoom: Up to 2 looping VUs for 30s over 1 stages (gracefulRampDown: 30s, exec: tenantWorkload, gracefulStop: 5s)
              * steady_01_amazon: 2 looping VUs for 2m0s (exec: tenantWorkload, startTime: 30s, gracefulStop: 5s)
              * steady_02_amd: 2 looping VUs for 2m0s (exec: tenantWorkload, startTime: 30s, gracefulStop: 5s)
              * steady_03_apple: 2 looping VUs for 2m0s (exec: tenantWorkload, startTime: 30s, gracefulStop: 5s)
              * steady_04_azure: 2 looping VUs for 2m0s (exec: tenantWorkload, startTime: 30s, gracefulStop: 5s)
              * steady_05_google: 2 looping VUs for 2m0s (exec: tenantWorkload, startTime: 30s, gracefulStop: 5s)
              * steady_06_meta: 2 looping VUs for 2m0s (exec: tenantWorkload, startTime: 30s, gracefulStop: 5s)
              * steady_07_netflix: 2 looping VUs for 2m0s (exec: tenantWorkload, startTime: 30s, gracefulStop: 5s)
              * steady_08_nvidia: 2 looping VUs for 2m0s (exec: tenantWorkload, startTime: 30s, gracefulStop: 5s)
              * steady_09_paypal: 2 looping VUs for 2m0s (exec: tenantWorkload, startTime: 30s, gracefulStop: 5s)
              * steady_10_reddit: 2 looping VUs for 2m0s (exec: tenantWorkload, startTime: 30s, gracefulStop: 5s)
              * steady_11_slack: 2 looping VUs for 2m0s (exec: tenantWorkload, startTime: 30s, gracefulStop: 5s)
              * steady_12_spotify: 2 looping VUs for 2m0s (exec: tenantWorkload, startTime: 30s, gracefulStop: 5s)
              * steady_13_tesla: 2 looping VUs for 2m0s (exec: tenantWorkload, startTime: 30s, gracefulStop: 5s)
              * steady_14_uber: 2 looping VUs for 2m0s (exec: tenantWorkload, startTime: 30s, gracefulStop: 5s)
              * steady_15_zoom: 2 looping VUs for 2m0s (exec: tenantWorkload, startTime: 30s, gracefulStop: 5s)
              * cooldown_01_amazon: Up to 2 looping VUs for 30s over 1 stages (gracefulRampDown: 30s, exec: tenantWorkload, startTime: 2m30s, gracefulStop: 5s)
              * cooldown_02_amd: Up to 2 looping VUs for 30s over 1 stages (gracefulRampDown: 30s, exec: tenantWorkload, startTime: 2m30s, gracefulStop: 5s)
              * cooldown_03_apple: Up to 2 looping VUs for 30s over 1 stages (gracefulRampDown: 30s, exec: tenantWorkload, startTime: 2m30s, gracefulStop: 5s)
              * cooldown_04_azure: Up to 2 looping VUs for 30s over 1 stages (gracefulRampDown: 30s, exec: tenantWorkload, startTime: 2m30s, gracefulStop: 5s)
              * cooldown_05_google: Up to 2 looping VUs for 30s over 1 stages (gracefulRampDown: 30s, exec: tenantWorkload, startTime: 2m30s, gracefulStop: 5s)
              * cooldown_06_meta: Up to 2 looping VUs for 30s over 1 stages (gracefulRampDown: 30s, exec: tenantWorkload, startTime: 2m30s, gracefulStop: 5s)
              * cooldown_07_netflix: Up to 2 looping VUs for 30s over 1 stages (gracefulRampDown: 30s, exec: tenantWorkload, startTime: 2m30s, gracefulStop: 5s)
              * cooldown_08_nvidia: Up to 2 looping VUs for 30s over 1 stages (gracefulRampDown: 30s, exec: tenantWorkload, startTime: 2m30s, gracefulStop: 5s)
              * cooldown_09_paypal: Up to 2 looping VUs for 30s over 1 stages (gracefulRampDown: 30s, exec: tenantWorkload, startTime: 2m30s, gracefulStop: 5s)
              * cooldown_10_reddit: Up to 2 looping VUs for 30s over 1 stages (gracefulRampDown: 30s, exec: tenantWorkload, startTime: 2m30s, gracefulStop: 5s)
              * cooldown_11_slack: Up to 2 looping VUs for 30s over 1 stages (gracefulRampDown: 30s, exec: tenantWorkload, startTime: 2m30s, gracefulStop: 5s)
              * cooldown_12_spotify: Up to 2 looping VUs for 30s over 1 stages (gracefulRampDown: 30s, exec: tenantWorkload, startTime: 2m30s, gracefulStop: 5s)
              * cooldown_13_tesla: Up to 2 looping VUs for 30s over 1 stages (gracefulRampDown: 30s, exec: tenantWorkload, startTime: 2m30s, gracefulStop: 5s)
              * cooldown_14_uber: Up to 2 looping VUs for 30s over 1 stages (gracefulRampDown: 30s, exec: tenantWorkload, startTime: 2m30s, gracefulStop: 5s)
              * cooldown_15_zoom: Up to 2 looping VUs for 30s over 1 stages (gracefulRampDown: 30s, exec: tenantWorkload, startTime: 2m30s, gracefulStop: 5s)


running (0m00.9s), 00/60 VUs, 0 complete and 0 interrupted iterations
warmup_01_amazon      [   3% ] 0/2 VUs  00.9s/30.0s
warmup_02_amd         [   3% ] 0/2 VUs  00.9s/30.0s
warmup_03_apple       [   3% ] 0/2 VUs  00.9s/30.0s
warmup_04_azure       [   3% ] 0/2 VUs  00.9s/30.0s
warmup_05_google      [   3% ] 0/2 VUs  00.9s/30.0s
warmup_06_meta        [   3% ] 0/2 VUs  00.9s/30.0s
warmup_07_netflix     [   3% ] 0/2 VUs  00.9s/30.0s
warmup_08_nvidia      [   3% ] 0/2 VUs  00.9s/30.0s
warmup_09_paypal      [   3% ] 0/2 VUs  00.9s/30.0s
warmup_10_reddit      [   3% ] 0/2 VUs  00.9s/30.0s
warmup_11_slack       [   3% ] 0/2 VUs  00.9s/30.0s
warmup_12_spotify     [   3% ] 0/2 VUs  00.9s/30.0s
warmup_13_tesla       [   3% ] 0/2 VUs  00.9s/30.0s
warmup_14_uber        [   3% ] 0/2 VUs  00.9s/30.0s
warmup_15_zoom        [   3% ] 0/2 VUs  00.9s/30.0s
steady_01_amazon    • [   0% ] waiting  29.1s
steady_02_amd       • [   0% ] waiting  29.1s
steady_03_apple     • [   0% ] waiting  29.1s
steady_04_azure     • [   0% ] waiting  29.1s
steady_05_google    • [   0% ] waiting  29.1s
steady_06_meta      • [   0% ] waiting  29.1s
steady_07_netflix   • [   0% ] waiting  29.1s
steady_08_nvidia    • [   0% ] waiting  29.1s
steady_09_paypal    • [   0% ] waiting  29.1s
steady_10_reddit    • [   0% ] waiting  29.1s
steady_11_slack     • [   0% ] waiting  29.1s
steady_12_spotify   • [   0% ] waiting  29.1s
steady_13_tesla     • [   0% ] waiting  29.1s
steady_14_uber      • [   0% ] waiting  29.1s
steady_15_zoom      • [   0% ] waiting  29.1s
cooldown_01_amazon  • [   0% ] waiting  2m29.1s
cooldown_02_amd     • [   0% ] waiting  2m29.1s
cooldown_03_apple   • [   0% ] waiting  2m29.1s
cooldown_04_azure   • [   0% ] waiting  2m29.1s
cooldown_05_google  • [   0% ] waiting  2m29.1s
cooldown_06_meta    • [   0% ] waiting  2m29.1s
cooldown_07_netflix • [   0% ] waiting  2m29.1s
cooldown_08_nvidia  • [   0% ] waiting  2m29.1s
cooldown_09_paypal  • [   0% ] waiting  2m29.1s
cooldown_10_reddit  • [   0% ] waiting  2m29.1s
cooldown_11_slack   • [   0% ] waiting  2m29.1s
cooldown_12_spotify • [   0% ] waiting  2m29.1s
cooldown_13_tesla   • [   0% ] waiting  2m29.1s
cooldown_14_uber    • [   0% ] waiting  2m29.1s
cooldown_15_zoom    • [   0% ] waiting  2m29.1s

running (0m01.9s), 00/60 VUs, 0 complete and 0 interrupted iterations
warmup_01_amazon      [   6% ] 0/2 VUs  01.9s/30.0s
warmup_02_amd         [   6% ] 0/2 VUs  01.9s/30.0s
warmup_03_apple       [   6% ] 0/2 VUs  01.9s/30.0s
warmup_04_azure       [   6% ] 0/2 VUs  01.9s/30.0s
warmup_05_google      [   6% ] 0/2 VUs  01.9s/30.0s
warmup_06_meta        [   6% ] 0/2 VUs  01.9s/30.0s
warmup_07_netflix     [   6% ] 0/2 VUs  01.9s/30.0s
warmup_08_nvidia      [   6% ] 0/2 VUs  01.9s/30.0s
warmup_09_paypal      [   6% ] 0/2 VUs  01.9s/30.0s
warmup_10_reddit      [   6% ] 0/2 VUs  01.9s/30.0s
warmup_11_slack       [   6% ] 0/2 VUs  01.9s/30.0s
warmup_12_spotify     [   6% ] 0/2 VUs  01.9s/30.0s
warmup_13_tesla       [   6% ] 0/2 VUs  01.9s/30.0s
warmup_14_uber        [   6% ] 0/2 VUs  01.9s/30.0s
warmup_15_zoom        [   6% ] 0/2 VUs  01.9s/30.0s
steady_01_amazon    • [   0% ] waiting  28.1s
steady_02_amd       • [   0% ] waiting  28.1s
steady_03_apple     • [   0% ] waiting  28.1s
steady_04_azure     • [   0% ] waiting  28.1s
steady_05_google    • [   0% ] waiting  28.1s
steady_06_meta      • [   0% ] waiting  28.1s
steady_07_netflix   • [   0% ] waiting  28.1s
steady_08_nvidia    • [   0% ] waiting  28.1s
steady_09_paypal    • [   0% ] waiting  28.1s
steady_10_reddit    • [   0% ] waiting  28.1s
steady_11_slack     • [   0% ] waiting  28.1s
steady_12_spotify   • [   0% ] waiting  28.1s
steady_13_tesla     • [   0% ] waiting  28.1s
steady_14_uber      • [   0% ] waiting  28.1s
steady_15_zoom      • [   0% ] waiting  28.1s
cooldown_01_amazon  • [   0% ] waiting  2m28.1s
cooldown_02_amd     • [   0% ] waiting  2m28.1s
cooldown_03_apple   • [   0% ] waiting  2m28.1s
cooldown_04_azure   • [   0% ] waiting  2m28.1s
cooldown_05_google  • [   0% ] waiting  2m28.1s
cooldown_06_meta    • [   0% ] waiting  2m28.1s
cooldown_07_netflix • [   0% ] waiting  2m28.1s
cooldown_08_nvidia  • [   0% ] waiting  2m28.1s
cooldown_09_paypal  • [   0% ] waiting  2m28.1s
cooldown_10_reddit  • [   0% ] waiting  2m28.1s
cooldown_11_slack   • [   0% ] waiting  2m28.1s
cooldown_12_spotify • [   0% ] waiting  2m28.1s
cooldown_13_tesla   • [   0% ] waiting  2m28.1s
cooldown_14_uber    • [   0% ] waiting  2m28.1s
cooldown_15_zoom    • [   0% ] waiting  2m28.1s

running (0m02.9s), 00/60 VUs, 0 complete and 0 interrupted iterations
warmup_01_amazon      [  10% ] 0/2 VUs  02.9s/30.0s
warmup_02_amd         [  10% ] 0/2 VUs  02.9s/30.0s
warmup_03_apple       [  10% ] 0/2 VUs  02.9s/30.0s
warmup_04_azure       [  10% ] 0/2 VUs  02.9s/30.0s
warmup_05_google      [  10% ] 0/2 VUs  02.9s/30.0s
warmup_06_meta        [  10% ] 0/2 VUs  02.9s/30.0s
warmup_07_netflix     [  10% ] 0/2 VUs  02.9s/30.0s
warmup_08_nvidia      [  10% ] 0/2 VUs  02.9s/30.0s
warmup_09_paypal      [  10% ] 0/2 VUs  02.9s/30.0s
warmup_10_reddit      [  10% ] 0/2 VUs  02.9s/30.0s
warmup_11_slack       [  10% ] 0/2 VUs  02.9s/30.0s
warmup_12_spotify     [  10% ] 0/2 VUs  02.9s/30.0s
warmup_13_tesla       [  10% ] 0/2 VUs  02.9s/30.0s
warmup_14_uber        [  10% ] 0/2 VUs  02.9s/30.0s
warmup_15_zoom        [  10% ] 0/2 VUs  02.9s/30.0s
steady_01_amazon    • [   0% ] waiting  27.1s
steady_02_amd       • [   0% ] waiting  27.1s
steady_03_apple     • [   0% ] waiting  27.1s
steady_04_azure     • [   0% ] waiting  27.1s
steady_05_google    • [   0% ] waiting  27.1s
steady_06_meta      • [   0% ] waiting  27.1s
steady_07_netflix   • [   0% ] waiting  27.1s
steady_08_nvidia    • [   0% ] waiting  27.1s
steady_09_paypal    • [   0% ] waiting  27.1s
steady_10_reddit    • [   0% ] waiting  27.1s
steady_11_slack     • [   0% ] waiting  27.1s
steady_12_spotify   • [   0% ] waiting  27.1s
steady_13_tesla     • [   0% ] waiting  27.1s
steady_14_uber      • [   0% ] waiting  27.1s
steady_15_zoom      • [   0% ] waiting  27.1s
cooldown_01_amazon  • [   0% ] waiting  2m27.1s
cooldown_02_amd     • [   0% ] waiting  2m27.1s
cooldown_03_apple   • [   0% ] waiting  2m27.1s
cooldown_04_azure   • [   0% ] waiting  2m27.1s
cooldown_05_google  • [   0% ] waiting  2m27.1s
cooldown_06_meta    • [   0% ] waiting  2m27.1s
cooldown_07_netflix • [   0% ] waiting  2m27.1s
cooldown_08_nvidia  • [   0% ] waiting  2m27.1s
cooldown_09_paypal  • [   0% ] waiting  2m27.1s
cooldown_10_reddit  • [   0% ] waiting  2m27.1s
cooldown_11_slack   • [   0% ] waiting  2m27.1s
cooldown_12_spotify • [   0% ] waiting  2m27.1s
cooldown_13_tesla   • [   0% ] waiting  2m27.1s
cooldown_14_uber    • [   0% ] waiting  2m27.1s
cooldown_15_zoom    • [   0% ] waiting  2m27.1s

running (0m03.9s), 00/60 VUs, 0 complete and 0 interrupted iterations
warmup_01_amazon      [  13% ] 0/2 VUs  03.9s/30.0s
warmup_02_amd         [  13% ] 0/2 VUs  03.9s/30.0s
warmup_03_apple       [  13% ] 0/2 VUs  03.9s/30.0s
warmup_04_azure       [  13% ] 0/2 VUs  03.9s/30.0s
warmup_05_google      [  13% ] 0/2 VUs  03.9s/30.0s
warmup_06_meta        [  13% ] 0/2 VUs  03.9s/30.0s
warmup_07_netflix     [  13% ] 0/2 VUs  03.9s/30.0s
warmup_08_nvidia      [  13% ] 0/2 VUs  03.9s/30.0s
warmup_09_paypal      [  13% ] 0/2 VUs  03.9s/30.0s
warmup_10_reddit      [  13% ] 0/2 VUs  03.9s/30.0s
warmup_11_slack       [  13% ] 0/2 VUs  03.9s/30.0s
warmup_12_spotify     [  13% ] 0/2 VUs  03.9s/30.0s
warmup_13_tesla       [  13% ] 0/2 VUs  03.9s/30.0s
warmup_14_uber        [  13% ] 0/2 VUs  03.9s/30.0s
warmup_15_zoom        [  13% ] 0/2 VUs  03.9s/30.0s
steady_01_amazon    • [   0% ] waiting  26.1s
steady_02_amd       • [   0% ] waiting  26.1s
steady_03_apple     • [   0% ] waiting  26.1s
steady_04_azure     • [   0% ] waiting  26.1s
steady_05_google    • [   0% ] waiting  26.1s
steady_06_meta      • [   0% ] waiting  26.1s
steady_07_netflix   • [   0% ] waiting  26.1s
steady_08_nvidia    • [   0% ] waiting  26.1s
steady_09_paypal    • [   0% ] waiting  26.1s
steady_10_reddit    • [   0% ] waiting  26.1s
steady_11_slack     • [   0% ] waiting  26.1s
steady_12_spotify   • [   0% ] waiting  26.1s
steady_13_tesla     • [   0% ] waiting  26.1s
steady_14_uber      • [   0% ] waiting  26.1s
steady_15_zoom      • [   0% ] waiting  26.1s
cooldown_01_amazon  • [   0% ] waiting  2m26.1s
cooldown_02_amd     • [   0% ] waiting  2m26.1s
cooldown_03_apple   • [   0% ] waiting  2m26.1s
cooldown_04_azure   • [   0% ] waiting  2m26.1s
cooldown_05_google  • [   0% ] waiting  2m26.1s
cooldown_06_meta    • [   0% ] waiting  2m26.1s
cooldown_07_netflix • [   0% ] waiting  2m26.1s
cooldown_08_nvidia  • [   0% ] waiting  2m26.1s
cooldown_09_paypal  • [   0% ] waiting  2m26.1s
cooldown_10_reddit  • [   0% ] waiting  2m26.1s
cooldown_11_slack   • [   0% ] waiting  2m26.1s
cooldown_12_spotify • [   0% ] waiting  2m26.1s
cooldown_13_tesla   • [   0% ] waiting  2m26.1s
cooldown_14_uber    • [   0% ] waiting  2m26.1s
cooldown_15_zoom    • [   0% ] waiting  2m26.1s

running (0m04.9s), 00/60 VUs, 0 complete and 0 interrupted iterations
warmup_01_amazon      [  16% ] 0/2 VUs  04.9s/30.0s
warmup_02_amd         [  16% ] 0/2 VUs  04.9s/30.0s
warmup_03_apple       [  16% ] 0/2 VUs  04.9s/30.0s
warmup_04_azure       [  16% ] 0/2 VUs  04.9s/30.0s
warmup_05_google      [  16% ] 0/2 VUs  04.9s/30.0s
warmup_06_meta        [  16% ] 0/2 VUs  04.9s/30.0s
warmup_07_netflix     [  16% ] 0/2 VUs  04.9s/30.0s
warmup_08_nvidia      [  16% ] 0/2 VUs  04.9s/30.0s
warmup_09_paypal      [  16% ] 0/2 VUs  04.9s/30.0s
warmup_10_reddit      [  16% ] 0/2 VUs  04.9s/30.0s
warmup_11_slack       [  16% ] 0/2 VUs  04.9s/30.0s
warmup_12_spotify     [  16% ] 0/2 VUs  04.9s/30.0s
warmup_13_tesla       [  16% ] 0/2 VUs  04.9s/30.0s
warmup_14_uber        [  16% ] 0/2 VUs  04.9s/30.0s
warmup_15_zoom        [  16% ] 0/2 VUs  04.9s/30.0s
steady_01_amazon    • [   0% ] waiting  25.1s
steady_02_amd       • [   0% ] waiting  25.1s
steady_03_apple     • [   0% ] waiting  25.1s
steady_04_azure     • [   0% ] waiting  25.1s
steady_05_google    • [   0% ] waiting  25.1s
steady_06_meta      • [   0% ] waiting  25.1s
steady_07_netflix   • [   0% ] waiting  25.1s
steady_08_nvidia    • [   0% ] waiting  25.1s
steady_09_paypal    • [   0% ] waiting  25.1s
steady_10_reddit    • [   0% ] waiting  25.1s
steady_11_slack     • [   0% ] waiting  25.1s
steady_12_spotify   • [   0% ] waiting  25.1s
steady_13_tesla     • [   0% ] waiting  25.1s
steady_14_uber      • [   0% ] waiting  25.1s
steady_15_zoom      • [   0% ] waiting  25.1s
cooldown_01_amazon  • [   0% ] waiting  2m25.1s
cooldown_02_amd     • [   0% ] waiting  2m25.1s
cooldown_03_apple   • [   0% ] waiting  2m25.1s
cooldown_04_azure   • [   0% ] waiting  2m25.1s
cooldown_05_google  • [   0% ] waiting  2m25.1s
cooldown_06_meta    • [   0% ] waiting  2m25.1s
cooldown_07_netflix • [   0% ] waiting  2m25.1s
cooldown_08_nvidia  • [   0% ] waiting  2m25.1s
cooldown_09_paypal  • [   0% ] waiting  2m25.1s
cooldown_10_reddit  • [   0% ] waiting  2m25.1s
cooldown_11_slack   • [   0% ] waiting  2m25.1s
cooldown_12_spotify • [   0% ] waiting  2m25.1s
cooldown_13_tesla   • [   0% ] waiting  2m25.1s
cooldown_14_uber    • [   0% ] waiting  2m25.1s
cooldown_15_zoom    • [   0% ] waiting  2m25.1s

running (0m05.9s), 00/60 VUs, 0 complete and 0 interrupted iterations
warmup_01_amazon      [  20% ] 0/2 VUs  05.9s/30.0s
warmup_02_amd         [  20% ] 0/2 VUs  05.9s/30.0s
warmup_03_apple       [  20% ] 0/2 VUs  05.9s/30.0s
warmup_04_azure       [  20% ] 0/2 VUs  05.9s/30.0s
warmup_05_google      [  20% ] 0/2 VUs  05.9s/30.0s
warmup_06_meta        [  20% ] 0/2 VUs  05.9s/30.0s
warmup_07_netflix     [  20% ] 0/2 VUs  05.9s/30.0s
warmup_08_nvidia      [  20% ] 0/2 VUs  05.9s/30.0s
warmup_09_paypal      [  20% ] 0/2 VUs  05.9s/30.0s
warmup_10_reddit      [  20% ] 0/2 VUs  05.9s/30.0s
warmup_11_slack       [  20% ] 0/2 VUs  05.9s/30.0s
warmup_12_spotify     [  20% ] 0/2 VUs  05.9s/30.0s
warmup_13_tesla       [  20% ] 0/2 VUs  05.9s/30.0s
warmup_14_uber        [  20% ] 0/2 VUs  05.9s/30.0s
warmup_15_zoom        [  20% ] 0/2 VUs  05.9s/30.0s
steady_01_amazon    • [   0% ] waiting  24.1s
steady_02_amd       • [   0% ] waiting  24.1s
steady_03_apple     • [   0% ] waiting  24.1s
steady_04_azure     • [   0% ] waiting  24.1s
steady_05_google    • [   0% ] waiting  24.1s
steady_06_meta      • [   0% ] waiting  24.1s
steady_07_netflix   • [   0% ] waiting  24.1s
steady_08_nvidia    • [   0% ] waiting  24.1s
steady_09_paypal    • [   0% ] waiting  24.1s
steady_10_reddit    • [   0% ] waiting  24.1s
steady_11_slack     • [   0% ] waiting  24.1s
steady_12_spotify   • [   0% ] waiting  24.1s
steady_13_tesla     • [   0% ] waiting  24.1s
steady_14_uber      • [   0% ] waiting  24.1s
steady_15_zoom      • [   0% ] waiting  24.1s
cooldown_01_amazon  • [   0% ] waiting  2m24.1s
cooldown_02_amd     • [   0% ] waiting  2m24.1s
cooldown_03_apple   • [   0% ] waiting  2m24.1s
cooldown_04_azure   • [   0% ] waiting  2m24.1s
cooldown_05_google  • [   0% ] waiting  2m24.1s
cooldown_06_meta    • [   0% ] waiting  2m24.1s
cooldown_07_netflix • [   0% ] waiting  2m24.1s
cooldown_08_nvidia  • [   0% ] waiting  2m24.1s
cooldown_09_paypal  • [   0% ] waiting  2m24.1s
cooldown_10_reddit  • [   0% ] waiting  2m24.1s
cooldown_11_slack   • [   0% ] waiting  2m24.1s
cooldown_12_spotify • [   0% ] waiting  2m24.1s
cooldown_13_tesla   • [   0% ] waiting  2m24.1s
cooldown_14_uber    • [   0% ] waiting  2m24.1s
cooldown_15_zoom    • [   0% ] waiting  2m24.1s

running (0m06.9s), 00/60 VUs, 0 complete and 0 interrupted iterations
warmup_01_amazon      [  23% ] 0/2 VUs  06.9s/30.0s
warmup_02_amd         [  23% ] 0/2 VUs  06.9s/30.0s
warmup_03_apple       [  23% ] 0/2 VUs  06.9s/30.0s
warmup_04_azure       [  23% ] 0/2 VUs  06.9s/30.0s
warmup_05_google      [  23% ] 0/2 VUs  06.9s/30.0s
warmup_06_meta        [  23% ] 0/2 VUs  06.9s/30.0s
warmup_07_netflix     [  23% ] 0/2 VUs  06.9s/30.0s
warmup_08_nvidia      [  23% ] 0/2 VUs  06.9s/30.0s
warmup_09_paypal      [  23% ] 0/2 VUs  06.9s/30.0s
warmup_10_reddit      [  23% ] 0/2 VUs  06.9s/30.0s
warmup_11_slack       [  23% ] 0/2 VUs  06.9s/30.0s
warmup_12_spotify     [  23% ] 0/2 VUs  06.9s/30.0s
warmup_13_tesla       [  23% ] 0/2 VUs  06.9s/30.0s
warmup_14_uber        [  23% ] 0/2 VUs  06.9s/30.0s
warmup_15_zoom        [  23% ] 0/2 VUs  06.9s/30.0s
steady_01_amazon    • [   0% ] waiting  23.1s
steady_02_amd       • [   0% ] waiting  23.1s
steady_03_apple     • [   0% ] waiting  23.1s
steady_04_azure     • [   0% ] waiting  23.1s
steady_05_google    • [   0% ] waiting  23.1s
steady_06_meta      • [   0% ] waiting  23.1s
steady_07_netflix   • [   0% ] waiting  23.1s
steady_08_nvidia    • [   0% ] waiting  23.1s
steady_09_paypal    • [   0% ] waiting  23.1s
steady_10_reddit    • [   0% ] waiting  23.1s
steady_11_slack     • [   0% ] waiting  23.1s
steady_12_spotify   • [   0% ] waiting  23.1s
steady_13_tesla     • [   0% ] waiting  23.1s
steady_14_uber      • [   0% ] waiting  23.1s
steady_15_zoom      • [   0% ] waiting  23.1s
cooldown_01_amazon  • [   0% ] waiting  2m23.1s
cooldown_02_amd     • [   0% ] waiting  2m23.1s
cooldown_03_apple   • [   0% ] waiting  2m23.1s
cooldown_04_azure   • [   0% ] waiting  2m23.1s
cooldown_05_google  • [   0% ] waiting  2m23.1s
cooldown_06_meta    • [   0% ] waiting  2m23.1s
cooldown_07_netflix • [   0% ] waiting  2m23.1s
cooldown_08_nvidia  • [   0% ] waiting  2m23.1s
cooldown_09_paypal  • [   0% ] waiting  2m23.1s
cooldown_10_reddit  • [   0% ] waiting  2m23.1s
cooldown_11_slack   • [   0% ] waiting  2m23.1s
cooldown_12_spotify • [   0% ] waiting  2m23.1s
cooldown_13_tesla   • [   0% ] waiting  2m23.1s
cooldown_14_uber    • [   0% ] waiting  2m23.1s
cooldown_15_zoom    • [   0% ] waiting  2m23.1s

running (0m07.9s), 00/60 VUs, 0 complete and 0 interrupted iterations
warmup_01_amazon      [  26% ] 0/2 VUs  07.9s/30.0s
warmup_02_amd         [  26% ] 0/2 VUs  07.9s/30.0s
warmup_03_apple       [  26% ] 0/2 VUs  07.9s/30.0s
warmup_04_azure       [  26% ] 0/2 VUs  07.9s/30.0s
warmup_05_google      [  26% ] 0/2 VUs  07.9s/30.0s
warmup_06_meta        [  26% ] 0/2 VUs  07.9s/30.0s
warmup_07_netflix     [  26% ] 0/2 VUs  07.9s/30.0s
warmup_08_nvidia      [  26% ] 0/2 VUs  07.9s/30.0s
warmup_09_paypal      [  26% ] 0/2 VUs  07.9s/30.0s
warmup_10_reddit      [  26% ] 0/2 VUs  07.9s/30.0s
warmup_11_slack       [  26% ] 0/2 VUs  07.9s/30.0s
warmup_12_spotify     [  26% ] 0/2 VUs  07.9s/30.0s
warmup_13_tesla       [  26% ] 0/2 VUs  07.9s/30.0s
warmup_14_uber        [  26% ] 0/2 VUs  07.9s/30.0s
warmup_15_zoom        [  26% ] 0/2 VUs  07.9s/30.0s
steady_01_amazon    • [   0% ] waiting  22.1s
steady_02_amd       • [   0% ] waiting  22.1s
steady_03_apple     • [   0% ] waiting  22.1s
steady_04_azure     • [   0% ] waiting  22.1s
steady_05_google    • [   0% ] waiting  22.1s
steady_06_meta      • [   0% ] waiting  22.1s
steady_07_netflix   • [   0% ] waiting  22.1s
steady_08_nvidia    • [   0% ] waiting  22.1s
steady_09_paypal    • [   0% ] waiting  22.1s
steady_10_reddit    • [   0% ] waiting  22.1s
steady_11_slack     • [   0% ] waiting  22.1s
steady_12_spotify   • [   0% ] waiting  22.1s
steady_13_tesla     • [   0% ] waiting  22.1s
steady_14_uber      • [   0% ] waiting  22.1s
steady_15_zoom      • [   0% ] waiting  22.1s
cooldown_01_amazon  • [   0% ] waiting  2m22.1s
cooldown_02_amd     • [   0% ] waiting  2m22.1s
cooldown_03_apple   • [   0% ] waiting  2m22.1s
cooldown_04_azure   • [   0% ] waiting  2m22.1s
cooldown_05_google  • [   0% ] waiting  2m22.1s
cooldown_06_meta    • [   0% ] waiting  2m22.1s
cooldown_07_netflix • [   0% ] waiting  2m22.1s
cooldown_08_nvidia  • [   0% ] waiting  2m22.1s
cooldown_09_paypal  • [   0% ] waiting  2m22.1s
cooldown_10_reddit  • [   0% ] waiting  2m22.1s
cooldown_11_slack   • [   0% ] waiting  2m22.1s
cooldown_12_spotify • [   0% ] waiting  2m22.1s
cooldown_13_tesla   • [   0% ] waiting  2m22.1s
cooldown_14_uber    • [   0% ] waiting  2m22.1s
cooldown_15_zoom    • [   0% ] waiting  2m22.1s

running (0m08.9s), 00/60 VUs, 0 complete and 0 interrupted iterations
warmup_01_amazon      [  30% ] 0/2 VUs  08.9s/30.0s
warmup_02_amd         [  30% ] 0/2 VUs  08.9s/30.0s
warmup_03_apple       [  30% ] 0/2 VUs  08.9s/30.0s
warmup_04_azure       [  30% ] 0/2 VUs  08.9s/30.0s
warmup_05_google      [  30% ] 0/2 VUs  08.9s/30.0s
warmup_06_meta        [  30% ] 0/2 VUs  08.9s/30.0s
warmup_07_netflix     [  30% ] 0/2 VUs  08.9s/30.0s
warmup_08_nvidia      [  30% ] 0/2 VUs  08.9s/30.0s
warmup_09_paypal      [  30% ] 0/2 VUs  08.9s/30.0s
warmup_10_reddit      [  30% ] 0/2 VUs  08.9s/30.0s
warmup_11_slack       [  30% ] 0/2 VUs  08.9s/30.0s
warmup_12_spotify     [  30% ] 0/2 VUs  08.9s/30.0s
warmup_13_tesla       [  30% ] 0/2 VUs  08.9s/30.0s
warmup_14_uber        [  30% ] 0/2 VUs  08.9s/30.0s
warmup_15_zoom        [  30% ] 0/2 VUs  08.9s/30.0s
steady_01_amazon    • [   0% ] waiting  21.1s
steady_02_amd       • [   0% ] waiting  21.1s
steady_03_apple     • [   0% ] waiting  21.1s
steady_04_azure     • [   0% ] waiting  21.1s
steady_05_google    • [   0% ] waiting  21.1s
steady_06_meta      • [   0% ] waiting  21.1s
steady_07_netflix   • [   0% ] waiting  21.1s
steady_08_nvidia    • [   0% ] waiting  21.1s
steady_09_paypal    • [   0% ] waiting  21.1s
steady_10_reddit    • [   0% ] waiting  21.1s
steady_11_slack     • [   0% ] waiting  21.1s
steady_12_spotify   • [   0% ] waiting  21.1s
steady_13_tesla     • [   0% ] waiting  21.1s
steady_14_uber      • [   0% ] waiting  21.1s
steady_15_zoom      • [   0% ] waiting  21.1s
cooldown_01_amazon  • [   0% ] waiting  2m21.1s
cooldown_02_amd     • [   0% ] waiting  2m21.1s
cooldown_03_apple   • [   0% ] waiting  2m21.1s
cooldown_04_azure   • [   0% ] waiting  2m21.1s
cooldown_05_google  • [   0% ] waiting  2m21.1s
cooldown_06_meta    • [   0% ] waiting  2m21.1s
cooldown_07_netflix • [   0% ] waiting  2m21.1s
cooldown_08_nvidia  • [   0% ] waiting  2m21.1s
cooldown_09_paypal  • [   0% ] waiting  2m21.1s
cooldown_10_reddit  • [   0% ] waiting  2m21.1s
cooldown_11_slack   • [   0% ] waiting  2m21.1s
cooldown_12_spotify • [   0% ] waiting  2m21.1s
cooldown_13_tesla   • [   0% ] waiting  2m21.1s
cooldown_14_uber    • [   0% ] waiting  2m21.1s
cooldown_15_zoom    • [   0% ] waiting  2m21.1s

running (0m09.9s), 00/60 VUs, 0 complete and 0 interrupted iterations
warmup_01_amazon      [  33% ] 0/2 VUs  09.9s/30.0s
warmup_02_amd         [  33% ] 0/2 VUs  09.9s/30.0s
warmup_03_apple       [  33% ] 0/2 VUs  09.9s/30.0s
warmup_04_azure       [  33% ] 0/2 VUs  09.9s/30.0s
warmup_05_google      [  33% ] 0/2 VUs  09.9s/30.0s
warmup_06_meta        [  33% ] 0/2 VUs  09.9s/30.0s
warmup_07_netflix     [  33% ] 0/2 VUs  09.9s/30.0s
warmup_08_nvidia      [  33% ] 0/2 VUs  09.9s/30.0s
warmup_09_paypal      [  33% ] 0/2 VUs  09.9s/30.0s
warmup_10_reddit      [  33% ] 0/2 VUs  09.9s/30.0s
warmup_11_slack       [  33% ] 0/2 VUs  09.9s/30.0s
warmup_12_spotify     [  33% ] 0/2 VUs  09.9s/30.0s
warmup_13_tesla       [  33% ] 0/2 VUs  09.9s/30.0s
warmup_14_uber        [  33% ] 0/2 VUs  09.9s/30.0s
warmup_15_zoom        [  33% ] 0/2 VUs  09.9s/30.0s
steady_01_amazon    • [   0% ] waiting  20.1s
steady_02_amd       • [   0% ] waiting  20.1s
steady_03_apple     • [   0% ] waiting  20.1s
steady_04_azure     • [   0% ] waiting  20.1s
steady_05_google    • [   0% ] waiting  20.1s
steady_06_meta      • [   0% ] waiting  20.1s
steady_07_netflix   • [   0% ] waiting  20.1s
steady_08_nvidia    • [   0% ] waiting  20.1s
steady_09_paypal    • [   0% ] waiting  20.1s
steady_10_reddit    • [   0% ] waiting  20.1s
steady_11_slack     • [   0% ] waiting  20.1s
steady_12_spotify   • [   0% ] waiting  20.1s
steady_13_tesla     • [   0% ] waiting  20.1s
steady_14_uber      • [   0% ] waiting  20.1s
steady_15_zoom      • [   0% ] waiting  20.1s
cooldown_01_amazon  • [   0% ] waiting  2m20.1s
cooldown_02_amd     • [   0% ] waiting  2m20.1s
cooldown_03_apple   • [   0% ] waiting  2m20.1s
cooldown_04_azure   • [   0% ] waiting  2m20.1s
cooldown_05_google  • [   0% ] waiting  2m20.1s
cooldown_06_meta    • [   0% ] waiting  2m20.1s
cooldown_07_netflix • [   0% ] waiting  2m20.1s
cooldown_08_nvidia  • [   0% ] waiting  2m20.1s
cooldown_09_paypal  • [   0% ] waiting  2m20.1s
cooldown_10_reddit  • [   0% ] waiting  2m20.1s
cooldown_11_slack   • [   0% ] waiting  2m20.1s
cooldown_12_spotify • [   0% ] waiting  2m20.1s
cooldown_13_tesla   • [   0% ] waiting  2m20.1s
cooldown_14_uber    • [   0% ] waiting  2m20.1s
cooldown_15_zoom    • [   0% ] waiting  2m20.1s

running (0m10.9s), 00/60 VUs, 0 complete and 0 interrupted iterations
warmup_01_amazon      [  36% ] 0/2 VUs  10.9s/30.0s
warmup_02_amd         [  36% ] 0/2 VUs  10.9s/30.0s
warmup_03_apple       [  36% ] 0/2 VUs  10.9s/30.0s
warmup_04_azure       [  36% ] 0/2 VUs  10.9s/30.0s
warmup_05_google      [  36% ] 0/2 VUs  10.9s/30.0s
warmup_06_meta        [  36% ] 0/2 VUs  10.9s/30.0s
warmup_07_netflix     [  36% ] 0/2 VUs  10.9s/30.0s
warmup_08_nvidia      [  36% ] 0/2 VUs  10.9s/30.0s
warmup_09_paypal      [  36% ] 0/2 VUs  10.9s/30.0s
warmup_10_reddit      [  36% ] 0/2 VUs  10.9s/30.0s
warmup_11_slack       [  36% ] 0/2 VUs  10.9s/30.0s
warmup_12_spotify     [  36% ] 0/2 VUs  10.9s/30.0s
warmup_13_tesla       [  36% ] 0/2 VUs  10.9s/30.0s
warmup_14_uber        [  36% ] 0/2 VUs  10.9s/30.0s
warmup_15_zoom        [  36% ] 0/2 VUs  10.9s/30.0s
steady_01_amazon    • [   0% ] waiting  19.1s
steady_02_amd       • [   0% ] waiting  19.1s
steady_03_apple     • [   0% ] waiting  19.1s
steady_04_azure     • [   0% ] waiting  19.1s
steady_05_google    • [   0% ] waiting  19.1s
steady_06_meta      • [   0% ] waiting  19.1s
steady_07_netflix   • [   0% ] waiting  19.1s
steady_08_nvidia    • [   0% ] waiting  19.1s
steady_09_paypal    • [   0% ] waiting  19.1s
steady_10_reddit    • [   0% ] waiting  19.1s
steady_11_slack     • [   0% ] waiting  19.1s
steady_12_spotify   • [   0% ] waiting  19.1s
steady_13_tesla     • [   0% ] waiting  19.1s
steady_14_uber      • [   0% ] waiting  19.1s
steady_15_zoom      • [   0% ] waiting  19.1s
cooldown_01_amazon  • [   0% ] waiting  2m19.1s
cooldown_02_amd     • [   0% ] waiting  2m19.1s
cooldown_03_apple   • [   0% ] waiting  2m19.1s
cooldown_04_azure   • [   0% ] waiting  2m19.1s
cooldown_05_google  • [   0% ] waiting  2m19.1s
cooldown_06_meta    • [   0% ] waiting  2m19.1s
cooldown_07_netflix • [   0% ] waiting  2m19.1s
cooldown_08_nvidia  • [   0% ] waiting  2m19.1s
cooldown_09_paypal  • [   0% ] waiting  2m19.1s
cooldown_10_reddit  • [   0% ] waiting  2m19.1s
cooldown_11_slack   • [   0% ] waiting  2m19.1s
cooldown_12_spotify • [   0% ] waiting  2m19.1s
cooldown_13_tesla   • [   0% ] waiting  2m19.1s
cooldown_14_uber    • [   0% ] waiting  2m19.1s
cooldown_15_zoom    • [   0% ] waiting  2m19.1s

running (0m11.9s), 00/60 VUs, 0 complete and 0 interrupted iterations
warmup_01_amazon      [  40% ] 0/2 VUs  11.9s/30.0s
warmup_02_amd         [  40% ] 0/2 VUs  11.9s/30.0s
warmup_03_apple       [  40% ] 0/2 VUs  11.9s/30.0s
warmup_04_azure       [  40% ] 0/2 VUs  11.9s/30.0s
warmup_05_google      [  40% ] 0/2 VUs  11.9s/30.0s
warmup_06_meta        [  40% ] 0/2 VUs  11.9s/30.0s
warmup_07_netflix     [  40% ] 0/2 VUs  11.9s/30.0s
warmup_08_nvidia      [  40% ] 0/2 VUs  11.9s/30.0s
warmup_09_paypal      [  40% ] 0/2 VUs  11.9s/30.0s
warmup_10_reddit      [  40% ] 0/2 VUs  11.9s/30.0s
warmup_11_slack       [  40% ] 0/2 VUs  11.9s/30.0s
warmup_12_spotify     [  40% ] 0/2 VUs  11.9s/30.0s
warmup_13_tesla       [  40% ] 0/2 VUs  11.9s/30.0s
warmup_14_uber        [  40% ] 0/2 VUs  11.9s/30.0s
warmup_15_zoom        [  40% ] 0/2 VUs  11.9s/30.0s
steady_01_amazon    • [   0% ] waiting  18.1s
steady_02_amd       • [   0% ] waiting  18.1s
steady_03_apple     • [   0% ] waiting  18.1s
steady_04_azure     • [   0% ] waiting  18.1s
steady_05_google    • [   0% ] waiting  18.1s
steady_06_meta      • [   0% ] waiting  18.1s
steady_07_netflix   • [   0% ] waiting  18.1s
steady_08_nvidia    • [   0% ] waiting  18.1s
steady_09_paypal    • [   0% ] waiting  18.1s
steady_10_reddit    • [   0% ] waiting  18.1s
steady_11_slack     • [   0% ] waiting  18.1s
steady_12_spotify   • [   0% ] waiting  18.1s
steady_13_tesla     • [   0% ] waiting  18.1s
steady_14_uber      • [   0% ] waiting  18.1s
steady_15_zoom      • [   0% ] waiting  18.1s
cooldown_01_amazon  • [   0% ] waiting  2m18.1s
cooldown_02_amd     • [   0% ] waiting  2m18.1s
cooldown_03_apple   • [   0% ] waiting  2m18.1s
cooldown_04_azure   • [   0% ] waiting  2m18.1s
cooldown_05_google  • [   0% ] waiting  2m18.1s
cooldown_06_meta    • [   0% ] waiting  2m18.1s
cooldown_07_netflix • [   0% ] waiting  2m18.1s
cooldown_08_nvidia  • [   0% ] waiting  2m18.1s
cooldown_09_paypal  • [   0% ] waiting  2m18.1s
cooldown_10_reddit  • [   0% ] waiting  2m18.1s
cooldown_11_slack   • [   0% ] waiting  2m18.1s
cooldown_12_spotify • [   0% ] waiting  2m18.1s
cooldown_13_tesla   • [   0% ] waiting  2m18.1s
cooldown_14_uber    • [   0% ] waiting  2m18.1s
cooldown_15_zoom    • [   0% ] waiting  2m18.1s

running (0m12.9s), 00/60 VUs, 0 complete and 0 interrupted iterations
warmup_01_amazon      [  43% ] 0/2 VUs  12.9s/30.0s
warmup_02_amd         [  43% ] 0/2 VUs  12.9s/30.0s
warmup_03_apple       [  43% ] 0/2 VUs  12.9s/30.0s
warmup_04_azure       [  43% ] 0/2 VUs  12.9s/30.0s
warmup_05_google      [  43% ] 0/2 VUs  12.9s/30.0s
warmup_06_meta        [  43% ] 0/2 VUs  12.9s/30.0s
warmup_07_netflix     [  43% ] 0/2 VUs  12.9s/30.0s
warmup_08_nvidia      [  43% ] 0/2 VUs  12.9s/30.0s
warmup_09_paypal      [  43% ] 0/2 VUs  12.9s/30.0s
warmup_10_reddit      [  43% ] 0/2 VUs  12.9s/30.0s
warmup_11_slack       [  43% ] 0/2 VUs  12.9s/30.0s
warmup_12_spotify     [  43% ] 0/2 VUs  12.9s/30.0s
warmup_13_tesla       [  43% ] 0/2 VUs  12.9s/30.0s
warmup_14_uber        [  43% ] 0/2 VUs  12.9s/30.0s
warmup_15_zoom        [  43% ] 0/2 VUs  12.9s/30.0s
steady_01_amazon    • [   0% ] waiting  17.1s
steady_02_amd       • [   0% ] waiting  17.1s
steady_03_apple     • [   0% ] waiting  17.1s
steady_04_azure     • [   0% ] waiting  17.1s
steady_05_google    • [   0% ] waiting  17.1s
steady_06_meta      • [   0% ] waiting  17.1s
steady_07_netflix   • [   0% ] waiting  17.1s
steady_08_nvidia    • [   0% ] waiting  17.1s
steady_09_paypal    • [   0% ] waiting  17.1s
steady_10_reddit    • [   0% ] waiting  17.1s
steady_11_slack     • [   0% ] waiting  17.1s
steady_12_spotify   • [   0% ] waiting  17.1s
steady_13_tesla     • [   0% ] waiting  17.1s
steady_14_uber      • [   0% ] waiting  17.1s
steady_15_zoom      • [   0% ] waiting  17.1s
cooldown_01_amazon  • [   0% ] waiting  2m17.1s
cooldown_02_amd     • [   0% ] waiting  2m17.1s
cooldown_03_apple   • [   0% ] waiting  2m17.1s
cooldown_04_azure   • [   0% ] waiting  2m17.1s
cooldown_05_google  • [   0% ] waiting  2m17.1s
cooldown_06_meta    • [   0% ] waiting  2m17.1s
cooldown_07_netflix • [   0% ] waiting  2m17.1s
cooldown_08_nvidia  • [   0% ] waiting  2m17.1s
cooldown_09_paypal  • [   0% ] waiting  2m17.1s
cooldown_10_reddit  • [   0% ] waiting  2m17.1s
cooldown_11_slack   • [   0% ] waiting  2m17.1s
cooldown_12_spotify • [   0% ] waiting  2m17.1s
cooldown_13_tesla   • [   0% ] waiting  2m17.1s
cooldown_14_uber    • [   0% ] waiting  2m17.1s
cooldown_15_zoom    • [   0% ] waiting  2m17.1s

running (0m13.9s), 00/60 VUs, 0 complete and 0 interrupted iterations
warmup_01_amazon      [  46% ] 0/2 VUs  13.9s/30.0s
warmup_02_amd         [  46% ] 0/2 VUs  13.9s/30.0s
warmup_03_apple       [  46% ] 0/2 VUs  13.9s/30.0s
warmup_04_azure       [  46% ] 0/2 VUs  13.9s/30.0s
warmup_05_google      [  46% ] 0/2 VUs  13.9s/30.0s
warmup_06_meta        [  46% ] 0/2 VUs  13.9s/30.0s
warmup_07_netflix     [  46% ] 0/2 VUs  13.9s/30.0s
warmup_08_nvidia      [  46% ] 0/2 VUs  13.9s/30.0s
warmup_09_paypal      [  46% ] 0/2 VUs  13.9s/30.0s
warmup_10_reddit      [  46% ] 0/2 VUs  13.9s/30.0s
warmup_11_slack       [  46% ] 0/2 VUs  13.9s/30.0s
warmup_12_spotify     [  46% ] 0/2 VUs  13.9s/30.0s
warmup_13_tesla       [  46% ] 0/2 VUs  13.9s/30.0s
warmup_14_uber        [  46% ] 0/2 VUs  13.9s/30.0s
warmup_15_zoom        [  46% ] 0/2 VUs  13.9s/30.0s
steady_01_amazon    • [   0% ] waiting  16.1s
steady_02_amd       • [   0% ] waiting  16.1s
steady_03_apple     • [   0% ] waiting  16.1s
steady_04_azure     • [   0% ] waiting  16.1s
steady_05_google    • [   0% ] waiting  16.1s
steady_06_meta      • [   0% ] waiting  16.1s
steady_07_netflix   • [   0% ] waiting  16.1s
steady_08_nvidia    • [   0% ] waiting  16.1s
steady_09_paypal    • [   0% ] waiting  16.1s
steady_10_reddit    • [   0% ] waiting  16.1s
steady_11_slack     • [   0% ] waiting  16.1s
steady_12_spotify   • [   0% ] waiting  16.1s
steady_13_tesla     • [   0% ] waiting  16.1s
steady_14_uber      • [   0% ] waiting  16.1s
steady_15_zoom      • [   0% ] waiting  16.1s
cooldown_01_amazon  • [   0% ] waiting  2m16.1s
cooldown_02_amd     • [   0% ] waiting  2m16.1s
cooldown_03_apple   • [   0% ] waiting  2m16.1s
cooldown_04_azure   • [   0% ] waiting  2m16.1s
cooldown_05_google  • [   0% ] waiting  2m16.1s
cooldown_06_meta    • [   0% ] waiting  2m16.1s
cooldown_07_netflix • [   0% ] waiting  2m16.1s
cooldown_08_nvidia  • [   0% ] waiting  2m16.1s
cooldown_09_paypal  • [   0% ] waiting  2m16.1s
cooldown_10_reddit  • [   0% ] waiting  2m16.1s
cooldown_11_slack   • [   0% ] waiting  2m16.1s
cooldown_12_spotify • [   0% ] waiting  2m16.1s
cooldown_13_tesla   • [   0% ] waiting  2m16.1s
cooldown_14_uber    • [   0% ] waiting  2m16.1s
cooldown_15_zoom    • [   0% ] waiting  2m16.1s

running (0m14.9s), 00/60 VUs, 0 complete and 0 interrupted iterations
warmup_01_amazon      [  50% ] 0/2 VUs  14.9s/30.0s
warmup_02_amd         [  50% ] 0/2 VUs  14.9s/30.0s
warmup_03_apple       [  50% ] 0/2 VUs  14.9s/30.0s
warmup_04_azure       [  50% ] 0/2 VUs  14.9s/30.0s
warmup_05_google      [  50% ] 0/2 VUs  14.9s/30.0s
warmup_06_meta        [  50% ] 0/2 VUs  14.9s/30.0s
warmup_07_netflix     [  50% ] 0/2 VUs  14.9s/30.0s
warmup_08_nvidia      [  50% ] 0/2 VUs  14.9s/30.0s
warmup_09_paypal      [  50% ] 0/2 VUs  14.9s/30.0s
warmup_10_reddit      [  50% ] 0/2 VUs  14.9s/30.0s
warmup_11_slack       [  50% ] 0/2 VUs  14.9s/30.0s
warmup_12_spotify     [  50% ] 0/2 VUs  14.9s/30.0s
warmup_13_tesla       [  50% ] 0/2 VUs  14.9s/30.0s
warmup_14_uber        [  50% ] 0/2 VUs  14.9s/30.0s
warmup_15_zoom        [  50% ] 0/2 VUs  14.9s/30.0s
steady_01_amazon    • [   0% ] waiting  15.1s
steady_02_amd       • [   0% ] waiting  15.1s
steady_03_apple     • [   0% ] waiting  15.1s
steady_04_azure     • [   0% ] waiting  15.1s
steady_05_google    • [   0% ] waiting  15.1s
steady_06_meta      • [   0% ] waiting  15.1s
steady_07_netflix   • [   0% ] waiting  15.1s
steady_08_nvidia    • [   0% ] waiting  15.1s
steady_09_paypal    • [   0% ] waiting  15.1s
steady_10_reddit    • [   0% ] waiting  15.1s
steady_11_slack     • [   0% ] waiting  15.1s
steady_12_spotify   • [   0% ] waiting  15.1s
steady_13_tesla     • [   0% ] waiting  15.1s
steady_14_uber      • [   0% ] waiting  15.1s
steady_15_zoom      • [   0% ] waiting  15.1s
cooldown_01_amazon  • [   0% ] waiting  2m15.1s
cooldown_02_amd     • [   0% ] waiting  2m15.1s
cooldown_03_apple   • [   0% ] waiting  2m15.1s
cooldown_04_azure   • [   0% ] waiting  2m15.1s
cooldown_05_google  • [   0% ] waiting  2m15.1s
cooldown_06_meta    • [   0% ] waiting  2m15.1s
cooldown_07_netflix • [   0% ] waiting  2m15.1s
cooldown_08_nvidia  • [   0% ] waiting  2m15.1s
cooldown_09_paypal  • [   0% ] waiting  2m15.1s
cooldown_10_reddit  • [   0% ] waiting  2m15.1s
cooldown_11_slack   • [   0% ] waiting  2m15.1s
cooldown_12_spotify • [   0% ] waiting  2m15.1s
cooldown_13_tesla   • [   0% ] waiting  2m15.1s
cooldown_14_uber    • [   0% ] waiting  2m15.1s
cooldown_15_zoom    • [   0% ] waiting  2m15.1s

running (0m15.9s), 15/60 VUs, 0 complete and 0 interrupted iterations
warmup_01_amazon      [  53% ] 1/2 VUs  15.9s/30.0s
warmup_02_amd         [  53% ] 1/2 VUs  15.9s/30.0s
warmup_03_apple       [  53% ] 1/2 VUs  15.9s/30.0s
warmup_04_azure       [  53% ] 1/2 VUs  15.9s/30.0s
warmup_05_google      [  53% ] 1/2 VUs  15.9s/30.0s
warmup_06_meta        [  53% ] 1/2 VUs  15.9s/30.0s
warmup_07_netflix     [  53% ] 1/2 VUs  15.9s/30.0s
warmup_08_nvidia      [  53% ] 1/2 VUs  15.9s/30.0s
warmup_09_paypal      [  53% ] 1/2 VUs  15.9s/30.0s
warmup_10_reddit      [  53% ] 1/2 VUs  15.9s/30.0s
warmup_11_slack       [  53% ] 1/2 VUs  15.9s/30.0s
warmup_12_spotify     [  53% ] 1/2 VUs  15.9s/30.0s
warmup_13_tesla       [  53% ] 1/2 VUs  15.9s/30.0s
warmup_14_uber        [  53% ] 1/2 VUs  15.9s/30.0s
warmup_15_zoom        [  53% ] 1/2 VUs  15.9s/30.0s
steady_01_amazon    • [   0% ] waiting  14.1s
steady_02_amd       • [   0% ] waiting  14.1s
steady_03_apple     • [   0% ] waiting  14.1s
steady_04_azure     • [   0% ] waiting  14.1s
steady_05_google    • [   0% ] waiting  14.1s
steady_06_meta      • [   0% ] waiting  14.1s
steady_07_netflix   • [   0% ] waiting  14.1s
steady_08_nvidia    • [   0% ] waiting  14.1s
steady_09_paypal    • [   0% ] waiting  14.1s
steady_10_reddit    • [   0% ] waiting  14.1s
steady_11_slack     • [   0% ] waiting  14.1s
steady_12_spotify   • [   0% ] waiting  14.1s
steady_13_tesla     • [   0% ] waiting  14.1s
steady_14_uber      • [   0% ] waiting  14.1s
steady_15_zoom      • [   0% ] waiting  14.1s
cooldown_01_amazon  • [   0% ] waiting  2m14.1s
cooldown_02_amd     • [   0% ] waiting  2m14.1s
cooldown_03_apple   • [   0% ] waiting  2m14.1s
cooldown_04_azure   • [   0% ] waiting  2m14.1s
cooldown_05_google  • [   0% ] waiting  2m14.1s
cooldown_06_meta    • [   0% ] waiting  2m14.1s
cooldown_07_netflix • [   0% ] waiting  2m14.1s
cooldown_08_nvidia  • [   0% ] waiting  2m14.1s
cooldown_09_paypal  • [   0% ] waiting  2m14.1s
cooldown_10_reddit  • [   0% ] waiting  2m14.1s
cooldown_11_slack   • [   0% ] waiting  2m14.1s
cooldown_12_spotify • [   0% ] waiting  2m14.1s
cooldown_13_tesla   • [   0% ] waiting  2m14.1s
cooldown_14_uber    • [   0% ] waiting  2m14.1s
cooldown_15_zoom    • [   0% ] waiting  2m14.1s

running (0m16.9s), 15/60 VUs, 0 complete and 0 interrupted iterations
warmup_01_amazon      [  56% ] 1/2 VUs  16.9s/30.0s
warmup_02_amd         [  56% ] 1/2 VUs  16.9s/30.0s
warmup_03_apple       [  56% ] 1/2 VUs  16.9s/30.0s
warmup_04_azure       [  56% ] 1/2 VUs  16.9s/30.0s
warmup_05_google      [  56% ] 1/2 VUs  16.9s/30.0s
warmup_06_meta        [  56% ] 1/2 VUs  16.9s/30.0s
warmup_07_netflix     [  56% ] 1/2 VUs  16.9s/30.0s
warmup_08_nvidia      [  56% ] 1/2 VUs  16.9s/30.0s
warmup_09_paypal      [  56% ] 1/2 VUs  16.9s/30.0s
warmup_10_reddit      [  56% ] 1/2 VUs  16.9s/30.0s
warmup_11_slack       [  56% ] 1/2 VUs  16.9s/30.0s
warmup_12_spotify     [  56% ] 1/2 VUs  16.9s/30.0s
warmup_13_tesla       [  56% ] 1/2 VUs  16.9s/30.0s
warmup_14_uber        [  56% ] 1/2 VUs  16.9s/30.0s
warmup_15_zoom        [  56% ] 1/2 VUs  16.9s/30.0s
steady_01_amazon    • [   0% ] waiting  13.1s
steady_02_amd       • [   0% ] waiting  13.1s
steady_03_apple     • [   0% ] waiting  13.1s
steady_04_azure     • [   0% ] waiting  13.1s
steady_05_google    • [   0% ] waiting  13.1s
steady_06_meta      • [   0% ] waiting  13.1s
steady_07_netflix   • [   0% ] waiting  13.1s
steady_08_nvidia    • [   0% ] waiting  13.1s
steady_09_paypal    • [   0% ] waiting  13.1s
steady_10_reddit    • [   0% ] waiting  13.1s
steady_11_slack     • [   0% ] waiting  13.1s
steady_12_spotify   • [   0% ] waiting  13.1s
steady_13_tesla     • [   0% ] waiting  13.1s
steady_14_uber      • [   0% ] waiting  13.1s
steady_15_zoom      • [   0% ] waiting  13.1s
cooldown_01_amazon  • [   0% ] waiting  2m13.1s
cooldown_02_amd     • [   0% ] waiting  2m13.1s
cooldown_03_apple   • [   0% ] waiting  2m13.1s
cooldown_04_azure   • [   0% ] waiting  2m13.1s
cooldown_05_google  • [   0% ] waiting  2m13.1s
cooldown_06_meta    • [   0% ] waiting  2m13.1s
cooldown_07_netflix • [   0% ] waiting  2m13.1s
cooldown_08_nvidia  • [   0% ] waiting  2m13.1s
cooldown_09_paypal  • [   0% ] waiting  2m13.1s
cooldown_10_reddit  • [   0% ] waiting  2m13.1s
cooldown_11_slack   • [   0% ] waiting  2m13.1s
cooldown_12_spotify • [   0% ] waiting  2m13.1s
cooldown_13_tesla   • [   0% ] waiting  2m13.1s
cooldown_14_uber    • [   0% ] waiting  2m13.1s
cooldown_15_zoom    • [   0% ] waiting  2m13.1s

running (0m17.9s), 15/60 VUs, 15 complete and 0 interrupted iterations
warmup_01_amazon      [  60% ] 1/2 VUs  17.9s/30.0s
warmup_02_amd         [  60% ] 1/2 VUs  17.9s/30.0s
warmup_03_apple       [  60% ] 1/2 VUs  17.9s/30.0s
warmup_04_azure       [  60% ] 1/2 VUs  17.9s/30.0s
warmup_05_google      [  60% ] 1/2 VUs  17.9s/30.0s
warmup_06_meta        [  60% ] 1/2 VUs  17.9s/30.0s
warmup_07_netflix     [  60% ] 1/2 VUs  17.9s/30.0s
warmup_08_nvidia      [  60% ] 1/2 VUs  17.9s/30.0s
warmup_09_paypal      [  60% ] 1/2 VUs  17.9s/30.0s
warmup_10_reddit      [  60% ] 1/2 VUs  17.9s/30.0s
warmup_11_slack       [  60% ] 1/2 VUs  17.9s/30.0s
warmup_12_spotify     [  60% ] 1/2 VUs  17.9s/30.0s
warmup_13_tesla       [  60% ] 1/2 VUs  17.9s/30.0s
warmup_14_uber        [  60% ] 1/2 VUs  17.9s/30.0s
warmup_15_zoom        [  60% ] 1/2 VUs  17.9s/30.0s
steady_01_amazon    • [   0% ] waiting  12.1s
steady_02_amd       • [   0% ] waiting  12.1s
steady_03_apple     • [   0% ] waiting  12.1s
steady_04_azure     • [   0% ] waiting  12.1s
steady_05_google    • [   0% ] waiting  12.1s
steady_06_meta      • [   0% ] waiting  12.1s
steady_07_netflix   • [   0% ] waiting  12.1s
steady_08_nvidia    • [   0% ] waiting  12.1s
steady_09_paypal    • [   0% ] waiting  12.1s
steady_10_reddit    • [   0% ] waiting  12.1s
steady_11_slack     • [   0% ] waiting  12.1s
steady_12_spotify   • [   0% ] waiting  12.1s
steady_13_tesla     • [   0% ] waiting  12.1s
steady_14_uber      • [   0% ] waiting  12.1s
steady_15_zoom      • [   0% ] waiting  12.1s
cooldown_01_amazon  • [   0% ] waiting  2m12.1s
cooldown_02_amd     • [   0% ] waiting  2m12.1s
cooldown_03_apple   • [   0% ] waiting  2m12.1s
cooldown_04_azure   • [   0% ] waiting  2m12.1s
cooldown_05_google  • [   0% ] waiting  2m12.1s
cooldown_06_meta    • [   0% ] waiting  2m12.1s
cooldown_07_netflix • [   0% ] waiting  2m12.1s
cooldown_08_nvidia  • [   0% ] waiting  2m12.1s
cooldown_09_paypal  • [   0% ] waiting  2m12.1s
cooldown_10_reddit  • [   0% ] waiting  2m12.1s
cooldown_11_slack   • [   0% ] waiting  2m12.1s
cooldown_12_spotify • [   0% ] waiting  2m12.1s
cooldown_13_tesla   • [   0% ] waiting  2m12.1s
cooldown_14_uber    • [   0% ] waiting  2m12.1s
cooldown_15_zoom    • [   0% ] waiting  2m12.1s

running (0m18.9s), 15/60 VUs, 30 complete and 0 interrupted iterations
warmup_01_amazon      [  63% ] 1/2 VUs  18.9s/30.0s
warmup_02_amd         [  63% ] 1/2 VUs  18.9s/30.0s
warmup_03_apple       [  63% ] 1/2 VUs  18.9s/30.0s
warmup_04_azure       [  63% ] 1/2 VUs  18.9s/30.0s
warmup_05_google      [  63% ] 1/2 VUs  18.9s/30.0s
warmup_06_meta        [  63% ] 1/2 VUs  18.9s/30.0s
warmup_07_netflix     [  63% ] 1/2 VUs  18.9s/30.0s
warmup_08_nvidia      [  63% ] 1/2 VUs  18.9s/30.0s
warmup_09_paypal      [  63% ] 1/2 VUs  18.9s/30.0s
warmup_10_reddit      [  63% ] 1/2 VUs  18.9s/30.0s
warmup_11_slack       [  63% ] 1/2 VUs  18.9s/30.0s
warmup_12_spotify     [  63% ] 1/2 VUs  18.9s/30.0s
warmup_13_tesla       [  63% ] 1/2 VUs  18.9s/30.0s
warmup_14_uber        [  63% ] 1/2 VUs  18.9s/30.0s
warmup_15_zoom        [  63% ] 1/2 VUs  18.9s/30.0s
steady_01_amazon    • [   0% ] waiting  11.1s
steady_02_amd       • [   0% ] waiting  11.1s
steady_03_apple     • [   0% ] waiting  11.1s
steady_04_azure     • [   0% ] waiting  11.1s
steady_05_google    • [   0% ] waiting  11.1s
steady_06_meta      • [   0% ] waiting  11.1s
steady_07_netflix   • [   0% ] waiting  11.1s
steady_08_nvidia    • [   0% ] waiting  11.1s
steady_09_paypal    • [   0% ] waiting  11.1s
steady_10_reddit    • [   0% ] waiting  11.1s
steady_11_slack     • [   0% ] waiting  11.1s
steady_12_spotify   • [   0% ] waiting  11.1s
steady_13_tesla     • [   0% ] waiting  11.1s
steady_14_uber      • [   0% ] waiting  11.1s
steady_15_zoom      • [   0% ] waiting  11.1s
cooldown_01_amazon  • [   0% ] waiting  2m11.1s
cooldown_02_amd     • [   0% ] waiting  2m11.1s
cooldown_03_apple   • [   0% ] waiting  2m11.1s
cooldown_04_azure   • [   0% ] waiting  2m11.1s
cooldown_05_google  • [   0% ] waiting  2m11.1s
cooldown_06_meta    • [   0% ] waiting  2m11.1s
cooldown_07_netflix • [   0% ] waiting  2m11.1s
cooldown_08_nvidia  • [   0% ] waiting  2m11.1s
cooldown_09_paypal  • [   0% ] waiting  2m11.1s
cooldown_10_reddit  • [   0% ] waiting  2m11.1s
cooldown_11_slack   • [   0% ] waiting  2m11.1s
cooldown_12_spotify • [   0% ] waiting  2m11.1s
cooldown_13_tesla   • [   0% ] waiting  2m11.1s
cooldown_14_uber    • [   0% ] waiting  2m11.1s
cooldown_15_zoom    • [   0% ] waiting  2m11.1s

running (0m19.9s), 15/60 VUs, 30 complete and 0 interrupted iterations
warmup_01_amazon      [  66% ] 1/2 VUs  19.9s/30.0s
warmup_02_amd         [  66% ] 1/2 VUs  19.9s/30.0s
warmup_03_apple       [  66% ] 1/2 VUs  19.9s/30.0s
warmup_04_azure       [  66% ] 1/2 VUs  19.9s/30.0s
warmup_05_google      [  66% ] 1/2 VUs  19.9s/30.0s
warmup_06_meta        [  66% ] 1/2 VUs  19.9s/30.0s
warmup_07_netflix     [  66% ] 1/2 VUs  19.9s/30.0s
warmup_08_nvidia      [  66% ] 1/2 VUs  19.9s/30.0s
warmup_09_paypal      [  66% ] 1/2 VUs  19.9s/30.0s
warmup_10_reddit      [  66% ] 1/2 VUs  19.9s/30.0s
warmup_11_slack       [  66% ] 1/2 VUs  19.9s/30.0s
warmup_12_spotify     [  66% ] 1/2 VUs  19.9s/30.0s
warmup_13_tesla       [  66% ] 1/2 VUs  19.9s/30.0s
warmup_14_uber        [  66% ] 1/2 VUs  19.9s/30.0s
warmup_15_zoom        [  66% ] 1/2 VUs  19.9s/30.0s
steady_01_amazon    • [   0% ] waiting  10.1s
steady_02_amd       • [   0% ] waiting  10.1s
steady_03_apple     • [   0% ] waiting  10.1s
steady_04_azure     • [   0% ] waiting  10.1s
steady_05_google    • [   0% ] waiting  10.1s
steady_06_meta      • [   0% ] waiting  10.1s
steady_07_netflix   • [   0% ] waiting  10.1s
steady_08_nvidia    • [   0% ] waiting  10.1s
steady_09_paypal    • [   0% ] waiting  10.1s
steady_10_reddit    • [   0% ] waiting  10.1s
steady_11_slack     • [   0% ] waiting  10.1s
steady_12_spotify   • [   0% ] waiting  10.1s
steady_13_tesla     • [   0% ] waiting  10.1s
steady_14_uber      • [   0% ] waiting  10.1s
steady_15_zoom      • [   0% ] waiting  10.1s
cooldown_01_amazon  • [   0% ] waiting  2m10.1s
cooldown_02_amd     • [   0% ] waiting  2m10.1s
cooldown_03_apple   • [   0% ] waiting  2m10.1s
cooldown_04_azure   • [   0% ] waiting  2m10.1s
cooldown_05_google  • [   0% ] waiting  2m10.1s
cooldown_06_meta    • [   0% ] waiting  2m10.1s
cooldown_07_netflix • [   0% ] waiting  2m10.1s
cooldown_08_nvidia  • [   0% ] waiting  2m10.1s
cooldown_09_paypal  • [   0% ] waiting  2m10.1s
cooldown_10_reddit  • [   0% ] waiting  2m10.1s
cooldown_11_slack   • [   0% ] waiting  2m10.1s
cooldown_12_spotify • [   0% ] waiting  2m10.1s
cooldown_13_tesla   • [   0% ] waiting  2m10.1s
cooldown_14_uber    • [   0% ] waiting  2m10.1s
cooldown_15_zoom    • [   0% ] waiting  2m10.1s

running (0m20.9s), 15/60 VUs, 45 complete and 0 interrupted iterations
warmup_01_amazon      [  70% ] 1/2 VUs  20.9s/30.0s
warmup_02_amd         [  70% ] 1/2 VUs  20.9s/30.0s
warmup_03_apple       [  70% ] 1/2 VUs  20.9s/30.0s
warmup_04_azure       [  70% ] 1/2 VUs  20.9s/30.0s
warmup_05_google      [  70% ] 1/2 VUs  20.9s/30.0s
warmup_06_meta        [  70% ] 1/2 VUs  20.9s/30.0s
warmup_07_netflix     [  70% ] 1/2 VUs  20.9s/30.0s
warmup_08_nvidia      [  70% ] 1/2 VUs  20.9s/30.0s
warmup_09_paypal      [  70% ] 1/2 VUs  20.9s/30.0s
warmup_10_reddit      [  70% ] 1/2 VUs  20.9s/30.0s
warmup_11_slack       [  70% ] 1/2 VUs  20.9s/30.0s
warmup_12_spotify     [  70% ] 1/2 VUs  20.9s/30.0s
warmup_13_tesla       [  70% ] 1/2 VUs  20.9s/30.0s
warmup_14_uber        [  70% ] 1/2 VUs  20.9s/30.0s
warmup_15_zoom        [  70% ] 1/2 VUs  20.9s/30.0s
steady_01_amazon    • [   0% ] waiting  09.1s
steady_02_amd       • [   0% ] waiting  09.1s
steady_03_apple     • [   0% ] waiting  09.1s
steady_04_azure     • [   0% ] waiting  09.1s
steady_05_google    • [   0% ] waiting  09.1s
steady_06_meta      • [   0% ] waiting  09.1s
steady_07_netflix   • [   0% ] waiting  09.1s
steady_08_nvidia    • [   0% ] waiting  09.1s
steady_09_paypal    • [   0% ] waiting  09.1s
steady_10_reddit    • [   0% ] waiting  09.1s
steady_11_slack     • [   0% ] waiting  09.1s
steady_12_spotify   • [   0% ] waiting  09.1s
steady_13_tesla     • [   0% ] waiting  09.1s
steady_14_uber      • [   0% ] waiting  09.1s
steady_15_zoom      • [   0% ] waiting  09.1s
cooldown_01_amazon  • [   0% ] waiting  2m09.1s
cooldown_02_amd     • [   0% ] waiting  2m09.1s
cooldown_03_apple   • [   0% ] waiting  2m09.1s
cooldown_04_azure   • [   0% ] waiting  2m09.1s
cooldown_05_google  • [   0% ] waiting  2m09.1s
cooldown_06_meta    • [   0% ] waiting  2m09.1s
cooldown_07_netflix • [   0% ] waiting  2m09.1s
cooldown_08_nvidia  • [   0% ] waiting  2m09.1s
cooldown_09_paypal  • [   0% ] waiting  2m09.1s
cooldown_10_reddit  • [   0% ] waiting  2m09.1s
cooldown_11_slack   • [   0% ] waiting  2m09.1s
cooldown_12_spotify • [   0% ] waiting  2m09.1s
cooldown_13_tesla   • [   0% ] waiting  2m09.1s
cooldown_14_uber    • [   0% ] waiting  2m09.1s
cooldown_15_zoom    • [   0% ] waiting  2m09.1s

running (0m21.9s), 15/60 VUs, 45 complete and 0 interrupted iterations
warmup_01_amazon      [  73% ] 1/2 VUs  21.9s/30.0s
warmup_02_amd         [  73% ] 1/2 VUs  21.9s/30.0s
warmup_03_apple       [  73% ] 1/2 VUs  21.9s/30.0s
warmup_04_azure       [  73% ] 1/2 VUs  21.9s/30.0s
warmup_05_google      [  73% ] 1/2 VUs  21.9s/30.0s
warmup_06_meta        [  73% ] 1/2 VUs  21.9s/30.0s
warmup_07_netflix     [  73% ] 1/2 VUs  21.9s/30.0s
warmup_08_nvidia      [  73% ] 1/2 VUs  21.9s/30.0s
warmup_09_paypal      [  73% ] 1/2 VUs  21.9s/30.0s
warmup_10_reddit      [  73% ] 1/2 VUs  21.9s/30.0s
warmup_11_slack       [  73% ] 1/2 VUs  21.9s/30.0s
warmup_12_spotify     [  73% ] 1/2 VUs  21.9s/30.0s
warmup_13_tesla       [  73% ] 1/2 VUs  21.9s/30.0s
warmup_14_uber        [  73% ] 1/2 VUs  21.9s/30.0s
warmup_15_zoom        [  73% ] 1/2 VUs  21.9s/30.0s
steady_01_amazon    • [   0% ] waiting  08.1s
steady_02_amd       • [   0% ] waiting  08.1s
steady_03_apple     • [   0% ] waiting  08.1s
steady_04_azure     • [   0% ] waiting  08.1s
steady_05_google    • [   0% ] waiting  08.1s
steady_06_meta      • [   0% ] waiting  08.1s
steady_07_netflix   • [   0% ] waiting  08.1s
steady_08_nvidia    • [   0% ] waiting  08.1s
steady_09_paypal    • [   0% ] waiting  08.1s
steady_10_reddit    • [   0% ] waiting  08.1s
steady_11_slack     • [   0% ] waiting  08.1s
steady_12_spotify   • [   0% ] waiting  08.1s
steady_13_tesla     • [   0% ] waiting  08.1s
steady_14_uber      • [   0% ] waiting  08.1s
steady_15_zoom      • [   0% ] waiting  08.1s
cooldown_01_amazon  • [   0% ] waiting  2m08.1s
cooldown_02_amd     • [   0% ] waiting  2m08.1s
cooldown_03_apple   • [   0% ] waiting  2m08.1s
cooldown_04_azure   • [   0% ] waiting  2m08.1s
cooldown_05_google  • [   0% ] waiting  2m08.1s
cooldown_06_meta    • [   0% ] waiting  2m08.1s
cooldown_07_netflix • [   0% ] waiting  2m08.1s
cooldown_08_nvidia  • [   0% ] waiting  2m08.1s
cooldown_09_paypal  • [   0% ] waiting  2m08.1s
cooldown_10_reddit  • [   0% ] waiting  2m08.1s
cooldown_11_slack   • [   0% ] waiting  2m08.1s
cooldown_12_spotify • [   0% ] waiting  2m08.1s
cooldown_13_tesla   • [   0% ] waiting  2m08.1s
cooldown_14_uber    • [   0% ] waiting  2m08.1s
cooldown_15_zoom    • [   0% ] waiting  2m08.1s

running (0m22.9s), 15/60 VUs, 61 complete and 0 interrupted iterations
warmup_01_amazon      [  76% ] 1/2 VUs  22.9s/30.0s
warmup_02_amd         [  76% ] 1/2 VUs  22.9s/30.0s
warmup_03_apple       [  76% ] 1/2 VUs  22.9s/30.0s
warmup_04_azure       [  76% ] 1/2 VUs  22.9s/30.0s
warmup_05_google      [  76% ] 1/2 VUs  22.9s/30.0s
warmup_06_meta        [  76% ] 1/2 VUs  22.9s/30.0s
warmup_07_netflix     [  76% ] 1/2 VUs  22.9s/30.0s
warmup_08_nvidia      [  76% ] 1/2 VUs  22.9s/30.0s
warmup_09_paypal      [  76% ] 1/2 VUs  22.9s/30.0s
warmup_10_reddit      [  76% ] 1/2 VUs  22.9s/30.0s
warmup_11_slack       [  76% ] 1/2 VUs  22.9s/30.0s
warmup_12_spotify     [  76% ] 1/2 VUs  22.9s/30.0s
warmup_13_tesla       [  76% ] 1/2 VUs  22.9s/30.0s
warmup_14_uber        [  76% ] 1/2 VUs  22.9s/30.0s
warmup_15_zoom        [  76% ] 1/2 VUs  22.9s/30.0s
steady_01_amazon    • [   0% ] waiting  07.1s
steady_02_amd       • [   0% ] waiting  07.1s
steady_03_apple     • [   0% ] waiting  07.1s
steady_04_azure     • [   0% ] waiting  07.1s
steady_05_google    • [   0% ] waiting  07.1s
steady_06_meta      • [   0% ] waiting  07.1s
steady_07_netflix   • [   0% ] waiting  07.1s
steady_08_nvidia    • [   0% ] waiting  07.1s
steady_09_paypal    • [   0% ] waiting  07.1s
steady_10_reddit    • [   0% ] waiting  07.1s
steady_11_slack     • [   0% ] waiting  07.1s
steady_12_spotify   • [   0% ] waiting  07.1s
steady_13_tesla     • [   0% ] waiting  07.1s
steady_14_uber      • [   0% ] waiting  07.1s
steady_15_zoom      • [   0% ] waiting  07.1s
cooldown_01_amazon  • [   0% ] waiting  2m07.1s
cooldown_02_amd     • [   0% ] waiting  2m07.1s
cooldown_03_apple   • [   0% ] waiting  2m07.1s
cooldown_04_azure   • [   0% ] waiting  2m07.1s
cooldown_05_google  • [   0% ] waiting  2m07.1s
cooldown_06_meta    • [   0% ] waiting  2m07.1s
cooldown_07_netflix • [   0% ] waiting  2m07.1s
cooldown_08_nvidia  • [   0% ] waiting  2m07.1s
cooldown_09_paypal  • [   0% ] waiting  2m07.1s
cooldown_10_reddit  • [   0% ] waiting  2m07.1s
cooldown_11_slack   • [   0% ] waiting  2m07.1s
cooldown_12_spotify • [   0% ] waiting  2m07.1s
cooldown_13_tesla   • [   0% ] waiting  2m07.1s
cooldown_14_uber    • [   0% ] waiting  2m07.1s
cooldown_15_zoom    • [   0% ] waiting  2m07.1s

running (0m23.9s), 15/60 VUs, 76 complete and 0 interrupted iterations
warmup_01_amazon      [  80% ] 1/2 VUs  23.9s/30.0s
warmup_02_amd         [  80% ] 1/2 VUs  23.9s/30.0s
warmup_03_apple       [  80% ] 1/2 VUs  23.9s/30.0s
warmup_04_azure       [  80% ] 1/2 VUs  23.9s/30.0s
warmup_05_google      [  80% ] 1/2 VUs  23.9s/30.0s
warmup_06_meta        [  80% ] 1/2 VUs  23.9s/30.0s
warmup_07_netflix     [  80% ] 1/2 VUs  23.9s/30.0s
warmup_08_nvidia      [  80% ] 1/2 VUs  23.9s/30.0s
warmup_09_paypal      [  80% ] 1/2 VUs  23.9s/30.0s
warmup_10_reddit      [  80% ] 1/2 VUs  23.9s/30.0s
warmup_11_slack       [  80% ] 1/2 VUs  23.9s/30.0s
warmup_12_spotify     [  80% ] 1/2 VUs  23.9s/30.0s
warmup_13_tesla       [  80% ] 1/2 VUs  23.9s/30.0s
warmup_14_uber        [  80% ] 1/2 VUs  23.9s/30.0s
warmup_15_zoom        [  80% ] 1/2 VUs  23.9s/30.0s
steady_01_amazon    • [   0% ] waiting  06.1s
steady_02_amd       • [   0% ] waiting  06.1s
steady_03_apple     • [   0% ] waiting  06.1s
steady_04_azure     • [   0% ] waiting  06.1s
steady_05_google    • [   0% ] waiting  06.1s
steady_06_meta      • [   0% ] waiting  06.1s
steady_07_netflix   • [   0% ] waiting  06.1s
steady_08_nvidia    • [   0% ] waiting  06.1s
steady_09_paypal    • [   0% ] waiting  06.1s
steady_10_reddit    • [   0% ] waiting  06.1s
steady_11_slack     • [   0% ] waiting  06.1s
steady_12_spotify   • [   0% ] waiting  06.1s
steady_13_tesla     • [   0% ] waiting  06.1s
steady_14_uber      • [   0% ] waiting  06.1s
steady_15_zoom      • [   0% ] waiting  06.1s
cooldown_01_amazon  • [   0% ] waiting  2m06.1s
cooldown_02_amd     • [   0% ] waiting  2m06.1s
cooldown_03_apple   • [   0% ] waiting  2m06.1s
cooldown_04_azure   • [   0% ] waiting  2m06.1s
cooldown_05_google  • [   0% ] waiting  2m06.1s
cooldown_06_meta    • [   0% ] waiting  2m06.1s
cooldown_07_netflix • [   0% ] waiting  2m06.1s
cooldown_08_nvidia  • [   0% ] waiting  2m06.1s
cooldown_09_paypal  • [   0% ] waiting  2m06.1s
cooldown_10_reddit  • [   0% ] waiting  2m06.1s
cooldown_11_slack   • [   0% ] waiting  2m06.1s
cooldown_12_spotify • [   0% ] waiting  2m06.1s
cooldown_13_tesla   • [   0% ] waiting  2m06.1s
cooldown_14_uber    • [   0% ] waiting  2m06.1s
cooldown_15_zoom    • [   0% ] waiting  2m06.1s

running (0m24.9s), 15/60 VUs, 76 complete and 0 interrupted iterations
warmup_01_amazon      [  83% ] 1/2 VUs  24.9s/30.0s
warmup_02_amd         [  83% ] 1/2 VUs  24.9s/30.0s
warmup_03_apple       [  83% ] 1/2 VUs  24.9s/30.0s
warmup_04_azure       [  83% ] 1/2 VUs  24.9s/30.0s
warmup_05_google      [  83% ] 1/2 VUs  24.9s/30.0s
warmup_06_meta        [  83% ] 1/2 VUs  24.9s/30.0s
warmup_07_netflix     [  83% ] 1/2 VUs  24.9s/30.0s
warmup_08_nvidia      [  83% ] 1/2 VUs  24.9s/30.0s
warmup_09_paypal      [  83% ] 1/2 VUs  24.9s/30.0s
warmup_10_reddit      [  83% ] 1/2 VUs  24.9s/30.0s
warmup_11_slack       [  83% ] 1/2 VUs  24.9s/30.0s
warmup_12_spotify     [  83% ] 1/2 VUs  24.9s/30.0s
warmup_13_tesla       [  83% ] 1/2 VUs  24.9s/30.0s
warmup_14_uber        [  83% ] 1/2 VUs  24.9s/30.0s
warmup_15_zoom        [  83% ] 1/2 VUs  24.9s/30.0s
steady_01_amazon    • [   0% ] waiting  05.1s
steady_02_amd       • [   0% ] waiting  05.1s
steady_03_apple     • [   0% ] waiting  05.1s
steady_04_azure     • [   0% ] waiting  05.1s
steady_05_google    • [   0% ] waiting  05.1s
steady_06_meta      • [   0% ] waiting  05.1s
steady_07_netflix   • [   0% ] waiting  05.1s
steady_08_nvidia    • [   0% ] waiting  05.1s
steady_09_paypal    • [   0% ] waiting  05.1s
steady_10_reddit    • [   0% ] waiting  05.1s
steady_11_slack     • [   0% ] waiting  05.1s
steady_12_spotify   • [   0% ] waiting  05.1s
steady_13_tesla     • [   0% ] waiting  05.1s
steady_14_uber      • [   0% ] waiting  05.1s
steady_15_zoom      • [   0% ] waiting  05.1s
cooldown_01_amazon  • [   0% ] waiting  2m05.1s
cooldown_02_amd     • [   0% ] waiting  2m05.1s
cooldown_03_apple   • [   0% ] waiting  2m05.1s
cooldown_04_azure   • [   0% ] waiting  2m05.1s
cooldown_05_google  • [   0% ] waiting  2m05.1s
cooldown_06_meta    • [   0% ] waiting  2m05.1s
cooldown_07_netflix • [   0% ] waiting  2m05.1s
cooldown_08_nvidia  • [   0% ] waiting  2m05.1s
cooldown_09_paypal  • [   0% ] waiting  2m05.1s
cooldown_10_reddit  • [   0% ] waiting  2m05.1s
cooldown_11_slack   • [   0% ] waiting  2m05.1s
cooldown_12_spotify • [   0% ] waiting  2m05.1s
cooldown_13_tesla   • [   0% ] waiting  2m05.1s
cooldown_14_uber    • [   0% ] waiting  2m05.1s
cooldown_15_zoom    • [   0% ] waiting  2m05.1s

running (0m25.9s), 15/60 VUs, 91 complete and 0 interrupted iterations
warmup_01_amazon      [  86% ] 1/2 VUs  25.9s/30.0s
warmup_02_amd         [  86% ] 1/2 VUs  25.9s/30.0s
warmup_03_apple       [  86% ] 1/2 VUs  25.9s/30.0s
warmup_04_azure       [  86% ] 1/2 VUs  25.9s/30.0s
warmup_05_google      [  86% ] 1/2 VUs  25.9s/30.0s
warmup_06_meta        [  86% ] 1/2 VUs  25.9s/30.0s
warmup_07_netflix     [  86% ] 1/2 VUs  25.9s/30.0s
warmup_08_nvidia      [  86% ] 1/2 VUs  25.9s/30.0s
warmup_09_paypal      [  86% ] 1/2 VUs  25.9s/30.0s
warmup_10_reddit      [  86% ] 1/2 VUs  25.9s/30.0s
warmup_11_slack       [  86% ] 1/2 VUs  25.9s/30.0s
warmup_12_spotify     [  86% ] 1/2 VUs  25.9s/30.0s
warmup_13_tesla       [  86% ] 1/2 VUs  25.9s/30.0s
warmup_14_uber        [  86% ] 1/2 VUs  25.9s/30.0s
warmup_15_zoom        [  86% ] 1/2 VUs  25.9s/30.0s
steady_01_amazon    • [   0% ] waiting  04.1s
steady_02_amd       • [   0% ] waiting  04.1s
steady_03_apple     • [   0% ] waiting  04.1s
steady_04_azure     • [   0% ] waiting  04.1s
steady_05_google    • [   0% ] waiting  04.1s
steady_06_meta      • [   0% ] waiting  04.1s
steady_07_netflix   • [   0% ] waiting  04.1s
steady_08_nvidia    • [   0% ] waiting  04.1s
steady_09_paypal    • [   0% ] waiting  04.1s
steady_10_reddit    • [   0% ] waiting  04.1s
steady_11_slack     • [   0% ] waiting  04.1s
steady_12_spotify   • [   0% ] waiting  04.1s
steady_13_tesla     • [   0% ] waiting  04.1s
steady_14_uber      • [   0% ] waiting  04.1s
steady_15_zoom      • [   0% ] waiting  04.1s
cooldown_01_amazon  • [   0% ] waiting  2m04.1s
cooldown_02_amd     • [   0% ] waiting  2m04.1s
cooldown_03_apple   • [   0% ] waiting  2m04.1s
cooldown_04_azure   • [   0% ] waiting  2m04.1s
cooldown_05_google  • [   0% ] waiting  2m04.1s
cooldown_06_meta    • [   0% ] waiting  2m04.1s
cooldown_07_netflix • [   0% ] waiting  2m04.1s
cooldown_08_nvidia  • [   0% ] waiting  2m04.1s
cooldown_09_paypal  • [   0% ] waiting  2m04.1s
cooldown_10_reddit  • [   0% ] waiting  2m04.1s
cooldown_11_slack   • [   0% ] waiting  2m04.1s
cooldown_12_spotify • [   0% ] waiting  2m04.1s
cooldown_13_tesla   • [   0% ] waiting  2m04.1s
cooldown_14_uber    • [   0% ] waiting  2m04.1s
cooldown_15_zoom    • [   0% ] waiting  2m04.1s

running (0m26.9s), 15/60 VUs, 91 complete and 0 interrupted iterations
warmup_01_amazon      [  90% ] 1/2 VUs  26.9s/30.0s
warmup_02_amd         [  90% ] 1/2 VUs  26.9s/30.0s
warmup_03_apple       [  90% ] 1/2 VUs  26.9s/30.0s
warmup_04_azure       [  90% ] 1/2 VUs  26.9s/30.0s
warmup_05_google      [  90% ] 1/2 VUs  26.9s/30.0s
warmup_06_meta        [  90% ] 1/2 VUs  26.9s/30.0s
warmup_07_netflix     [  90% ] 1/2 VUs  26.9s/30.0s
warmup_08_nvidia      [  90% ] 1/2 VUs  26.9s/30.0s
warmup_09_paypal      [  90% ] 1/2 VUs  26.9s/30.0s
warmup_10_reddit      [  90% ] 1/2 VUs  26.9s/30.0s
warmup_11_slack       [  90% ] 1/2 VUs  26.9s/30.0s
warmup_12_spotify     [  90% ] 1/2 VUs  26.9s/30.0s
warmup_13_tesla       [  90% ] 1/2 VUs  26.9s/30.0s
warmup_14_uber        [  90% ] 1/2 VUs  26.9s/30.0s
warmup_15_zoom        [  90% ] 1/2 VUs  26.9s/30.0s
steady_01_amazon    • [   0% ] waiting  03.1s
steady_02_amd       • [   0% ] waiting  03.1s
steady_03_apple     • [   0% ] waiting  03.1s
steady_04_azure     • [   0% ] waiting  03.1s
steady_05_google    • [   0% ] waiting  03.1s
steady_06_meta      • [   0% ] waiting  03.1s
steady_07_netflix   • [   0% ] waiting  03.1s
steady_08_nvidia    • [   0% ] waiting  03.1s
steady_09_paypal    • [   0% ] waiting  03.1s
steady_10_reddit    • [   0% ] waiting  03.1s
steady_11_slack     • [   0% ] waiting  03.1s
steady_12_spotify   • [   0% ] waiting  03.1s
steady_13_tesla     • [   0% ] waiting  03.1s
steady_14_uber      • [   0% ] waiting  03.1s
steady_15_zoom      • [   0% ] waiting  03.1s
cooldown_01_amazon  • [   0% ] waiting  2m03.1s
cooldown_02_amd     • [   0% ] waiting  2m03.1s
cooldown_03_apple   • [   0% ] waiting  2m03.1s
cooldown_04_azure   • [   0% ] waiting  2m03.1s
cooldown_05_google  • [   0% ] waiting  2m03.1s
cooldown_06_meta    • [   0% ] waiting  2m03.1s
cooldown_07_netflix • [   0% ] waiting  2m03.1s
cooldown_08_nvidia  • [   0% ] waiting  2m03.1s
cooldown_09_paypal  • [   0% ] waiting  2m03.1s
cooldown_10_reddit  • [   0% ] waiting  2m03.1s
cooldown_11_slack   • [   0% ] waiting  2m03.1s
cooldown_12_spotify • [   0% ] waiting  2m03.1s
cooldown_13_tesla   • [   0% ] waiting  2m03.1s
cooldown_14_uber    • [   0% ] waiting  2m03.1s
cooldown_15_zoom    • [   0% ] waiting  2m03.1s

running (0m27.9s), 15/60 VUs, 106 complete and 0 interrupted iterations
warmup_01_amazon      [  93% ] 1/2 VUs  27.9s/30.0s
warmup_02_amd         [  93% ] 1/2 VUs  27.9s/30.0s
warmup_03_apple       [  93% ] 1/2 VUs  27.9s/30.0s
warmup_04_azure       [  93% ] 1/2 VUs  27.9s/30.0s
warmup_05_google      [  93% ] 1/2 VUs  27.9s/30.0s
warmup_06_meta        [  93% ] 1/2 VUs  27.9s/30.0s
warmup_07_netflix     [  93% ] 1/2 VUs  27.9s/30.0s
warmup_08_nvidia      [  93% ] 1/2 VUs  27.9s/30.0s
warmup_09_paypal      [  93% ] 1/2 VUs  27.9s/30.0s
warmup_10_reddit      [  93% ] 1/2 VUs  27.9s/30.0s
warmup_11_slack       [  93% ] 1/2 VUs  27.9s/30.0s
warmup_12_spotify     [  93% ] 1/2 VUs  27.9s/30.0s
warmup_13_tesla       [  93% ] 1/2 VUs  27.9s/30.0s
warmup_14_uber        [  93% ] 1/2 VUs  27.9s/30.0s
warmup_15_zoom        [  93% ] 1/2 VUs  27.9s/30.0s
steady_01_amazon    • [   0% ] waiting  02.1s
steady_02_amd       • [   0% ] waiting  02.1s
steady_03_apple     • [   0% ] waiting  02.1s
steady_04_azure     • [   0% ] waiting  02.1s
steady_05_google    • [   0% ] waiting  02.1s
steady_06_meta      • [   0% ] waiting  02.1s
steady_07_netflix   • [   0% ] waiting  02.1s
steady_08_nvidia    • [   0% ] waiting  02.1s
steady_09_paypal    • [   0% ] waiting  02.1s
steady_10_reddit    • [   0% ] waiting  02.1s
steady_11_slack     • [   0% ] waiting  02.1s
steady_12_spotify   • [   0% ] waiting  02.1s
steady_13_tesla     • [   0% ] waiting  02.1s
steady_14_uber      • [   0% ] waiting  02.1s
steady_15_zoom      • [   0% ] waiting  02.1s
cooldown_01_amazon  • [   0% ] waiting  2m02.1s
cooldown_02_amd     • [   0% ] waiting  2m02.1s
cooldown_03_apple   • [   0% ] waiting  2m02.1s
cooldown_04_azure   • [   0% ] waiting  2m02.1s
cooldown_05_google  • [   0% ] waiting  2m02.1s
cooldown_06_meta    • [   0% ] waiting  2m02.1s
cooldown_07_netflix • [   0% ] waiting  2m02.1s
cooldown_08_nvidia  • [   0% ] waiting  2m02.1s
cooldown_09_paypal  • [   0% ] waiting  2m02.1s
cooldown_10_reddit  • [   0% ] waiting  2m02.1s
cooldown_11_slack   • [   0% ] waiting  2m02.1s
cooldown_12_spotify • [   0% ] waiting  2m02.1s
cooldown_13_tesla   • [   0% ] waiting  2m02.1s
cooldown_14_uber    • [   0% ] waiting  2m02.1s
cooldown_15_zoom    • [   0% ] waiting  2m02.1s

running (0m28.9s), 15/60 VUs, 121 complete and 0 interrupted iterations
warmup_01_amazon      [  96% ] 1/2 VUs  28.9s/30.0s
warmup_02_amd         [  96% ] 1/2 VUs  28.9s/30.0s
warmup_03_apple       [  96% ] 1/2 VUs  28.9s/30.0s
warmup_04_azure       [  96% ] 1/2 VUs  28.9s/30.0s
warmup_05_google      [  96% ] 1/2 VUs  28.9s/30.0s
warmup_06_meta        [  96% ] 1/2 VUs  28.9s/30.0s
warmup_07_netflix     [  96% ] 1/2 VUs  28.9s/30.0s
warmup_08_nvidia      [  96% ] 1/2 VUs  28.9s/30.0s
warmup_09_paypal      [  96% ] 1/2 VUs  28.9s/30.0s
warmup_10_reddit      [  96% ] 1/2 VUs  28.9s/30.0s
warmup_11_slack       [  96% ] 1/2 VUs  28.9s/30.0s
warmup_12_spotify     [  96% ] 1/2 VUs  28.9s/30.0s
warmup_13_tesla       [  96% ] 1/2 VUs  28.9s/30.0s
warmup_14_uber        [  96% ] 1/2 VUs  28.9s/30.0s
warmup_15_zoom        [  96% ] 1/2 VUs  28.9s/30.0s
steady_01_amazon    • [   0% ] waiting  01.1s
steady_02_amd       • [   0% ] waiting  01.1s
steady_03_apple     • [   0% ] waiting  01.1s
steady_04_azure     • [   0% ] waiting  01.1s
steady_05_google    • [   0% ] waiting  01.1s
steady_06_meta      • [   0% ] waiting  01.1s
steady_07_netflix   • [   0% ] waiting  01.1s
steady_08_nvidia    • [   0% ] waiting  01.1s
steady_09_paypal    • [   0% ] waiting  01.1s
steady_10_reddit    • [   0% ] waiting  01.1s
steady_11_slack     • [   0% ] waiting  01.1s
steady_12_spotify   • [   0% ] waiting  01.1s
steady_13_tesla     • [   0% ] waiting  01.1s
steady_14_uber      • [   0% ] waiting  01.1s
steady_15_zoom      • [   0% ] waiting  01.1s
cooldown_01_amazon  • [   0% ] waiting  2m01.1s
cooldown_02_amd     • [   0% ] waiting  2m01.1s
cooldown_03_apple   • [   0% ] waiting  2m01.1s
cooldown_04_azure   • [   0% ] waiting  2m01.1s
cooldown_05_google  • [   0% ] waiting  2m01.1s
cooldown_06_meta    • [   0% ] waiting  2m01.1s
cooldown_07_netflix • [   0% ] waiting  2m01.1s
cooldown_08_nvidia  • [   0% ] waiting  2m01.1s
cooldown_09_paypal  • [   0% ] waiting  2m01.1s
cooldown_10_reddit  • [   0% ] waiting  2m01.1s
cooldown_11_slack   • [   0% ] waiting  2m01.1s
cooldown_12_spotify • [   0% ] waiting  2m01.1s
cooldown_13_tesla   • [   0% ] waiting  2m01.1s
cooldown_14_uber    • [   0% ] waiting  2m01.1s
cooldown_15_zoom    • [   0% ] waiting  2m01.1s

running (0m29.9s), 15/60 VUs, 121 complete and 0 interrupted iterations
warmup_01_amazon      [ 100% ] 1/2 VUs  29.9s/30.0s
warmup_02_amd         [ 100% ] 1/2 VUs  29.9s/30.0s
warmup_03_apple       [ 100% ] 1/2 VUs  29.9s/30.0s
warmup_04_azure       [ 100% ] 1/2 VUs  29.9s/30.0s
warmup_05_google      [ 100% ] 1/2 VUs  29.9s/30.0s
warmup_06_meta        [ 100% ] 1/2 VUs  29.9s/30.0s
warmup_07_netflix     [ 100% ] 1/2 VUs  29.9s/30.0s
warmup_08_nvidia      [ 100% ] 1/2 VUs  29.9s/30.0s
warmup_09_paypal      [ 100% ] 1/2 VUs  29.9s/30.0s
warmup_10_reddit      [ 100% ] 1/2 VUs  29.9s/30.0s
warmup_11_slack       [ 100% ] 1/2 VUs  29.9s/30.0s
warmup_12_spotify     [ 100% ] 1/2 VUs  29.9s/30.0s
warmup_13_tesla       [ 100% ] 1/2 VUs  29.9s/30.0s
warmup_14_uber        [ 100% ] 1/2 VUs  29.9s/30.0s
warmup_15_zoom        [ 100% ] 1/2 VUs  29.9s/30.0s
steady_01_amazon    • [   0% ] waiting  00.1s
steady_02_amd       • [   0% ] waiting  00.1s
steady_03_apple     • [   0% ] waiting  00.1s
steady_04_azure     • [   0% ] waiting  00.1s
steady_05_google    • [   0% ] waiting  00.1s
steady_06_meta      • [   0% ] waiting  00.1s
steady_07_netflix   • [   0% ] waiting  00.1s
steady_08_nvidia    • [   0% ] waiting  00.1s
steady_09_paypal    • [   0% ] waiting  00.1s
steady_10_reddit    • [   0% ] waiting  00.1s
steady_11_slack     • [   0% ] waiting  00.1s
steady_12_spotify   • [   0% ] waiting  00.1s
steady_13_tesla     • [   0% ] waiting  00.1s
steady_14_uber      • [   0% ] waiting  00.1s
steady_15_zoom      • [   0% ] waiting  00.1s
cooldown_01_amazon  • [   0% ] waiting  2m00.1s
cooldown_02_amd     • [   0% ] waiting  2m00.1s
cooldown_03_apple   • [   0% ] waiting  2m00.1s
cooldown_04_azure   • [   0% ] waiting  2m00.1s
cooldown_05_google  • [   0% ] waiting  2m00.1s
cooldown_06_meta    • [   0% ] waiting  2m00.1s
cooldown_07_netflix • [   0% ] waiting  2m00.1s
cooldown_08_nvidia  • [   0% ] waiting  2m00.1s
cooldown_09_paypal  • [   0% ] waiting  2m00.1s
cooldown_10_reddit  • [   0% ] waiting  2m00.1s
cooldown_11_slack   • [   0% ] waiting  2m00.1s
cooldown_12_spotify • [   0% ] waiting  2m00.1s
cooldown_13_tesla   • [   0% ] waiting  2m00.1s
cooldown_14_uber    • [   0% ] waiting  2m00.1s
cooldown_15_zoom    • [   0% ] waiting  2m00.1s

running (0m30.9s), 42/60 VUs, 124 complete and 0 interrupted iterations
warmup_01_amazon    ↓ [ 100% ] 1/2 VUs  30s
warmup_02_amd       ↓ [ 100% ] 1/2 VUs  30s
warmup_03_apple     ↓ [ 100% ] 2/2 VUs  30s
warmup_04_azure     ↓ [ 100% ] 2/2 VUs  30s
warmup_05_google    ✓ [ 100% ] 0/2 VUs  30s
warmup_06_meta      ↓ [ 100% ] 2/2 VUs  30s
warmup_07_netflix   ↓ [ 100% ] 1/2 VUs  30s
warmup_08_nvidia    ↓ [ 100% ] 1/2 VUs  30s
warmup_09_paypal    ↓ [ 100% ] 1/2 VUs  30s
warmup_10_reddit    ✓ [ 100% ] 0/2 VUs  30s
warmup_11_slack     ↓ [ 100% ] 2/2 VUs  30s
warmup_12_spotify   ↓ [ 100% ] 1/2 VUs  30s
warmup_13_tesla     ✓ [ 100% ] 0/2 VUs  30s
warmup_14_uber      ↓ [ 100% ] 1/2 VUs  30s
warmup_15_zoom      ↓ [ 100% ] 1/2 VUs  30s
steady_01_amazon      [   1% ] 2 VUs    0m00.9s/2m0s
steady_02_amd         [   1% ] 2 VUs    0m00.9s/2m0s
steady_03_apple       [   1% ] 2 VUs    0m00.9s/2m0s
steady_04_azure       [   1% ] 2 VUs    0m00.9s/2m0s
steady_05_google      [   1% ] 2 VUs    0m00.9s/2m0s
steady_06_meta        [   1% ] 2 VUs    0m00.9s/2m0s
steady_07_netflix     [   1% ] 2 VUs    0m00.9s/2m0s
steady_08_nvidia      [   1% ] 2 VUs    0m00.9s/2m0s
steady_09_paypal      [   1% ] 2 VUs    0m00.9s/2m0s
steady_10_reddit      [   1% ] 2 VUs    0m00.9s/2m0s
steady_11_slack       [   1% ] 2 VUs    0m00.9s/2m0s
steady_12_spotify     [   1% ] 2 VUs    0m00.9s/2m0s
steady_13_tesla       [   1% ] 2 VUs    0m00.9s/2m0s
steady_14_uber        [   1% ] 2 VUs    0m00.9s/2m0s
steady_15_zoom        [   1% ] 2 VUs    0m00.9s/2m0s
cooldown_01_amazon  • [   0% ] waiting  1m59.1s
cooldown_02_amd     • [   0% ] waiting  1m59.1s
cooldown_03_apple   • [   0% ] waiting  1m59.1s
cooldown_04_azure   • [   0% ] waiting  1m59.1s
cooldown_05_google  • [   0% ] waiting  1m59.1s
cooldown_06_meta    • [   0% ] waiting  1m59.1s
cooldown_07_netflix • [   0% ] waiting  1m59.1s
cooldown_08_nvidia  • [   0% ] waiting  1m59.1s
cooldown_09_paypal  • [   0% ] waiting  1m59.1s
cooldown_10_reddit  • [   0% ] waiting  1m59.1s
cooldown_11_slack   • [   0% ] waiting  1m59.1s
cooldown_12_spotify • [   0% ] waiting  1m59.1s
cooldown_13_tesla   • [   0% ] waiting  1m59.1s
cooldown_14_uber    • [   0% ] waiting  1m59.1s
cooldown_15_zoom    • [   0% ] waiting  1m59.0s

running (0m31.9s), 42/60 VUs, 124 complete and 0 interrupted iterations
warmup_01_amazon    ↓ [ 100% ] 1/2 VUs  30s
warmup_02_amd       ↓ [ 100% ] 1/2 VUs  30s
warmup_03_apple     ↓ [ 100% ] 2/2 VUs  30s
warmup_04_azure     ↓ [ 100% ] 2/2 VUs  30s
warmup_05_google    ✓ [ 100% ] 0/2 VUs  30s
warmup_06_meta      ↓ [ 100% ] 2/2 VUs  30s
warmup_07_netflix   ↓ [ 100% ] 1/2 VUs  30s
warmup_08_nvidia    ↓ [ 100% ] 1/2 VUs  30s
warmup_09_paypal    ↓ [ 100% ] 1/2 VUs  30s
warmup_10_reddit    ✓ [ 100% ] 0/2 VUs  30s
warmup_11_slack     ↓ [ 100% ] 2/2 VUs  30s
warmup_12_spotify   ↓ [ 100% ] 1/2 VUs  30s
warmup_13_tesla     ✓ [ 100% ] 0/2 VUs  30s
warmup_14_uber      ↓ [ 100% ] 1/2 VUs  30s
warmup_15_zoom      ↓ [ 100% ] 1/2 VUs  30s
steady_01_amazon      [   2% ] 2 VUs    0m01.9s/2m0s
steady_02_amd         [   2% ] 2 VUs    0m01.9s/2m0s
steady_03_apple       [   2% ] 2 VUs    0m01.9s/2m0s
steady_04_azure       [   2% ] 2 VUs    0m01.9s/2m0s
steady_05_google      [   2% ] 2 VUs    0m01.9s/2m0s
steady_06_meta        [   2% ] 2 VUs    0m01.9s/2m0s
steady_07_netflix     [   2% ] 2 VUs    0m01.9s/2m0s
steady_08_nvidia      [   2% ] 2 VUs    0m01.9s/2m0s
steady_09_paypal      [   2% ] 2 VUs    0m01.9s/2m0s
steady_10_reddit      [   2% ] 2 VUs    0m01.9s/2m0s
steady_11_slack       [   2% ] 2 VUs    0m01.9s/2m0s
steady_12_spotify     [   2% ] 2 VUs    0m01.9s/2m0s
steady_13_tesla       [   2% ] 2 VUs    0m01.9s/2m0s
steady_14_uber        [   2% ] 2 VUs    0m01.9s/2m0s
steady_15_zoom        [   2% ] 2 VUs    0m01.9s/2m0s
cooldown_01_amazon  • [   0% ] waiting  1m58.1s
cooldown_02_amd     • [   0% ] waiting  1m58.1s
cooldown_03_apple   • [   0% ] waiting  1m58.1s
cooldown_04_azure   • [   0% ] waiting  1m58.1s
cooldown_05_google  • [   0% ] waiting  1m58.1s
cooldown_06_meta    • [   0% ] waiting  1m58.1s
cooldown_07_netflix • [   0% ] waiting  1m58.1s
cooldown_08_nvidia  • [   0% ] waiting  1m58.1s
cooldown_09_paypal  • [   0% ] waiting  1m58.1s
cooldown_10_reddit  • [   0% ] waiting  1m58.1s
cooldown_11_slack   • [   0% ] waiting  1m58.1s
cooldown_12_spotify • [   0% ] waiting  1m58.1s
cooldown_13_tesla   • [   0% ] waiting  1m58.1s
cooldown_14_uber    • [   0% ] waiting  1m58.1s
cooldown_15_zoom    • [   0% ] waiting  1m58.1s

running (0m32.9s), 42/60 VUs, 124 complete and 0 interrupted iterations
warmup_01_amazon    ↓ [ 100% ] 1/2 VUs  30s
warmup_02_amd       ↓ [ 100% ] 1/2 VUs  30s
warmup_03_apple     ↓ [ 100% ] 2/2 VUs  30s
warmup_04_azure     ↓ [ 100% ] 2/2 VUs  30s
warmup_05_google    ✓ [ 100% ] 0/2 VUs  30s
warmup_06_meta      ↓ [ 100% ] 2/2 VUs  30s
warmup_07_netflix   ↓ [ 100% ] 1/2 VUs  30s
warmup_08_nvidia    ↓ [ 100% ] 1/2 VUs  30s
warmup_09_paypal    ↓ [ 100% ] 1/2 VUs  30s
warmup_10_reddit    ✓ [ 100% ] 0/2 VUs  30s
warmup_11_slack     ↓ [ 100% ] 2/2 VUs  30s
warmup_12_spotify   ↓ [ 100% ] 1/2 VUs  30s
warmup_13_tesla     ✓ [ 100% ] 0/2 VUs  30s
warmup_14_uber      ↓ [ 100% ] 1/2 VUs  30s
warmup_15_zoom      ↓ [ 100% ] 1/2 VUs  30s
steady_01_amazon      [   2% ] 2 VUs    0m02.9s/2m0s
steady_02_amd         [   2% ] 2 VUs    0m02.9s/2m0s
steady_03_apple       [   2% ] 2 VUs    0m02.9s/2m0s
steady_04_azure       [   2% ] 2 VUs    0m02.9s/2m0s
steady_05_google      [   2% ] 2 VUs    0m02.9s/2m0s
steady_06_meta        [   2% ] 2 VUs    0m02.9s/2m0s
steady_07_netflix     [   2% ] 2 VUs    0m02.9s/2m0s
steady_08_nvidia      [   2% ] 2 VUs    0m02.9s/2m0s
steady_09_paypal      [   2% ] 2 VUs    0m02.9s/2m0s
steady_10_reddit      [   2% ] 2 VUs    0m02.9s/2m0s
steady_11_slack       [   2% ] 2 VUs    0m02.9s/2m0s
steady_12_spotify     [   2% ] 2 VUs    0m02.9s/2m0s
steady_13_tesla       [   2% ] 2 VUs    0m02.9s/2m0s
steady_14_uber        [   2% ] 2 VUs    0m02.9s/2m0s
steady_15_zoom        [   2% ] 2 VUs    0m02.9s/2m0s
cooldown_01_amazon  • [   0% ] waiting  1m57.1s
cooldown_02_amd     • [   0% ] waiting  1m57.1s
cooldown_03_apple   • [   0% ] waiting  1m57.1s
cooldown_04_azure   • [   0% ] waiting  1m57.1s
cooldown_05_google  • [   0% ] waiting  1m57.1s
cooldown_06_meta    • [   0% ] waiting  1m57.1s
cooldown_07_netflix • [   0% ] waiting  1m57.1s
cooldown_08_nvidia  • [   0% ] waiting  1m57.1s
cooldown_09_paypal  • [   0% ] waiting  1m57.1s
cooldown_10_reddit  • [   0% ] waiting  1m57.1s
cooldown_11_slack   • [   0% ] waiting  1m57.1s
cooldown_12_spotify • [   0% ] waiting  1m57.1s
cooldown_13_tesla   • [   0% ] waiting  1m57.1s
cooldown_14_uber    • [   0% ] waiting  1m57.1s
cooldown_15_zoom    • [   0% ] waiting  1m57.1s

running (0m33.9s), 30/60 VUs, 163 complete and 0 interrupted iterations
warmup_01_amazon    ✓ [ 100% ] 0/2 VUs  30s
warmup_02_amd       ✓ [ 100% ] 0/2 VUs  30s
warmup_03_apple     ✓ [ 100% ] 0/2 VUs  30s
warmup_04_azure     ✓ [ 100% ] 0/2 VUs  30s
warmup_05_google    ✓ [ 100% ] 0/2 VUs  30s
warmup_06_meta      ✓ [ 100% ] 0/2 VUs  30s
warmup_07_netflix   ✓ [ 100% ] 0/2 VUs  30s
warmup_08_nvidia    ✓ [ 100% ] 0/2 VUs  30s
warmup_09_paypal    ✓ [ 100% ] 0/2 VUs  30s
warmup_10_reddit    ✓ [ 100% ] 0/2 VUs  30s
warmup_11_slack     ✓ [ 100% ] 0/2 VUs  30s
warmup_12_spotify   ✓ [ 100% ] 0/2 VUs  30s
warmup_13_tesla     ✓ [ 100% ] 0/2 VUs  30s
warmup_14_uber      ✓ [ 100% ] 0/2 VUs  30s
warmup_15_zoom      ✓ [ 100% ] 0/2 VUs  30s
steady_01_amazon      [   3% ] 2 VUs    0m03.9s/2m0s
steady_02_amd         [   3% ] 2 VUs    0m03.9s/2m0s
steady_03_apple       [   3% ] 2 VUs    0m03.9s/2m0s
steady_04_azure       [   3% ] 2 VUs    0m03.9s/2m0s
steady_05_google      [   3% ] 2 VUs    0m03.9s/2m0s
steady_06_meta        [   3% ] 2 VUs    0m03.9s/2m0s
steady_07_netflix     [   3% ] 2 VUs    0m03.9s/2m0s
steady_08_nvidia      [   3% ] 2 VUs    0m03.9s/2m0s
steady_09_paypal      [   3% ] 2 VUs    0m03.9s/2m0s
steady_10_reddit      [   3% ] 2 VUs    0m03.9s/2m0s
steady_11_slack       [   3% ] 2 VUs    0m03.9s/2m0s
steady_12_spotify     [   3% ] 2 VUs    0m03.9s/2m0s
steady_13_tesla       [   3% ] 2 VUs    0m03.9s/2m0s
steady_14_uber        [   3% ] 2 VUs    0m03.9s/2m0s
steady_15_zoom        [   3% ] 2 VUs    0m03.9s/2m0s
cooldown_01_amazon  • [   0% ] waiting  1m56.1s
cooldown_02_amd     • [   0% ] waiting  1m56.1s
cooldown_03_apple   • [   0% ] waiting  1m56.1s
cooldown_04_azure   • [   0% ] waiting  1m56.1s
cooldown_05_google  • [   0% ] waiting  1m56.1s
cooldown_06_meta    • [   0% ] waiting  1m56.1s
cooldown_07_netflix • [   0% ] waiting  1m56.1s
cooldown_08_nvidia  • [   0% ] waiting  1m56.1s
cooldown_09_paypal  • [   0% ] waiting  1m56.1s
cooldown_10_reddit  • [   0% ] waiting  1m56.1s
cooldown_11_slack   • [   0% ] waiting  1m56.1s
cooldown_12_spotify • [   0% ] waiting  1m56.1s
cooldown_13_tesla   • [   0% ] waiting  1m56.1s
cooldown_14_uber    • [   0% ] waiting  1m56.1s
cooldown_15_zoom    • [   0% ] waiting  1m56.1s

running (0m34.9s), 30/60 VUs, 165 complete and 0 interrupted iterations
warmup_01_amazon    ✓ [ 100% ] 0/2 VUs  30s
warmup_02_amd       ✓ [ 100% ] 0/2 VUs  30s
warmup_03_apple     ✓ [ 100% ] 0/2 VUs  30s
warmup_04_azure     ✓ [ 100% ] 0/2 VUs  30s
warmup_05_google    ✓ [ 100% ] 0/2 VUs  30s
warmup_06_meta      ✓ [ 100% ] 0/2 VUs  30s
warmup_07_netflix   ✓ [ 100% ] 0/2 VUs  30s
warmup_08_nvidia    ✓ [ 100% ] 0/2 VUs  30s
warmup_09_paypal    ✓ [ 100% ] 0/2 VUs  30s
warmup_10_reddit    ✓ [ 100% ] 0/2 VUs  30s
warmup_11_slack     ✓ [ 100% ] 0/2 VUs  30s
warmup_12_spotify   ✓ [ 100% ] 0/2 VUs  30s
warmup_13_tesla     ✓ [ 100% ] 0/2 VUs  30s
warmup_14_uber      ✓ [ 100% ] 0/2 VUs  30s
warmup_15_zoom      ✓ [ 100% ] 0/2 VUs  30s
steady_01_amazon      [   4% ] 2 VUs    0m04.9s/2m0s
steady_02_amd         [   4% ] 2 VUs    0m04.9s/2m0s
steady_03_apple       [   4% ] 2 VUs    0m04.9s/2m0s
steady_04_azure       [   4% ] 2 VUs    0m04.9s/2m0s
steady_05_google      [   4% ] 2 VUs    0m04.9s/2m0s
steady_06_meta        [   4% ] 2 VUs    0m04.9s/2m0s
steady_07_netflix     [   4% ] 2 VUs    0m04.9s/2m0s
steady_08_nvidia      [   4% ] 2 VUs    0m04.9s/2m0s
steady_09_paypal      [   4% ] 2 VUs    0m04.9s/2m0s
steady_10_reddit      [   4% ] 2 VUs    0m04.9s/2m0s
steady_11_slack       [   4% ] 2 VUs    0m04.9s/2m0s
steady_12_spotify     [   4% ] 2 VUs    0m04.9s/2m0s
steady_13_tesla       [   4% ] 2 VUs    0m04.9s/2m0s
steady_14_uber        [   4% ] 2 VUs    0m04.9s/2m0s
steady_15_zoom        [   4% ] 2 VUs    0m04.9s/2m0s
cooldown_01_amazon  • [   0% ] waiting  1m55.1s
cooldown_02_amd     • [   0% ] waiting  1m55.1s
cooldown_03_apple   • [   0% ] waiting  1m55.1s
cooldown_04_azure   • [   0% ] waiting  1m55.1s
cooldown_05_google  • [   0% ] waiting  1m55.1s
cooldown_06_meta    • [   0% ] waiting  1m55.1s
cooldown_07_netflix • [   0% ] waiting  1m55.1s
cooldown_08_nvidia  • [   0% ] waiting  1m55.1s
cooldown_09_paypal  • [   0% ] waiting  1m55.1s
cooldown_10_reddit  • [   0% ] waiting  1m55.1s
cooldown_11_slack   • [   0% ] waiting  1m55.1s
cooldown_12_spotify • [   0% ] waiting  1m55.1s
cooldown_13_tesla   • [   0% ] waiting  1m55.1s
cooldown_14_uber    • [   0% ] waiting  1m55.1s
cooldown_15_zoom    • [   0% ] waiting  1m55.1s

running (0m35.9s), 30/60 VUs, 166 complete and 0 interrupted iterations
warmup_01_amazon    ✓ [ 100% ] 0/2 VUs  30s
warmup_02_amd       ✓ [ 100% ] 0/2 VUs  30s
warmup_03_apple     ✓ [ 100% ] 0/2 VUs  30s
warmup_04_azure     ✓ [ 100% ] 0/2 VUs  30s
warmup_05_google    ✓ [ 100% ] 0/2 VUs  30s
warmup_06_meta      ✓ [ 100% ] 0/2 VUs  30s
warmup_07_netflix   ✓ [ 100% ] 0/2 VUs  30s
warmup_08_nvidia    ✓ [ 100% ] 0/2 VUs  30s
warmup_09_paypal    ✓ [ 100% ] 0/2 VUs  30s
warmup_10_reddit    ✓ [ 100% ] 0/2 VUs  30s
warmup_11_slack     ✓ [ 100% ] 0/2 VUs  30s
warmup_12_spotify   ✓ [ 100% ] 0/2 VUs  30s
warmup_13_tesla     ✓ [ 100% ] 0/2 VUs  30s
warmup_14_uber      ✓ [ 100% ] 0/2 VUs  30s
warmup_15_zoom      ✓ [ 100% ] 0/2 VUs  30s
steady_01_amazon      [   5% ] 2 VUs    0m05.9s/2m0s
steady_02_amd         [   5% ] 2 VUs    0m05.9s/2m0s
steady_03_apple       [   5% ] 2 VUs    0m05.9s/2m0s
steady_04_azure       [   5% ] 2 VUs    0m05.9s/2m0s
steady_05_google      [   5% ] 2 VUs    0m05.9s/2m0s
steady_06_meta        [   5% ] 2 VUs    0m05.9s/2m0s
steady_07_netflix     [   5% ] 2 VUs    0m05.9s/2m0s
steady_08_nvidia      [   5% ] 2 VUs    0m05.9s/2m0s
steady_09_paypal      [   5% ] 2 VUs    0m05.9s/2m0s
steady_10_reddit      [   5% ] 2 VUs    0m05.9s/2m0s
steady_11_slack       [   5% ] 2 VUs    0m05.9s/2m0s
steady_12_spotify     [   5% ] 2 VUs    0m05.9s/2m0s
steady_13_tesla       [   5% ] 2 VUs    0m05.9s/2m0s
steady_14_uber        [   5% ] 2 VUs    0m05.9s/2m0s
steady_15_zoom        [   5% ] 2 VUs    0m05.9s/2m0s
cooldown_01_amazon  • [   0% ] waiting  1m54.1s
cooldown_02_amd     • [   0% ] waiting  1m54.1s
cooldown_03_apple   • [   0% ] waiting  1m54.1s
cooldown_04_azure   • [   0% ] waiting  1m54.1s
cooldown_05_google  • [   0% ] waiting  1m54.1s
cooldown_06_meta    • [   0% ] waiting  1m54.1s
cooldown_07_netflix • [   0% ] waiting  1m54.1s
cooldown_08_nvidia  • [   0% ] waiting  1m54.1s
cooldown_09_paypal  • [   0% ] waiting  1m54.1s
cooldown_10_reddit  • [   0% ] waiting  1m54.1s
cooldown_11_slack   • [   0% ] waiting  1m54.1s
cooldown_12_spotify • [   0% ] waiting  1m54.1s
cooldown_13_tesla   • [   0% ] waiting  1m54.1s
cooldown_14_uber    • [   0% ] waiting  1m54.1s
cooldown_15_zoom    • [   0% ] waiting  1m54.1s

running (0m37.0s), 30/60 VUs, 196 complete and 0 interrupted iterations
warmup_01_amazon    ✓ [ 100% ] 0/2 VUs  30s
warmup_02_amd       ✓ [ 100% ] 0/2 VUs  30s
warmup_03_apple     ✓ [ 100% ] 0/2 VUs  30s
warmup_04_azure     ✓ [ 100% ] 0/2 VUs  30s
warmup_05_google    ✓ [ 100% ] 0/2 VUs  30s
warmup_06_meta      ✓ [ 100% ] 0/2 VUs  30s
warmup_07_netflix   ✓ [ 100% ] 0/2 VUs  30s
warmup_08_nvidia    ✓ [ 100% ] 0/2 VUs  30s
warmup_09_paypal    ✓ [ 100% ] 0/2 VUs  30s
warmup_10_reddit    ✓ [ 100% ] 0/2 VUs  30s
warmup_11_slack     ✓ [ 100% ] 0/2 VUs  30s
warmup_12_spotify   ✓ [ 100% ] 0/2 VUs  30s
warmup_13_tesla     ✓ [ 100% ] 0/2 VUs  30s
warmup_14_uber      ✓ [ 100% ] 0/2 VUs  30s
warmup_15_zoom      ✓ [ 100% ] 0/2 VUs  30s
steady_01_amazon      [   6% ] 2 VUs    0m06.9s/2m0s
steady_02_amd         [   6% ] 2 VUs    0m06.9s/2m0s
steady_03_apple       [   6% ] 2 VUs    0m06.9s/2m0s
steady_04_azure       [   6% ] 2 VUs    0m06.9s/2m0s
steady_05_google      [   6% ] 2 VUs    0m06.9s/2m0s
steady_06_meta        [   6% ] 2 VUs    0m06.9s/2m0s
steady_07_netflix     [   6% ] 2 VUs    0m06.9s/2m0s
steady_08_nvidia      [   6% ] 2 VUs    0m06.9s/2m0s
steady_09_paypal      [   6% ] 2 VUs    0m06.9s/2m0s
steady_10_reddit      [   6% ] 2 VUs    0m06.9s/2m0s
steady_11_slack       [   6% ] 2 VUs    0m06.9s/2m0s
steady_12_spotify     [   6% ] 2 VUs    0m06.9s/2m0s
steady_13_tesla       [   6% ] 2 VUs    0m06.9s/2m0s
steady_14_uber        [   6% ] 2 VUs    0m06.9s/2m0s
steady_15_zoom        [   6% ] 2 VUs    0m06.9s/2m0s
cooldown_01_amazon  • [   0% ] waiting  1m53.1s
cooldown_02_amd     • [   0% ] waiting  1m53.1s
cooldown_03_apple   • [   0% ] waiting  1m53.1s
cooldown_04_azure   • [   0% ] waiting  1m53.1s
cooldown_05_google  • [   0% ] waiting  1m53.1s
cooldown_06_meta    • [   0% ] waiting  1m53.1s
cooldown_07_netflix • [   0% ] waiting  1m53.1s
cooldown_08_nvidia  • [   0% ] waiting  1m53.1s
cooldown_09_paypal  • [   0% ] waiting  1m53.1s
cooldown_10_reddit  • [   0% ] waiting  1m53.1s
cooldown_11_slack   • [   0% ] waiting  1m53.1s
cooldown_12_spotify • [   0% ] waiting  1m53.1s
cooldown_13_tesla   • [   0% ] waiting  1m53.1s
cooldown_14_uber    • [   0% ] waiting  1m53.1s
cooldown_15_zoom    • [   0% ] waiting  1m53.1s

running (0m37.9s), 30/60 VUs, 196 complete and 0 interrupted iterations
warmup_01_amazon    ✓ [ 100% ] 0/2 VUs  30s
warmup_02_amd       ✓ [ 100% ] 0/2 VUs  30s
warmup_03_apple     ✓ [ 100% ] 0/2 VUs  30s
warmup_04_azure     ✓ [ 100% ] 0/2 VUs  30s
warmup_05_google    ✓ [ 100% ] 0/2 VUs  30s
warmup_06_meta      ✓ [ 100% ] 0/2 VUs  30s
warmup_07_netflix   ✓ [ 100% ] 0/2 VUs  30s
warmup_08_nvidia    ✓ [ 100% ] 0/2 VUs  30s
warmup_09_paypal    ✓ [ 100% ] 0/2 VUs  30s
warmup_10_reddit    ✓ [ 100% ] 0/2 VUs  30s
warmup_11_slack     ✓ [ 100% ] 0/2 VUs  30s
warmup_12_spotify   ✓ [ 100% ] 0/2 VUs  30s
warmup_13_tesla     ✓ [ 100% ] 0/2 VUs  30s
warmup_14_uber      ✓ [ 100% ] 0/2 VUs  30s
warmup_15_zoom      ✓ [ 100% ] 0/2 VUs  30s
steady_01_amazon      [   7% ] 2 VUs    0m07.9s/2m0s
steady_02_amd         [   7% ] 2 VUs    0m07.9s/2m0s
steady_03_apple       [   7% ] 2 VUs    0m07.9s/2m0s
steady_04_azure       [   7% ] 2 VUs    0m07.9s/2m0s
steady_05_google      [   7% ] 2 VUs    0m07.9s/2m0s
steady_06_meta        [   7% ] 2 VUs    0m07.9s/2m0s
steady_07_netflix     [   7% ] 2 VUs    0m07.9s/2m0s
steady_08_nvidia      [   7% ] 2 VUs    0m07.9s/2m0s
steady_09_paypal      [   7% ] 2 VUs    0m07.9s/2m0s
steady_10_reddit      [   7% ] 2 VUs    0m07.9s/2m0s
steady_11_slack       [   7% ] 2 VUs    0m07.9s/2m0s
steady_12_spotify     [   7% ] 2 VUs    0m07.9s/2m0s
steady_13_tesla       [   7% ] 2 VUs    0m07.9s/2m0s
steady_14_uber        [   7% ] 2 VUs    0m07.9s/2m0s
steady_15_zoom        [   7% ] 2 VUs    0m07.9s/2m0s
cooldown_01_amazon  • [   0% ] waiting  1m52.1s
cooldown_02_amd     • [   0% ] waiting  1m52.1s
cooldown_03_apple   • [   0% ] waiting  1m52.1s
cooldown_04_azure   • [   0% ] waiting  1m52.1s
cooldown_05_google  • [   0% ] waiting  1m52.1s
cooldown_06_meta    • [   0% ] waiting  1m52.1s
cooldown_07_netflix • [   0% ] waiting  1m52.1s
cooldown_08_nvidia  • [   0% ] waiting  1m52.1s
cooldown_09_paypal  • [   0% ] waiting  1m52.1s
cooldown_10_reddit  • [   0% ] waiting  1m52.1s
cooldown_11_slack   • [   0% ] waiting  1m52.1s
cooldown_12_spotify • [   0% ] waiting  1m52.1s
cooldown_13_tesla   • [   0% ] waiting  1m52.1s
cooldown_14_uber    • [   0% ] waiting  1m52.1s
cooldown_15_zoom    • [   0% ] waiting  1m52.1s

running (0m38.9s), 30/60 VUs, 196 complete and 0 interrupted iterations
warmup_01_amazon    ✓ [ 100% ] 0/2 VUs  30s
warmup_02_amd       ✓ [ 100% ] 0/2 VUs  30s
warmup_03_apple     ✓ [ 100% ] 0/2 VUs  30s
warmup_04_azure     ✓ [ 100% ] 0/2 VUs  30s
warmup_05_google    ✓ [ 100% ] 0/2 VUs  30s
warmup_06_meta      ✓ [ 100% ] 0/2 VUs  30s
warmup_07_netflix   ✓ [ 100% ] 0/2 VUs  30s
warmup_08_nvidia    ✓ [ 100% ] 0/2 VUs  30s
warmup_09_paypal    ✓ [ 100% ] 0/2 VUs  30s
warmup_10_reddit    ✓ [ 100% ] 0/2 VUs  30s
warmup_11_slack     ✓ [ 100% ] 0/2 VUs  30s
warmup_12_spotify   ✓ [ 100% ] 0/2 VUs  30s
warmup_13_tesla     ✓ [ 100% ] 0/2 VUs  30s
warmup_14_uber      ✓ [ 100% ] 0/2 VUs  30s
warmup_15_zoom      ✓ [ 100% ] 0/2 VUs  30s
steady_01_amazon      [   7% ] 2 VUs    0m08.9s/2m0s
steady_02_amd         [   7% ] 2 VUs    0m08.9s/2m0s
steady_03_apple       [   7% ] 2 VUs    0m08.9s/2m0s
steady_04_azure       [   7% ] 2 VUs    0m08.9s/2m0s
steady_05_google      [   7% ] 2 VUs    0m08.9s/2m0s
steady_06_meta        [   7% ] 2 VUs    0m08.9s/2m0s
steady_07_netflix     [   7% ] 2 VUs    0m08.9s/2m0s
steady_08_nvidia      [   7% ] 2 VUs    0m08.9s/2m0s
steady_09_paypal      [   7% ] 2 VUs    0m08.9s/2m0s
steady_10_reddit      [   7% ] 2 VUs    0m08.9s/2m0s
steady_11_slack       [   7% ] 2 VUs    0m08.9s/2m0s
steady_12_spotify     [   7% ] 2 VUs    0m08.9s/2m0s
steady_13_tesla       [   7% ] 2 VUs    0m08.9s/2m0s
steady_14_uber        [   7% ] 2 VUs    0m08.9s/2m0s
steady_15_zoom        [   7% ] 2 VUs    0m08.9s/2m0s
cooldown_01_amazon  • [   0% ] waiting  1m51.1s
cooldown_02_amd     • [   0% ] waiting  1m51.1s
cooldown_03_apple   • [   0% ] waiting  1m51.1s
cooldown_04_azure   • [   0% ] waiting  1m51.1s
cooldown_05_google  • [   0% ] waiting  1m51.1s
cooldown_06_meta    • [   0% ] waiting  1m51.1s
cooldown_07_netflix • [   0% ] waiting  1m51.1s
cooldown_08_nvidia  • [   0% ] waiting  1m51.1s
cooldown_09_paypal  • [   0% ] waiting  1m51.1s
cooldown_10_reddit  • [   0% ] waiting  1m51.1s
cooldown_11_slack   • [   0% ] waiting  1m51.1s
cooldown_12_spotify • [   0% ] waiting  1m51.1s
cooldown_13_tesla   • [   0% ] waiting  1m51.1s
cooldown_14_uber    • [   0% ] waiting  1m51.1s
cooldown_15_zoom    • [   0% ] waiting  1m51.1s

running (0m40.0s), 30/60 VUs, 226 complete and 0 interrupted iterations
warmup_01_amazon    ✓ [ 100% ] 0/2 VUs  30s
warmup_02_amd       ✓ [ 100% ] 0/2 VUs  30s
warmup_03_apple     ✓ [ 100% ] 0/2 VUs  30s
warmup_04_azure     ✓ [ 100% ] 0/2 VUs  30s
warmup_05_google    ✓ [ 100% ] 0/2 VUs  30s
warmup_06_meta      ✓ [ 100% ] 0/2 VUs  30s
warmup_07_netflix   ✓ [ 100% ] 0/2 VUs  30s
warmup_08_nvidia    ✓ [ 100% ] 0/2 VUs  30s
warmup_09_paypal    ✓ [ 100% ] 0/2 VUs  30s
warmup_10_reddit    ✓ [ 100% ] 0/2 VUs  30s
warmup_11_slack     ✓ [ 100% ] 0/2 VUs  30s
warmup_12_spotify   ✓ [ 100% ] 0/2 VUs  30s
warmup_13_tesla     ✓ [ 100% ] 0/2 VUs  30s
warmup_14_uber      ✓ [ 100% ] 0/2 VUs  30s
warmup_15_zoom      ✓ [ 100% ] 0/2 VUs  30s
steady_01_amazon      [   8% ] 2 VUs    0m09.9s/2m0s
steady_02_amd         [   8% ] 2 VUs    0m09.9s/2m0s
steady_03_apple       [   8% ] 2 VUs    0m09.9s/2m0s
steady_04_azure       [   8% ] 2 VUs    0m09.9s/2m0s
steady_05_google      [   8% ] 2 VUs    0m09.9s/2m0s
steady_06_meta        [   8% ] 2 VUs    0m09.9s/2m0s
steady_07_netflix     [   8% ] 2 VUs    0m09.9s/2m0s
steady_08_nvidia      [   8% ] 2 VUs    0m09.9s/2m0s
steady_09_paypal      [   8% ] 2 VUs    0m09.9s/2m0s
steady_10_reddit      [   8% ] 2 VUs    0m09.9s/2m0s
steady_11_slack       [   8% ] 2 VUs    0m09.9s/2m0s
steady_12_spotify     [   8% ] 2 VUs    0m09.9s/2m0s
steady_13_tesla       [   8% ] 2 VUs    0m09.9s/2m0s
steady_14_uber        [   8% ] 2 VUs    0m09.9s/2m0s
steady_15_zoom        [   8% ] 2 VUs    0m09.9s/2m0s
cooldown_01_amazon  • [   0% ] waiting  1m50.1s
cooldown_02_amd     • [   0% ] waiting  1m50.1s
cooldown_03_apple   • [   0% ] waiting  1m50.1s
cooldown_04_azure   • [   0% ] waiting  1m50.1s
cooldown_05_google  • [   0% ] waiting  1m50.1s
cooldown_06_meta    • [   0% ] waiting  1m50.1s
cooldown_07_netflix • [   0% ] waiting  1m50.1s
cooldown_08_nvidia  • [   0% ] waiting  1m50.1s
cooldown_09_paypal  • [   0% ] waiting  1m50.1s
cooldown_10_reddit  • [   0% ] waiting  1m50.1s
cooldown_11_slack   • [   0% ] waiting  1m50.1s
cooldown_12_spotify • [   0% ] waiting  1m50.1s
cooldown_13_tesla   • [   0% ] waiting  1m50.1s
cooldown_14_uber    • [   0% ] waiting  1m50.1s
cooldown_15_zoom    • [   0% ] waiting  1m50.1s

running (0m40.9s), 30/60 VUs, 226 complete and 0 interrupted iterations
warmup_01_amazon    ✓ [ 100% ] 0/2 VUs  30s
warmup_02_amd       ✓ [ 100% ] 0/2 VUs  30s
warmup_03_apple     ✓ [ 100% ] 0/2 VUs  30s
warmup_04_azure     ✓ [ 100% ] 0/2 VUs  30s
warmup_05_google    ✓ [ 100% ] 0/2 VUs  30s
warmup_06_meta      ✓ [ 100% ] 0/2 VUs  30s
warmup_07_netflix   ✓ [ 100% ] 0/2 VUs  30s
warmup_08_nvidia    ✓ [ 100% ] 0/2 VUs  30s
warmup_09_paypal    ✓ [ 100% ] 0/2 VUs  30s
warmup_10_reddit    ✓ [ 100% ] 0/2 VUs  30s
warmup_11_slack     ✓ [ 100% ] 0/2 VUs  30s
warmup_12_spotify   ✓ [ 100% ] 0/2 VUs  30s
warmup_13_tesla     ✓ [ 100% ] 0/2 VUs  30s
warmup_14_uber      ✓ [ 100% ] 0/2 VUs  30s
warmup_15_zoom      ✓ [ 100% ] 0/2 VUs  30s
steady_01_amazon      [   9% ] 2 VUs    0m10.9s/2m0s
steady_02_amd         [   9% ] 2 VUs    0m10.9s/2m0s
steady_03_apple       [   9% ] 2 VUs    0m10.9s/2m0s
steady_04_azure       [   9% ] 2 VUs    0m10.9s/2m0s
steady_05_google      [   9% ] 2 VUs    0m10.9s/2m0s
steady_06_meta        [   9% ] 2 VUs    0m10.9s/2m0s
steady_07_netflix     [   9% ] 2 VUs    0m10.9s/2m0s
steady_08_nvidia      [   9% ] 2 VUs    0m10.9s/2m0s
steady_09_paypal      [   9% ] 2 VUs    0m10.9s/2m0s
steady_10_reddit      [   9% ] 2 VUs    0m10.9s/2m0s
steady_11_slack       [   9% ] 2 VUs    0m10.9s/2m0s
steady_12_spotify     [   9% ] 2 VUs    0m10.9s/2m0s
steady_13_tesla       [   9% ] 2 VUs    0m10.9s/2m0s
steady_14_uber        [   9% ] 2 VUs    0m10.9s/2m0s
steady_15_zoom        [   9% ] 2 VUs    0m10.9s/2m0s
cooldown_01_amazon  • [   0% ] waiting  1m49.1s
cooldown_02_amd     • [   0% ] waiting  1m49.1s
cooldown_03_apple   • [   0% ] waiting  1m49.1s
cooldown_04_azure   • [   0% ] waiting  1m49.1s
cooldown_05_google  • [   0% ] waiting  1m49.1s
cooldown_06_meta    • [   0% ] waiting  1m49.1s
cooldown_07_netflix • [   0% ] waiting  1m49.1s
cooldown_08_nvidia  • [   0% ] waiting  1m49.1s
cooldown_09_paypal  • [   0% ] waiting  1m49.1s
cooldown_10_reddit  • [   0% ] waiting  1m49.1s
cooldown_11_slack   • [   0% ] waiting  1m49.1s
cooldown_12_spotify • [   0% ] waiting  1m49.1s
cooldown_13_tesla   • [   0% ] waiting  1m49.1s
cooldown_14_uber    • [   0% ] waiting  1m49.1s
cooldown_15_zoom    • [   0% ] waiting  1m49.1s

running (0m41.9s), 30/60 VUs, 226 complete and 0 interrupted iterations
warmup_01_amazon    ✓ [ 100% ] 0/2 VUs  30s
warmup_02_amd       ✓ [ 100% ] 0/2 VUs  30s
warmup_03_apple     ✓ [ 100% ] 0/2 VUs  30s
warmup_04_azure     ✓ [ 100% ] 0/2 VUs  30s
warmup_05_google    ✓ [ 100% ] 0/2 VUs  30s
warmup_06_meta      ✓ [ 100% ] 0/2 VUs  30s
warmup_07_netflix   ✓ [ 100% ] 0/2 VUs  30s
warmup_08_nvidia    ✓ [ 100% ] 0/2 VUs  30s
warmup_09_paypal    ✓ [ 100% ] 0/2 VUs  30s
warmup_10_reddit    ✓ [ 100% ] 0/2 VUs  30s
warmup_11_slack     ✓ [ 100% ] 0/2 VUs  30s
warmup_12_spotify   ✓ [ 100% ] 0/2 VUs  30s
warmup_13_tesla     ✓ [ 100% ] 0/2 VUs  30s
warmup_14_uber      ✓ [ 100% ] 0/2 VUs  30s
warmup_15_zoom      ✓ [ 100% ] 0/2 VUs  30s
steady_01_amazon      [  10% ] 2 VUs    0m11.9s/2m0s
steady_02_amd         [  10% ] 2 VUs    0m11.9s/2m0s
steady_03_apple       [  10% ] 2 VUs    0m11.9s/2m0s
steady_04_azure       [  10% ] 2 VUs    0m11.9s/2m0s
steady_05_google      [  10% ] 2 VUs    0m11.9s/2m0s
steady_06_meta        [  10% ] 2 VUs    0m11.9s/2m0s
steady_07_netflix     [  10% ] 2 VUs    0m11.9s/2m0s
steady_08_nvidia      [  10% ] 2 VUs    0m11.9s/2m0s
steady_09_paypal      [  10% ] 2 VUs    0m11.9s/2m0s
steady_10_reddit      [  10% ] 2 VUs    0m11.9s/2m0s
steady_11_slack       [  10% ] 2 VUs    0m11.9s/2m0s
steady_12_spotify     [  10% ] 2 VUs    0m11.9s/2m0s
steady_13_tesla       [  10% ] 2 VUs    0m11.9s/2m0s
steady_14_uber        [  10% ] 2 VUs    0m11.9s/2m0s
steady_15_zoom        [  10% ] 2 VUs    0m11.9s/2m0s
cooldown_01_amazon  • [   0% ] waiting  1m48.1s
cooldown_02_amd     • [   0% ] waiting  1m48.1s
cooldown_03_apple   • [   0% ] waiting  1m48.1s
cooldown_04_azure   • [   0% ] waiting  1m48.1s
cooldown_05_google  • [   0% ] waiting  1m48.1s
cooldown_06_meta    • [   0% ] waiting  1m48.1s
cooldown_07_netflix • [   0% ] waiting  1m48.1s
cooldown_08_nvidia  • [   0% ] waiting  1m48.1s
cooldown_09_paypal  • [   0% ] waiting  1m48.1s
cooldown_10_reddit  • [   0% ] waiting  1m48.1s
cooldown_11_slack   • [   0% ] waiting  1m48.1s
cooldown_12_spotify • [   0% ] waiting  1m48.1s
cooldown_13_tesla   • [   0% ] waiting  1m48.1s
cooldown_14_uber    • [   0% ] waiting  1m48.1s
cooldown_15_zoom    • [   0% ] waiting  1m48.1s

running (0m43.0s), 30/60 VUs, 256 complete and 0 interrupted iterations
warmup_01_amazon    ✓ [ 100% ] 0/2 VUs  30s
warmup_02_amd       ✓ [ 100% ] 0/2 VUs  30s
warmup_03_apple     ✓ [ 100% ] 0/2 VUs  30s
warmup_04_azure     ✓ [ 100% ] 0/2 VUs  30s
warmup_05_google    ✓ [ 100% ] 0/2 VUs  30s
warmup_06_meta      ✓ [ 100% ] 0/2 VUs  30s
warmup_07_netflix   ✓ [ 100% ] 0/2 VUs  30s
warmup_08_nvidia    ✓ [ 100% ] 0/2 VUs  30s
warmup_09_paypal    ✓ [ 100% ] 0/2 VUs  30s
warmup_10_reddit    ✓ [ 100% ] 0/2 VUs  30s
warmup_11_slack     ✓ [ 100% ] 0/2 VUs  30s
warmup_12_spotify   ✓ [ 100% ] 0/2 VUs  30s
warmup_13_tesla     ✓ [ 100% ] 0/2 VUs  30s
warmup_14_uber      ✓ [ 100% ] 0/2 VUs  30s
warmup_15_zoom      ✓ [ 100% ] 0/2 VUs  30s
steady_01_amazon      [  11% ] 2 VUs    0m12.9s/2m0s
steady_02_amd         [  11% ] 2 VUs    0m12.9s/2m0s
steady_03_apple       [  11% ] 2 VUs    0m12.9s/2m0s
steady_04_azure       [  11% ] 2 VUs    0m12.9s/2m0s
steady_05_google      [  11% ] 2 VUs    0m12.9s/2m0s
steady_06_meta        [  11% ] 2 VUs    0m12.9s/2m0s
steady_07_netflix     [  11% ] 2 VUs    0m12.9s/2m0s
steady_08_nvidia      [  11% ] 2 VUs    0m12.9s/2m0s
steady_09_paypal      [  11% ] 2 VUs    0m12.9s/2m0s
steady_10_reddit      [  11% ] 2 VUs    0m12.9s/2m0s
steady_11_slack       [  11% ] 2 VUs    0m12.9s/2m0s
steady_12_spotify     [  11% ] 2 VUs    0m12.9s/2m0s
steady_13_tesla       [  11% ] 2 VUs    0m12.9s/2m0s
steady_14_uber        [  11% ] 2 VUs    0m12.9s/2m0s
steady_15_zoom        [  11% ] 2 VUs    0m12.9s/2m0s
cooldown_01_amazon  • [   0% ] waiting  1m47.1s
cooldown_02_amd     • [   0% ] waiting  1m47.1s
cooldown_03_apple   • [   0% ] waiting  1m47.1s
cooldown_04_azure   • [   0% ] waiting  1m47.1s
cooldown_05_google  • [   0% ] waiting  1m47.1s
cooldown_06_meta    • [   0% ] waiting  1m47.1s
cooldown_07_netflix • [   0% ] waiting  1m47.1s
cooldown_08_nvidia  • [   0% ] waiting  1m47.1s
cooldown_09_paypal  • [   0% ] waiting  1m47.1s
cooldown_10_reddit  • [   0% ] waiting  1m47.1s
cooldown_11_slack   • [   0% ] waiting  1m47.1s
cooldown_12_spotify • [   0% ] waiting  1m47.1s
cooldown_13_tesla   • [   0% ] waiting  1m47.1s
cooldown_14_uber    • [   0% ] waiting  1m47.1s
cooldown_15_zoom    • [   0% ] waiting  1m47.1s

running (0m43.9s), 30/60 VUs, 256 complete and 0 interrupted iterations
warmup_01_amazon    ✓ [ 100% ] 0/2 VUs  30s
warmup_02_amd       ✓ [ 100% ] 0/2 VUs  30s
warmup_03_apple     ✓ [ 100% ] 0/2 VUs  30s
warmup_04_azure     ✓ [ 100% ] 0/2 VUs  30s
warmup_05_google    ✓ [ 100% ] 0/2 VUs  30s
warmup_06_meta      ✓ [ 100% ] 0/2 VUs  30s
warmup_07_netflix   ✓ [ 100% ] 0/2 VUs  30s
warmup_08_nvidia    ✓ [ 100% ] 0/2 VUs  30s
warmup_09_paypal    ✓ [ 100% ] 0/2 VUs  30s
warmup_10_reddit    ✓ [ 100% ] 0/2 VUs  30s
warmup_11_slack     ✓ [ 100% ] 0/2 VUs  30s
warmup_12_spotify   ✓ [ 100% ] 0/2 VUs  30s
warmup_13_tesla     ✓ [ 100% ] 0/2 VUs  30s
warmup_14_uber      ✓ [ 100% ] 0/2 VUs  30s
warmup_15_zoom      ✓ [ 100% ] 0/2 VUs  30s
steady_01_amazon      [  12% ] 2 VUs    0m13.9s/2m0s
steady_02_amd         [  12% ] 2 VUs    0m13.9s/2m0s
steady_03_apple       [  12% ] 2 VUs    0m13.9s/2m0s
steady_04_azure       [  12% ] 2 VUs    0m13.9s/2m0s
steady_05_google      [  12% ] 2 VUs    0m13.9s/2m0s
steady_06_meta        [  12% ] 2 VUs    0m13.9s/2m0s
steady_07_netflix     [  12% ] 2 VUs    0m13.9s/2m0s
steady_08_nvidia      [  12% ] 2 VUs    0m13.9s/2m0s
steady_09_paypal      [  12% ] 2 VUs    0m13.9s/2m0s
steady_10_reddit      [  12% ] 2 VUs    0m13.9s/2m0s
steady_11_slack       [  12% ] 2 VUs    0m13.9s/2m0s
steady_12_spotify     [  12% ] 2 VUs    0m13.9s/2m0s
steady_13_tesla       [  12% ] 2 VUs    0m13.9s/2m0s
steady_14_uber        [  12% ] 2 VUs    0m13.9s/2m0s
steady_15_zoom        [  12% ] 2 VUs    0m13.9s/2m0s
cooldown_01_amazon  • [   0% ] waiting  1m46.1s
cooldown_02_amd     • [   0% ] waiting  1m46.1s
cooldown_03_apple   • [   0% ] waiting  1m46.1s
cooldown_04_azure   • [   0% ] waiting  1m46.1s
cooldown_05_google  • [   0% ] waiting  1m46.1s
cooldown_06_meta    • [   0% ] waiting  1m46.1s
cooldown_07_netflix • [   0% ] waiting  1m46.1s
cooldown_08_nvidia  • [   0% ] waiting  1m46.1s
cooldown_09_paypal  • [   0% ] waiting  1m46.1s
cooldown_10_reddit  • [   0% ] waiting  1m46.1s
cooldown_11_slack   • [   0% ] waiting  1m46.1s
cooldown_12_spotify • [   0% ] waiting  1m46.1s
cooldown_13_tesla   • [   0% ] waiting  1m46.1s
cooldown_14_uber    • [   0% ] waiting  1m46.1s
cooldown_15_zoom    • [   0% ] waiting  1m46.1s

running (0m44.9s), 30/60 VUs, 256 complete and 0 interrupted iterations
warmup_01_amazon    ✓ [ 100% ] 0/2 VUs  30s
warmup_02_amd       ✓ [ 100% ] 0/2 VUs  30s
warmup_03_apple     ✓ [ 100% ] 0/2 VUs  30s
warmup_04_azure     ✓ [ 100% ] 0/2 VUs  30s
warmup_05_google    ✓ [ 100% ] 0/2 VUs  30s
warmup_06_meta      ✓ [ 100% ] 0/2 VUs  30s
warmup_07_netflix   ✓ [ 100% ] 0/2 VUs  30s
warmup_08_nvidia    ✓ [ 100% ] 0/2 VUs  30s
warmup_09_paypal    ✓ [ 100% ] 0/2 VUs  30s
warmup_10_reddit    ✓ [ 100% ] 0/2 VUs  30s
warmup_11_slack     ✓ [ 100% ] 0/2 VUs  30s
warmup_12_spotify   ✓ [ 100% ] 0/2 VUs  30s
warmup_13_tesla     ✓ [ 100% ] 0/2 VUs  30s
warmup_14_uber      ✓ [ 100% ] 0/2 VUs  30s
warmup_15_zoom      ✓ [ 100% ] 0/2 VUs  30s
steady_01_amazon      [  12% ] 2 VUs    0m14.9s/2m0s
steady_02_amd         [  12% ] 2 VUs    0m14.9s/2m0s
steady_03_apple       [  12% ] 2 VUs    0m14.9s/2m0s
steady_04_azure       [  12% ] 2 VUs    0m14.9s/2m0s
steady_05_google      [  12% ] 2 VUs    0m14.9s/2m0s
steady_06_meta        [  12% ] 2 VUs    0m14.9s/2m0s
steady_07_netflix     [  12% ] 2 VUs    0m14.9s/2m0s
steady_08_nvidia      [  12% ] 2 VUs    0m14.9s/2m0s
steady_09_paypal      [  12% ] 2 VUs    0m14.9s/2m0s
steady_10_reddit      [  12% ] 2 VUs    0m14.9s/2m0s
steady_11_slack       [  12% ] 2 VUs    0m14.9s/2m0s
steady_12_spotify     [  12% ] 2 VUs    0m14.9s/2m0s
steady_13_tesla       [  12% ] 2 VUs    0m14.9s/2m0s
steady_14_uber        [  12% ] 2 VUs    0m14.9s/2m0s
steady_15_zoom        [  12% ] 2 VUs    0m14.9s/2m0s
cooldown_01_amazon  • [   0% ] waiting  1m45.1s
cooldown_02_amd     • [   0% ] waiting  1m45.1s
cooldown_03_apple   • [   0% ] waiting  1m45.1s
cooldown_04_azure   • [   0% ] waiting  1m45.1s
cooldown_05_google  • [   0% ] waiting  1m45.1s
cooldown_06_meta    • [   0% ] waiting  1m45.1s
cooldown_07_netflix • [   0% ] waiting  1m45.1s
cooldown_08_nvidia  • [   0% ] waiting  1m45.1s
cooldown_09_paypal  • [   0% ] waiting  1m45.1s
cooldown_10_reddit  • [   0% ] waiting  1m45.1s
cooldown_11_slack   • [   0% ] waiting  1m45.1s
cooldown_12_spotify • [   0% ] waiting  1m45.1s
cooldown_13_tesla   • [   0% ] waiting  1m45.1s
cooldown_14_uber    • [   0% ] waiting  1m45.1s
cooldown_15_zoom    • [   0% ] waiting  1m45.1s

running (0m45.9s), 30/60 VUs, 282 complete and 0 interrupted iterations
warmup_01_amazon    ✓ [ 100% ] 0/2 VUs  30s
warmup_02_amd       ✓ [ 100% ] 0/2 VUs  30s
warmup_03_apple     ✓ [ 100% ] 0/2 VUs  30s
warmup_04_azure     ✓ [ 100% ] 0/2 VUs  30s
warmup_05_google    ✓ [ 100% ] 0/2 VUs  30s
warmup_06_meta      ✓ [ 100% ] 0/2 VUs  30s
warmup_07_netflix   ✓ [ 100% ] 0/2 VUs  30s
warmup_08_nvidia    ✓ [ 100% ] 0/2 VUs  30s
warmup_09_paypal    ✓ [ 100% ] 0/2 VUs  30s
warmup_10_reddit    ✓ [ 100% ] 0/2 VUs  30s
warmup_11_slack     ✓ [ 100% ] 0/2 VUs  30s
warmup_12_spotify   ✓ [ 100% ] 0/2 VUs  30s
warmup_13_tesla     ✓ [ 100% ] 0/2 VUs  30s
warmup_14_uber      ✓ [ 100% ] 0/2 VUs  30s
warmup_15_zoom      ✓ [ 100% ] 0/2 VUs  30s
steady_01_amazon      [  13% ] 2 VUs    0m15.9s/2m0s
steady_02_amd         [  13% ] 2 VUs    0m15.9s/2m0s
steady_03_apple       [  13% ] 2 VUs    0m15.9s/2m0s
steady_04_azure       [  13% ] 2 VUs    0m15.9s/2m0s
steady_05_google      [  13% ] 2 VUs    0m15.9s/2m0s
steady_06_meta        [  13% ] 2 VUs    0m15.9s/2m0s
steady_07_netflix     [  13% ] 2 VUs    0m15.9s/2m0s
steady_08_nvidia      [  13% ] 2 VUs    0m15.9s/2m0s
steady_09_paypal      [  13% ] 2 VUs    0m15.9s/2m0s
steady_10_reddit      [  13% ] 2 VUs    0m15.9s/2m0s
steady_11_slack       [  13% ] 2 VUs    0m15.9s/2m0s
steady_12_spotify     [  13% ] 2 VUs    0m15.9s/2m0s
steady_13_tesla       [  13% ] 2 VUs    0m15.9s/2m0s
steady_14_uber        [  13% ] 2 VUs    0m15.9s/2m0s
steady_15_zoom        [  13% ] 2 VUs    0m15.9s/2m0s
cooldown_01_amazon  • [   0% ] waiting  1m44.1s
cooldown_02_amd     • [   0% ] waiting  1m44.1s
cooldown_03_apple   • [   0% ] waiting  1m44.1s
cooldown_04_azure   • [   0% ] waiting  1m44.1s
cooldown_05_google  • [   0% ] waiting  1m44.1s
cooldown_06_meta    • [   0% ] waiting  1m44.1s
cooldown_07_netflix • [   0% ] waiting  1m44.1s
cooldown_08_nvidia  • [   0% ] waiting  1m44.1s
cooldown_09_paypal  • [   0% ] waiting  1m44.1s
cooldown_10_reddit  • [   0% ] waiting  1m44.1s
cooldown_11_slack   • [   0% ] waiting  1m44.1s
cooldown_12_spotify • [   0% ] waiting  1m44.1s
cooldown_13_tesla   • [   0% ] waiting  1m44.1s
cooldown_14_uber    • [   0% ] waiting  1m44.1s
cooldown_15_zoom    • [   0% ] waiting  1m44.1s

running (0m46.9s), 30/60 VUs, 286 complete and 0 interrupted iterations
warmup_01_amazon    ✓ [ 100% ] 0/2 VUs  30s
warmup_02_amd       ✓ [ 100% ] 0/2 VUs  30s
warmup_03_apple     ✓ [ 100% ] 0/2 VUs  30s
warmup_04_azure     ✓ [ 100% ] 0/2 VUs  30s
warmup_05_google    ✓ [ 100% ] 0/2 VUs  30s
warmup_06_meta      ✓ [ 100% ] 0/2 VUs  30s
warmup_07_netflix   ✓ [ 100% ] 0/2 VUs  30s
warmup_08_nvidia    ✓ [ 100% ] 0/2 VUs  30s
warmup_09_paypal    ✓ [ 100% ] 0/2 VUs  30s
warmup_10_reddit    ✓ [ 100% ] 0/2 VUs  30s
warmup_11_slack     ✓ [ 100% ] 0/2 VUs  30s
warmup_12_spotify   ✓ [ 100% ] 0/2 VUs  30s
warmup_13_tesla     ✓ [ 100% ] 0/2 VUs  30s
warmup_14_uber      ✓ [ 100% ] 0/2 VUs  30s
warmup_15_zoom      ✓ [ 100% ] 0/2 VUs  30s
steady_01_amazon      [  14% ] 2 VUs    0m16.9s/2m0s
steady_02_amd         [  14% ] 2 VUs    0m16.9s/2m0s
steady_03_apple       [  14% ] 2 VUs    0m16.9s/2m0s
steady_04_azure       [  14% ] 2 VUs    0m16.9s/2m0s
steady_05_google      [  14% ] 2 VUs    0m16.9s/2m0s
steady_06_meta        [  14% ] 2 VUs    0m16.9s/2m0s
steady_07_netflix     [  14% ] 2 VUs    0m16.9s/2m0s
steady_08_nvidia      [  14% ] 2 VUs    0m16.9s/2m0s
steady_09_paypal      [  14% ] 2 VUs    0m16.9s/2m0s
steady_10_reddit      [  14% ] 2 VUs    0m16.9s/2m0s
steady_11_slack       [  14% ] 2 VUs    0m16.9s/2m0s
steady_12_spotify     [  14% ] 2 VUs    0m16.9s/2m0s
steady_13_tesla       [  14% ] 2 VUs    0m16.9s/2m0s
steady_14_uber        [  14% ] 2 VUs    0m16.9s/2m0s
steady_15_zoom        [  14% ] 2 VUs    0m16.9s/2m0s
cooldown_01_amazon  • [   0% ] waiting  1m43.1s
cooldown_02_amd     • [   0% ] waiting  1m43.1s
cooldown_03_apple   • [   0% ] waiting  1m43.1s
cooldown_04_azure   • [   0% ] waiting  1m43.1s
cooldown_05_google  • [   0% ] waiting  1m43.1s
cooldown_06_meta    • [   0% ] waiting  1m43.1s
cooldown_07_netflix • [   0% ] waiting  1m43.1s
cooldown_08_nvidia  • [   0% ] waiting  1m43.1s
cooldown_09_paypal  • [   0% ] waiting  1m43.1s
cooldown_10_reddit  • [   0% ] waiting  1m43.1s
cooldown_11_slack   • [   0% ] waiting  1m43.1s
cooldown_12_spotify • [   0% ] waiting  1m43.1s
cooldown_13_tesla   • [   0% ] waiting  1m43.1s
cooldown_14_uber    • [   0% ] waiting  1m43.1s
cooldown_15_zoom    • [   0% ] waiting  1m43.1s

running (0m47.9s), 30/60 VUs, 286 complete and 0 interrupted iterations
warmup_01_amazon    ✓ [ 100% ] 0/2 VUs  30s
warmup_02_amd       ✓ [ 100% ] 0/2 VUs  30s
warmup_03_apple     ✓ [ 100% ] 0/2 VUs  30s
warmup_04_azure     ✓ [ 100% ] 0/2 VUs  30s
warmup_05_google    ✓ [ 100% ] 0/2 VUs  30s
warmup_06_meta      ✓ [ 100% ] 0/2 VUs  30s
warmup_07_netflix   ✓ [ 100% ] 0/2 VUs  30s
warmup_08_nvidia    ✓ [ 100% ] 0/2 VUs  30s
warmup_09_paypal    ✓ [ 100% ] 0/2 VUs  30s
warmup_10_reddit    ✓ [ 100% ] 0/2 VUs  30s
warmup_11_slack     ✓ [ 100% ] 0/2 VUs  30s
warmup_12_spotify   ✓ [ 100% ] 0/2 VUs  30s
warmup_13_tesla     ✓ [ 100% ] 0/2 VUs  30s
warmup_14_uber      ✓ [ 100% ] 0/2 VUs  30s
warmup_15_zoom      ✓ [ 100% ] 0/2 VUs  30s
steady_01_amazon      [  15% ] 2 VUs    0m17.9s/2m0s
steady_02_amd         [  15% ] 2 VUs    0m17.9s/2m0s
steady_03_apple       [  15% ] 2 VUs    0m17.9s/2m0s
steady_04_azure       [  15% ] 2 VUs    0m17.9s/2m0s
steady_05_google      [  15% ] 2 VUs    0m17.9s/2m0s
steady_06_meta        [  15% ] 2 VUs    0m17.9s/2m0s
steady_07_netflix     [  15% ] 2 VUs    0m17.9s/2m0s
steady_08_nvidia      [  15% ] 2 VUs    0m17.9s/2m0s
steady_09_paypal      [  15% ] 2 VUs    0m17.9s/2m0s
steady_10_reddit      [  15% ] 2 VUs    0m17.9s/2m0s
steady_11_slack       [  15% ] 2 VUs    0m17.9s/2m0s
steady_12_spotify     [  15% ] 2 VUs    0m17.9s/2m0s
steady_13_tesla       [  15% ] 2 VUs    0m17.9s/2m0s
steady_14_uber        [  15% ] 2 VUs    0m17.9s/2m0s
steady_15_zoom        [  15% ] 2 VUs    0m17.9s/2m0s
cooldown_01_amazon  • [   0% ] waiting  1m42.1s
cooldown_02_amd     • [   0% ] waiting  1m42.1s
cooldown_03_apple   • [   0% ] waiting  1m42.1s
cooldown_04_azure   • [   0% ] waiting  1m42.1s
cooldown_05_google  • [   0% ] waiting  1m42.1s
cooldown_06_meta    • [   0% ] waiting  1m42.1s
cooldown_07_netflix • [   0% ] waiting  1m42.1s
cooldown_08_nvidia  • [   0% ] waiting  1m42.1s
cooldown_09_paypal  • [   0% ] waiting  1m42.1s
cooldown_10_reddit  • [   0% ] waiting  1m42.1s
cooldown_11_slack   • [   0% ] waiting  1m42.1s
cooldown_12_spotify • [   0% ] waiting  1m42.1s
cooldown_13_tesla   • [   0% ] waiting  1m42.1s
cooldown_14_uber    • [   0% ] waiting  1m42.1s
cooldown_15_zoom    • [   0% ] waiting  1m42.1s

running (0m49.0s), 30/60 VUs, 316 complete and 0 interrupted iterations
warmup_01_amazon    ✓ [ 100% ] 0/2 VUs  30s
warmup_02_amd       ✓ [ 100% ] 0/2 VUs  30s
warmup_03_apple     ✓ [ 100% ] 0/2 VUs  30s
warmup_04_azure     ✓ [ 100% ] 0/2 VUs  30s
warmup_05_google    ✓ [ 100% ] 0/2 VUs  30s
warmup_06_meta      ✓ [ 100% ] 0/2 VUs  30s
warmup_07_netflix   ✓ [ 100% ] 0/2 VUs  30s
warmup_08_nvidia    ✓ [ 100% ] 0/2 VUs  30s
warmup_09_paypal    ✓ [ 100% ] 0/2 VUs  30s
warmup_10_reddit    ✓ [ 100% ] 0/2 VUs  30s
warmup_11_slack     ✓ [ 100% ] 0/2 VUs  30s
warmup_12_spotify   ✓ [ 100% ] 0/2 VUs  30s
warmup_13_tesla     ✓ [ 100% ] 0/2 VUs  30s
warmup_14_uber      ✓ [ 100% ] 0/2 VUs  30s
warmup_15_zoom      ✓ [ 100% ] 0/2 VUs  30s
steady_01_amazon      [  16% ] 2 VUs    0m18.9s/2m0s
steady_02_amd         [  16% ] 2 VUs    0m18.9s/2m0s
steady_03_apple       [  16% ] 2 VUs    0m18.9s/2m0s
steady_04_azure       [  16% ] 2 VUs    0m18.9s/2m0s
steady_05_google      [  16% ] 2 VUs    0m18.9s/2m0s
steady_06_meta        [  16% ] 2 VUs    0m18.9s/2m0s
steady_07_netflix     [  16% ] 2 VUs    0m18.9s/2m0s
steady_08_nvidia      [  16% ] 2 VUs    0m18.9s/2m0s
steady_09_paypal      [  16% ] 2 VUs    0m18.9s/2m0s
steady_10_reddit      [  16% ] 2 VUs    0m18.9s/2m0s
steady_11_slack       [  16% ] 2 VUs    0m18.9s/2m0s
steady_12_spotify     [  16% ] 2 VUs    0m18.9s/2m0s
steady_13_tesla       [  16% ] 2 VUs    0m18.9s/2m0s
steady_14_uber        [  16% ] 2 VUs    0m18.9s/2m0s
steady_15_zoom        [  16% ] 2 VUs    0m18.9s/2m0s
cooldown_01_amazon  • [   0% ] waiting  1m41.0s
cooldown_02_amd     • [   0% ] waiting  1m41.0s
cooldown_03_apple   • [   0% ] waiting  1m41.0s
cooldown_04_azure   • [   0% ] waiting  1m41.0s
cooldown_05_google  • [   0% ] waiting  1m41.0s
cooldown_06_meta    • [   0% ] waiting  1m41.0s
cooldown_07_netflix • [   0% ] waiting  1m41.0s
cooldown_08_nvidia  • [   0% ] waiting  1m41.0s
cooldown_09_paypal  • [   0% ] waiting  1m41.0s
cooldown_10_reddit  • [   0% ] waiting  1m41.0s
cooldown_11_slack   • [   0% ] waiting  1m41.0s
cooldown_12_spotify • [   0% ] waiting  1m41.0s
cooldown_13_tesla   • [   0% ] waiting  1m41.0s
cooldown_14_uber    • [   0% ] waiting  1m41.0s
cooldown_15_zoom    • [   0% ] waiting  1m41.0s

running (0m49.9s), 30/60 VUs, 316 complete and 0 interrupted iterations
warmup_01_amazon    ✓ [ 100% ] 0/2 VUs  30s
warmup_02_amd       ✓ [ 100% ] 0/2 VUs  30s
warmup_03_apple     ✓ [ 100% ] 0/2 VUs  30s
warmup_04_azure     ✓ [ 100% ] 0/2 VUs  30s
warmup_05_google    ✓ [ 100% ] 0/2 VUs  30s
warmup_06_meta      ✓ [ 100% ] 0/2 VUs  30s
warmup_07_netflix   ✓ [ 100% ] 0/2 VUs  30s
warmup_08_nvidia    ✓ [ 100% ] 0/2 VUs  30s
warmup_09_paypal    ✓ [ 100% ] 0/2 VUs  30s
warmup_10_reddit    ✓ [ 100% ] 0/2 VUs  30s
warmup_11_slack     ✓ [ 100% ] 0/2 VUs  30s
warmup_12_spotify   ✓ [ 100% ] 0/2 VUs  30s
warmup_13_tesla     ✓ [ 100% ] 0/2 VUs  30s
warmup_14_uber      ✓ [ 100% ] 0/2 VUs  30s
warmup_15_zoom      ✓ [ 100% ] 0/2 VUs  30s
steady_01_amazon      [  17% ] 2 VUs    0m19.9s/2m0s
steady_02_amd         [  17% ] 2 VUs    0m19.9s/2m0s
steady_03_apple       [  17% ] 2 VUs    0m19.9s/2m0s
steady_04_azure       [  17% ] 2 VUs    0m19.9s/2m0s
steady_05_google      [  17% ] 2 VUs    0m19.9s/2m0s
steady_06_meta        [  17% ] 2 VUs    0m19.9s/2m0s
steady_07_netflix     [  17% ] 2 VUs    0m19.9s/2m0s
steady_08_nvidia      [  17% ] 2 VUs    0m19.9s/2m0s
steady_09_paypal      [  17% ] 2 VUs    0m19.9s/2m0s
steady_10_reddit      [  17% ] 2 VUs    0m19.9s/2m0s
steady_11_slack       [  17% ] 2 VUs    0m19.9s/2m0s
steady_12_spotify     [  17% ] 2 VUs    0m19.9s/2m0s
steady_13_tesla       [  17% ] 2 VUs    0m19.9s/2m0s
steady_14_uber        [  17% ] 2 VUs    0m19.9s/2m0s
steady_15_zoom        [  17% ] 2 VUs    0m19.9s/2m0s
cooldown_01_amazon  • [   0% ] waiting  1m40.1s
cooldown_02_amd     • [   0% ] waiting  1m40.1s
cooldown_03_apple   • [   0% ] waiting  1m40.1s
cooldown_04_azure   • [   0% ] waiting  1m40.1s
cooldown_05_google  • [   0% ] waiting  1m40.1s
cooldown_06_meta    • [   0% ] waiting  1m40.1s
cooldown_07_netflix • [   0% ] waiting  1m40.1s
cooldown_08_nvidia  • [   0% ] waiting  1m40.1s
cooldown_09_paypal  • [   0% ] waiting  1m40.1s
cooldown_10_reddit  • [   0% ] waiting  1m40.1s
cooldown_11_slack   • [   0% ] waiting  1m40.1s
cooldown_12_spotify • [   0% ] waiting  1m40.1s
cooldown_13_tesla   • [   0% ] waiting  1m40.1s
cooldown_14_uber    • [   0% ] waiting  1m40.1s
cooldown_15_zoom    • [   0% ] waiting  1m40.1s

running (0m51.0s), 30/60 VUs, 316 complete and 0 interrupted iterations
warmup_01_amazon    ✓ [ 100% ] 0/2 VUs  30s
warmup_02_amd       ✓ [ 100% ] 0/2 VUs  30s
warmup_03_apple     ✓ [ 100% ] 0/2 VUs  30s
warmup_04_azure     ✓ [ 100% ] 0/2 VUs  30s
warmup_05_google    ✓ [ 100% ] 0/2 VUs  30s
warmup_06_meta      ✓ [ 100% ] 0/2 VUs  30s
warmup_07_netflix   ✓ [ 100% ] 0/2 VUs  30s
warmup_08_nvidia    ✓ [ 100% ] 0/2 VUs  30s
warmup_09_paypal    ✓ [ 100% ] 0/2 VUs  30s
warmup_10_reddit    ✓ [ 100% ] 0/2 VUs  30s
warmup_11_slack     ✓ [ 100% ] 0/2 VUs  30s
warmup_12_spotify   ✓ [ 100% ] 0/2 VUs  30s
warmup_13_tesla     ✓ [ 100% ] 0/2 VUs  30s
warmup_14_uber      ✓ [ 100% ] 0/2 VUs  30s
warmup_15_zoom      ✓ [ 100% ] 0/2 VUs  30s
steady_01_amazon      [  17% ] 2 VUs    0m20.9s/2m0s
steady_02_amd         [  17% ] 2 VUs    0m20.9s/2m0s
steady_03_apple       [  17% ] 2 VUs    0m20.9s/2m0s
steady_04_azure       [  17% ] 2 VUs    0m20.9s/2m0s
steady_05_google      [  17% ] 2 VUs    0m20.9s/2m0s
steady_06_meta        [  17% ] 2 VUs    0m20.9s/2m0s
steady_07_netflix     [  17% ] 2 VUs    0m20.9s/2m0s
steady_08_nvidia      [  17% ] 2 VUs    0m20.9s/2m0s
steady_09_paypal      [  17% ] 2 VUs    0m20.9s/2m0s
steady_10_reddit      [  17% ] 2 VUs    0m20.9s/2m0s
steady_11_slack       [  17% ] 2 VUs    0m20.9s/2m0s
steady_12_spotify     [  17% ] 2 VUs    0m20.9s/2m0s
steady_13_tesla       [  17% ] 2 VUs    0m20.9s/2m0s
steady_14_uber        [  17% ] 2 VUs    0m20.9s/2m0s
steady_15_zoom        [  17% ] 2 VUs    0m20.9s/2m0s
cooldown_01_amazon  • [   0% ] waiting  1m39.1s
cooldown_02_amd     • [   0% ] waiting  1m39.1s
cooldown_03_apple   • [   0% ] waiting  1m39.1s
cooldown_04_azure   • [   0% ] waiting  1m39.1s
cooldown_05_google  • [   0% ] waiting  1m39.1s
cooldown_06_meta    • [   0% ] waiting  1m39.1s
cooldown_07_netflix • [   0% ] waiting  1m39.1s
cooldown_08_nvidia  • [   0% ] waiting  1m39.1s
cooldown_09_paypal  • [   0% ] waiting  1m39.1s
cooldown_10_reddit  • [   0% ] waiting  1m39.1s
cooldown_11_slack   • [   0% ] waiting  1m39.1s
cooldown_12_spotify • [   0% ] waiting  1m39.1s
cooldown_13_tesla   • [   0% ] waiting  1m39.1s
cooldown_14_uber    • [   0% ] waiting  1m39.1s
cooldown_15_zoom    • [   0% ] waiting  1m39.1s

running (0m52.0s), 30/60 VUs, 347 complete and 0 interrupted iterations
warmup_01_amazon    ✓ [ 100% ] 0/2 VUs  30s
warmup_02_amd       ✓ [ 100% ] 0/2 VUs  30s
warmup_03_apple     ✓ [ 100% ] 0/2 VUs  30s
warmup_04_azure     ✓ [ 100% ] 0/2 VUs  30s
warmup_05_google    ✓ [ 100% ] 0/2 VUs  30s
warmup_06_meta      ✓ [ 100% ] 0/2 VUs  30s
warmup_07_netflix   ✓ [ 100% ] 0/2 VUs  30s
warmup_08_nvidia    ✓ [ 100% ] 0/2 VUs  30s
warmup_09_paypal    ✓ [ 100% ] 0/2 VUs  30s
warmup_10_reddit    ✓ [ 100% ] 0/2 VUs  30s
warmup_11_slack     ✓ [ 100% ] 0/2 VUs  30s
warmup_12_spotify   ✓ [ 100% ] 0/2 VUs  30s
warmup_13_tesla     ✓ [ 100% ] 0/2 VUs  30s
warmup_14_uber      ✓ [ 100% ] 0/2 VUs  30s
warmup_15_zoom      ✓ [ 100% ] 0/2 VUs  30s
steady_01_amazon      [  18% ] 2 VUs    0m21.9s/2m0s
steady_02_amd         [  18% ] 2 VUs    0m21.9s/2m0s
steady_03_apple       [  18% ] 2 VUs    0m21.9s/2m0s
steady_04_azure       [  18% ] 2 VUs    0m21.9s/2m0s
steady_05_google      [  18% ] 2 VUs    0m21.9s/2m0s
steady_06_meta        [  18% ] 2 VUs    0m21.9s/2m0s
steady_07_netflix     [  18% ] 2 VUs    0m21.9s/2m0s
steady_08_nvidia      [  18% ] 2 VUs    0m21.9s/2m0s
steady_09_paypal      [  18% ] 2 VUs    0m21.9s/2m0s
steady_10_reddit      [  18% ] 2 VUs    0m21.9s/2m0s
steady_11_slack       [  18% ] 2 VUs    0m21.9s/2m0s
steady_12_spotify     [  18% ] 2 VUs    0m21.9s/2m0s
steady_13_tesla       [  18% ] 2 VUs    0m21.9s/2m0s
steady_14_uber        [  18% ] 2 VUs    0m21.9s/2m0s
steady_15_zoom        [  18% ] 2 VUs    0m21.9s/2m0s
cooldown_01_amazon  • [   0% ] waiting  1m38.1s
cooldown_02_amd     • [   0% ] waiting  1m38.1s
cooldown_03_apple   • [   0% ] waiting  1m38.1s
cooldown_04_azure   • [   0% ] waiting  1m38.1s
cooldown_05_google  • [   0% ] waiting  1m38.1s
cooldown_06_meta    • [   0% ] waiting  1m38.1s
cooldown_07_netflix • [   0% ] waiting  1m38.1s
cooldown_08_nvidia  • [   0% ] waiting  1m38.1s
cooldown_09_paypal  • [   0% ] waiting  1m38.1s
cooldown_10_reddit  • [   0% ] waiting  1m38.1s
cooldown_11_slack   • [   0% ] waiting  1m38.1s
cooldown_12_spotify • [   0% ] waiting  1m38.1s
cooldown_13_tesla   • [   0% ] waiting  1m38.1s
cooldown_14_uber    • [   0% ] waiting  1m38.1s
cooldown_15_zoom    • [   0% ] waiting  1m38.1s

running (0m52.9s), 30/60 VUs, 347 complete and 0 interrupted iterations
warmup_01_amazon    ✓ [ 100% ] 0/2 VUs  30s
warmup_02_amd       ✓ [ 100% ] 0/2 VUs  30s
warmup_03_apple     ✓ [ 100% ] 0/2 VUs  30s
warmup_04_azure     ✓ [ 100% ] 0/2 VUs  30s
warmup_05_google    ✓ [ 100% ] 0/2 VUs  30s
warmup_06_meta      ✓ [ 100% ] 0/2 VUs  30s
warmup_07_netflix   ✓ [ 100% ] 0/2 VUs  30s
warmup_08_nvidia    ✓ [ 100% ] 0/2 VUs  30s
warmup_09_paypal    ✓ [ 100% ] 0/2 VUs  30s
warmup_10_reddit    ✓ [ 100% ] 0/2 VUs  30s
warmup_11_slack     ✓ [ 100% ] 0/2 VUs  30s
warmup_12_spotify   ✓ [ 100% ] 0/2 VUs  30s
warmup_13_tesla     ✓ [ 100% ] 0/2 VUs  30s
warmup_14_uber      ✓ [ 100% ] 0/2 VUs  30s
warmup_15_zoom      ✓ [ 100% ] 0/2 VUs  30s
steady_01_amazon      [  19% ] 2 VUs    0m22.9s/2m0s
steady_02_amd         [  19% ] 2 VUs    0m22.9s/2m0s
steady_03_apple       [  19% ] 2 VUs    0m22.9s/2m0s
steady_04_azure       [  19% ] 2 VUs    0m22.9s/2m0s
steady_05_google      [  19% ] 2 VUs    0m22.9s/2m0s
steady_06_meta        [  19% ] 2 VUs    0m22.9s/2m0s
steady_07_netflix     [  19% ] 2 VUs    0m22.9s/2m0s
steady_08_nvidia      [  19% ] 2 VUs    0m22.9s/2m0s
steady_09_paypal      [  19% ] 2 VUs    0m22.9s/2m0s
steady_10_reddit      [  19% ] 2 VUs    0m22.9s/2m0s
steady_11_slack       [  19% ] 2 VUs    0m22.9s/2m0s
steady_12_spotify     [  19% ] 2 VUs    0m22.9s/2m0s
steady_13_tesla       [  19% ] 2 VUs    0m22.9s/2m0s
steady_14_uber        [  19% ] 2 VUs    0m22.9s/2m0s
steady_15_zoom        [  19% ] 2 VUs    0m22.9s/2m0s
cooldown_01_amazon  • [   0% ] waiting  1m37.1s
cooldown_02_amd     • [   0% ] waiting  1m37.1s
cooldown_03_apple   • [   0% ] waiting  1m37.1s
cooldown_04_azure   • [   0% ] waiting  1m37.1s
cooldown_05_google  • [   0% ] waiting  1m37.1s
cooldown_06_meta    • [   0% ] waiting  1m37.1s
cooldown_07_netflix • [   0% ] waiting  1m37.1s
cooldown_08_nvidia  • [   0% ] waiting  1m37.1s
cooldown_09_paypal  • [   0% ] waiting  1m37.1s
cooldown_10_reddit  • [   0% ] waiting  1m37.1s
cooldown_11_slack   • [   0% ] waiting  1m37.1s
cooldown_12_spotify • [   0% ] waiting  1m37.1s
cooldown_13_tesla   • [   0% ] waiting  1m37.1s
cooldown_14_uber    • [   0% ] waiting  1m37.1s
cooldown_15_zoom    • [   0% ] waiting  1m37.1s

running (0m54.0s), 30/60 VUs, 347 complete and 0 interrupted iterations
warmup_01_amazon    ✓ [ 100% ] 0/2 VUs  30s
warmup_02_amd       ✓ [ 100% ] 0/2 VUs  30s
warmup_03_apple     ✓ [ 100% ] 0/2 VUs  30s
warmup_04_azure     ✓ [ 100% ] 0/2 VUs  30s
warmup_05_google    ✓ [ 100% ] 0/2 VUs  30s
warmup_06_meta      ✓ [ 100% ] 0/2 VUs  30s
warmup_07_netflix   ✓ [ 100% ] 0/2 VUs  30s
warmup_08_nvidia    ✓ [ 100% ] 0/2 VUs  30s
warmup_09_paypal    ✓ [ 100% ] 0/2 VUs  30s
warmup_10_reddit    ✓ [ 100% ] 0/2 VUs  30s
warmup_11_slack     ✓ [ 100% ] 0/2 VUs  30s
warmup_12_spotify   ✓ [ 100% ] 0/2 VUs  30s
warmup_13_tesla     ✓ [ 100% ] 0/2 VUs  30s
warmup_14_uber      ✓ [ 100% ] 0/2 VUs  30s
warmup_15_zoom      ✓ [ 100% ] 0/2 VUs  30s
steady_01_amazon      [  20% ] 2 VUs    0m23.9s/2m0s
steady_02_amd         [  20% ] 2 VUs    0m23.9s/2m0s
steady_03_apple       [  20% ] 2 VUs    0m23.9s/2m0s
steady_04_azure       [  20% ] 2 VUs    0m23.9s/2m0s
steady_05_google      [  20% ] 2 VUs    0m23.9s/2m0s
steady_06_meta        [  20% ] 2 VUs    0m23.9s/2m0s
steady_07_netflix     [  20% ] 2 VUs    0m23.9s/2m0s
steady_08_nvidia      [  20% ] 2 VUs    0m23.9s/2m0s
steady_09_paypal      [  20% ] 2 VUs    0m23.9s/2m0s
steady_10_reddit      [  20% ] 2 VUs    0m23.9s/2m0s
steady_11_slack       [  20% ] 2 VUs    0m23.9s/2m0s
steady_12_spotify     [  20% ] 2 VUs    0m23.9s/2m0s
steady_13_tesla       [  20% ] 2 VUs    0m23.9s/2m0s
steady_14_uber        [  20% ] 2 VUs    0m23.9s/2m0s
steady_15_zoom        [  20% ] 2 VUs    0m23.9s/2m0s
cooldown_01_amazon  • [   0% ] waiting  1m36.1s
cooldown_02_amd     • [   0% ] waiting  1m36.1s
cooldown_03_apple   • [   0% ] waiting  1m36.1s
cooldown_04_azure   • [   0% ] waiting  1m36.1s
cooldown_05_google  • [   0% ] waiting  1m36.1s
cooldown_06_meta    • [   0% ] waiting  1m36.1s
cooldown_07_netflix • [   0% ] waiting  1m36.1s
cooldown_08_nvidia  • [   0% ] waiting  1m36.1s
cooldown_09_paypal  • [   0% ] waiting  1m36.1s
cooldown_10_reddit  • [   0% ] waiting  1m36.1s
cooldown_11_slack   • [   0% ] waiting  1m36.1s
cooldown_12_spotify • [   0% ] waiting  1m36.1s
cooldown_13_tesla   • [   0% ] waiting  1m36.1s
cooldown_14_uber    • [   0% ] waiting  1m36.1s
cooldown_15_zoom    • [   0% ] waiting  1m36.1s

running (0m54.9s), 30/60 VUs, 378 complete and 0 interrupted iterations
warmup_01_amazon    ✓ [ 100% ] 0/2 VUs  30s
warmup_02_amd       ✓ [ 100% ] 0/2 VUs  30s
warmup_03_apple     ✓ [ 100% ] 0/2 VUs  30s
warmup_04_azure     ✓ [ 100% ] 0/2 VUs  30s
warmup_05_google    ✓ [ 100% ] 0/2 VUs  30s
warmup_06_meta      ✓ [ 100% ] 0/2 VUs  30s
warmup_07_netflix   ✓ [ 100% ] 0/2 VUs  30s
warmup_08_nvidia    ✓ [ 100% ] 0/2 VUs  30s
warmup_09_paypal    ✓ [ 100% ] 0/2 VUs  30s
warmup_10_reddit    ✓ [ 100% ] 0/2 VUs  30s
warmup_11_slack     ✓ [ 100% ] 0/2 VUs  30s
warmup_12_spotify   ✓ [ 100% ] 0/2 VUs  30s
warmup_13_tesla     ✓ [ 100% ] 0/2 VUs  30s
warmup_14_uber      ✓ [ 100% ] 0/2 VUs  30s
warmup_15_zoom      ✓ [ 100% ] 0/2 VUs  30s
steady_01_amazon      [  21% ] 2 VUs    0m24.9s/2m0s
steady_02_amd         [  21% ] 2 VUs    0m24.9s/2m0s
steady_03_apple       [  21% ] 2 VUs    0m24.9s/2m0s
steady_04_azure       [  21% ] 2 VUs    0m24.9s/2m0s
steady_05_google      [  21% ] 2 VUs    0m24.9s/2m0s
steady_06_meta        [  21% ] 2 VUs    0m24.9s/2m0s
steady_07_netflix     [  21% ] 2 VUs    0m24.9s/2m0s
steady_08_nvidia      [  21% ] 2 VUs    0m24.9s/2m0s
steady_09_paypal      [  21% ] 2 VUs    0m24.9s/2m0s
steady_10_reddit      [  21% ] 2 VUs    0m24.9s/2m0s
steady_11_slack       [  21% ] 2 VUs    0m24.9s/2m0s
steady_12_spotify     [  21% ] 2 VUs    0m24.9s/2m0s
steady_13_tesla       [  21% ] 2 VUs    0m24.9s/2m0s
steady_14_uber        [  21% ] 2 VUs    0m24.9s/2m0s
steady_15_zoom        [  21% ] 2 VUs    0m24.9s/2m0s
cooldown_01_amazon  • [   0% ] waiting  1m35.1s
cooldown_02_amd     • [   0% ] waiting  1m35.1s
cooldown_03_apple   • [   0% ] waiting  1m35.1s
cooldown_04_azure   • [   0% ] waiting  1m35.1s
cooldown_05_google  • [   0% ] waiting  1m35.1s
cooldown_06_meta    • [   0% ] waiting  1m35.1s
cooldown_07_netflix • [   0% ] waiting  1m35.1s
cooldown_08_nvidia  • [   0% ] waiting  1m35.1s
cooldown_09_paypal  • [   0% ] waiting  1m35.1s
cooldown_10_reddit  • [   0% ] waiting  1m35.1s
cooldown_11_slack   • [   0% ] waiting  1m35.1s
cooldown_12_spotify • [   0% ] waiting  1m35.1s
cooldown_13_tesla   • [   0% ] waiting  1m35.1s
cooldown_14_uber    • [   0% ] waiting  1m35.1s
cooldown_15_zoom    • [   0% ] waiting  1m35.1s

running (0m55.9s), 30/60 VUs, 378 complete and 0 interrupted iterations
warmup_01_amazon    ✓ [ 100% ] 0/2 VUs  30s
warmup_02_amd       ✓ [ 100% ] 0/2 VUs  30s
warmup_03_apple     ✓ [ 100% ] 0/2 VUs  30s
warmup_04_azure     ✓ [ 100% ] 0/2 VUs  30s
warmup_05_google    ✓ [ 100% ] 0/2 VUs  30s
warmup_06_meta      ✓ [ 100% ] 0/2 VUs  30s
warmup_07_netflix   ✓ [ 100% ] 0/2 VUs  30s
warmup_08_nvidia    ✓ [ 100% ] 0/2 VUs  30s
warmup_09_paypal    ✓ [ 100% ] 0/2 VUs  30s
warmup_10_reddit    ✓ [ 100% ] 0/2 VUs  30s
warmup_11_slack     ✓ [ 100% ] 0/2 VUs  30s
warmup_12_spotify   ✓ [ 100% ] 0/2 VUs  30s
warmup_13_tesla     ✓ [ 100% ] 0/2 VUs  30s
warmup_14_uber      ✓ [ 100% ] 0/2 VUs  30s
warmup_15_zoom      ✓ [ 100% ] 0/2 VUs  30s
steady_01_amazon      [  22% ] 2 VUs    0m25.9s/2m0s
steady_02_amd         [  22% ] 2 VUs    0m25.9s/2m0s
steady_03_apple       [  22% ] 2 VUs    0m25.9s/2m0s
steady_04_azure       [  22% ] 2 VUs    0m25.9s/2m0s
steady_05_google      [  22% ] 2 VUs    0m25.9s/2m0s
steady_06_meta        [  22% ] 2 VUs    0m25.9s/2m0s
steady_07_netflix     [  22% ] 2 VUs    0m25.9s/2m0s
steady_08_nvidia      [  22% ] 2 VUs    0m25.9s/2m0s
steady_09_paypal      [  22% ] 2 VUs    0m25.9s/2m0s
steady_10_reddit      [  22% ] 2 VUs    0m25.9s/2m0s
steady_11_slack       [  22% ] 2 VUs    0m25.9s/2m0s
steady_12_spotify     [  22% ] 2 VUs    0m25.9s/2m0s
steady_13_tesla       [  22% ] 2 VUs    0m25.9s/2m0s
steady_14_uber        [  22% ] 2 VUs    0m25.9s/2m0s
steady_15_zoom        [  22% ] 2 VUs    0m25.9s/2m0s
cooldown_01_amazon  • [   0% ] waiting  1m34.1s
cooldown_02_amd     • [   0% ] waiting  1m34.1s
cooldown_03_apple   • [   0% ] waiting  1m34.1s
cooldown_04_azure   • [   0% ] waiting  1m34.1s
cooldown_05_google  • [   0% ] waiting  1m34.1s
cooldown_06_meta    • [   0% ] waiting  1m34.1s
cooldown_07_netflix • [   0% ] waiting  1m34.1s
cooldown_08_nvidia  • [   0% ] waiting  1m34.1s
cooldown_09_paypal  • [   0% ] waiting  1m34.1s
cooldown_10_reddit  • [   0% ] waiting  1m34.1s
cooldown_11_slack   • [   0% ] waiting  1m34.1s
cooldown_12_spotify • [   0% ] waiting  1m34.1s
cooldown_13_tesla   • [   0% ] waiting  1m34.1s
cooldown_14_uber    • [   0% ] waiting  1m34.1s
cooldown_15_zoom    • [   0% ] waiting  1m34.1s

running (0m56.9s), 30/60 VUs, 378 complete and 0 interrupted iterations
warmup_01_amazon    ✓ [ 100% ] 0/2 VUs  30s
warmup_02_amd       ✓ [ 100% ] 0/2 VUs  30s
warmup_03_apple     ✓ [ 100% ] 0/2 VUs  30s
warmup_04_azure     ✓ [ 100% ] 0/2 VUs  30s
warmup_05_google    ✓ [ 100% ] 0/2 VUs  30s
warmup_06_meta      ✓ [ 100% ] 0/2 VUs  30s
warmup_07_netflix   ✓ [ 100% ] 0/2 VUs  30s
warmup_08_nvidia    ✓ [ 100% ] 0/2 VUs  30s
warmup_09_paypal    ✓ [ 100% ] 0/2 VUs  30s
warmup_10_reddit    ✓ [ 100% ] 0/2 VUs  30s
warmup_11_slack     ✓ [ 100% ] 0/2 VUs  30s
warmup_12_spotify   ✓ [ 100% ] 0/2 VUs  30s
warmup_13_tesla     ✓ [ 100% ] 0/2 VUs  30s
warmup_14_uber      ✓ [ 100% ] 0/2 VUs  30s
warmup_15_zoom      ✓ [ 100% ] 0/2 VUs  30s
steady_01_amazon      [  22% ] 2 VUs    0m26.9s/2m0s
steady_02_amd         [  22% ] 2 VUs    0m26.9s/2m0s
steady_03_apple       [  22% ] 2 VUs    0m26.9s/2m0s
steady_04_azure       [  22% ] 2 VUs    0m26.9s/2m0s
steady_05_google      [  22% ] 2 VUs    0m26.9s/2m0s
steady_06_meta        [  22% ] 2 VUs    0m26.9s/2m0s
steady_07_netflix     [  22% ] 2 VUs    0m26.9s/2m0s
steady_08_nvidia      [  22% ] 2 VUs    0m26.9s/2m0s
steady_09_paypal      [  22% ] 2 VUs    0m26.9s/2m0s
steady_10_reddit      [  22% ] 2 VUs    0m26.9s/2m0s
steady_11_slack       [  22% ] 2 VUs    0m26.9s/2m0s
steady_12_spotify     [  22% ] 2 VUs    0m26.9s/2m0s
steady_13_tesla       [  22% ] 2 VUs    0m26.9s/2m0s
steady_14_uber        [  22% ] 2 VUs    0m26.9s/2m0s
steady_15_zoom        [  22% ] 2 VUs    0m26.9s/2m0s
cooldown_01_amazon  • [   0% ] waiting  1m33.1s
cooldown_02_amd     • [   0% ] waiting  1m33.1s
cooldown_03_apple   • [   0% ] waiting  1m33.1s
cooldown_04_azure   • [   0% ] waiting  1m33.1s
cooldown_05_google  • [   0% ] waiting  1m33.1s
cooldown_06_meta    • [   0% ] waiting  1m33.1s
cooldown_07_netflix • [   0% ] waiting  1m33.1s
cooldown_08_nvidia  • [   0% ] waiting  1m33.1s
cooldown_09_paypal  • [   0% ] waiting  1m33.1s
cooldown_10_reddit  • [   0% ] waiting  1m33.1s
cooldown_11_slack   • [   0% ] waiting  1m33.1s
cooldown_12_spotify • [   0% ] waiting  1m33.1s
cooldown_13_tesla   • [   0% ] waiting  1m33.1s
cooldown_14_uber    • [   0% ] waiting  1m33.1s
cooldown_15_zoom    • [   0% ] waiting  1m33.1s

running (0m58.0s), 30/60 VUs, 399 complete and 0 interrupted iterations
warmup_01_amazon    ✓ [ 100% ] 0/2 VUs  30s
warmup_02_amd       ✓ [ 100% ] 0/2 VUs  30s
warmup_03_apple     ✓ [ 100% ] 0/2 VUs  30s
warmup_04_azure     ✓ [ 100% ] 0/2 VUs  30s
warmup_05_google    ✓ [ 100% ] 0/2 VUs  30s
warmup_06_meta      ✓ [ 100% ] 0/2 VUs  30s
warmup_07_netflix   ✓ [ 100% ] 0/2 VUs  30s
warmup_08_nvidia    ✓ [ 100% ] 0/2 VUs  30s
warmup_09_paypal    ✓ [ 100% ] 0/2 VUs  30s
warmup_10_reddit    ✓ [ 100% ] 0/2 VUs  30s
warmup_11_slack     ✓ [ 100% ] 0/2 VUs  30s
warmup_12_spotify   ✓ [ 100% ] 0/2 VUs  30s
warmup_13_tesla     ✓ [ 100% ] 0/2 VUs  30s
warmup_14_uber      ✓ [ 100% ] 0/2 VUs  30s
warmup_15_zoom      ✓ [ 100% ] 0/2 VUs  30s
steady_01_amazon      [  23% ] 2 VUs    0m27.9s/2m0s
steady_02_amd         [  23% ] 2 VUs    0m27.9s/2m0s
steady_03_apple       [  23% ] 2 VUs    0m27.9s/2m0s
steady_04_azure       [  23% ] 2 VUs    0m27.9s/2m0s
steady_05_google      [  23% ] 2 VUs    0m27.9s/2m0s
steady_06_meta        [  23% ] 2 VUs    0m27.9s/2m0s
steady_07_netflix     [  23% ] 2 VUs    0m27.9s/2m0s
steady_08_nvidia      [  23% ] 2 VUs    0m27.9s/2m0s
steady_09_paypal      [  23% ] 2 VUs    0m27.9s/2m0s
steady_10_reddit      [  23% ] 2 VUs    0m27.9s/2m0s
steady_11_slack       [  23% ] 2 VUs    0m27.9s/2m0s
steady_12_spotify     [  23% ] 2 VUs    0m27.9s/2m0s
steady_13_tesla       [  23% ] 2 VUs    0m27.9s/2m0s
steady_14_uber        [  23% ] 2 VUs    0m27.9s/2m0s
steady_15_zoom        [  23% ] 2 VUs    0m27.9s/2m0s
cooldown_01_amazon  • [   0% ] waiting  1m32.1s
cooldown_02_amd     • [   0% ] waiting  1m32.1s
cooldown_03_apple   • [   0% ] waiting  1m32.1s
cooldown_04_azure   • [   0% ] waiting  1m32.1s
cooldown_05_google  • [   0% ] waiting  1m32.1s
cooldown_06_meta    • [   0% ] waiting  1m32.1s
cooldown_07_netflix • [   0% ] waiting  1m32.1s
cooldown_08_nvidia  • [   0% ] waiting  1m32.1s
cooldown_09_paypal  • [   0% ] waiting  1m32.1s
cooldown_10_reddit  • [   0% ] waiting  1m32.1s
cooldown_11_slack   • [   0% ] waiting  1m32.1s
cooldown_12_spotify • [   0% ] waiting  1m32.1s
cooldown_13_tesla   • [   0% ] waiting  1m32.1s
cooldown_14_uber    • [   0% ] waiting  1m32.1s
cooldown_15_zoom    • [   0% ] waiting  1m32.1s

running (0m58.9s), 30/60 VUs, 408 complete and 0 interrupted iterations
warmup_01_amazon    ✓ [ 100% ] 0/2 VUs  30s
warmup_02_amd       ✓ [ 100% ] 0/2 VUs  30s
warmup_03_apple     ✓ [ 100% ] 0/2 VUs  30s
warmup_04_azure     ✓ [ 100% ] 0/2 VUs  30s
warmup_05_google    ✓ [ 100% ] 0/2 VUs  30s
warmup_06_meta      ✓ [ 100% ] 0/2 VUs  30s
warmup_07_netflix   ✓ [ 100% ] 0/2 VUs  30s
warmup_08_nvidia    ✓ [ 100% ] 0/2 VUs  30s
warmup_09_paypal    ✓ [ 100% ] 0/2 VUs  30s
warmup_10_reddit    ✓ [ 100% ] 0/2 VUs  30s
warmup_11_slack     ✓ [ 100% ] 0/2 VUs  30s
warmup_12_spotify   ✓ [ 100% ] 0/2 VUs  30s
warmup_13_tesla     ✓ [ 100% ] 0/2 VUs  30s
warmup_14_uber      ✓ [ 100% ] 0/2 VUs  30s
warmup_15_zoom      ✓ [ 100% ] 0/2 VUs  30s
steady_01_amazon      [  24% ] 2 VUs    0m28.9s/2m0s
steady_02_amd         [  24% ] 2 VUs    0m28.9s/2m0s
steady_03_apple       [  24% ] 2 VUs    0m28.9s/2m0s
steady_04_azure       [  24% ] 2 VUs    0m28.9s/2m0s
steady_05_google      [  24% ] 2 VUs    0m28.9s/2m0s
steady_06_meta        [  24% ] 2 VUs    0m28.9s/2m0s
steady_07_netflix     [  24% ] 2 VUs    0m28.9s/2m0s
steady_08_nvidia      [  24% ] 2 VUs    0m28.9s/2m0s
steady_09_paypal      [  24% ] 2 VUs    0m28.9s/2m0s
steady_10_reddit      [  24% ] 2 VUs    0m28.9s/2m0s
steady_11_slack       [  24% ] 2 VUs    0m28.9s/2m0s
steady_12_spotify     [  24% ] 2 VUs    0m28.9s/2m0s
steady_13_tesla       [  24% ] 2 VUs    0m28.9s/2m0s
steady_14_uber        [  24% ] 2 VUs    0m28.9s/2m0s
steady_15_zoom        [  24% ] 2 VUs    0m28.9s/2m0s
cooldown_01_amazon  • [   0% ] waiting  1m31.1s
cooldown_02_amd     • [   0% ] waiting  1m31.1s
cooldown_03_apple   • [   0% ] waiting  1m31.1s
cooldown_04_azure   • [   0% ] waiting  1m31.1s
cooldown_05_google  • [   0% ] waiting  1m31.1s
cooldown_06_meta    • [   0% ] waiting  1m31.1s
cooldown_07_netflix • [   0% ] waiting  1m31.1s
cooldown_08_nvidia  • [   0% ] waiting  1m31.1s
cooldown_09_paypal  • [   0% ] waiting  1m31.1s
cooldown_10_reddit  • [   0% ] waiting  1m31.1s
cooldown_11_slack   • [   0% ] waiting  1m31.1s
cooldown_12_spotify • [   0% ] waiting  1m31.1s
cooldown_13_tesla   • [   0% ] waiting  1m31.1s
cooldown_14_uber    • [   0% ] waiting  1m31.1s
cooldown_15_zoom    • [   0% ] waiting  1m31.1s

running (1m00.0s), 30/60 VUs, 408 complete and 0 interrupted iterations
warmup_01_amazon    ✓ [ 100% ] 0/2 VUs  30s
warmup_02_amd       ✓ [ 100% ] 0/2 VUs  30s
warmup_03_apple     ✓ [ 100% ] 0/2 VUs  30s
warmup_04_azure     ✓ [ 100% ] 0/2 VUs  30s
warmup_05_google    ✓ [ 100% ] 0/2 VUs  30s
warmup_06_meta      ✓ [ 100% ] 0/2 VUs  30s
warmup_07_netflix   ✓ [ 100% ] 0/2 VUs  30s
warmup_08_nvidia    ✓ [ 100% ] 0/2 VUs  30s
warmup_09_paypal    ✓ [ 100% ] 0/2 VUs  30s
warmup_10_reddit    ✓ [ 100% ] 0/2 VUs  30s
warmup_11_slack     ✓ [ 100% ] 0/2 VUs  30s
warmup_12_spotify   ✓ [ 100% ] 0/2 VUs  30s
warmup_13_tesla     ✓ [ 100% ] 0/2 VUs  30s
warmup_14_uber      ✓ [ 100% ] 0/2 VUs  30s
warmup_15_zoom      ✓ [ 100% ] 0/2 VUs  30s
steady_01_amazon      [  25% ] 2 VUs    0m29.9s/2m0s
steady_02_amd         [  25% ] 2 VUs    0m29.9s/2m0s
steady_03_apple       [  25% ] 2 VUs    0m29.9s/2m0s
steady_04_azure       [  25% ] 2 VUs    0m29.9s/2m0s
steady_05_google      [  25% ] 2 VUs    0m29.9s/2m0s
steady_06_meta        [  25% ] 2 VUs    0m29.9s/2m0s
steady_07_netflix     [  25% ] 2 VUs    0m29.9s/2m0s
steady_08_nvidia      [  25% ] 2 VUs    0m29.9s/2m0s
steady_09_paypal      [  25% ] 2 VUs    0m29.9s/2m0s
steady_10_reddit      [  25% ] 2 VUs    0m29.9s/2m0s
steady_11_slack       [  25% ] 2 VUs    0m29.9s/2m0s
steady_12_spotify     [  25% ] 2 VUs    0m29.9s/2m0s
steady_13_tesla       [  25% ] 2 VUs    0m29.9s/2m0s
steady_14_uber        [  25% ] 2 VUs    0m29.9s/2m0s
steady_15_zoom        [  25% ] 2 VUs    0m29.9s/2m0s
cooldown_01_amazon  • [   0% ] waiting  1m30.1s
cooldown_02_amd     • [   0% ] waiting  1m30.1s
cooldown_03_apple   • [   0% ] waiting  1m30.1s
cooldown_04_azure   • [   0% ] waiting  1m30.1s
cooldown_05_google  • [   0% ] waiting  1m30.1s
cooldown_06_meta    • [   0% ] waiting  1m30.1s
cooldown_07_netflix • [   0% ] waiting  1m30.1s
cooldown_08_nvidia  • [   0% ] waiting  1m30.1s
cooldown_09_paypal  • [   0% ] waiting  1m30.1s
cooldown_10_reddit  • [   0% ] waiting  1m30.1s
cooldown_11_slack   • [   0% ] waiting  1m30.1s
cooldown_12_spotify • [   0% ] waiting  1m30.1s
cooldown_13_tesla   • [   0% ] waiting  1m30.1s
cooldown_14_uber    • [   0% ] waiting  1m30.1s
cooldown_15_zoom    • [   0% ] waiting  1m30.1s

running (1m00.9s), 30/60 VUs, 421 complete and 0 interrupted iterations
warmup_01_amazon    ✓ [ 100% ] 0/2 VUs  30s
warmup_02_amd       ✓ [ 100% ] 0/2 VUs  30s
warmup_03_apple     ✓ [ 100% ] 0/2 VUs  30s
warmup_04_azure     ✓ [ 100% ] 0/2 VUs  30s
warmup_05_google    ✓ [ 100% ] 0/2 VUs  30s
warmup_06_meta      ✓ [ 100% ] 0/2 VUs  30s
warmup_07_netflix   ✓ [ 100% ] 0/2 VUs  30s
warmup_08_nvidia    ✓ [ 100% ] 0/2 VUs  30s
warmup_09_paypal    ✓ [ 100% ] 0/2 VUs  30s
warmup_10_reddit    ✓ [ 100% ] 0/2 VUs  30s
warmup_11_slack     ✓ [ 100% ] 0/2 VUs  30s
warmup_12_spotify   ✓ [ 100% ] 0/2 VUs  30s
warmup_13_tesla     ✓ [ 100% ] 0/2 VUs  30s
warmup_14_uber      ✓ [ 100% ] 0/2 VUs  30s
warmup_15_zoom      ✓ [ 100% ] 0/2 VUs  30s
steady_01_amazon      [  26% ] 2 VUs    0m30.9s/2m0s
steady_02_amd         [  26% ] 2 VUs    0m30.9s/2m0s
steady_03_apple       [  26% ] 2 VUs    0m30.9s/2m0s
steady_04_azure       [  26% ] 2 VUs    0m30.9s/2m0s
steady_05_google      [  26% ] 2 VUs    0m30.9s/2m0s
steady_06_meta        [  26% ] 2 VUs    0m30.9s/2m0s
steady_07_netflix     [  26% ] 2 VUs    0m30.9s/2m0s
steady_08_nvidia      [  26% ] 2 VUs    0m30.9s/2m0s
steady_09_paypal      [  26% ] 2 VUs    0m30.9s/2m0s
steady_10_reddit      [  26% ] 2 VUs    0m30.9s/2m0s
steady_11_slack       [  26% ] 2 VUs    0m30.9s/2m0s
steady_12_spotify     [  26% ] 2 VUs    0m30.9s/2m0s
steady_13_tesla       [  26% ] 2 VUs    0m30.9s/2m0s
steady_14_uber        [  26% ] 2 VUs    0m30.9s/2m0s
steady_15_zoom        [  26% ] 2 VUs    0m30.9s/2m0s
cooldown_01_amazon  • [   0% ] waiting  1m29.1s
cooldown_02_amd     • [   0% ] waiting  1m29.1s
cooldown_03_apple   • [   0% ] waiting  1m29.1s
cooldown_04_azure   • [   0% ] waiting  1m29.1s
cooldown_05_google  • [   0% ] waiting  1m29.1s
cooldown_06_meta    • [   0% ] waiting  1m29.1s
cooldown_07_netflix • [   0% ] waiting  1m29.1s
cooldown_08_nvidia  • [   0% ] waiting  1m29.1s
cooldown_09_paypal  • [   0% ] waiting  1m29.1s
cooldown_10_reddit  • [   0% ] waiting  1m29.1s
cooldown_11_slack   • [   0% ] waiting  1m29.1s
cooldown_12_spotify • [   0% ] waiting  1m29.1s
cooldown_13_tesla   • [   0% ] waiting  1m29.1s
cooldown_14_uber    • [   0% ] waiting  1m29.1s
cooldown_15_zoom    • [   0% ] waiting  1m29.1s

running (1m02.0s), 30/60 VUs, 437 complete and 0 interrupted iterations
warmup_01_amazon    ✓ [ 100% ] 0/2 VUs  30s
warmup_02_amd       ✓ [ 100% ] 0/2 VUs  30s
warmup_03_apple     ✓ [ 100% ] 0/2 VUs  30s
warmup_04_azure     ✓ [ 100% ] 0/2 VUs  30s
warmup_05_google    ✓ [ 100% ] 0/2 VUs  30s
warmup_06_meta      ✓ [ 100% ] 0/2 VUs  30s
warmup_07_netflix   ✓ [ 100% ] 0/2 VUs  30s
warmup_08_nvidia    ✓ [ 100% ] 0/2 VUs  30s
warmup_09_paypal    ✓ [ 100% ] 0/2 VUs  30s
warmup_10_reddit    ✓ [ 100% ] 0/2 VUs  30s
warmup_11_slack     ✓ [ 100% ] 0/2 VUs  30s
warmup_12_spotify   ✓ [ 100% ] 0/2 VUs  30s
warmup_13_tesla     ✓ [ 100% ] 0/2 VUs  30s
warmup_14_uber      ✓ [ 100% ] 0/2 VUs  30s
warmup_15_zoom      ✓ [ 100% ] 0/2 VUs  30s
steady_01_amazon      [  27% ] 2 VUs    0m31.9s/2m0s
steady_02_amd         [  27% ] 2 VUs    0m31.9s/2m0s
steady_03_apple       [  27% ] 2 VUs    0m31.9s/2m0s
steady_04_azure       [  27% ] 2 VUs    0m31.9s/2m0s
steady_05_google      [  27% ] 2 VUs    0m31.9s/2m0s
steady_06_meta        [  27% ] 2 VUs    0m31.9s/2m0s
steady_07_netflix     [  27% ] 2 VUs    0m31.9s/2m0s
steady_08_nvidia      [  27% ] 2 VUs    0m31.9s/2m0s
steady_09_paypal      [  27% ] 2 VUs    0m31.9s/2m0s
steady_10_reddit      [  27% ] 2 VUs    0m31.9s/2m0s
steady_11_slack       [  27% ] 2 VUs    0m31.9s/2m0s
steady_12_spotify     [  27% ] 2 VUs    0m31.9s/2m0s
steady_13_tesla       [  27% ] 2 VUs    0m31.9s/2m0s
steady_14_uber        [  27% ] 2 VUs    0m31.9s/2m0s
steady_15_zoom        [  27% ] 2 VUs    0m31.9s/2m0s
cooldown_01_amazon  • [   0% ] waiting  1m28.1s
cooldown_02_amd     • [   0% ] waiting  1m28.1s
cooldown_03_apple   • [   0% ] waiting  1m28.1s
cooldown_04_azure   • [   0% ] waiting  1m28.1s
cooldown_05_google  • [   0% ] waiting  1m28.1s
cooldown_06_meta    • [   0% ] waiting  1m28.1s
cooldown_07_netflix • [   0% ] waiting  1m28.1s
cooldown_08_nvidia  • [   0% ] waiting  1m28.1s
cooldown_09_paypal  • [   0% ] waiting  1m28.1s
cooldown_10_reddit  • [   0% ] waiting  1m28.1s
cooldown_11_slack   • [   0% ] waiting  1m28.1s
cooldown_12_spotify • [   0% ] waiting  1m28.1s
cooldown_13_tesla   • [   0% ] waiting  1m28.1s
cooldown_14_uber    • [   0% ] waiting  1m28.1s
cooldown_15_zoom    • [   0% ] waiting  1m28.1s

running (1m03.0s), 30/60 VUs, 439 complete and 0 interrupted iterations
warmup_01_amazon    ✓ [ 100% ] 0/2 VUs  30s
warmup_02_amd       ✓ [ 100% ] 0/2 VUs  30s
warmup_03_apple     ✓ [ 100% ] 0/2 VUs  30s
warmup_04_azure     ✓ [ 100% ] 0/2 VUs  30s
warmup_05_google    ✓ [ 100% ] 0/2 VUs  30s
warmup_06_meta      ✓ [ 100% ] 0/2 VUs  30s
warmup_07_netflix   ✓ [ 100% ] 0/2 VUs  30s
warmup_08_nvidia    ✓ [ 100% ] 0/2 VUs  30s
warmup_09_paypal    ✓ [ 100% ] 0/2 VUs  30s
warmup_10_reddit    ✓ [ 100% ] 0/2 VUs  30s
warmup_11_slack     ✓ [ 100% ] 0/2 VUs  30s
warmup_12_spotify   ✓ [ 100% ] 0/2 VUs  30s
warmup_13_tesla     ✓ [ 100% ] 0/2 VUs  30s
warmup_14_uber      ✓ [ 100% ] 0/2 VUs  30s
warmup_15_zoom      ✓ [ 100% ] 0/2 VUs  30s
steady_01_amazon      [  27% ] 2 VUs    0m32.9s/2m0s
steady_02_amd         [  27% ] 2 VUs    0m32.9s/2m0s
steady_03_apple       [  27% ] 2 VUs    0m32.9s/2m0s
steady_04_azure       [  27% ] 2 VUs    0m32.9s/2m0s
steady_05_google      [  27% ] 2 VUs    0m32.9s/2m0s
steady_06_meta        [  27% ] 2 VUs    0m32.9s/2m0s
steady_07_netflix     [  27% ] 2 VUs    0m32.9s/2m0s
steady_08_nvidia      [  27% ] 2 VUs    0m32.9s/2m0s
steady_09_paypal      [  27% ] 2 VUs    0m32.9s/2m0s
steady_10_reddit      [  27% ] 2 VUs    0m32.9s/2m0s
steady_11_slack       [  27% ] 2 VUs    0m32.9s/2m0s
steady_12_spotify     [  27% ] 2 VUs    0m32.9s/2m0s
steady_13_tesla       [  27% ] 2 VUs    0m32.9s/2m0s
steady_14_uber        [  27% ] 2 VUs    0m32.9s/2m0s
steady_15_zoom        [  27% ] 2 VUs    0m32.9s/2m0s
cooldown_01_amazon  • [   0% ] waiting  1m27.1s
cooldown_02_amd     • [   0% ] waiting  1m27.1s
cooldown_03_apple   • [   0% ] waiting  1m27.1s
cooldown_04_azure   • [   0% ] waiting  1m27.1s
cooldown_05_google  • [   0% ] waiting  1m27.1s
cooldown_06_meta    • [   0% ] waiting  1m27.1s
cooldown_07_netflix • [   0% ] waiting  1m27.1s
cooldown_08_nvidia  • [   0% ] waiting  1m27.1s
cooldown_09_paypal  • [   0% ] waiting  1m27.1s
cooldown_10_reddit  • [   0% ] waiting  1m27.1s
cooldown_11_slack   • [   0% ] waiting  1m27.1s
cooldown_12_spotify • [   0% ] waiting  1m27.1s
cooldown_13_tesla   • [   0% ] waiting  1m27.1s
cooldown_14_uber    • [   0% ] waiting  1m27.1s
cooldown_15_zoom    • [   0% ] waiting  1m27.1s

running (1m03.9s), 30/60 VUs, 447 complete and 0 interrupted iterations
warmup_01_amazon    ✓ [ 100% ] 0/2 VUs  30s
warmup_02_amd       ✓ [ 100% ] 0/2 VUs  30s
warmup_03_apple     ✓ [ 100% ] 0/2 VUs  30s
warmup_04_azure     ✓ [ 100% ] 0/2 VUs  30s
warmup_05_google    ✓ [ 100% ] 0/2 VUs  30s
warmup_06_meta      ✓ [ 100% ] 0/2 VUs  30s
warmup_07_netflix   ✓ [ 100% ] 0/2 VUs  30s
warmup_08_nvidia    ✓ [ 100% ] 0/2 VUs  30s
warmup_09_paypal    ✓ [ 100% ] 0/2 VUs  30s
warmup_10_reddit    ✓ [ 100% ] 0/2 VUs  30s
warmup_11_slack     ✓ [ 100% ] 0/2 VUs  30s
warmup_12_spotify   ✓ [ 100% ] 0/2 VUs  30s
warmup_13_tesla     ✓ [ 100% ] 0/2 VUs  30s
warmup_14_uber      ✓ [ 100% ] 0/2 VUs  30s
warmup_15_zoom      ✓ [ 100% ] 0/2 VUs  30s
steady_01_amazon      [  28% ] 2 VUs    0m33.9s/2m0s
steady_02_amd         [  28% ] 2 VUs    0m33.9s/2m0s
steady_03_apple       [  28% ] 2 VUs    0m33.9s/2m0s
steady_04_azure       [  28% ] 2 VUs    0m33.9s/2m0s
steady_05_google      [  28% ] 2 VUs    0m33.9s/2m0s
steady_06_meta        [  28% ] 2 VUs    0m33.9s/2m0s
steady_07_netflix     [  28% ] 2 VUs    0m33.9s/2m0s
steady_08_nvidia      [  28% ] 2 VUs    0m33.9s/2m0s
steady_09_paypal      [  28% ] 2 VUs    0m33.9s/2m0s
steady_10_reddit      [  28% ] 2 VUs    0m33.9s/2m0s
steady_11_slack       [  28% ] 2 VUs    0m33.9s/2m0s
steady_12_spotify     [  28% ] 2 VUs    0m33.9s/2m0s
steady_13_tesla       [  28% ] 2 VUs    0m33.9s/2m0s
steady_14_uber        [  28% ] 2 VUs    0m33.9s/2m0s
steady_15_zoom        [  28% ] 2 VUs    0m33.9s/2m0s
cooldown_01_amazon  • [   0% ] waiting  1m26.1s
cooldown_02_amd     • [   0% ] waiting  1m26.1s
cooldown_03_apple   • [   0% ] waiting  1m26.1s
cooldown_04_azure   • [   0% ] waiting  1m26.1s
cooldown_05_google  • [   0% ] waiting  1m26.1s
cooldown_06_meta    • [   0% ] waiting  1m26.1s
cooldown_07_netflix • [   0% ] waiting  1m26.1s
cooldown_08_nvidia  • [   0% ] waiting  1m26.1s
cooldown_09_paypal  • [   0% ] waiting  1m26.1s
cooldown_10_reddit  • [   0% ] waiting  1m26.1s
cooldown_11_slack   • [   0% ] waiting  1m26.1s
cooldown_12_spotify • [   0% ] waiting  1m26.1s
cooldown_13_tesla   • [   0% ] waiting  1m26.1s
cooldown_14_uber    • [   0% ] waiting  1m26.1s
cooldown_15_zoom    • [   0% ] waiting  1m26.1s

running (1m05.0s), 30/60 VUs, 469 complete and 0 interrupted iterations
warmup_01_amazon    ✓ [ 100% ] 0/2 VUs  30s
warmup_02_amd       ✓ [ 100% ] 0/2 VUs  30s
warmup_03_apple     ✓ [ 100% ] 0/2 VUs  30s
warmup_04_azure     ✓ [ 100% ] 0/2 VUs  30s
warmup_05_google    ✓ [ 100% ] 0/2 VUs  30s
warmup_06_meta      ✓ [ 100% ] 0/2 VUs  30s
warmup_07_netflix   ✓ [ 100% ] 0/2 VUs  30s
warmup_08_nvidia    ✓ [ 100% ] 0/2 VUs  30s
warmup_09_paypal    ✓ [ 100% ] 0/2 VUs  30s
warmup_10_reddit    ✓ [ 100% ] 0/2 VUs  30s
warmup_11_slack     ✓ [ 100% ] 0/2 VUs  30s
warmup_12_spotify   ✓ [ 100% ] 0/2 VUs  30s
warmup_13_tesla     ✓ [ 100% ] 0/2 VUs  30s
warmup_14_uber      ✓ [ 100% ] 0/2 VUs  30s
warmup_15_zoom      ✓ [ 100% ] 0/2 VUs  30s
steady_01_amazon      [  29% ] 2 VUs    0m34.9s/2m0s
steady_02_amd         [  29% ] 2 VUs    0m34.9s/2m0s
steady_03_apple       [  29% ] 2 VUs    0m34.9s/2m0s
steady_04_azure       [  29% ] 2 VUs    0m34.9s/2m0s
steady_05_google      [  29% ] 2 VUs    0m34.9s/2m0s
steady_06_meta        [  29% ] 2 VUs    0m34.9s/2m0s
steady_07_netflix     [  29% ] 2 VUs    0m34.9s/2m0s
steady_08_nvidia      [  29% ] 2 VUs    0m34.9s/2m0s
steady_09_paypal      [  29% ] 2 VUs    0m34.9s/2m0s
steady_10_reddit      [  29% ] 2 VUs    0m34.9s/2m0s
steady_11_slack       [  29% ] 2 VUs    0m34.9s/2m0s
steady_12_spotify     [  29% ] 2 VUs    0m34.9s/2m0s
steady_13_tesla       [  29% ] 2 VUs    0m34.9s/2m0s
steady_14_uber        [  29% ] 2 VUs    0m34.9s/2m0s
steady_15_zoom        [  29% ] 2 VUs    0m34.9s/2m0s
cooldown_01_amazon  • [   0% ] waiting  1m25.1s
cooldown_02_amd     • [   0% ] waiting  1m25.1s
cooldown_03_apple   • [   0% ] waiting  1m25.1s
cooldown_04_azure   • [   0% ] waiting  1m25.1s
cooldown_05_google  • [   0% ] waiting  1m25.1s
cooldown_06_meta    • [   0% ] waiting  1m25.1s
cooldown_07_netflix • [   0% ] waiting  1m25.1s
cooldown_08_nvidia  • [   0% ] waiting  1m25.1s
cooldown_09_paypal  • [   0% ] waiting  1m25.1s
cooldown_10_reddit  • [   0% ] waiting  1m25.1s
cooldown_11_slack   • [   0% ] waiting  1m25.1s
cooldown_12_spotify • [   0% ] waiting  1m25.1s
cooldown_13_tesla   • [   0% ] waiting  1m25.1s
cooldown_14_uber    • [   0% ] waiting  1m25.1s
cooldown_15_zoom    • [   0% ] waiting  1m25.1s

running (1m06.0s), 30/60 VUs, 470 complete and 0 interrupted iterations
warmup_01_amazon    ✓ [ 100% ] 0/2 VUs  30s
warmup_02_amd       ✓ [ 100% ] 0/2 VUs  30s
warmup_03_apple     ✓ [ 100% ] 0/2 VUs  30s
warmup_04_azure     ✓ [ 100% ] 0/2 VUs  30s
warmup_05_google    ✓ [ 100% ] 0/2 VUs  30s
warmup_06_meta      ✓ [ 100% ] 0/2 VUs  30s
warmup_07_netflix   ✓ [ 100% ] 0/2 VUs  30s
warmup_08_nvidia    ✓ [ 100% ] 0/2 VUs  30s
warmup_09_paypal    ✓ [ 100% ] 0/2 VUs  30s
warmup_10_reddit    ✓ [ 100% ] 0/2 VUs  30s
warmup_11_slack     ✓ [ 100% ] 0/2 VUs  30s
warmup_12_spotify   ✓ [ 100% ] 0/2 VUs  30s
warmup_13_tesla     ✓ [ 100% ] 0/2 VUs  30s
warmup_14_uber      ✓ [ 100% ] 0/2 VUs  30s
warmup_15_zoom      ✓ [ 100% ] 0/2 VUs  30s
steady_01_amazon      [  30% ] 2 VUs    0m35.9s/2m0s
steady_02_amd         [  30% ] 2 VUs    0m35.9s/2m0s
steady_03_apple       [  30% ] 2 VUs    0m35.9s/2m0s
steady_04_azure       [  30% ] 2 VUs    0m35.9s/2m0s
steady_05_google      [  30% ] 2 VUs    0m35.9s/2m0s
steady_06_meta        [  30% ] 2 VUs    0m35.9s/2m0s
steady_07_netflix     [  30% ] 2 VUs    0m35.9s/2m0s
steady_08_nvidia      [  30% ] 2 VUs    0m35.9s/2m0s
steady_09_paypal      [  30% ] 2 VUs    0m35.9s/2m0s
steady_10_reddit      [  30% ] 2 VUs    0m35.9s/2m0s
steady_11_slack       [  30% ] 2 VUs    0m35.9s/2m0s
steady_12_spotify     [  30% ] 2 VUs    0m35.9s/2m0s
steady_13_tesla       [  30% ] 2 VUs    0m35.9s/2m0s
steady_14_uber        [  30% ] 2 VUs    0m35.9s/2m0s
steady_15_zoom        [  30% ] 2 VUs    0m35.9s/2m0s
cooldown_01_amazon  • [   0% ] waiting  1m24.1s
cooldown_02_amd     • [   0% ] waiting  1m24.1s
cooldown_03_apple   • [   0% ] waiting  1m24.1s
cooldown_04_azure   • [   0% ] waiting  1m24.1s
cooldown_05_google  • [   0% ] waiting  1m24.1s
cooldown_06_meta    • [   0% ] waiting  1m24.1s
cooldown_07_netflix • [   0% ] waiting  1m24.1s
cooldown_08_nvidia  • [   0% ] waiting  1m24.1s
cooldown_09_paypal  • [   0% ] waiting  1m24.1s
cooldown_10_reddit  • [   0% ] waiting  1m24.1s
cooldown_11_slack   • [   0% ] waiting  1m24.1s
cooldown_12_spotify • [   0% ] waiting  1m24.1s
cooldown_13_tesla   • [   0% ] waiting  1m24.1s
cooldown_14_uber    • [   0% ] waiting  1m24.1s
cooldown_15_zoom    • [   0% ] waiting  1m24.1s

running (1m07.0s), 30/60 VUs, 484 complete and 0 interrupted iterations
warmup_01_amazon    ✓ [ 100% ] 0/2 VUs  30s
warmup_02_amd       ✓ [ 100% ] 0/2 VUs  30s
warmup_03_apple     ✓ [ 100% ] 0/2 VUs  30s
warmup_04_azure     ✓ [ 100% ] 0/2 VUs  30s
warmup_05_google    ✓ [ 100% ] 0/2 VUs  30s
warmup_06_meta      ✓ [ 100% ] 0/2 VUs  30s
warmup_07_netflix   ✓ [ 100% ] 0/2 VUs  30s
warmup_08_nvidia    ✓ [ 100% ] 0/2 VUs  30s
warmup_09_paypal    ✓ [ 100% ] 0/2 VUs  30s
warmup_10_reddit    ✓ [ 100% ] 0/2 VUs  30s
warmup_11_slack     ✓ [ 100% ] 0/2 VUs  30s
warmup_12_spotify   ✓ [ 100% ] 0/2 VUs  30s
warmup_13_tesla     ✓ [ 100% ] 0/2 VUs  30s
warmup_14_uber      ✓ [ 100% ] 0/2 VUs  30s
warmup_15_zoom      ✓ [ 100% ] 0/2 VUs  30s
steady_01_amazon      [  31% ] 2 VUs    0m36.9s/2m0s
steady_02_amd         [  31% ] 2 VUs    0m36.9s/2m0s
steady_03_apple       [  31% ] 2 VUs    0m36.9s/2m0s
steady_04_azure       [  31% ] 2 VUs    0m36.9s/2m0s
steady_05_google      [  31% ] 2 VUs    0m36.9s/2m0s
steady_06_meta        [  31% ] 2 VUs    0m36.9s/2m0s
steady_07_netflix     [  31% ] 2 VUs    0m36.9s/2m0s
steady_08_nvidia      [  31% ] 2 VUs    0m36.9s/2m0s
steady_09_paypal      [  31% ] 2 VUs    0m36.9s/2m0s
steady_10_reddit      [  31% ] 2 VUs    0m36.9s/2m0s
steady_11_slack       [  31% ] 2 VUs    0m36.9s/2m0s
steady_12_spotify     [  31% ] 2 VUs    0m36.9s/2m0s
steady_13_tesla       [  31% ] 2 VUs    0m36.9s/2m0s
steady_14_uber        [  31% ] 2 VUs    0m36.9s/2m0s
steady_15_zoom        [  31% ] 2 VUs    0m36.9s/2m0s
cooldown_01_amazon  • [   0% ] waiting  1m23.1s
cooldown_02_amd     • [   0% ] waiting  1m23.1s
cooldown_03_apple   • [   0% ] waiting  1m23.1s
cooldown_04_azure   • [   0% ] waiting  1m23.1s
cooldown_05_google  • [   0% ] waiting  1m23.1s
cooldown_06_meta    • [   0% ] waiting  1m23.1s
cooldown_07_netflix • [   0% ] waiting  1m23.1s
cooldown_08_nvidia  • [   0% ] waiting  1m23.1s
cooldown_09_paypal  • [   0% ] waiting  1m23.1s
cooldown_10_reddit  • [   0% ] waiting  1m23.1s
cooldown_11_slack   • [   0% ] waiting  1m23.1s
cooldown_12_spotify • [   0% ] waiting  1m23.1s
cooldown_13_tesla   • [   0% ] waiting  1m23.1s
cooldown_14_uber    • [   0% ] waiting  1m23.1s
cooldown_15_zoom    • [   0% ] waiting  1m23.0s

running (1m08.0s), 30/60 VUs, 501 complete and 0 interrupted iterations
warmup_01_amazon    ✓ [ 100% ] 0/2 VUs  30s
warmup_02_amd       ✓ [ 100% ] 0/2 VUs  30s
warmup_03_apple     ✓ [ 100% ] 0/2 VUs  30s
warmup_04_azure     ✓ [ 100% ] 0/2 VUs  30s
warmup_05_google    ✓ [ 100% ] 0/2 VUs  30s
warmup_06_meta      ✓ [ 100% ] 0/2 VUs  30s
warmup_07_netflix   ✓ [ 100% ] 0/2 VUs  30s
warmup_08_nvidia    ✓ [ 100% ] 0/2 VUs  30s
warmup_09_paypal    ✓ [ 100% ] 0/2 VUs  30s
warmup_10_reddit    ✓ [ 100% ] 0/2 VUs  30s
warmup_11_slack     ✓ [ 100% ] 0/2 VUs  30s
warmup_12_spotify   ✓ [ 100% ] 0/2 VUs  30s
warmup_13_tesla     ✓ [ 100% ] 0/2 VUs  30s
warmup_14_uber      ✓ [ 100% ] 0/2 VUs  30s
warmup_15_zoom      ✓ [ 100% ] 0/2 VUs  30s
steady_01_amazon      [  32% ] 2 VUs    0m37.9s/2m0s
steady_02_amd         [  32% ] 2 VUs    0m37.9s/2m0s
steady_03_apple       [  32% ] 2 VUs    0m37.9s/2m0s
steady_04_azure       [  32% ] 2 VUs    0m37.9s/2m0s
steady_05_google      [  32% ] 2 VUs    0m37.9s/2m0s
steady_06_meta        [  32% ] 2 VUs    0m37.9s/2m0s
steady_07_netflix     [  32% ] 2 VUs    0m37.9s/2m0s
steady_08_nvidia      [  32% ] 2 VUs    0m37.9s/2m0s
steady_09_paypal      [  32% ] 2 VUs    0m37.9s/2m0s
steady_10_reddit      [  32% ] 2 VUs    0m37.9s/2m0s
steady_11_slack       [  32% ] 2 VUs    0m37.9s/2m0s
steady_12_spotify     [  32% ] 2 VUs    0m37.9s/2m0s
steady_13_tesla       [  32% ] 2 VUs    0m37.9s/2m0s
steady_14_uber        [  32% ] 2 VUs    0m37.9s/2m0s
steady_15_zoom        [  32% ] 2 VUs    0m37.9s/2m0s
cooldown_01_amazon  • [   0% ] waiting  1m22.1s
cooldown_02_amd     • [   0% ] waiting  1m22.1s
cooldown_03_apple   • [   0% ] waiting  1m22.1s
cooldown_04_azure   • [   0% ] waiting  1m22.1s
cooldown_05_google  • [   0% ] waiting  1m22.1s
cooldown_06_meta    • [   0% ] waiting  1m22.1s
cooldown_07_netflix • [   0% ] waiting  1m22.1s
cooldown_08_nvidia  • [   0% ] waiting  1m22.1s
cooldown_09_paypal  • [   0% ] waiting  1m22.1s
cooldown_10_reddit  • [   0% ] waiting  1m22.1s
cooldown_11_slack   • [   0% ] waiting  1m22.1s
cooldown_12_spotify • [   0% ] waiting  1m22.1s
cooldown_13_tesla   • [   0% ] waiting  1m22.1s
cooldown_14_uber    • [   0% ] waiting  1m22.1s
cooldown_15_zoom    • [   0% ] waiting  1m22.1s

running (1m09.0s), 30/60 VUs, 502 complete and 0 interrupted iterations
warmup_01_amazon    ✓ [ 100% ] 0/2 VUs  30s
warmup_02_amd       ✓ [ 100% ] 0/2 VUs  30s
warmup_03_apple     ✓ [ 100% ] 0/2 VUs  30s
warmup_04_azure     ✓ [ 100% ] 0/2 VUs  30s
warmup_05_google    ✓ [ 100% ] 0/2 VUs  30s
warmup_06_meta      ✓ [ 100% ] 0/2 VUs  30s
warmup_07_netflix   ✓ [ 100% ] 0/2 VUs  30s
warmup_08_nvidia    ✓ [ 100% ] 0/2 VUs  30s
warmup_09_paypal    ✓ [ 100% ] 0/2 VUs  30s
warmup_10_reddit    ✓ [ 100% ] 0/2 VUs  30s
warmup_11_slack     ✓ [ 100% ] 0/2 VUs  30s
warmup_12_spotify   ✓ [ 100% ] 0/2 VUs  30s
warmup_13_tesla     ✓ [ 100% ] 0/2 VUs  30s
warmup_14_uber      ✓ [ 100% ] 0/2 VUs  30s
warmup_15_zoom      ✓ [ 100% ] 0/2 VUs  30s
steady_01_amazon      [  32% ] 2 VUs    0m38.9s/2m0s
steady_02_amd         [  32% ] 2 VUs    0m38.9s/2m0s
steady_03_apple       [  32% ] 2 VUs    0m38.9s/2m0s
steady_04_azure       [  32% ] 2 VUs    0m38.9s/2m0s
steady_05_google      [  32% ] 2 VUs    0m38.9s/2m0s
steady_06_meta        [  32% ] 2 VUs    0m38.9s/2m0s
steady_07_netflix     [  32% ] 2 VUs    0m38.9s/2m0s
steady_08_nvidia      [  32% ] 2 VUs    0m38.9s/2m0s
steady_09_paypal      [  32% ] 2 VUs    0m38.9s/2m0s
steady_10_reddit      [  32% ] 2 VUs    0m38.9s/2m0s
steady_11_slack       [  32% ] 2 VUs    0m38.9s/2m0s
steady_12_spotify     [  32% ] 2 VUs    0m38.9s/2m0s
steady_13_tesla       [  32% ] 2 VUs    0m38.9s/2m0s
steady_14_uber        [  32% ] 2 VUs    0m38.9s/2m0s
steady_15_zoom        [  32% ] 2 VUs    0m38.9s/2m0s
cooldown_01_amazon  • [   0% ] waiting  1m21.1s
cooldown_02_amd     • [   0% ] waiting  1m21.1s
cooldown_03_apple   • [   0% ] waiting  1m21.1s
cooldown_04_azure   • [   0% ] waiting  1m21.1s
cooldown_05_google  • [   0% ] waiting  1m21.1s
cooldown_06_meta    • [   0% ] waiting  1m21.1s
cooldown_07_netflix • [   0% ] waiting  1m21.1s
cooldown_08_nvidia  • [   0% ] waiting  1m21.1s
cooldown_09_paypal  • [   0% ] waiting  1m21.1s
cooldown_10_reddit  • [   0% ] waiting  1m21.1s
cooldown_11_slack   • [   0% ] waiting  1m21.1s
cooldown_12_spotify • [   0% ] waiting  1m21.1s
cooldown_13_tesla   • [   0% ] waiting  1m21.1s
cooldown_14_uber    • [   0% ] waiting  1m21.1s
cooldown_15_zoom    • [   0% ] waiting  1m21.1s

running (1m10.0s), 30/60 VUs, 528 complete and 0 interrupted iterations
warmup_01_amazon    ✓ [ 100% ] 0/2 VUs  30s
warmup_02_amd       ✓ [ 100% ] 0/2 VUs  30s
warmup_03_apple     ✓ [ 100% ] 0/2 VUs  30s
warmup_04_azure     ✓ [ 100% ] 0/2 VUs  30s
warmup_05_google    ✓ [ 100% ] 0/2 VUs  30s
warmup_06_meta      ✓ [ 100% ] 0/2 VUs  30s
warmup_07_netflix   ✓ [ 100% ] 0/2 VUs  30s
warmup_08_nvidia    ✓ [ 100% ] 0/2 VUs  30s
warmup_09_paypal    ✓ [ 100% ] 0/2 VUs  30s
warmup_10_reddit    ✓ [ 100% ] 0/2 VUs  30s
warmup_11_slack     ✓ [ 100% ] 0/2 VUs  30s
warmup_12_spotify   ✓ [ 100% ] 0/2 VUs  30s
warmup_13_tesla     ✓ [ 100% ] 0/2 VUs  30s
warmup_14_uber      ✓ [ 100% ] 0/2 VUs  30s
warmup_15_zoom      ✓ [ 100% ] 0/2 VUs  30s
steady_01_amazon      [  33% ] 2 VUs    0m39.9s/2m0s
steady_02_amd         [  33% ] 2 VUs    0m39.9s/2m0s
steady_03_apple       [  33% ] 2 VUs    0m39.9s/2m0s
steady_04_azure       [  33% ] 2 VUs    0m39.9s/2m0s
steady_05_google      [  33% ] 2 VUs    0m39.9s/2m0s
steady_06_meta        [  33% ] 2 VUs    0m39.9s/2m0s
steady_07_netflix     [  33% ] 2 VUs    0m39.9s/2m0s
steady_08_nvidia      [  33% ] 2 VUs    0m39.9s/2m0s
steady_09_paypal      [  33% ] 2 VUs    0m39.9s/2m0s
steady_10_reddit      [  33% ] 2 VUs    0m39.9s/2m0s
steady_11_slack       [  33% ] 2 VUs    0m39.9s/2m0s
steady_12_spotify     [  33% ] 2 VUs    0m39.9s/2m0s
steady_13_tesla       [  33% ] 2 VUs    0m39.9s/2m0s
steady_14_uber        [  33% ] 2 VUs    0m39.9s/2m0s
steady_15_zoom        [  33% ] 2 VUs    0m39.9s/2m0s
cooldown_01_amazon  • [   0% ] waiting  1m20.1s
cooldown_02_amd     • [   0% ] waiting  1m20.1s
cooldown_03_apple   • [   0% ] waiting  1m20.1s
cooldown_04_azure   • [   0% ] waiting  1m20.1s
cooldown_05_google  • [   0% ] waiting  1m20.1s
cooldown_06_meta    • [   0% ] waiting  1m20.1s
cooldown_07_netflix • [   0% ] waiting  1m20.1s
cooldown_08_nvidia  • [   0% ] waiting  1m20.1s
cooldown_09_paypal  • [   0% ] waiting  1m20.1s
cooldown_10_reddit  • [   0% ] waiting  1m20.1s
cooldown_11_slack   • [   0% ] waiting  1m20.1s
cooldown_12_spotify • [   0% ] waiting  1m20.1s
cooldown_13_tesla   • [   0% ] waiting  1m20.1s
cooldown_14_uber    • [   0% ] waiting  1m20.1s
cooldown_15_zoom    • [   0% ] waiting  1m20.1s

running (1m10.9s), 30/60 VUs, 532 complete and 0 interrupted iterations
warmup_01_amazon    ✓ [ 100% ] 0/2 VUs  30s
warmup_02_amd       ✓ [ 100% ] 0/2 VUs  30s
warmup_03_apple     ✓ [ 100% ] 0/2 VUs  30s
warmup_04_azure     ✓ [ 100% ] 0/2 VUs  30s
warmup_05_google    ✓ [ 100% ] 0/2 VUs  30s
warmup_06_meta      ✓ [ 100% ] 0/2 VUs  30s
warmup_07_netflix   ✓ [ 100% ] 0/2 VUs  30s
warmup_08_nvidia    ✓ [ 100% ] 0/2 VUs  30s
warmup_09_paypal    ✓ [ 100% ] 0/2 VUs  30s
warmup_10_reddit    ✓ [ 100% ] 0/2 VUs  30s
warmup_11_slack     ✓ [ 100% ] 0/2 VUs  30s
warmup_12_spotify   ✓ [ 100% ] 0/2 VUs  30s
warmup_13_tesla     ✓ [ 100% ] 0/2 VUs  30s
warmup_14_uber      ✓ [ 100% ] 0/2 VUs  30s
warmup_15_zoom      ✓ [ 100% ] 0/2 VUs  30s
steady_01_amazon      [  34% ] 2 VUs    0m40.9s/2m0s
steady_02_amd         [  34% ] 2 VUs    0m40.9s/2m0s
steady_03_apple       [  34% ] 2 VUs    0m40.9s/2m0s
steady_04_azure       [  34% ] 2 VUs    0m40.9s/2m0s
steady_05_google      [  34% ] 2 VUs    0m40.9s/2m0s
steady_06_meta        [  34% ] 2 VUs    0m40.9s/2m0s
steady_07_netflix     [  34% ] 2 VUs    0m40.9s/2m0s
steady_08_nvidia      [  34% ] 2 VUs    0m40.9s/2m0s
steady_09_paypal      [  34% ] 2 VUs    0m40.9s/2m0s
steady_10_reddit      [  34% ] 2 VUs    0m40.9s/2m0s
steady_11_slack       [  34% ] 2 VUs    0m40.9s/2m0s
steady_12_spotify     [  34% ] 2 VUs    0m40.9s/2m0s
steady_13_tesla       [  34% ] 2 VUs    0m40.9s/2m0s
steady_14_uber        [  34% ] 2 VUs    0m40.9s/2m0s
steady_15_zoom        [  34% ] 2 VUs    0m40.9s/2m0s
cooldown_01_amazon  • [   0% ] waiting  1m19.1s
cooldown_02_amd     • [   0% ] waiting  1m19.1s
cooldown_03_apple   • [   0% ] waiting  1m19.1s
cooldown_04_azure   • [   0% ] waiting  1m19.1s
cooldown_05_google  • [   0% ] waiting  1m19.1s
cooldown_06_meta    • [   0% ] waiting  1m19.1s
cooldown_07_netflix • [   0% ] waiting  1m19.1s
cooldown_08_nvidia  • [   0% ] waiting  1m19.1s
cooldown_09_paypal  • [   0% ] waiting  1m19.1s
cooldown_10_reddit  • [   0% ] waiting  1m19.1s
cooldown_11_slack   • [   0% ] waiting  1m19.1s
cooldown_12_spotify • [   0% ] waiting  1m19.1s
cooldown_13_tesla   • [   0% ] waiting  1m19.1s
cooldown_14_uber    • [   0% ] waiting  1m19.1s
cooldown_15_zoom    • [   0% ] waiting  1m19.1s

running (1m12.0s), 30/60 VUs, 532 complete and 0 interrupted iterations
warmup_01_amazon    ✓ [ 100% ] 0/2 VUs  30s
warmup_02_amd       ✓ [ 100% ] 0/2 VUs  30s
warmup_03_apple     ✓ [ 100% ] 0/2 VUs  30s
warmup_04_azure     ✓ [ 100% ] 0/2 VUs  30s
warmup_05_google    ✓ [ 100% ] 0/2 VUs  30s
warmup_06_meta      ✓ [ 100% ] 0/2 VUs  30s
warmup_07_netflix   ✓ [ 100% ] 0/2 VUs  30s
warmup_08_nvidia    ✓ [ 100% ] 0/2 VUs  30s
warmup_09_paypal    ✓ [ 100% ] 0/2 VUs  30s
warmup_10_reddit    ✓ [ 100% ] 0/2 VUs  30s
warmup_11_slack     ✓ [ 100% ] 0/2 VUs  30s
warmup_12_spotify   ✓ [ 100% ] 0/2 VUs  30s
warmup_13_tesla     ✓ [ 100% ] 0/2 VUs  30s
warmup_14_uber      ✓ [ 100% ] 0/2 VUs  30s
warmup_15_zoom      ✓ [ 100% ] 0/2 VUs  30s
steady_01_amazon      [  35% ] 2 VUs    0m41.9s/2m0s
steady_02_amd         [  35% ] 2 VUs    0m41.9s/2m0s
steady_03_apple       [  35% ] 2 VUs    0m41.9s/2m0s
steady_04_azure       [  35% ] 2 VUs    0m41.9s/2m0s
steady_05_google      [  35% ] 2 VUs    0m41.9s/2m0s
steady_06_meta        [  35% ] 2 VUs    0m41.9s/2m0s
steady_07_netflix     [  35% ] 2 VUs    0m41.9s/2m0s
steady_08_nvidia      [  35% ] 2 VUs    0m41.9s/2m0s
steady_09_paypal      [  35% ] 2 VUs    0m41.9s/2m0s
steady_10_reddit      [  35% ] 2 VUs    0m41.9s/2m0s
steady_11_slack       [  35% ] 2 VUs    0m41.9s/2m0s
steady_12_spotify     [  35% ] 2 VUs    0m41.9s/2m0s
steady_13_tesla       [  35% ] 2 VUs    0m41.9s/2m0s
steady_14_uber        [  35% ] 2 VUs    0m41.9s/2m0s
steady_15_zoom        [  35% ] 2 VUs    0m41.9s/2m0s
cooldown_01_amazon  • [   0% ] waiting  1m18.1s
cooldown_02_amd     • [   0% ] waiting  1m18.1s
cooldown_03_apple   • [   0% ] waiting  1m18.1s
cooldown_04_azure   • [   0% ] waiting  1m18.1s
cooldown_05_google  • [   0% ] waiting  1m18.1s
cooldown_06_meta    • [   0% ] waiting  1m18.1s
cooldown_07_netflix • [   0% ] waiting  1m18.1s
cooldown_08_nvidia  • [   0% ] waiting  1m18.1s
cooldown_09_paypal  • [   0% ] waiting  1m18.1s
cooldown_10_reddit  • [   0% ] waiting  1m18.1s
cooldown_11_slack   • [   0% ] waiting  1m18.1s
cooldown_12_spotify • [   0% ] waiting  1m18.1s
cooldown_13_tesla   • [   0% ] waiting  1m18.1s
cooldown_14_uber    • [   0% ] waiting  1m18.1s
cooldown_15_zoom    • [   0% ] waiting  1m18.1s

running (1m13.0s), 30/60 VUs, 556 complete and 0 interrupted iterations
warmup_01_amazon    ✓ [ 100% ] 0/2 VUs  30s
warmup_02_amd       ✓ [ 100% ] 0/2 VUs  30s
warmup_03_apple     ✓ [ 100% ] 0/2 VUs  30s
warmup_04_azure     ✓ [ 100% ] 0/2 VUs  30s
warmup_05_google    ✓ [ 100% ] 0/2 VUs  30s
warmup_06_meta      ✓ [ 100% ] 0/2 VUs  30s
warmup_07_netflix   ✓ [ 100% ] 0/2 VUs  30s
warmup_08_nvidia    ✓ [ 100% ] 0/2 VUs  30s
warmup_09_paypal    ✓ [ 100% ] 0/2 VUs  30s
warmup_10_reddit    ✓ [ 100% ] 0/2 VUs  30s
warmup_11_slack     ✓ [ 100% ] 0/2 VUs  30s
warmup_12_spotify   ✓ [ 100% ] 0/2 VUs  30s
warmup_13_tesla     ✓ [ 100% ] 0/2 VUs  30s
warmup_14_uber      ✓ [ 100% ] 0/2 VUs  30s
warmup_15_zoom      ✓ [ 100% ] 0/2 VUs  30s
steady_01_amazon      [  36% ] 2 VUs    0m42.9s/2m0s
steady_02_amd         [  36% ] 2 VUs    0m42.9s/2m0s
steady_03_apple       [  36% ] 2 VUs    0m42.9s/2m0s
steady_04_azure       [  36% ] 2 VUs    0m42.9s/2m0s
steady_05_google      [  36% ] 2 VUs    0m42.9s/2m0s
steady_06_meta        [  36% ] 2 VUs    0m42.9s/2m0s
steady_07_netflix     [  36% ] 2 VUs    0m42.9s/2m0s
steady_08_nvidia      [  36% ] 2 VUs    0m42.9s/2m0s
steady_09_paypal      [  36% ] 2 VUs    0m42.9s/2m0s
steady_10_reddit      [  36% ] 2 VUs    0m42.9s/2m0s
steady_11_slack       [  36% ] 2 VUs    0m42.9s/2m0s
steady_12_spotify     [  36% ] 2 VUs    0m42.9s/2m0s
steady_13_tesla       [  36% ] 2 VUs    0m42.9s/2m0s
steady_14_uber        [  36% ] 2 VUs    0m42.9s/2m0s
steady_15_zoom        [  36% ] 2 VUs    0m42.9s/2m0s
cooldown_01_amazon  • [   0% ] waiting  1m17.1s
cooldown_02_amd     • [   0% ] waiting  1m17.1s
cooldown_03_apple   • [   0% ] waiting  1m17.1s
cooldown_04_azure   • [   0% ] waiting  1m17.1s
cooldown_05_google  • [   0% ] waiting  1m17.1s
cooldown_06_meta    • [   0% ] waiting  1m17.1s
cooldown_07_netflix • [   0% ] waiting  1m17.1s
cooldown_08_nvidia  • [   0% ] waiting  1m17.1s
cooldown_09_paypal  • [   0% ] waiting  1m17.1s
cooldown_10_reddit  • [   0% ] waiting  1m17.1s
cooldown_11_slack   • [   0% ] waiting  1m17.1s
cooldown_12_spotify • [   0% ] waiting  1m17.1s
cooldown_13_tesla   • [   0% ] waiting  1m17.1s
cooldown_14_uber    • [   0% ] waiting  1m17.1s
cooldown_15_zoom    • [   0% ] waiting  1m17.1s

running (1m13.9s), 30/60 VUs, 563 complete and 0 interrupted iterations
warmup_01_amazon    ✓ [ 100% ] 0/2 VUs  30s
warmup_02_amd       ✓ [ 100% ] 0/2 VUs  30s
warmup_03_apple     ✓ [ 100% ] 0/2 VUs  30s
warmup_04_azure     ✓ [ 100% ] 0/2 VUs  30s
warmup_05_google    ✓ [ 100% ] 0/2 VUs  30s
warmup_06_meta      ✓ [ 100% ] 0/2 VUs  30s
warmup_07_netflix   ✓ [ 100% ] 0/2 VUs  30s
warmup_08_nvidia    ✓ [ 100% ] 0/2 VUs  30s
warmup_09_paypal    ✓ [ 100% ] 0/2 VUs  30s
warmup_10_reddit    ✓ [ 100% ] 0/2 VUs  30s
warmup_11_slack     ✓ [ 100% ] 0/2 VUs  30s
warmup_12_spotify   ✓ [ 100% ] 0/2 VUs  30s
warmup_13_tesla     ✓ [ 100% ] 0/2 VUs  30s
warmup_14_uber      ✓ [ 100% ] 0/2 VUs  30s
warmup_15_zoom      ✓ [ 100% ] 0/2 VUs  30s
steady_01_amazon      [  37% ] 2 VUs    0m43.9s/2m0s
steady_02_amd         [  37% ] 2 VUs    0m43.9s/2m0s
steady_03_apple       [  37% ] 2 VUs    0m43.9s/2m0s
steady_04_azure       [  37% ] 2 VUs    0m43.9s/2m0s
steady_05_google      [  37% ] 2 VUs    0m43.9s/2m0s
steady_06_meta        [  37% ] 2 VUs    0m43.9s/2m0s
steady_07_netflix     [  37% ] 2 VUs    0m43.9s/2m0s
steady_08_nvidia      [  37% ] 2 VUs    0m43.9s/2m0s
steady_09_paypal      [  37% ] 2 VUs    0m43.9s/2m0s
steady_10_reddit      [  37% ] 2 VUs    0m43.9s/2m0s
steady_11_slack       [  37% ] 2 VUs    0m43.9s/2m0s
steady_12_spotify     [  37% ] 2 VUs    0m43.9s/2m0s
steady_13_tesla       [  37% ] 2 VUs    0m43.9s/2m0s
steady_14_uber        [  37% ] 2 VUs    0m43.9s/2m0s
steady_15_zoom        [  37% ] 2 VUs    0m43.9s/2m0s
cooldown_01_amazon  • [   0% ] waiting  1m16.1s
cooldown_02_amd     • [   0% ] waiting  1m16.1s
cooldown_03_apple   • [   0% ] waiting  1m16.1s
cooldown_04_azure   • [   0% ] waiting  1m16.1s
cooldown_05_google  • [   0% ] waiting  1m16.1s
cooldown_06_meta    • [   0% ] waiting  1m16.1s
cooldown_07_netflix • [   0% ] waiting  1m16.1s
cooldown_08_nvidia  • [   0% ] waiting  1m16.1s
cooldown_09_paypal  • [   0% ] waiting  1m16.1s
cooldown_10_reddit  • [   0% ] waiting  1m16.1s
cooldown_11_slack   • [   0% ] waiting  1m16.1s
cooldown_12_spotify • [   0% ] waiting  1m16.1s
cooldown_13_tesla   • [   0% ] waiting  1m16.1s
cooldown_14_uber    • [   0% ] waiting  1m16.1s
cooldown_15_zoom    • [   0% ] waiting  1m16.1s

running (1m15.0s), 30/60 VUs, 563 complete and 0 interrupted iterations
warmup_01_amazon    ✓ [ 100% ] 0/2 VUs  30s
warmup_02_amd       ✓ [ 100% ] 0/2 VUs  30s
warmup_03_apple     ✓ [ 100% ] 0/2 VUs  30s
warmup_04_azure     ✓ [ 100% ] 0/2 VUs  30s
warmup_05_google    ✓ [ 100% ] 0/2 VUs  30s
warmup_06_meta      ✓ [ 100% ] 0/2 VUs  30s
warmup_07_netflix   ✓ [ 100% ] 0/2 VUs  30s
warmup_08_nvidia    ✓ [ 100% ] 0/2 VUs  30s
warmup_09_paypal    ✓ [ 100% ] 0/2 VUs  30s
warmup_10_reddit    ✓ [ 100% ] 0/2 VUs  30s
warmup_11_slack     ✓ [ 100% ] 0/2 VUs  30s
warmup_12_spotify   ✓ [ 100% ] 0/2 VUs  30s
warmup_13_tesla     ✓ [ 100% ] 0/2 VUs  30s
warmup_14_uber      ✓ [ 100% ] 0/2 VUs  30s
warmup_15_zoom      ✓ [ 100% ] 0/2 VUs  30s
steady_01_amazon      [  37% ] 2 VUs    0m44.9s/2m0s
steady_02_amd         [  37% ] 2 VUs    0m44.9s/2m0s
steady_03_apple       [  37% ] 2 VUs    0m44.9s/2m0s
steady_04_azure       [  37% ] 2 VUs    0m44.9s/2m0s
steady_05_google      [  37% ] 2 VUs    0m44.9s/2m0s
steady_06_meta        [  37% ] 2 VUs    0m44.9s/2m0s
steady_07_netflix     [  37% ] 2 VUs    0m44.9s/2m0s
steady_08_nvidia      [  37% ] 2 VUs    0m44.9s/2m0s
steady_09_paypal      [  37% ] 2 VUs    0m44.9s/2m0s
steady_10_reddit      [  37% ] 2 VUs    0m44.9s/2m0s
steady_11_slack       [  37% ] 2 VUs    0m44.9s/2m0s
steady_12_spotify     [  37% ] 2 VUs    0m44.9s/2m0s
steady_13_tesla       [  37% ] 2 VUs    0m44.9s/2m0s
steady_14_uber        [  37% ] 2 VUs    0m44.9s/2m0s
steady_15_zoom        [  37% ] 2 VUs    0m44.9s/2m0s
cooldown_01_amazon  • [   0% ] waiting  1m15.1s
cooldown_02_amd     • [   0% ] waiting  1m15.1s
cooldown_03_apple   • [   0% ] waiting  1m15.1s
cooldown_04_azure   • [   0% ] waiting  1m15.1s
cooldown_05_google  • [   0% ] waiting  1m15.1s
cooldown_06_meta    • [   0% ] waiting  1m15.1s
cooldown_07_netflix • [   0% ] waiting  1m15.1s
cooldown_08_nvidia  • [   0% ] waiting  1m15.1s
cooldown_09_paypal  • [   0% ] waiting  1m15.1s
cooldown_10_reddit  • [   0% ] waiting  1m15.1s
cooldown_11_slack   • [   0% ] waiting  1m15.1s
cooldown_12_spotify • [   0% ] waiting  1m15.1s
cooldown_13_tesla   • [   0% ] waiting  1m15.1s
cooldown_14_uber    • [   0% ] waiting  1m15.1s
cooldown_15_zoom    • [   0% ] waiting  1m15.1s

running (1m16.0s), 30/60 VUs, 581 complete and 0 interrupted iterations
warmup_01_amazon    ✓ [ 100% ] 0/2 VUs  30s
warmup_02_amd       ✓ [ 100% ] 0/2 VUs  30s
warmup_03_apple     ✓ [ 100% ] 0/2 VUs  30s
warmup_04_azure     ✓ [ 100% ] 0/2 VUs  30s
warmup_05_google    ✓ [ 100% ] 0/2 VUs  30s
warmup_06_meta      ✓ [ 100% ] 0/2 VUs  30s
warmup_07_netflix   ✓ [ 100% ] 0/2 VUs  30s
warmup_08_nvidia    ✓ [ 100% ] 0/2 VUs  30s
warmup_09_paypal    ✓ [ 100% ] 0/2 VUs  30s
warmup_10_reddit    ✓ [ 100% ] 0/2 VUs  30s
warmup_11_slack     ✓ [ 100% ] 0/2 VUs  30s
warmup_12_spotify   ✓ [ 100% ] 0/2 VUs  30s
warmup_13_tesla     ✓ [ 100% ] 0/2 VUs  30s
warmup_14_uber      ✓ [ 100% ] 0/2 VUs  30s
warmup_15_zoom      ✓ [ 100% ] 0/2 VUs  30s
steady_01_amazon      [  38% ] 2 VUs    0m45.9s/2m0s
steady_02_amd         [  38% ] 2 VUs    0m45.9s/2m0s
steady_03_apple       [  38% ] 2 VUs    0m45.9s/2m0s
steady_04_azure       [  38% ] 2 VUs    0m45.9s/2m0s
steady_05_google      [  38% ] 2 VUs    0m45.9s/2m0s
steady_06_meta        [  38% ] 2 VUs    0m45.9s/2m0s
steady_07_netflix     [  38% ] 2 VUs    0m45.9s/2m0s
steady_08_nvidia      [  38% ] 2 VUs    0m45.9s/2m0s
steady_09_paypal      [  38% ] 2 VUs    0m45.9s/2m0s
steady_10_reddit      [  38% ] 2 VUs    0m45.9s/2m0s
steady_11_slack       [  38% ] 2 VUs    0m45.9s/2m0s
steady_12_spotify     [  38% ] 2 VUs    0m45.9s/2m0s
steady_13_tesla       [  38% ] 2 VUs    0m45.9s/2m0s
steady_14_uber        [  38% ] 2 VUs    0m45.9s/2m0s
steady_15_zoom        [  38% ] 2 VUs    0m45.9s/2m0s
cooldown_01_amazon  • [   0% ] waiting  1m14.0s
cooldown_02_amd     • [   0% ] waiting  1m14.0s
cooldown_03_apple   • [   0% ] waiting  1m14.0s
cooldown_04_azure   • [   0% ] waiting  1m14.0s
cooldown_05_google  • [   0% ] waiting  1m14.0s
cooldown_06_meta    • [   0% ] waiting  1m14.1s
cooldown_07_netflix • [   0% ] waiting  1m14.1s
cooldown_08_nvidia  • [   0% ] waiting  1m14.1s
cooldown_09_paypal  • [   0% ] waiting  1m14.1s
cooldown_10_reddit  • [   0% ] waiting  1m14.1s
cooldown_11_slack   • [   0% ] waiting  1m14.1s
cooldown_12_spotify • [   0% ] waiting  1m14.1s
cooldown_13_tesla   • [   0% ] waiting  1m14.1s
cooldown_14_uber    • [   0% ] waiting  1m14.1s
cooldown_15_zoom    • [   0% ] waiting  1m14.0s

running (1m17.0s), 30/60 VUs, 593 complete and 0 interrupted iterations
warmup_01_amazon    ✓ [ 100% ] 0/2 VUs  30s
warmup_02_amd       ✓ [ 100% ] 0/2 VUs  30s
warmup_03_apple     ✓ [ 100% ] 0/2 VUs  30s
warmup_04_azure     ✓ [ 100% ] 0/2 VUs  30s
warmup_05_google    ✓ [ 100% ] 0/2 VUs  30s
warmup_06_meta      ✓ [ 100% ] 0/2 VUs  30s
warmup_07_netflix   ✓ [ 100% ] 0/2 VUs  30s
warmup_08_nvidia    ✓ [ 100% ] 0/2 VUs  30s
warmup_09_paypal    ✓ [ 100% ] 0/2 VUs  30s
warmup_10_reddit    ✓ [ 100% ] 0/2 VUs  30s
warmup_11_slack     ✓ [ 100% ] 0/2 VUs  30s
warmup_12_spotify   ✓ [ 100% ] 0/2 VUs  30s
warmup_13_tesla     ✓ [ 100% ] 0/2 VUs  30s
warmup_14_uber      ✓ [ 100% ] 0/2 VUs  30s
warmup_15_zoom      ✓ [ 100% ] 0/2 VUs  30s
steady_01_amazon      [  39% ] 2 VUs    0m46.9s/2m0s
steady_02_amd         [  39% ] 2 VUs    0m46.9s/2m0s
steady_03_apple       [  39% ] 2 VUs    0m46.9s/2m0s
steady_04_azure       [  39% ] 2 VUs    0m46.9s/2m0s
steady_05_google      [  39% ] 2 VUs    0m46.9s/2m0s
steady_06_meta        [  39% ] 2 VUs    0m46.9s/2m0s
steady_07_netflix     [  39% ] 2 VUs    0m46.9s/2m0s
steady_08_nvidia      [  39% ] 2 VUs    0m46.9s/2m0s
steady_09_paypal      [  39% ] 2 VUs    0m46.9s/2m0s
steady_10_reddit      [  39% ] 2 VUs    0m46.9s/2m0s
steady_11_slack       [  39% ] 2 VUs    0m46.9s/2m0s
steady_12_spotify     [  39% ] 2 VUs    0m46.9s/2m0s
steady_13_tesla       [  39% ] 2 VUs    0m46.9s/2m0s
steady_14_uber        [  39% ] 2 VUs    0m46.9s/2m0s
steady_15_zoom        [  39% ] 2 VUs    0m46.9s/2m0s
cooldown_01_amazon  • [   0% ] waiting  1m13.1s
cooldown_02_amd     • [   0% ] waiting  1m13.1s
cooldown_03_apple   • [   0% ] waiting  1m13.1s
cooldown_04_azure   • [   0% ] waiting  1m13.1s
cooldown_05_google  • [   0% ] waiting  1m13.1s
cooldown_06_meta    • [   0% ] waiting  1m13.1s
cooldown_07_netflix • [   0% ] waiting  1m13.1s
cooldown_08_nvidia  • [   0% ] waiting  1m13.1s
cooldown_09_paypal  • [   0% ] waiting  1m13.1s
cooldown_10_reddit  • [   0% ] waiting  1m13.1s
cooldown_11_slack   • [   0% ] waiting  1m13.1s
cooldown_12_spotify • [   0% ] waiting  1m13.1s
cooldown_13_tesla   • [   0% ] waiting  1m13.1s
cooldown_14_uber    • [   0% ] waiting  1m13.1s
cooldown_15_zoom    • [   0% ] waiting  1m13.1s

running (1m18.0s), 30/60 VUs, 593 complete and 0 interrupted iterations
warmup_01_amazon    ✓ [ 100% ] 0/2 VUs  30s
warmup_02_amd       ✓ [ 100% ] 0/2 VUs  30s
warmup_03_apple     ✓ [ 100% ] 0/2 VUs  30s
warmup_04_azure     ✓ [ 100% ] 0/2 VUs  30s
warmup_05_google    ✓ [ 100% ] 0/2 VUs  30s
warmup_06_meta      ✓ [ 100% ] 0/2 VUs  30s
warmup_07_netflix   ✓ [ 100% ] 0/2 VUs  30s
warmup_08_nvidia    ✓ [ 100% ] 0/2 VUs  30s
warmup_09_paypal    ✓ [ 100% ] 0/2 VUs  30s
warmup_10_reddit    ✓ [ 100% ] 0/2 VUs  30s
warmup_11_slack     ✓ [ 100% ] 0/2 VUs  30s
warmup_12_spotify   ✓ [ 100% ] 0/2 VUs  30s
warmup_13_tesla     ✓ [ 100% ] 0/2 VUs  30s
warmup_14_uber      ✓ [ 100% ] 0/2 VUs  30s
warmup_15_zoom      ✓ [ 100% ] 0/2 VUs  30s
steady_01_amazon      [  40% ] 2 VUs    0m47.9s/2m0s
steady_02_amd         [  40% ] 2 VUs    0m47.9s/2m0s
steady_03_apple       [  40% ] 2 VUs    0m47.9s/2m0s
steady_04_azure       [  40% ] 2 VUs    0m47.9s/2m0s
steady_05_google      [  40% ] 2 VUs    0m47.9s/2m0s
steady_06_meta        [  40% ] 2 VUs    0m47.9s/2m0s
steady_07_netflix     [  40% ] 2 VUs    0m47.9s/2m0s
steady_08_nvidia      [  40% ] 2 VUs    0m47.9s/2m0s
steady_09_paypal      [  40% ] 2 VUs    0m47.9s/2m0s
steady_10_reddit      [  40% ] 2 VUs    0m47.9s/2m0s
steady_11_slack       [  40% ] 2 VUs    0m47.9s/2m0s
steady_12_spotify     [  40% ] 2 VUs    0m47.9s/2m0s
steady_13_tesla       [  40% ] 2 VUs    0m47.9s/2m0s
steady_14_uber        [  40% ] 2 VUs    0m47.9s/2m0s
steady_15_zoom        [  40% ] 2 VUs    0m47.9s/2m0s
cooldown_01_amazon  • [   0% ] waiting  1m12.1s
cooldown_02_amd     • [   0% ] waiting  1m12.1s
cooldown_03_apple   • [   0% ] waiting  1m12.1s
cooldown_04_azure   • [   0% ] waiting  1m12.1s
cooldown_05_google  • [   0% ] waiting  1m12.1s
cooldown_06_meta    • [   0% ] waiting  1m12.1s
cooldown_07_netflix • [   0% ] waiting  1m12.1s
cooldown_08_nvidia  • [   0% ] waiting  1m12.1s
cooldown_09_paypal  • [   0% ] waiting  1m12.1s
cooldown_10_reddit  • [   0% ] waiting  1m12.1s
cooldown_11_slack   • [   0% ] waiting  1m12.1s
cooldown_12_spotify • [   0% ] waiting  1m12.1s
cooldown_13_tesla   • [   0% ] waiting  1m12.1s
cooldown_14_uber    • [   0% ] waiting  1m12.1s
cooldown_15_zoom    • [   0% ] waiting  1m12.1s

running (1m19.0s), 30/60 VUs, 610 complete and 0 interrupted iterations
warmup_01_amazon    ✓ [ 100% ] 0/2 VUs  30s
warmup_02_amd       ✓ [ 100% ] 0/2 VUs  30s
warmup_03_apple     ✓ [ 100% ] 0/2 VUs  30s
warmup_04_azure     ✓ [ 100% ] 0/2 VUs  30s
warmup_05_google    ✓ [ 100% ] 0/2 VUs  30s
warmup_06_meta      ✓ [ 100% ] 0/2 VUs  30s
warmup_07_netflix   ✓ [ 100% ] 0/2 VUs  30s
warmup_08_nvidia    ✓ [ 100% ] 0/2 VUs  30s
warmup_09_paypal    ✓ [ 100% ] 0/2 VUs  30s
warmup_10_reddit    ✓ [ 100% ] 0/2 VUs  30s
warmup_11_slack     ✓ [ 100% ] 0/2 VUs  30s
warmup_12_spotify   ✓ [ 100% ] 0/2 VUs  30s
warmup_13_tesla     ✓ [ 100% ] 0/2 VUs  30s
warmup_14_uber      ✓ [ 100% ] 0/2 VUs  30s
warmup_15_zoom      ✓ [ 100% ] 0/2 VUs  30s
steady_01_amazon      [  41% ] 2 VUs    0m48.9s/2m0s
steady_02_amd         [  41% ] 2 VUs    0m48.9s/2m0s
steady_03_apple       [  41% ] 2 VUs    0m48.9s/2m0s
steady_04_azure       [  41% ] 2 VUs    0m48.9s/2m0s
steady_05_google      [  41% ] 2 VUs    0m48.9s/2m0s
steady_06_meta        [  41% ] 2 VUs    0m48.9s/2m0s
steady_07_netflix     [  41% ] 2 VUs    0m48.9s/2m0s
steady_08_nvidia      [  41% ] 2 VUs    0m48.9s/2m0s
steady_09_paypal      [  41% ] 2 VUs    0m48.9s/2m0s
steady_10_reddit      [  41% ] 2 VUs    0m48.9s/2m0s
steady_11_slack       [  41% ] 2 VUs    0m48.9s/2m0s
steady_12_spotify     [  41% ] 2 VUs    0m48.9s/2m0s
steady_13_tesla       [  41% ] 2 VUs    0m48.9s/2m0s
steady_14_uber        [  41% ] 2 VUs    0m48.9s/2m0s
steady_15_zoom        [  41% ] 2 VUs    0m48.9s/2m0s
cooldown_01_amazon  • [   0% ] waiting  1m11.1s
cooldown_02_amd     • [   0% ] waiting  1m11.1s
cooldown_03_apple   • [   0% ] waiting  1m11.1s
cooldown_04_azure   • [   0% ] waiting  1m11.1s
cooldown_05_google  • [   0% ] waiting  1m11.1s
cooldown_06_meta    • [   0% ] waiting  1m11.1s
cooldown_07_netflix • [   0% ] waiting  1m11.1s
cooldown_08_nvidia  • [   0% ] waiting  1m11.1s
cooldown_09_paypal  • [   0% ] waiting  1m11.1s
cooldown_10_reddit  • [   0% ] waiting  1m11.1s
cooldown_11_slack   • [   0% ] waiting  1m11.1s
cooldown_12_spotify • [   0% ] waiting  1m11.1s
cooldown_13_tesla   • [   0% ] waiting  1m11.1s
cooldown_14_uber    • [   0% ] waiting  1m11.1s
cooldown_15_zoom    • [   0% ] waiting  1m11.1s

running (1m19.9s), 30/60 VUs, 623 complete and 0 interrupted iterations
warmup_01_amazon    ✓ [ 100% ] 0/2 VUs  30s
warmup_02_amd       ✓ [ 100% ] 0/2 VUs  30s
warmup_03_apple     ✓ [ 100% ] 0/2 VUs  30s
warmup_04_azure     ✓ [ 100% ] 0/2 VUs  30s
warmup_05_google    ✓ [ 100% ] 0/2 VUs  30s
warmup_06_meta      ✓ [ 100% ] 0/2 VUs  30s
warmup_07_netflix   ✓ [ 100% ] 0/2 VUs  30s
warmup_08_nvidia    ✓ [ 100% ] 0/2 VUs  30s
warmup_09_paypal    ✓ [ 100% ] 0/2 VUs  30s
warmup_10_reddit    ✓ [ 100% ] 0/2 VUs  30s
warmup_11_slack     ✓ [ 100% ] 0/2 VUs  30s
warmup_12_spotify   ✓ [ 100% ] 0/2 VUs  30s
warmup_13_tesla     ✓ [ 100% ] 0/2 VUs  30s
warmup_14_uber      ✓ [ 100% ] 0/2 VUs  30s
warmup_15_zoom      ✓ [ 100% ] 0/2 VUs  30s
steady_01_amazon      [  42% ] 2 VUs    0m49.9s/2m0s
steady_02_amd         [  42% ] 2 VUs    0m49.9s/2m0s
steady_03_apple       [  42% ] 2 VUs    0m49.9s/2m0s
steady_04_azure       [  42% ] 2 VUs    0m49.9s/2m0s
steady_05_google      [  42% ] 2 VUs    0m49.9s/2m0s
steady_06_meta        [  42% ] 2 VUs    0m49.9s/2m0s
steady_07_netflix     [  42% ] 2 VUs    0m49.9s/2m0s
steady_08_nvidia      [  42% ] 2 VUs    0m49.9s/2m0s
steady_09_paypal      [  42% ] 2 VUs    0m49.9s/2m0s
steady_10_reddit      [  42% ] 2 VUs    0m49.9s/2m0s
steady_11_slack       [  42% ] 2 VUs    0m49.9s/2m0s
steady_12_spotify     [  42% ] 2 VUs    0m49.9s/2m0s
steady_13_tesla       [  42% ] 2 VUs    0m49.9s/2m0s
steady_14_uber        [  42% ] 2 VUs    0m49.9s/2m0s
steady_15_zoom        [  42% ] 2 VUs    0m49.9s/2m0s
cooldown_01_amazon  • [   0% ] waiting  1m10.1s
cooldown_02_amd     • [   0% ] waiting  1m10.1s
cooldown_03_apple   • [   0% ] waiting  1m10.1s
cooldown_04_azure   • [   0% ] waiting  1m10.1s
cooldown_05_google  • [   0% ] waiting  1m10.1s
cooldown_06_meta    • [   0% ] waiting  1m10.1s
cooldown_07_netflix • [   0% ] waiting  1m10.1s
cooldown_08_nvidia  • [   0% ] waiting  1m10.1s
cooldown_09_paypal  • [   0% ] waiting  1m10.1s
cooldown_10_reddit  • [   0% ] waiting  1m10.1s
cooldown_11_slack   • [   0% ] waiting  1m10.1s
cooldown_12_spotify • [   0% ] waiting  1m10.1s
cooldown_13_tesla   • [   0% ] waiting  1m10.1s
cooldown_14_uber    • [   0% ] waiting  1m10.1s
cooldown_15_zoom    • [   0% ] waiting  1m10.1s

running (1m21.0s), 30/60 VUs, 623 complete and 0 interrupted iterations
warmup_01_amazon    ✓ [ 100% ] 0/2 VUs  30s
warmup_02_amd       ✓ [ 100% ] 0/2 VUs  30s
warmup_03_apple     ✓ [ 100% ] 0/2 VUs  30s
warmup_04_azure     ✓ [ 100% ] 0/2 VUs  30s
warmup_05_google    ✓ [ 100% ] 0/2 VUs  30s
warmup_06_meta      ✓ [ 100% ] 0/2 VUs  30s
warmup_07_netflix   ✓ [ 100% ] 0/2 VUs  30s
warmup_08_nvidia    ✓ [ 100% ] 0/2 VUs  30s
warmup_09_paypal    ✓ [ 100% ] 0/2 VUs  30s
warmup_10_reddit    ✓ [ 100% ] 0/2 VUs  30s
warmup_11_slack     ✓ [ 100% ] 0/2 VUs  30s
warmup_12_spotify   ✓ [ 100% ] 0/2 VUs  30s
warmup_13_tesla     ✓ [ 100% ] 0/2 VUs  30s
warmup_14_uber      ✓ [ 100% ] 0/2 VUs  30s
warmup_15_zoom      ✓ [ 100% ] 0/2 VUs  30s
steady_01_amazon      [  42% ] 2 VUs    0m50.9s/2m0s
steady_02_amd         [  42% ] 2 VUs    0m50.9s/2m0s
steady_03_apple       [  42% ] 2 VUs    0m50.9s/2m0s
steady_04_azure       [  42% ] 2 VUs    0m50.9s/2m0s
steady_05_google      [  42% ] 2 VUs    0m50.9s/2m0s
steady_06_meta        [  42% ] 2 VUs    0m50.9s/2m0s
steady_07_netflix     [  42% ] 2 VUs    0m50.9s/2m0s
steady_08_nvidia      [  42% ] 2 VUs    0m50.9s/2m0s
steady_09_paypal      [  42% ] 2 VUs    0m50.9s/2m0s
steady_10_reddit      [  42% ] 2 VUs    0m50.9s/2m0s
steady_11_slack       [  42% ] 2 VUs    0m50.9s/2m0s
steady_12_spotify     [  42% ] 2 VUs    0m50.9s/2m0s
steady_13_tesla       [  42% ] 2 VUs    0m50.9s/2m0s
steady_14_uber        [  42% ] 2 VUs    0m50.9s/2m0s
steady_15_zoom        [  42% ] 2 VUs    0m50.9s/2m0s
cooldown_01_amazon  • [   0% ] waiting  1m09.1s
cooldown_02_amd     • [   0% ] waiting  1m09.1s
cooldown_03_apple   • [   0% ] waiting  1m09.1s
cooldown_04_azure   • [   0% ] waiting  1m09.1s
cooldown_05_google  • [   0% ] waiting  1m09.1s
cooldown_06_meta    • [   0% ] waiting  1m09.1s
cooldown_07_netflix • [   0% ] waiting  1m09.1s
cooldown_08_nvidia  • [   0% ] waiting  1m09.1s
cooldown_09_paypal  • [   0% ] waiting  1m09.1s
cooldown_10_reddit  • [   0% ] waiting  1m09.1s
cooldown_11_slack   • [   0% ] waiting  1m09.1s
cooldown_12_spotify • [   0% ] waiting  1m09.1s
cooldown_13_tesla   • [   0% ] waiting  1m09.1s
cooldown_14_uber    • [   0% ] waiting  1m09.1s
cooldown_15_zoom    • [   0% ] waiting  1m09.1s

running (1m22.0s), 30/60 VUs, 644 complete and 0 interrupted iterations
warmup_01_amazon    ✓ [ 100% ] 0/2 VUs  30s
warmup_02_amd       ✓ [ 100% ] 0/2 VUs  30s
warmup_03_apple     ✓ [ 100% ] 0/2 VUs  30s
warmup_04_azure     ✓ [ 100% ] 0/2 VUs  30s
warmup_05_google    ✓ [ 100% ] 0/2 VUs  30s
warmup_06_meta      ✓ [ 100% ] 0/2 VUs  30s
warmup_07_netflix   ✓ [ 100% ] 0/2 VUs  30s
warmup_08_nvidia    ✓ [ 100% ] 0/2 VUs  30s
warmup_09_paypal    ✓ [ 100% ] 0/2 VUs  30s
warmup_10_reddit    ✓ [ 100% ] 0/2 VUs  30s
warmup_11_slack     ✓ [ 100% ] 0/2 VUs  30s
warmup_12_spotify   ✓ [ 100% ] 0/2 VUs  30s
warmup_13_tesla     ✓ [ 100% ] 0/2 VUs  30s
warmup_14_uber      ✓ [ 100% ] 0/2 VUs  30s
warmup_15_zoom      ✓ [ 100% ] 0/2 VUs  30s
steady_01_amazon      [  43% ] 2 VUs    0m51.9s/2m0s
steady_02_amd         [  43% ] 2 VUs    0m51.9s/2m0s
steady_03_apple       [  43% ] 2 VUs    0m51.9s/2m0s
steady_04_azure       [  43% ] 2 VUs    0m51.9s/2m0s
steady_05_google      [  43% ] 2 VUs    0m51.9s/2m0s
steady_06_meta        [  43% ] 2 VUs    0m51.9s/2m0s
steady_07_netflix     [  43% ] 2 VUs    0m51.9s/2m0s
steady_08_nvidia      [  43% ] 2 VUs    0m51.9s/2m0s
steady_09_paypal      [  43% ] 2 VUs    0m51.9s/2m0s
steady_10_reddit      [  43% ] 2 VUs    0m51.9s/2m0s
steady_11_slack       [  43% ] 2 VUs    0m51.9s/2m0s
steady_12_spotify     [  43% ] 2 VUs    0m51.9s/2m0s
steady_13_tesla       [  43% ] 2 VUs    0m51.9s/2m0s
steady_14_uber        [  43% ] 2 VUs    0m51.9s/2m0s
steady_15_zoom        [  43% ] 2 VUs    0m51.9s/2m0s
cooldown_01_amazon  • [   0% ] waiting  1m08.1s
cooldown_02_amd     • [   0% ] waiting  1m08.1s
cooldown_03_apple   • [   0% ] waiting  1m08.1s
cooldown_04_azure   • [   0% ] waiting  1m08.1s
cooldown_05_google  • [   0% ] waiting  1m08.1s
cooldown_06_meta    • [   0% ] waiting  1m08.1s
cooldown_07_netflix • [   0% ] waiting  1m08.1s
cooldown_08_nvidia  • [   0% ] waiting  1m08.1s
cooldown_09_paypal  • [   0% ] waiting  1m08.1s
cooldown_10_reddit  • [   0% ] waiting  1m08.1s
cooldown_11_slack   • [   0% ] waiting  1m08.1s
cooldown_12_spotify • [   0% ] waiting  1m08.1s
cooldown_13_tesla   • [   0% ] waiting  1m08.1s
cooldown_14_uber    • [   0% ] waiting  1m08.1s
cooldown_15_zoom    • [   0% ] waiting  1m08.1s

running (1m23.0s), 30/60 VUs, 654 complete and 0 interrupted iterations
warmup_01_amazon    ✓ [ 100% ] 0/2 VUs  30s
warmup_02_amd       ✓ [ 100% ] 0/2 VUs  30s
warmup_03_apple     ✓ [ 100% ] 0/2 VUs  30s
warmup_04_azure     ✓ [ 100% ] 0/2 VUs  30s
warmup_05_google    ✓ [ 100% ] 0/2 VUs  30s
warmup_06_meta      ✓ [ 100% ] 0/2 VUs  30s
warmup_07_netflix   ✓ [ 100% ] 0/2 VUs  30s
warmup_08_nvidia    ✓ [ 100% ] 0/2 VUs  30s
warmup_09_paypal    ✓ [ 100% ] 0/2 VUs  30s
warmup_10_reddit    ✓ [ 100% ] 0/2 VUs  30s
warmup_11_slack     ✓ [ 100% ] 0/2 VUs  30s
warmup_12_spotify   ✓ [ 100% ] 0/2 VUs  30s
warmup_13_tesla     ✓ [ 100% ] 0/2 VUs  30s
warmup_14_uber      ✓ [ 100% ] 0/2 VUs  30s
warmup_15_zoom      ✓ [ 100% ] 0/2 VUs  30s
steady_01_amazon      [  44% ] 2 VUs    0m52.9s/2m0s
steady_02_amd         [  44% ] 2 VUs    0m52.9s/2m0s
steady_03_apple       [  44% ] 2 VUs    0m52.9s/2m0s
steady_04_azure       [  44% ] 2 VUs    0m52.9s/2m0s
steady_05_google      [  44% ] 2 VUs    0m52.9s/2m0s
steady_06_meta        [  44% ] 2 VUs    0m52.9s/2m0s
steady_07_netflix     [  44% ] 2 VUs    0m52.9s/2m0s
steady_08_nvidia      [  44% ] 2 VUs    0m52.9s/2m0s
steady_09_paypal      [  44% ] 2 VUs    0m52.9s/2m0s
steady_10_reddit      [  44% ] 2 VUs    0m52.9s/2m0s
steady_11_slack       [  44% ] 2 VUs    0m52.9s/2m0s
steady_12_spotify     [  44% ] 2 VUs    0m52.9s/2m0s
steady_13_tesla       [  44% ] 2 VUs    0m52.9s/2m0s
steady_14_uber        [  44% ] 2 VUs    0m52.9s/2m0s
steady_15_zoom        [  44% ] 2 VUs    0m52.9s/2m0s
cooldown_01_amazon  • [   0% ] waiting  1m07.1s
cooldown_02_amd     • [   0% ] waiting  1m07.1s
cooldown_03_apple   • [   0% ] waiting  1m07.1s
cooldown_04_azure   • [   0% ] waiting  1m07.1s
cooldown_05_google  • [   0% ] waiting  1m07.1s
cooldown_06_meta    • [   0% ] waiting  1m07.1s
cooldown_07_netflix • [   0% ] waiting  1m07.1s
cooldown_08_nvidia  • [   0% ] waiting  1m07.1s
cooldown_09_paypal  • [   0% ] waiting  1m07.1s
cooldown_10_reddit  • [   0% ] waiting  1m07.1s
cooldown_11_slack   • [   0% ] waiting  1m07.1s
cooldown_12_spotify • [   0% ] waiting  1m07.1s
cooldown_13_tesla   • [   0% ] waiting  1m07.1s
cooldown_14_uber    • [   0% ] waiting  1m07.1s
cooldown_15_zoom    • [   0% ] waiting  1m07.1s

running (1m24.0s), 30/60 VUs, 654 complete and 0 interrupted iterations
warmup_01_amazon    ✓ [ 100% ] 0/2 VUs  30s
warmup_02_amd       ✓ [ 100% ] 0/2 VUs  30s
warmup_03_apple     ✓ [ 100% ] 0/2 VUs  30s
warmup_04_azure     ✓ [ 100% ] 0/2 VUs  30s
warmup_05_google    ✓ [ 100% ] 0/2 VUs  30s
warmup_06_meta      ✓ [ 100% ] 0/2 VUs  30s
warmup_07_netflix   ✓ [ 100% ] 0/2 VUs  30s
warmup_08_nvidia    ✓ [ 100% ] 0/2 VUs  30s
warmup_09_paypal    ✓ [ 100% ] 0/2 VUs  30s
warmup_10_reddit    ✓ [ 100% ] 0/2 VUs  30s
warmup_11_slack     ✓ [ 100% ] 0/2 VUs  30s
warmup_12_spotify   ✓ [ 100% ] 0/2 VUs  30s
warmup_13_tesla     ✓ [ 100% ] 0/2 VUs  30s
warmup_14_uber      ✓ [ 100% ] 0/2 VUs  30s
warmup_15_zoom      ✓ [ 100% ] 0/2 VUs  30s
steady_01_amazon      [  45% ] 2 VUs    0m53.9s/2m0s
steady_02_amd         [  45% ] 2 VUs    0m53.9s/2m0s
steady_03_apple       [  45% ] 2 VUs    0m53.9s/2m0s
steady_04_azure       [  45% ] 2 VUs    0m53.9s/2m0s
steady_05_google      [  45% ] 2 VUs    0m53.9s/2m0s
steady_06_meta        [  45% ] 2 VUs    0m53.9s/2m0s
steady_07_netflix     [  45% ] 2 VUs    0m53.9s/2m0s
steady_08_nvidia      [  45% ] 2 VUs    0m53.9s/2m0s
steady_09_paypal      [  45% ] 2 VUs    0m53.9s/2m0s
steady_10_reddit      [  45% ] 2 VUs    0m53.9s/2m0s
steady_11_slack       [  45% ] 2 VUs    0m53.9s/2m0s
steady_12_spotify     [  45% ] 2 VUs    0m53.9s/2m0s
steady_13_tesla       [  45% ] 2 VUs    0m53.9s/2m0s
steady_14_uber        [  45% ] 2 VUs    0m53.9s/2m0s
steady_15_zoom        [  45% ] 2 VUs    0m53.9s/2m0s
cooldown_01_amazon  • [   0% ] waiting  1m06.1s
cooldown_02_amd     • [   0% ] waiting  1m06.1s
cooldown_03_apple   • [   0% ] waiting  1m06.1s
cooldown_04_azure   • [   0% ] waiting  1m06.1s
cooldown_05_google  • [   0% ] waiting  1m06.1s
cooldown_06_meta    • [   0% ] waiting  1m06.1s
cooldown_07_netflix • [   0% ] waiting  1m06.1s
cooldown_08_nvidia  • [   0% ] waiting  1m06.1s
cooldown_09_paypal  • [   0% ] waiting  1m06.1s
cooldown_10_reddit  • [   0% ] waiting  1m06.1s
cooldown_11_slack   • [   0% ] waiting  1m06.1s
cooldown_12_spotify • [   0% ] waiting  1m06.1s
cooldown_13_tesla   • [   0% ] waiting  1m06.1s
cooldown_14_uber    • [   0% ] waiting  1m06.1s
cooldown_15_zoom    • [   0% ] waiting  1m06.1s

running (1m25.0s), 30/60 VUs, 661 complete and 0 interrupted iterations
warmup_01_amazon    ✓ [ 100% ] 0/2 VUs  30s
warmup_02_amd       ✓ [ 100% ] 0/2 VUs  30s
warmup_03_apple     ✓ [ 100% ] 0/2 VUs  30s
warmup_04_azure     ✓ [ 100% ] 0/2 VUs  30s
warmup_05_google    ✓ [ 100% ] 0/2 VUs  30s
warmup_06_meta      ✓ [ 100% ] 0/2 VUs  30s
warmup_07_netflix   ✓ [ 100% ] 0/2 VUs  30s
warmup_08_nvidia    ✓ [ 100% ] 0/2 VUs  30s
warmup_09_paypal    ✓ [ 100% ] 0/2 VUs  30s
warmup_10_reddit    ✓ [ 100% ] 0/2 VUs  30s
warmup_11_slack     ✓ [ 100% ] 0/2 VUs  30s
warmup_12_spotify   ✓ [ 100% ] 0/2 VUs  30s
warmup_13_tesla     ✓ [ 100% ] 0/2 VUs  30s
warmup_14_uber      ✓ [ 100% ] 0/2 VUs  30s
warmup_15_zoom      ✓ [ 100% ] 0/2 VUs  30s
steady_01_amazon      [  46% ] 2 VUs    0m54.9s/2m0s
steady_02_amd         [  46% ] 2 VUs    0m54.9s/2m0s
steady_03_apple       [  46% ] 2 VUs    0m54.9s/2m0s
steady_04_azure       [  46% ] 2 VUs    0m54.9s/2m0s
steady_05_google      [  46% ] 2 VUs    0m54.9s/2m0s
steady_06_meta        [  46% ] 2 VUs    0m54.9s/2m0s
steady_07_netflix     [  46% ] 2 VUs    0m54.9s/2m0s
steady_08_nvidia      [  46% ] 2 VUs    0m54.9s/2m0s
steady_09_paypal      [  46% ] 2 VUs    0m54.9s/2m0s
steady_10_reddit      [  46% ] 2 VUs    0m54.9s/2m0s
steady_11_slack       [  46% ] 2 VUs    0m54.9s/2m0s
steady_12_spotify     [  46% ] 2 VUs    0m54.9s/2m0s
steady_13_tesla       [  46% ] 2 VUs    0m54.9s/2m0s
steady_14_uber        [  46% ] 2 VUs    0m54.9s/2m0s
steady_15_zoom        [  46% ] 2 VUs    0m54.9s/2m0s
cooldown_01_amazon  • [   0% ] waiting  1m05.1s
cooldown_02_amd     • [   0% ] waiting  1m05.1s
cooldown_03_apple   • [   0% ] waiting  1m05.1s
cooldown_04_azure   • [   0% ] waiting  1m05.1s
cooldown_05_google  • [   0% ] waiting  1m05.1s
cooldown_06_meta    • [   0% ] waiting  1m05.1s
cooldown_07_netflix • [   0% ] waiting  1m05.1s
cooldown_08_nvidia  • [   0% ] waiting  1m05.1s
cooldown_09_paypal  • [   0% ] waiting  1m05.1s
cooldown_10_reddit  • [   0% ] waiting  1m05.1s
cooldown_11_slack   • [   0% ] waiting  1m05.1s
cooldown_12_spotify • [   0% ] waiting  1m05.1s
cooldown_13_tesla   • [   0% ] waiting  1m05.1s
cooldown_14_uber    • [   0% ] waiting  1m05.1s
cooldown_15_zoom    • [   0% ] waiting  1m05.1s

running (1m26.0s), 30/60 VUs, 684 complete and 0 interrupted iterations
warmup_01_amazon    ✓ [ 100% ] 0/2 VUs  30s
warmup_02_amd       ✓ [ 100% ] 0/2 VUs  30s
warmup_03_apple     ✓ [ 100% ] 0/2 VUs  30s
warmup_04_azure     ✓ [ 100% ] 0/2 VUs  30s
warmup_05_google    ✓ [ 100% ] 0/2 VUs  30s
warmup_06_meta      ✓ [ 100% ] 0/2 VUs  30s
warmup_07_netflix   ✓ [ 100% ] 0/2 VUs  30s
warmup_08_nvidia    ✓ [ 100% ] 0/2 VUs  30s
warmup_09_paypal    ✓ [ 100% ] 0/2 VUs  30s
warmup_10_reddit    ✓ [ 100% ] 0/2 VUs  30s
warmup_11_slack     ✓ [ 100% ] 0/2 VUs  30s
warmup_12_spotify   ✓ [ 100% ] 0/2 VUs  30s
warmup_13_tesla     ✓ [ 100% ] 0/2 VUs  30s
warmup_14_uber      ✓ [ 100% ] 0/2 VUs  30s
warmup_15_zoom      ✓ [ 100% ] 0/2 VUs  30s
steady_01_amazon      [  47% ] 2 VUs    0m55.9s/2m0s
steady_02_amd         [  47% ] 2 VUs    0m55.9s/2m0s
steady_03_apple       [  47% ] 2 VUs    0m55.9s/2m0s
steady_04_azure       [  47% ] 2 VUs    0m55.9s/2m0s
steady_05_google      [  47% ] 2 VUs    0m55.9s/2m0s
steady_06_meta        [  47% ] 2 VUs    0m55.9s/2m0s
steady_07_netflix     [  47% ] 2 VUs    0m55.9s/2m0s
steady_08_nvidia      [  47% ] 2 VUs    0m55.9s/2m0s
steady_09_paypal      [  47% ] 2 VUs    0m55.9s/2m0s
steady_10_reddit      [  47% ] 2 VUs    0m55.9s/2m0s
steady_11_slack       [  47% ] 2 VUs    0m55.9s/2m0s
steady_12_spotify     [  47% ] 2 VUs    0m55.9s/2m0s
steady_13_tesla       [  47% ] 2 VUs    0m55.9s/2m0s
steady_14_uber        [  47% ] 2 VUs    0m55.9s/2m0s
steady_15_zoom        [  47% ] 2 VUs    0m55.9s/2m0s
cooldown_01_amazon  • [   0% ] waiting  1m04.1s
cooldown_02_amd     • [   0% ] waiting  1m04.1s
cooldown_03_apple   • [   0% ] waiting  1m04.1s
cooldown_04_azure   • [   0% ] waiting  1m04.1s
cooldown_05_google  • [   0% ] waiting  1m04.1s
cooldown_06_meta    • [   0% ] waiting  1m04.1s
cooldown_07_netflix • [   0% ] waiting  1m04.1s
cooldown_08_nvidia  • [   0% ] waiting  1m04.1s
cooldown_09_paypal  • [   0% ] waiting  1m04.1s
cooldown_10_reddit  • [   0% ] waiting  1m04.1s
cooldown_11_slack   • [   0% ] waiting  1m04.1s
cooldown_12_spotify • [   0% ] waiting  1m04.1s
cooldown_13_tesla   • [   0% ] waiting  1m04.1s
cooldown_14_uber    • [   0% ] waiting  1m04.1s
cooldown_15_zoom    • [   0% ] waiting  1m04.1s

running (1m27.0s), 30/60 VUs, 684 complete and 0 interrupted iterations
warmup_01_amazon    ✓ [ 100% ] 0/2 VUs  30s
warmup_02_amd       ✓ [ 100% ] 0/2 VUs  30s
warmup_03_apple     ✓ [ 100% ] 0/2 VUs  30s
warmup_04_azure     ✓ [ 100% ] 0/2 VUs  30s
warmup_05_google    ✓ [ 100% ] 0/2 VUs  30s
warmup_06_meta      ✓ [ 100% ] 0/2 VUs  30s
warmup_07_netflix   ✓ [ 100% ] 0/2 VUs  30s
warmup_08_nvidia    ✓ [ 100% ] 0/2 VUs  30s
warmup_09_paypal    ✓ [ 100% ] 0/2 VUs  30s
warmup_10_reddit    ✓ [ 100% ] 0/2 VUs  30s
warmup_11_slack     ✓ [ 100% ] 0/2 VUs  30s
warmup_12_spotify   ✓ [ 100% ] 0/2 VUs  30s
warmup_13_tesla     ✓ [ 100% ] 0/2 VUs  30s
warmup_14_uber      ✓ [ 100% ] 0/2 VUs  30s
warmup_15_zoom      ✓ [ 100% ] 0/2 VUs  30s
steady_01_amazon      [  47% ] 2 VUs    0m56.9s/2m0s
steady_02_amd         [  47% ] 2 VUs    0m56.9s/2m0s
steady_03_apple       [  47% ] 2 VUs    0m56.9s/2m0s
steady_04_azure       [  47% ] 2 VUs    0m56.9s/2m0s
steady_05_google      [  47% ] 2 VUs    0m56.9s/2m0s
steady_06_meta        [  47% ] 2 VUs    0m56.9s/2m0s
steady_07_netflix     [  47% ] 2 VUs    0m56.9s/2m0s
steady_08_nvidia      [  47% ] 2 VUs    0m56.9s/2m0s
steady_09_paypal      [  47% ] 2 VUs    0m56.9s/2m0s
steady_10_reddit      [  47% ] 2 VUs    0m56.9s/2m0s
steady_11_slack       [  47% ] 2 VUs    0m56.9s/2m0s
steady_12_spotify     [  47% ] 2 VUs    0m56.9s/2m0s
steady_13_tesla       [  47% ] 2 VUs    0m56.9s/2m0s
steady_14_uber        [  47% ] 2 VUs    0m56.9s/2m0s
steady_15_zoom        [  47% ] 2 VUs    0m56.9s/2m0s
cooldown_01_amazon  • [   0% ] waiting  1m03.1s
cooldown_02_amd     • [   0% ] waiting  1m03.1s
cooldown_03_apple   • [   0% ] waiting  1m03.1s
cooldown_04_azure   • [   0% ] waiting  1m03.1s
cooldown_05_google  • [   0% ] waiting  1m03.1s
cooldown_06_meta    • [   0% ] waiting  1m03.1s
cooldown_07_netflix • [   0% ] waiting  1m03.1s
cooldown_08_nvidia  • [   0% ] waiting  1m03.1s
cooldown_09_paypal  • [   0% ] waiting  1m03.1s
cooldown_10_reddit  • [   0% ] waiting  1m03.1s
cooldown_11_slack   • [   0% ] waiting  1m03.1s
cooldown_12_spotify • [   0% ] waiting  1m03.1s
cooldown_13_tesla   • [   0% ] waiting  1m03.1s
cooldown_14_uber    • [   0% ] waiting  1m03.1s
cooldown_15_zoom    • [   0% ] waiting  1m03.1s

running (1m27.9s), 30/60 VUs, 702 complete and 0 interrupted iterations
warmup_01_amazon    ✓ [ 100% ] 0/2 VUs  30s
warmup_02_amd       ✓ [ 100% ] 0/2 VUs  30s
warmup_03_apple     ✓ [ 100% ] 0/2 VUs  30s
warmup_04_azure     ✓ [ 100% ] 0/2 VUs  30s
warmup_05_google    ✓ [ 100% ] 0/2 VUs  30s
warmup_06_meta      ✓ [ 100% ] 0/2 VUs  30s
warmup_07_netflix   ✓ [ 100% ] 0/2 VUs  30s
warmup_08_nvidia    ✓ [ 100% ] 0/2 VUs  30s
warmup_09_paypal    ✓ [ 100% ] 0/2 VUs  30s
warmup_10_reddit    ✓ [ 100% ] 0/2 VUs  30s
warmup_11_slack     ✓ [ 100% ] 0/2 VUs  30s
warmup_12_spotify   ✓ [ 100% ] 0/2 VUs  30s
warmup_13_tesla     ✓ [ 100% ] 0/2 VUs  30s
warmup_14_uber      ✓ [ 100% ] 0/2 VUs  30s
warmup_15_zoom      ✓ [ 100% ] 0/2 VUs  30s
steady_01_amazon      [  48% ] 2 VUs    0m57.9s/2m0s
steady_02_amd         [  48% ] 2 VUs    0m57.9s/2m0s
steady_03_apple       [  48% ] 2 VUs    0m57.9s/2m0s
steady_04_azure       [  48% ] 2 VUs    0m57.9s/2m0s
steady_05_google      [  48% ] 2 VUs    0m57.9s/2m0s
steady_06_meta        [  48% ] 2 VUs    0m57.9s/2m0s
steady_07_netflix     [  48% ] 2 VUs    0m57.9s/2m0s
steady_08_nvidia      [  48% ] 2 VUs    0m57.9s/2m0s
steady_09_paypal      [  48% ] 2 VUs    0m57.9s/2m0s
steady_10_reddit      [  48% ] 2 VUs    0m57.9s/2m0s
steady_11_slack       [  48% ] 2 VUs    0m57.9s/2m0s
steady_12_spotify     [  48% ] 2 VUs    0m57.9s/2m0s
steady_13_tesla       [  48% ] 2 VUs    0m57.9s/2m0s
steady_14_uber        [  48% ] 2 VUs    0m57.9s/2m0s
steady_15_zoom        [  48% ] 2 VUs    0m57.9s/2m0s
cooldown_01_amazon  • [   0% ] waiting  1m02.1s
cooldown_02_amd     • [   0% ] waiting  1m02.1s
cooldown_03_apple   • [   0% ] waiting  1m02.1s
cooldown_04_azure   • [   0% ] waiting  1m02.1s
cooldown_05_google  • [   0% ] waiting  1m02.1s
cooldown_06_meta    • [   0% ] waiting  1m02.1s
cooldown_07_netflix • [   0% ] waiting  1m02.1s
cooldown_08_nvidia  • [   0% ] waiting  1m02.1s
cooldown_09_paypal  • [   0% ] waiting  1m02.1s
cooldown_10_reddit  • [   0% ] waiting  1m02.1s
cooldown_11_slack   • [   0% ] waiting  1m02.1s
cooldown_12_spotify • [   0% ] waiting  1m02.1s
cooldown_13_tesla   • [   0% ] waiting  1m02.1s
cooldown_14_uber    • [   0% ] waiting  1m02.1s
cooldown_15_zoom    • [   0% ] waiting  1m02.1s

running (1m29.0s), 30/60 VUs, 713 complete and 0 interrupted iterations
warmup_01_amazon    ✓ [ 100% ] 0/2 VUs  30s
warmup_02_amd       ✓ [ 100% ] 0/2 VUs  30s
warmup_03_apple     ✓ [ 100% ] 0/2 VUs  30s
warmup_04_azure     ✓ [ 100% ] 0/2 VUs  30s
warmup_05_google    ✓ [ 100% ] 0/2 VUs  30s
warmup_06_meta      ✓ [ 100% ] 0/2 VUs  30s
warmup_07_netflix   ✓ [ 100% ] 0/2 VUs  30s
warmup_08_nvidia    ✓ [ 100% ] 0/2 VUs  30s
warmup_09_paypal    ✓ [ 100% ] 0/2 VUs  30s
warmup_10_reddit    ✓ [ 100% ] 0/2 VUs  30s
warmup_11_slack     ✓ [ 100% ] 0/2 VUs  30s
warmup_12_spotify   ✓ [ 100% ] 0/2 VUs  30s
warmup_13_tesla     ✓ [ 100% ] 0/2 VUs  30s
warmup_14_uber      ✓ [ 100% ] 0/2 VUs  30s
warmup_15_zoom      ✓ [ 100% ] 0/2 VUs  30s
steady_01_amazon      [  49% ] 2 VUs    0m58.9s/2m0s
steady_02_amd         [  49% ] 2 VUs    0m58.9s/2m0s
steady_03_apple       [  49% ] 2 VUs    0m58.9s/2m0s
steady_04_azure       [  49% ] 2 VUs    0m58.9s/2m0s
steady_05_google      [  49% ] 2 VUs    0m58.9s/2m0s
steady_06_meta        [  49% ] 2 VUs    0m58.9s/2m0s
steady_07_netflix     [  49% ] 2 VUs    0m58.9s/2m0s
steady_08_nvidia      [  49% ] 2 VUs    0m58.9s/2m0s
steady_09_paypal      [  49% ] 2 VUs    0m58.9s/2m0s
steady_10_reddit      [  49% ] 2 VUs    0m58.9s/2m0s
steady_11_slack       [  49% ] 2 VUs    0m58.9s/2m0s
steady_12_spotify     [  49% ] 2 VUs    0m58.9s/2m0s
steady_13_tesla       [  49% ] 2 VUs    0m58.9s/2m0s
steady_14_uber        [  49% ] 2 VUs    0m58.9s/2m0s
steady_15_zoom        [  49% ] 2 VUs    0m58.9s/2m0s
cooldown_01_amazon  • [   0% ] waiting  1m01.1s
cooldown_02_amd     • [   0% ] waiting  1m01.1s
cooldown_03_apple   • [   0% ] waiting  1m01.1s
cooldown_04_azure   • [   0% ] waiting  1m01.1s
cooldown_05_google  • [   0% ] waiting  1m01.1s
cooldown_06_meta    • [   0% ] waiting  1m01.1s
cooldown_07_netflix • [   0% ] waiting  1m01.1s
cooldown_08_nvidia  • [   0% ] waiting  1m01.1s
cooldown_09_paypal  • [   0% ] waiting  1m01.1s
cooldown_10_reddit  • [   0% ] waiting  1m01.1s
cooldown_11_slack   • [   0% ] waiting  1m01.1s
cooldown_12_spotify • [   0% ] waiting  1m01.1s
cooldown_13_tesla   • [   0% ] waiting  1m01.1s
cooldown_14_uber    • [   0% ] waiting  1m01.1s
cooldown_15_zoom    • [   0% ] waiting  1m01.0s

running (1m30.0s), 30/60 VUs, 714 complete and 0 interrupted iterations
warmup_01_amazon    ✓ [ 100% ] 0/2 VUs  30s
warmup_02_amd       ✓ [ 100% ] 0/2 VUs  30s
warmup_03_apple     ✓ [ 100% ] 0/2 VUs  30s
warmup_04_azure     ✓ [ 100% ] 0/2 VUs  30s
warmup_05_google    ✓ [ 100% ] 0/2 VUs  30s
warmup_06_meta      ✓ [ 100% ] 0/2 VUs  30s
warmup_07_netflix   ✓ [ 100% ] 0/2 VUs  30s
warmup_08_nvidia    ✓ [ 100% ] 0/2 VUs  30s
warmup_09_paypal    ✓ [ 100% ] 0/2 VUs  30s
warmup_10_reddit    ✓ [ 100% ] 0/2 VUs  30s
warmup_11_slack     ✓ [ 100% ] 0/2 VUs  30s
warmup_12_spotify   ✓ [ 100% ] 0/2 VUs  30s
warmup_13_tesla     ✓ [ 100% ] 0/2 VUs  30s
warmup_14_uber      ✓ [ 100% ] 0/2 VUs  30s
warmup_15_zoom      ✓ [ 100% ] 0/2 VUs  30s
steady_01_amazon      [  50% ] 2 VUs    0m59.9s/2m0s
steady_02_amd         [  50% ] 2 VUs    0m59.9s/2m0s
steady_03_apple       [  50% ] 2 VUs    0m59.9s/2m0s
steady_04_azure       [  50% ] 2 VUs    0m59.9s/2m0s
steady_05_google      [  50% ] 2 VUs    0m59.9s/2m0s
steady_06_meta        [  50% ] 2 VUs    0m59.9s/2m0s
steady_07_netflix     [  50% ] 2 VUs    0m59.9s/2m0s
steady_08_nvidia      [  50% ] 2 VUs    0m59.9s/2m0s
steady_09_paypal      [  50% ] 2 VUs    0m59.9s/2m0s
steady_10_reddit      [  50% ] 2 VUs    0m59.9s/2m0s
steady_11_slack       [  50% ] 2 VUs    0m59.9s/2m0s
steady_12_spotify     [  50% ] 2 VUs    0m59.9s/2m0s
steady_13_tesla       [  50% ] 2 VUs    0m59.9s/2m0s
steady_14_uber        [  50% ] 2 VUs    0m59.9s/2m0s
steady_15_zoom        [  50% ] 2 VUs    0m59.9s/2m0s
cooldown_01_amazon  • [   0% ] waiting  1m00.1s
cooldown_02_amd     • [   0% ] waiting  1m00.1s
cooldown_03_apple   • [   0% ] waiting  1m00.1s
cooldown_04_azure   • [   0% ] waiting  1m00.1s
cooldown_05_google  • [   0% ] waiting  1m00.1s
cooldown_06_meta    • [   0% ] waiting  1m00.1s
cooldown_07_netflix • [   0% ] waiting  1m00.1s
cooldown_08_nvidia  • [   0% ] waiting  1m00.1s
cooldown_09_paypal  • [   0% ] waiting  1m00.1s
cooldown_10_reddit  • [   0% ] waiting  1m00.1s
cooldown_11_slack   • [   0% ] waiting  1m00.1s
cooldown_12_spotify • [   0% ] waiting  1m00.1s
cooldown_13_tesla   • [   0% ] waiting  1m00.1s
cooldown_14_uber    • [   0% ] waiting  1m00.1s
cooldown_15_zoom    • [   0% ] waiting  1m00.1s

running (1m31.0s), 30/60 VUs, 726 complete and 0 interrupted iterations
warmup_01_amazon    ✓ [ 100% ] 0/2 VUs  30s
warmup_02_amd       ✓ [ 100% ] 0/2 VUs  30s
warmup_03_apple     ✓ [ 100% ] 0/2 VUs  30s
warmup_04_azure     ✓ [ 100% ] 0/2 VUs  30s
warmup_05_google    ✓ [ 100% ] 0/2 VUs  30s
warmup_06_meta      ✓ [ 100% ] 0/2 VUs  30s
warmup_07_netflix   ✓ [ 100% ] 0/2 VUs  30s
warmup_08_nvidia    ✓ [ 100% ] 0/2 VUs  30s
warmup_09_paypal    ✓ [ 100% ] 0/2 VUs  30s
warmup_10_reddit    ✓ [ 100% ] 0/2 VUs  30s
warmup_11_slack     ✓ [ 100% ] 0/2 VUs  30s
warmup_12_spotify   ✓ [ 100% ] 0/2 VUs  30s
warmup_13_tesla     ✓ [ 100% ] 0/2 VUs  30s
warmup_14_uber      ✓ [ 100% ] 0/2 VUs  30s
warmup_15_zoom      ✓ [ 100% ] 0/2 VUs  30s
steady_01_amazon      [  51% ] 2 VUs    1m00.9s/2m0s
steady_02_amd         [  51% ] 2 VUs    1m00.9s/2m0s
steady_03_apple       [  51% ] 2 VUs    1m00.9s/2m0s
steady_04_azure       [  51% ] 2 VUs    1m00.9s/2m0s
steady_05_google      [  51% ] 2 VUs    1m00.9s/2m0s
steady_06_meta        [  51% ] 2 VUs    1m00.9s/2m0s
steady_07_netflix     [  51% ] 2 VUs    1m00.9s/2m0s
steady_08_nvidia      [  51% ] 2 VUs    1m00.9s/2m0s
steady_09_paypal      [  51% ] 2 VUs    1m00.9s/2m0s
steady_10_reddit      [  51% ] 2 VUs    1m00.9s/2m0s
steady_11_slack       [  51% ] 2 VUs    1m00.9s/2m0s
steady_12_spotify     [  51% ] 2 VUs    1m00.9s/2m0s
steady_13_tesla       [  51% ] 2 VUs    1m00.9s/2m0s
steady_14_uber        [  51% ] 2 VUs    1m00.9s/2m0s
steady_15_zoom        [  51% ] 2 VUs    1m00.9s/2m0s
cooldown_01_amazon  • [   0% ] waiting  0m59.1s
cooldown_02_amd     • [   0% ] waiting  0m59.1s
cooldown_03_apple   • [   0% ] waiting  0m59.1s
cooldown_04_azure   • [   0% ] waiting  0m59.1s
cooldown_05_google  • [   0% ] waiting  0m59.1s
cooldown_06_meta    • [   0% ] waiting  0m59.1s
cooldown_07_netflix • [   0% ] waiting  0m59.1s
cooldown_08_nvidia  • [   0% ] waiting  0m59.1s
cooldown_09_paypal  • [   0% ] waiting  0m59.1s
cooldown_10_reddit  • [   0% ] waiting  0m59.1s
cooldown_11_slack   • [   0% ] waiting  0m59.1s
cooldown_12_spotify • [   0% ] waiting  0m59.1s
cooldown_13_tesla   • [   0% ] waiting  0m59.1s
cooldown_14_uber    • [   0% ] waiting  0m59.1s
cooldown_15_zoom    • [   0% ] waiting  0m59.1s

running (1m32.0s), 30/60 VUs, 744 complete and 0 interrupted iterations
warmup_01_amazon    ✓ [ 100% ] 0/2 VUs  30s
warmup_02_amd       ✓ [ 100% ] 0/2 VUs  30s
warmup_03_apple     ✓ [ 100% ] 0/2 VUs  30s
warmup_04_azure     ✓ [ 100% ] 0/2 VUs  30s
warmup_05_google    ✓ [ 100% ] 0/2 VUs  30s
warmup_06_meta      ✓ [ 100% ] 0/2 VUs  30s
warmup_07_netflix   ✓ [ 100% ] 0/2 VUs  30s
warmup_08_nvidia    ✓ [ 100% ] 0/2 VUs  30s
warmup_09_paypal    ✓ [ 100% ] 0/2 VUs  30s
warmup_10_reddit    ✓ [ 100% ] 0/2 VUs  30s
warmup_11_slack     ✓ [ 100% ] 0/2 VUs  30s
warmup_12_spotify   ✓ [ 100% ] 0/2 VUs  30s
warmup_13_tesla     ✓ [ 100% ] 0/2 VUs  30s
warmup_14_uber      ✓ [ 100% ] 0/2 VUs  30s
warmup_15_zoom      ✓ [ 100% ] 0/2 VUs  30s
steady_01_amazon      [  52% ] 2 VUs    1m01.9s/2m0s
steady_02_amd         [  52% ] 2 VUs    1m01.9s/2m0s
steady_03_apple       [  52% ] 2 VUs    1m01.9s/2m0s
steady_04_azure       [  52% ] 2 VUs    1m01.9s/2m0s
steady_05_google      [  52% ] 2 VUs    1m01.9s/2m0s
steady_06_meta        [  52% ] 2 VUs    1m01.9s/2m0s
steady_07_netflix     [  52% ] 2 VUs    1m01.9s/2m0s
steady_08_nvidia      [  52% ] 2 VUs    1m01.9s/2m0s
steady_09_paypal      [  52% ] 2 VUs    1m01.9s/2m0s
steady_10_reddit      [  52% ] 2 VUs    1m01.9s/2m0s
steady_11_slack       [  52% ] 2 VUs    1m01.9s/2m0s
steady_12_spotify     [  52% ] 2 VUs    1m01.9s/2m0s
steady_13_tesla       [  52% ] 2 VUs    1m01.9s/2m0s
steady_14_uber        [  52% ] 2 VUs    1m01.9s/2m0s
steady_15_zoom        [  52% ] 2 VUs    1m01.9s/2m0s
cooldown_01_amazon  • [   0% ] waiting  0m58.1s
cooldown_02_amd     • [   0% ] waiting  0m58.1s
cooldown_03_apple   • [   0% ] waiting  0m58.1s
cooldown_04_azure   • [   0% ] waiting  0m58.1s
cooldown_05_google  • [   0% ] waiting  0m58.1s
cooldown_06_meta    • [   0% ] waiting  0m58.1s
cooldown_07_netflix • [   0% ] waiting  0m58.1s
cooldown_08_nvidia  • [   0% ] waiting  0m58.1s
cooldown_09_paypal  • [   0% ] waiting  0m58.1s
cooldown_10_reddit  • [   0% ] waiting  0m58.1s
cooldown_11_slack   • [   0% ] waiting  0m58.1s
cooldown_12_spotify • [   0% ] waiting  0m58.1s
cooldown_13_tesla   • [   0% ] waiting  0m58.1s
cooldown_14_uber    • [   0% ] waiting  0m58.1s
cooldown_15_zoom    • [   0% ] waiting  0m58.1s

running (1m33.0s), 30/60 VUs, 744 complete and 0 interrupted iterations
warmup_01_amazon    ✓ [ 100% ] 0/2 VUs  30s
warmup_02_amd       ✓ [ 100% ] 0/2 VUs  30s
warmup_03_apple     ✓ [ 100% ] 0/2 VUs  30s
warmup_04_azure     ✓ [ 100% ] 0/2 VUs  30s
warmup_05_google    ✓ [ 100% ] 0/2 VUs  30s
warmup_06_meta      ✓ [ 100% ] 0/2 VUs  30s
warmup_07_netflix   ✓ [ 100% ] 0/2 VUs  30s
warmup_08_nvidia    ✓ [ 100% ] 0/2 VUs  30s
warmup_09_paypal    ✓ [ 100% ] 0/2 VUs  30s
warmup_10_reddit    ✓ [ 100% ] 0/2 VUs  30s
warmup_11_slack     ✓ [ 100% ] 0/2 VUs  30s
warmup_12_spotify   ✓ [ 100% ] 0/2 VUs  30s
warmup_13_tesla     ✓ [ 100% ] 0/2 VUs  30s
warmup_14_uber      ✓ [ 100% ] 0/2 VUs  30s
warmup_15_zoom      ✓ [ 100% ] 0/2 VUs  30s
steady_01_amazon      [  52% ] 2 VUs    1m02.9s/2m0s
steady_02_amd         [  52% ] 2 VUs    1m02.9s/2m0s
steady_03_apple       [  52% ] 2 VUs    1m02.9s/2m0s
steady_04_azure       [  52% ] 2 VUs    1m02.9s/2m0s
steady_05_google      [  52% ] 2 VUs    1m02.9s/2m0s
steady_06_meta        [  52% ] 2 VUs    1m02.9s/2m0s
steady_07_netflix     [  52% ] 2 VUs    1m02.9s/2m0s
steady_08_nvidia      [  52% ] 2 VUs    1m02.9s/2m0s
steady_09_paypal      [  52% ] 2 VUs    1m02.9s/2m0s
steady_10_reddit      [  52% ] 2 VUs    1m02.9s/2m0s
steady_11_slack       [  52% ] 2 VUs    1m02.9s/2m0s
steady_12_spotify     [  52% ] 2 VUs    1m02.9s/2m0s
steady_13_tesla       [  52% ] 2 VUs    1m02.9s/2m0s
steady_14_uber        [  52% ] 2 VUs    1m02.9s/2m0s
steady_15_zoom        [  52% ] 2 VUs    1m02.9s/2m0s
cooldown_01_amazon  • [   0% ] waiting  0m57.1s
cooldown_02_amd     • [   0% ] waiting  0m57.1s
cooldown_03_apple   • [   0% ] waiting  0m57.1s
cooldown_04_azure   • [   0% ] waiting  0m57.1s
cooldown_05_google  • [   0% ] waiting  0m57.1s
cooldown_06_meta    • [   0% ] waiting  0m57.1s
cooldown_07_netflix • [   0% ] waiting  0m57.1s
cooldown_08_nvidia  • [   0% ] waiting  0m57.1s
cooldown_09_paypal  • [   0% ] waiting  0m57.1s
cooldown_10_reddit  • [   0% ] waiting  0m57.1s
cooldown_11_slack   • [   0% ] waiting  0m57.1s
cooldown_12_spotify • [   0% ] waiting  0m57.1s
cooldown_13_tesla   • [   0% ] waiting  0m57.1s
cooldown_14_uber    • [   0% ] waiting  0m57.1s
cooldown_15_zoom    • [   0% ] waiting  0m57.1s

running (1m33.9s), 30/60 VUs, 764 complete and 0 interrupted iterations
warmup_01_amazon    ✓ [ 100% ] 0/2 VUs  30s
warmup_02_amd       ✓ [ 100% ] 0/2 VUs  30s
warmup_03_apple     ✓ [ 100% ] 0/2 VUs  30s
warmup_04_azure     ✓ [ 100% ] 0/2 VUs  30s
warmup_05_google    ✓ [ 100% ] 0/2 VUs  30s
warmup_06_meta      ✓ [ 100% ] 0/2 VUs  30s
warmup_07_netflix   ✓ [ 100% ] 0/2 VUs  30s
warmup_08_nvidia    ✓ [ 100% ] 0/2 VUs  30s
warmup_09_paypal    ✓ [ 100% ] 0/2 VUs  30s
warmup_10_reddit    ✓ [ 100% ] 0/2 VUs  30s
warmup_11_slack     ✓ [ 100% ] 0/2 VUs  30s
warmup_12_spotify   ✓ [ 100% ] 0/2 VUs  30s
warmup_13_tesla     ✓ [ 100% ] 0/2 VUs  30s
warmup_14_uber      ✓ [ 100% ] 0/2 VUs  30s
warmup_15_zoom      ✓ [ 100% ] 0/2 VUs  30s
steady_01_amazon      [  53% ] 2 VUs    1m03.9s/2m0s
steady_02_amd         [  53% ] 2 VUs    1m03.9s/2m0s
steady_03_apple       [  53% ] 2 VUs    1m03.9s/2m0s
steady_04_azure       [  53% ] 2 VUs    1m03.9s/2m0s
steady_05_google      [  53% ] 2 VUs    1m03.9s/2m0s
steady_06_meta        [  53% ] 2 VUs    1m03.9s/2m0s
steady_07_netflix     [  53% ] 2 VUs    1m03.9s/2m0s
steady_08_nvidia      [  53% ] 2 VUs    1m03.9s/2m0s
steady_09_paypal      [  53% ] 2 VUs    1m03.9s/2m0s
steady_10_reddit      [  53% ] 2 VUs    1m03.9s/2m0s
steady_11_slack       [  53% ] 2 VUs    1m03.9s/2m0s
steady_12_spotify     [  53% ] 2 VUs    1m03.9s/2m0s
steady_13_tesla       [  53% ] 2 VUs    1m03.9s/2m0s
steady_14_uber        [  53% ] 2 VUs    1m03.9s/2m0s
steady_15_zoom        [  53% ] 2 VUs    1m03.9s/2m0s
cooldown_01_amazon  • [   0% ] waiting  0m56.1s
cooldown_02_amd     • [   0% ] waiting  0m56.1s
cooldown_03_apple   • [   0% ] waiting  0m56.1s
cooldown_04_azure   • [   0% ] waiting  0m56.1s
cooldown_05_google  • [   0% ] waiting  0m56.1s
cooldown_06_meta    • [   0% ] waiting  0m56.1s
cooldown_07_netflix • [   0% ] waiting  0m56.1s
cooldown_08_nvidia  • [   0% ] waiting  0m56.1s
cooldown_09_paypal  • [   0% ] waiting  0m56.1s
cooldown_10_reddit  • [   0% ] waiting  0m56.1s
cooldown_11_slack   • [   0% ] waiting  0m56.1s
cooldown_12_spotify • [   0% ] waiting  0m56.1s
cooldown_13_tesla   • [   0% ] waiting  0m56.1s
cooldown_14_uber    • [   0% ] waiting  0m56.1s
cooldown_15_zoom    • [   0% ] waiting  0m56.1s

running (1m35.0s), 30/60 VUs, 773 complete and 0 interrupted iterations
warmup_01_amazon    ✓ [ 100% ] 0/2 VUs  30s
warmup_02_amd       ✓ [ 100% ] 0/2 VUs  30s
warmup_03_apple     ✓ [ 100% ] 0/2 VUs  30s
warmup_04_azure     ✓ [ 100% ] 0/2 VUs  30s
warmup_05_google    ✓ [ 100% ] 0/2 VUs  30s
warmup_06_meta      ✓ [ 100% ] 0/2 VUs  30s
warmup_07_netflix   ✓ [ 100% ] 0/2 VUs  30s
warmup_08_nvidia    ✓ [ 100% ] 0/2 VUs  30s
warmup_09_paypal    ✓ [ 100% ] 0/2 VUs  30s
warmup_10_reddit    ✓ [ 100% ] 0/2 VUs  30s
warmup_11_slack     ✓ [ 100% ] 0/2 VUs  30s
warmup_12_spotify   ✓ [ 100% ] 0/2 VUs  30s
warmup_13_tesla     ✓ [ 100% ] 0/2 VUs  30s
warmup_14_uber      ✓ [ 100% ] 0/2 VUs  30s
warmup_15_zoom      ✓ [ 100% ] 0/2 VUs  30s
steady_01_amazon      [  54% ] 2 VUs    1m04.9s/2m0s
steady_02_amd         [  54% ] 2 VUs    1m04.9s/2m0s
steady_03_apple       [  54% ] 2 VUs    1m04.9s/2m0s
steady_04_azure       [  54% ] 2 VUs    1m04.9s/2m0s
steady_05_google      [  54% ] 2 VUs    1m04.9s/2m0s
steady_06_meta        [  54% ] 2 VUs    1m04.9s/2m0s
steady_07_netflix     [  54% ] 2 VUs    1m04.9s/2m0s
steady_08_nvidia      [  54% ] 2 VUs    1m04.9s/2m0s
steady_09_paypal      [  54% ] 2 VUs    1m04.9s/2m0s
steady_10_reddit      [  54% ] 2 VUs    1m04.9s/2m0s
steady_11_slack       [  54% ] 2 VUs    1m04.9s/2m0s
steady_12_spotify     [  54% ] 2 VUs    1m04.9s/2m0s
steady_13_tesla       [  54% ] 2 VUs    1m04.9s/2m0s
steady_14_uber        [  54% ] 2 VUs    1m04.9s/2m0s
steady_15_zoom        [  54% ] 2 VUs    1m04.9s/2m0s
cooldown_01_amazon  • [   0% ] waiting  0m55.1s
cooldown_02_amd     • [   0% ] waiting  0m55.1s
cooldown_03_apple   • [   0% ] waiting  0m55.1s
cooldown_04_azure   • [   0% ] waiting  0m55.1s
cooldown_05_google  • [   0% ] waiting  0m55.1s
cooldown_06_meta    • [   0% ] waiting  0m55.1s
cooldown_07_netflix • [   0% ] waiting  0m55.1s
cooldown_08_nvidia  • [   0% ] waiting  0m55.1s
cooldown_09_paypal  • [   0% ] waiting  0m55.1s
cooldown_10_reddit  • [   0% ] waiting  0m55.1s
cooldown_11_slack   • [   0% ] waiting  0m55.1s
cooldown_12_spotify • [   0% ] waiting  0m55.1s
cooldown_13_tesla   • [   0% ] waiting  0m55.1s
cooldown_14_uber    • [   0% ] waiting  0m55.1s
cooldown_15_zoom    • [   0% ] waiting  0m55.1s

running (1m36.0s), 30/60 VUs, 774 complete and 0 interrupted iterations
warmup_01_amazon    ✓ [ 100% ] 0/2 VUs  30s
warmup_02_amd       ✓ [ 100% ] 0/2 VUs  30s
warmup_03_apple     ✓ [ 100% ] 0/2 VUs  30s
warmup_04_azure     ✓ [ 100% ] 0/2 VUs  30s
warmup_05_google    ✓ [ 100% ] 0/2 VUs  30s
warmup_06_meta      ✓ [ 100% ] 0/2 VUs  30s
warmup_07_netflix   ✓ [ 100% ] 0/2 VUs  30s
warmup_08_nvidia    ✓ [ 100% ] 0/2 VUs  30s
warmup_09_paypal    ✓ [ 100% ] 0/2 VUs  30s
warmup_10_reddit    ✓ [ 100% ] 0/2 VUs  30s
warmup_11_slack     ✓ [ 100% ] 0/2 VUs  30s
warmup_12_spotify   ✓ [ 100% ] 0/2 VUs  30s
warmup_13_tesla     ✓ [ 100% ] 0/2 VUs  30s
warmup_14_uber      ✓ [ 100% ] 0/2 VUs  30s
warmup_15_zoom      ✓ [ 100% ] 0/2 VUs  30s
steady_01_amazon      [  55% ] 2 VUs    1m05.9s/2m0s
steady_02_amd         [  55% ] 2 VUs    1m05.9s/2m0s
steady_03_apple       [  55% ] 2 VUs    1m05.9s/2m0s
steady_04_azure       [  55% ] 2 VUs    1m05.9s/2m0s
steady_05_google      [  55% ] 2 VUs    1m05.9s/2m0s
steady_06_meta        [  55% ] 2 VUs    1m05.9s/2m0s
steady_07_netflix     [  55% ] 2 VUs    1m05.9s/2m0s
steady_08_nvidia      [  55% ] 2 VUs    1m05.9s/2m0s
steady_09_paypal      [  55% ] 2 VUs    1m05.9s/2m0s
steady_10_reddit      [  55% ] 2 VUs    1m05.9s/2m0s
steady_11_slack       [  55% ] 2 VUs    1m05.9s/2m0s
steady_12_spotify     [  55% ] 2 VUs    1m05.9s/2m0s
steady_13_tesla       [  55% ] 2 VUs    1m05.9s/2m0s
steady_14_uber        [  55% ] 2 VUs    1m05.9s/2m0s
steady_15_zoom        [  55% ] 2 VUs    1m05.9s/2m0s
cooldown_01_amazon  • [   0% ] waiting  0m54.1s
cooldown_02_amd     • [   0% ] waiting  0m54.1s
cooldown_03_apple   • [   0% ] waiting  0m54.1s
cooldown_04_azure   • [   0% ] waiting  0m54.1s
cooldown_05_google  • [   0% ] waiting  0m54.1s
cooldown_06_meta    • [   0% ] waiting  0m54.1s
cooldown_07_netflix • [   0% ] waiting  0m54.1s
cooldown_08_nvidia  • [   0% ] waiting  0m54.1s
cooldown_09_paypal  • [   0% ] waiting  0m54.1s
cooldown_10_reddit  • [   0% ] waiting  0m54.1s
cooldown_11_slack   • [   0% ] waiting  0m54.1s
cooldown_12_spotify • [   0% ] waiting  0m54.1s
cooldown_13_tesla   • [   0% ] waiting  0m54.1s
cooldown_14_uber    • [   0% ] waiting  0m54.1s
cooldown_15_zoom    • [   0% ] waiting  0m54.1s

running (1m37.0s), 30/60 VUs, 776 complete and 0 interrupted iterations
warmup_01_amazon    ✓ [ 100% ] 0/2 VUs  30s
warmup_02_amd       ✓ [ 100% ] 0/2 VUs  30s
warmup_03_apple     ✓ [ 100% ] 0/2 VUs  30s
warmup_04_azure     ✓ [ 100% ] 0/2 VUs  30s
warmup_05_google    ✓ [ 100% ] 0/2 VUs  30s
warmup_06_meta      ✓ [ 100% ] 0/2 VUs  30s
warmup_07_netflix   ✓ [ 100% ] 0/2 VUs  30s
warmup_08_nvidia    ✓ [ 100% ] 0/2 VUs  30s
warmup_09_paypal    ✓ [ 100% ] 0/2 VUs  30s
warmup_10_reddit    ✓ [ 100% ] 0/2 VUs  30s
warmup_11_slack     ✓ [ 100% ] 0/2 VUs  30s
warmup_12_spotify   ✓ [ 100% ] 0/2 VUs  30s
warmup_13_tesla     ✓ [ 100% ] 0/2 VUs  30s
warmup_14_uber      ✓ [ 100% ] 0/2 VUs  30s
warmup_15_zoom      ✓ [ 100% ] 0/2 VUs  30s
steady_01_amazon      [  56% ] 2 VUs    1m06.9s/2m0s
steady_02_amd         [  56% ] 2 VUs    1m06.9s/2m0s
steady_03_apple       [  56% ] 2 VUs    1m06.9s/2m0s
steady_04_azure       [  56% ] 2 VUs    1m06.9s/2m0s
steady_05_google      [  56% ] 2 VUs    1m06.9s/2m0s
steady_06_meta        [  56% ] 2 VUs    1m06.9s/2m0s
steady_07_netflix     [  56% ] 2 VUs    1m06.9s/2m0s
steady_08_nvidia      [  56% ] 2 VUs    1m06.9s/2m0s
steady_09_paypal      [  56% ] 2 VUs    1m06.9s/2m0s
steady_10_reddit      [  56% ] 2 VUs    1m06.9s/2m0s
steady_11_slack       [  56% ] 2 VUs    1m06.9s/2m0s
steady_12_spotify     [  56% ] 2 VUs    1m06.9s/2m0s
steady_13_tesla       [  56% ] 2 VUs    1m06.9s/2m0s
steady_14_uber        [  56% ] 2 VUs    1m06.9s/2m0s
steady_15_zoom        [  56% ] 2 VUs    1m06.9s/2m0s
cooldown_01_amazon  • [   0% ] waiting  0m53.1s
cooldown_02_amd     • [   0% ] waiting  0m53.1s
cooldown_03_apple   • [   0% ] waiting  0m53.1s
cooldown_04_azure   • [   0% ] waiting  0m53.1s
cooldown_05_google  • [   0% ] waiting  0m53.1s
cooldown_06_meta    • [   0% ] waiting  0m53.1s
cooldown_07_netflix • [   0% ] waiting  0m53.1s
cooldown_08_nvidia  • [   0% ] waiting  0m53.1s
cooldown_09_paypal  • [   0% ] waiting  0m53.1s
cooldown_10_reddit  • [   0% ] waiting  0m53.1s
cooldown_11_slack   • [   0% ] waiting  0m53.1s
cooldown_12_spotify • [   0% ] waiting  0m53.1s
cooldown_13_tesla   • [   0% ] waiting  0m53.1s
cooldown_14_uber    • [   0% ] waiting  0m53.1s
cooldown_15_zoom    • [   0% ] waiting  0m53.1s

running (1m38.0s), 30/60 VUs, 806 complete and 0 interrupted iterations
warmup_01_amazon    ✓ [ 100% ] 0/2 VUs  30s
warmup_02_amd       ✓ [ 100% ] 0/2 VUs  30s
warmup_03_apple     ✓ [ 100% ] 0/2 VUs  30s
warmup_04_azure     ✓ [ 100% ] 0/2 VUs  30s
warmup_05_google    ✓ [ 100% ] 0/2 VUs  30s
warmup_06_meta      ✓ [ 100% ] 0/2 VUs  30s
warmup_07_netflix   ✓ [ 100% ] 0/2 VUs  30s
warmup_08_nvidia    ✓ [ 100% ] 0/2 VUs  30s
warmup_09_paypal    ✓ [ 100% ] 0/2 VUs  30s
warmup_10_reddit    ✓ [ 100% ] 0/2 VUs  30s
warmup_11_slack     ✓ [ 100% ] 0/2 VUs  30s
warmup_12_spotify   ✓ [ 100% ] 0/2 VUs  30s
warmup_13_tesla     ✓ [ 100% ] 0/2 VUs  30s
warmup_14_uber      ✓ [ 100% ] 0/2 VUs  30s
warmup_15_zoom      ✓ [ 100% ] 0/2 VUs  30s
steady_01_amazon      [  57% ] 2 VUs    1m07.9s/2m0s
steady_02_amd         [  57% ] 2 VUs    1m07.9s/2m0s
steady_03_apple       [  57% ] 2 VUs    1m07.9s/2m0s
steady_04_azure       [  57% ] 2 VUs    1m07.9s/2m0s
steady_05_google      [  57% ] 2 VUs    1m07.9s/2m0s
steady_06_meta        [  57% ] 2 VUs    1m07.9s/2m0s
steady_07_netflix     [  57% ] 2 VUs    1m07.9s/2m0s
steady_08_nvidia      [  57% ] 2 VUs    1m07.9s/2m0s
steady_09_paypal      [  57% ] 2 VUs    1m07.9s/2m0s
steady_10_reddit      [  57% ] 2 VUs    1m07.9s/2m0s
steady_11_slack       [  57% ] 2 VUs    1m07.9s/2m0s
steady_12_spotify     [  57% ] 2 VUs    1m07.9s/2m0s
steady_13_tesla       [  57% ] 2 VUs    1m07.9s/2m0s
steady_14_uber        [  57% ] 2 VUs    1m07.9s/2m0s
steady_15_zoom        [  57% ] 2 VUs    1m07.9s/2m0s
cooldown_01_amazon  • [   0% ] waiting  0m52.1s
cooldown_02_amd     • [   0% ] waiting  0m52.1s
cooldown_03_apple   • [   0% ] waiting  0m52.1s
cooldown_04_azure   • [   0% ] waiting  0m52.1s
cooldown_05_google  • [   0% ] waiting  0m52.1s
cooldown_06_meta    • [   0% ] waiting  0m52.1s
cooldown_07_netflix • [   0% ] waiting  0m52.1s
cooldown_08_nvidia  • [   0% ] waiting  0m52.1s
cooldown_09_paypal  • [   0% ] waiting  0m52.1s
cooldown_10_reddit  • [   0% ] waiting  0m52.1s
cooldown_11_slack   • [   0% ] waiting  0m52.1s
cooldown_12_spotify • [   0% ] waiting  0m52.1s
cooldown_13_tesla   • [   0% ] waiting  0m52.1s
cooldown_14_uber    • [   0% ] waiting  0m52.1s
cooldown_15_zoom    • [   0% ] waiting  0m52.1s

running (1m39.0s), 30/60 VUs, 806 complete and 0 interrupted iterations
warmup_01_amazon    ✓ [ 100% ] 0/2 VUs  30s
warmup_02_amd       ✓ [ 100% ] 0/2 VUs  30s
warmup_03_apple     ✓ [ 100% ] 0/2 VUs  30s
warmup_04_azure     ✓ [ 100% ] 0/2 VUs  30s
warmup_05_google    ✓ [ 100% ] 0/2 VUs  30s
warmup_06_meta      ✓ [ 100% ] 0/2 VUs  30s
warmup_07_netflix   ✓ [ 100% ] 0/2 VUs  30s
warmup_08_nvidia    ✓ [ 100% ] 0/2 VUs  30s
warmup_09_paypal    ✓ [ 100% ] 0/2 VUs  30s
warmup_10_reddit    ✓ [ 100% ] 0/2 VUs  30s
warmup_11_slack     ✓ [ 100% ] 0/2 VUs  30s
warmup_12_spotify   ✓ [ 100% ] 0/2 VUs  30s
warmup_13_tesla     ✓ [ 100% ] 0/2 VUs  30s
warmup_14_uber      ✓ [ 100% ] 0/2 VUs  30s
warmup_15_zoom      ✓ [ 100% ] 0/2 VUs  30s
steady_01_amazon      [  57% ] 2 VUs    1m08.9s/2m0s
steady_02_amd         [  57% ] 2 VUs    1m08.9s/2m0s
steady_03_apple       [  57% ] 2 VUs    1m08.9s/2m0s
steady_04_azure       [  57% ] 2 VUs    1m08.9s/2m0s
steady_05_google      [  57% ] 2 VUs    1m08.9s/2m0s
steady_06_meta        [  57% ] 2 VUs    1m08.9s/2m0s
steady_07_netflix     [  57% ] 2 VUs    1m08.9s/2m0s
steady_08_nvidia      [  57% ] 2 VUs    1m08.9s/2m0s
steady_09_paypal      [  57% ] 2 VUs    1m08.9s/2m0s
steady_10_reddit      [  57% ] 2 VUs    1m08.9s/2m0s
steady_11_slack       [  57% ] 2 VUs    1m08.9s/2m0s
steady_12_spotify     [  57% ] 2 VUs    1m08.9s/2m0s
steady_13_tesla       [  57% ] 2 VUs    1m08.9s/2m0s
steady_14_uber        [  57% ] 2 VUs    1m08.9s/2m0s
steady_15_zoom        [  57% ] 2 VUs    1m08.9s/2m0s
cooldown_01_amazon  • [   0% ] waiting  0m51.1s
cooldown_02_amd     • [   0% ] waiting  0m51.1s
cooldown_03_apple   • [   0% ] waiting  0m51.1s
cooldown_04_azure   • [   0% ] waiting  0m51.1s
cooldown_05_google  • [   0% ] waiting  0m51.1s
cooldown_06_meta    • [   0% ] waiting  0m51.1s
cooldown_07_netflix • [   0% ] waiting  0m51.1s
cooldown_08_nvidia  • [   0% ] waiting  0m51.1s
cooldown_09_paypal  • [   0% ] waiting  0m51.1s
cooldown_10_reddit  • [   0% ] waiting  0m51.1s
cooldown_11_slack   • [   0% ] waiting  0m51.1s
cooldown_12_spotify • [   0% ] waiting  0m51.1s
cooldown_13_tesla   • [   0% ] waiting  0m51.1s
cooldown_14_uber    • [   0% ] waiting  0m51.1s
cooldown_15_zoom    • [   0% ] waiting  0m51.1s

running (1m40.0s), 30/60 VUs, 806 complete and 0 interrupted iterations
warmup_01_amazon    ✓ [ 100% ] 0/2 VUs  30s
warmup_02_amd       ✓ [ 100% ] 0/2 VUs  30s
warmup_03_apple     ✓ [ 100% ] 0/2 VUs  30s
warmup_04_azure     ✓ [ 100% ] 0/2 VUs  30s
warmup_05_google    ✓ [ 100% ] 0/2 VUs  30s
warmup_06_meta      ✓ [ 100% ] 0/2 VUs  30s
warmup_07_netflix   ✓ [ 100% ] 0/2 VUs  30s
warmup_08_nvidia    ✓ [ 100% ] 0/2 VUs  30s
warmup_09_paypal    ✓ [ 100% ] 0/2 VUs  30s
warmup_10_reddit    ✓ [ 100% ] 0/2 VUs  30s
warmup_11_slack     ✓ [ 100% ] 0/2 VUs  30s
warmup_12_spotify   ✓ [ 100% ] 0/2 VUs  30s
warmup_13_tesla     ✓ [ 100% ] 0/2 VUs  30s
warmup_14_uber      ✓ [ 100% ] 0/2 VUs  30s
warmup_15_zoom      ✓ [ 100% ] 0/2 VUs  30s
steady_01_amazon      [  58% ] 2 VUs    1m09.9s/2m0s
steady_02_amd         [  58% ] 2 VUs    1m09.9s/2m0s
steady_03_apple       [  58% ] 2 VUs    1m09.9s/2m0s
steady_04_azure       [  58% ] 2 VUs    1m09.9s/2m0s
steady_05_google      [  58% ] 2 VUs    1m09.9s/2m0s
steady_06_meta        [  58% ] 2 VUs    1m09.9s/2m0s
steady_07_netflix     [  58% ] 2 VUs    1m09.9s/2m0s
steady_08_nvidia      [  58% ] 2 VUs    1m09.9s/2m0s
steady_09_paypal      [  58% ] 2 VUs    1m09.9s/2m0s
steady_10_reddit      [  58% ] 2 VUs    1m09.9s/2m0s
steady_11_slack       [  58% ] 2 VUs    1m09.9s/2m0s
steady_12_spotify     [  58% ] 2 VUs    1m09.9s/2m0s
steady_13_tesla       [  58% ] 2 VUs    1m09.9s/2m0s
steady_14_uber        [  58% ] 2 VUs    1m09.9s/2m0s
steady_15_zoom        [  58% ] 2 VUs    1m09.9s/2m0s
cooldown_01_amazon  • [   0% ] waiting  0m50.1s
cooldown_02_amd     • [   0% ] waiting  0m50.1s
cooldown_03_apple   • [   0% ] waiting  0m50.1s
cooldown_04_azure   • [   0% ] waiting  0m50.1s
cooldown_05_google  • [   0% ] waiting  0m50.1s
cooldown_06_meta    • [   0% ] waiting  0m50.1s
cooldown_07_netflix • [   0% ] waiting  0m50.1s
cooldown_08_nvidia  • [   0% ] waiting  0m50.1s
cooldown_09_paypal  • [   0% ] waiting  0m50.1s
cooldown_10_reddit  • [   0% ] waiting  0m50.1s
cooldown_11_slack   • [   0% ] waiting  0m50.1s
cooldown_12_spotify • [   0% ] waiting  0m50.1s
cooldown_13_tesla   • [   0% ] waiting  0m50.1s
cooldown_14_uber    • [   0% ] waiting  0m50.1s
cooldown_15_zoom    • [   0% ] waiting  0m50.1s

running (1m41.0s), 30/60 VUs, 837 complete and 0 interrupted iterations
warmup_01_amazon    ✓ [ 100% ] 0/2 VUs  30s
warmup_02_amd       ✓ [ 100% ] 0/2 VUs  30s
warmup_03_apple     ✓ [ 100% ] 0/2 VUs  30s
warmup_04_azure     ✓ [ 100% ] 0/2 VUs  30s
warmup_05_google    ✓ [ 100% ] 0/2 VUs  30s
warmup_06_meta      ✓ [ 100% ] 0/2 VUs  30s
warmup_07_netflix   ✓ [ 100% ] 0/2 VUs  30s
warmup_08_nvidia    ✓ [ 100% ] 0/2 VUs  30s
warmup_09_paypal    ✓ [ 100% ] 0/2 VUs  30s
warmup_10_reddit    ✓ [ 100% ] 0/2 VUs  30s
warmup_11_slack     ✓ [ 100% ] 0/2 VUs  30s
warmup_12_spotify   ✓ [ 100% ] 0/2 VUs  30s
warmup_13_tesla     ✓ [ 100% ] 0/2 VUs  30s
warmup_14_uber      ✓ [ 100% ] 0/2 VUs  30s
warmup_15_zoom      ✓ [ 100% ] 0/2 VUs  30s
steady_01_amazon      [  59% ] 2 VUs    1m10.9s/2m0s
steady_02_amd         [  59% ] 2 VUs    1m10.9s/2m0s
steady_03_apple       [  59% ] 2 VUs    1m10.9s/2m0s
steady_04_azure       [  59% ] 2 VUs    1m10.9s/2m0s
steady_05_google      [  59% ] 2 VUs    1m10.9s/2m0s
steady_06_meta        [  59% ] 2 VUs    1m10.9s/2m0s
steady_07_netflix     [  59% ] 2 VUs    1m10.9s/2m0s
steady_08_nvidia      [  59% ] 2 VUs    1m10.9s/2m0s
steady_09_paypal      [  59% ] 2 VUs    1m10.9s/2m0s
steady_10_reddit      [  59% ] 2 VUs    1m10.9s/2m0s
steady_11_slack       [  59% ] 2 VUs    1m10.9s/2m0s
steady_12_spotify     [  59% ] 2 VUs    1m10.9s/2m0s
steady_13_tesla       [  59% ] 2 VUs    1m10.9s/2m0s
steady_14_uber        [  59% ] 2 VUs    1m10.9s/2m0s
steady_15_zoom        [  59% ] 2 VUs    1m10.9s/2m0s
cooldown_01_amazon  • [   0% ] waiting  0m49.1s
cooldown_02_amd     • [   0% ] waiting  0m49.1s
cooldown_03_apple   • [   0% ] waiting  0m49.1s
cooldown_04_azure   • [   0% ] waiting  0m49.1s
cooldown_05_google  • [   0% ] waiting  0m49.1s
cooldown_06_meta    • [   0% ] waiting  0m49.1s
cooldown_07_netflix • [   0% ] waiting  0m49.1s
cooldown_08_nvidia  • [   0% ] waiting  0m49.1s
cooldown_09_paypal  • [   0% ] waiting  0m49.1s
cooldown_10_reddit  • [   0% ] waiting  0m49.1s
cooldown_11_slack   • [   0% ] waiting  0m49.1s
cooldown_12_spotify • [   0% ] waiting  0m49.1s
cooldown_13_tesla   • [   0% ] waiting  0m49.1s
cooldown_14_uber    • [   0% ] waiting  0m49.1s
cooldown_15_zoom    • [   0% ] waiting  0m49.1s

running (1m42.0s), 30/60 VUs, 837 complete and 0 interrupted iterations
warmup_01_amazon    ✓ [ 100% ] 0/2 VUs  30s
warmup_02_amd       ✓ [ 100% ] 0/2 VUs  30s
warmup_03_apple     ✓ [ 100% ] 0/2 VUs  30s
warmup_04_azure     ✓ [ 100% ] 0/2 VUs  30s
warmup_05_google    ✓ [ 100% ] 0/2 VUs  30s
warmup_06_meta      ✓ [ 100% ] 0/2 VUs  30s
warmup_07_netflix   ✓ [ 100% ] 0/2 VUs  30s
warmup_08_nvidia    ✓ [ 100% ] 0/2 VUs  30s
warmup_09_paypal    ✓ [ 100% ] 0/2 VUs  30s
warmup_10_reddit    ✓ [ 100% ] 0/2 VUs  30s
warmup_11_slack     ✓ [ 100% ] 0/2 VUs  30s
warmup_12_spotify   ✓ [ 100% ] 0/2 VUs  30s
warmup_13_tesla     ✓ [ 100% ] 0/2 VUs  30s
warmup_14_uber      ✓ [ 100% ] 0/2 VUs  30s
warmup_15_zoom      ✓ [ 100% ] 0/2 VUs  30s
steady_01_amazon      [  60% ] 2 VUs    1m11.9s/2m0s
steady_02_amd         [  60% ] 2 VUs    1m11.9s/2m0s
steady_03_apple       [  60% ] 2 VUs    1m11.9s/2m0s
steady_04_azure       [  60% ] 2 VUs    1m11.9s/2m0s
steady_05_google      [  60% ] 2 VUs    1m11.9s/2m0s
steady_06_meta        [  60% ] 2 VUs    1m11.9s/2m0s
steady_07_netflix     [  60% ] 2 VUs    1m11.9s/2m0s
steady_08_nvidia      [  60% ] 2 VUs    1m11.9s/2m0s
steady_09_paypal      [  60% ] 2 VUs    1m11.9s/2m0s
steady_10_reddit      [  60% ] 2 VUs    1m11.9s/2m0s
steady_11_slack       [  60% ] 2 VUs    1m11.9s/2m0s
steady_12_spotify     [  60% ] 2 VUs    1m11.9s/2m0s
steady_13_tesla       [  60% ] 2 VUs    1m11.9s/2m0s
steady_14_uber        [  60% ] 2 VUs    1m11.9s/2m0s
steady_15_zoom        [  60% ] 2 VUs    1m11.9s/2m0s
cooldown_01_amazon  • [   0% ] waiting  0m48.1s
cooldown_02_amd     • [   0% ] waiting  0m48.1s
cooldown_03_apple   • [   0% ] waiting  0m48.1s
cooldown_04_azure   • [   0% ] waiting  0m48.1s
cooldown_05_google  • [   0% ] waiting  0m48.1s
cooldown_06_meta    • [   0% ] waiting  0m48.1s
cooldown_07_netflix • [   0% ] waiting  0m48.1s
cooldown_08_nvidia  • [   0% ] waiting  0m48.1s
cooldown_09_paypal  • [   0% ] waiting  0m48.1s
cooldown_10_reddit  • [   0% ] waiting  0m48.1s
cooldown_11_slack   • [   0% ] waiting  0m48.1s
cooldown_12_spotify • [   0% ] waiting  0m48.1s
cooldown_13_tesla   • [   0% ] waiting  0m48.1s
cooldown_14_uber    • [   0% ] waiting  0m48.1s
cooldown_15_zoom    • [   0% ] waiting  0m48.1s

running (1m43.0s), 30/60 VUs, 837 complete and 0 interrupted iterations
warmup_01_amazon    ✓ [ 100% ] 0/2 VUs  30s
warmup_02_amd       ✓ [ 100% ] 0/2 VUs  30s
warmup_03_apple     ✓ [ 100% ] 0/2 VUs  30s
warmup_04_azure     ✓ [ 100% ] 0/2 VUs  30s
warmup_05_google    ✓ [ 100% ] 0/2 VUs  30s
warmup_06_meta      ✓ [ 100% ] 0/2 VUs  30s
warmup_07_netflix   ✓ [ 100% ] 0/2 VUs  30s
warmup_08_nvidia    ✓ [ 100% ] 0/2 VUs  30s
warmup_09_paypal    ✓ [ 100% ] 0/2 VUs  30s
warmup_10_reddit    ✓ [ 100% ] 0/2 VUs  30s
warmup_11_slack     ✓ [ 100% ] 0/2 VUs  30s
warmup_12_spotify   ✓ [ 100% ] 0/2 VUs  30s
warmup_13_tesla     ✓ [ 100% ] 0/2 VUs  30s
warmup_14_uber      ✓ [ 100% ] 0/2 VUs  30s
warmup_15_zoom      ✓ [ 100% ] 0/2 VUs  30s
steady_01_amazon      [  61% ] 2 VUs    1m12.9s/2m0s
steady_02_amd         [  61% ] 2 VUs    1m12.9s/2m0s
steady_03_apple       [  61% ] 2 VUs    1m12.9s/2m0s
steady_04_azure       [  61% ] 2 VUs    1m12.9s/2m0s
steady_05_google      [  61% ] 2 VUs    1m12.9s/2m0s
steady_06_meta        [  61% ] 2 VUs    1m12.9s/2m0s
steady_07_netflix     [  61% ] 2 VUs    1m12.9s/2m0s
steady_08_nvidia      [  61% ] 2 VUs    1m12.9s/2m0s
steady_09_paypal      [  61% ] 2 VUs    1m12.9s/2m0s
steady_10_reddit      [  61% ] 2 VUs    1m12.9s/2m0s
steady_11_slack       [  61% ] 2 VUs    1m12.9s/2m0s
steady_12_spotify     [  61% ] 2 VUs    1m12.9s/2m0s
steady_13_tesla       [  61% ] 2 VUs    1m12.9s/2m0s
steady_14_uber        [  61% ] 2 VUs    1m12.9s/2m0s
steady_15_zoom        [  61% ] 2 VUs    1m12.9s/2m0s
cooldown_01_amazon  • [   0% ] waiting  0m47.1s
cooldown_02_amd     • [   0% ] waiting  0m47.1s
cooldown_03_apple   • [   0% ] waiting  0m47.1s
cooldown_04_azure   • [   0% ] waiting  0m47.1s
cooldown_05_google  • [   0% ] waiting  0m47.1s
cooldown_06_meta    • [   0% ] waiting  0m47.1s
cooldown_07_netflix • [   0% ] waiting  0m47.1s
cooldown_08_nvidia  • [   0% ] waiting  0m47.1s
cooldown_09_paypal  • [   0% ] waiting  0m47.1s
cooldown_10_reddit  • [   0% ] waiting  0m47.1s
cooldown_11_slack   • [   0% ] waiting  0m47.1s
cooldown_12_spotify • [   0% ] waiting  0m47.1s
cooldown_13_tesla   • [   0% ] waiting  0m47.1s
cooldown_14_uber    • [   0% ] waiting  0m47.1s
cooldown_15_zoom    • [   0% ] waiting  0m47.1s

running (1m44.0s), 30/60 VUs, 868 complete and 0 interrupted iterations
warmup_01_amazon    ✓ [ 100% ] 0/2 VUs  30s
warmup_02_amd       ✓ [ 100% ] 0/2 VUs  30s
warmup_03_apple     ✓ [ 100% ] 0/2 VUs  30s
warmup_04_azure     ✓ [ 100% ] 0/2 VUs  30s
warmup_05_google    ✓ [ 100% ] 0/2 VUs  30s
warmup_06_meta      ✓ [ 100% ] 0/2 VUs  30s
warmup_07_netflix   ✓ [ 100% ] 0/2 VUs  30s
warmup_08_nvidia    ✓ [ 100% ] 0/2 VUs  30s
warmup_09_paypal    ✓ [ 100% ] 0/2 VUs  30s
warmup_10_reddit    ✓ [ 100% ] 0/2 VUs  30s
warmup_11_slack     ✓ [ 100% ] 0/2 VUs  30s
warmup_12_spotify   ✓ [ 100% ] 0/2 VUs  30s
warmup_13_tesla     ✓ [ 100% ] 0/2 VUs  30s
warmup_14_uber      ✓ [ 100% ] 0/2 VUs  30s
warmup_15_zoom      ✓ [ 100% ] 0/2 VUs  30s
steady_01_amazon      [  62% ] 2 VUs    1m13.9s/2m0s
steady_02_amd         [  62% ] 2 VUs    1m13.9s/2m0s
steady_03_apple       [  62% ] 2 VUs    1m13.9s/2m0s
steady_04_azure       [  62% ] 2 VUs    1m13.9s/2m0s
steady_05_google      [  62% ] 2 VUs    1m13.9s/2m0s
steady_06_meta        [  62% ] 2 VUs    1m13.9s/2m0s
steady_07_netflix     [  62% ] 2 VUs    1m13.9s/2m0s
steady_08_nvidia      [  62% ] 2 VUs    1m13.9s/2m0s
steady_09_paypal      [  62% ] 2 VUs    1m13.9s/2m0s
steady_10_reddit      [  62% ] 2 VUs    1m13.9s/2m0s
steady_11_slack       [  62% ] 2 VUs    1m13.9s/2m0s
steady_12_spotify     [  62% ] 2 VUs    1m13.9s/2m0s
steady_13_tesla       [  62% ] 2 VUs    1m13.9s/2m0s
steady_14_uber        [  62% ] 2 VUs    1m13.9s/2m0s
steady_15_zoom        [  62% ] 2 VUs    1m13.9s/2m0s
cooldown_01_amazon  • [   0% ] waiting  0m46.1s
cooldown_02_amd     • [   0% ] waiting  0m46.1s
cooldown_03_apple   • [   0% ] waiting  0m46.1s
cooldown_04_azure   • [   0% ] waiting  0m46.1s
cooldown_05_google  • [   0% ] waiting  0m46.1s
cooldown_06_meta    • [   0% ] waiting  0m46.1s
cooldown_07_netflix • [   0% ] waiting  0m46.1s
cooldown_08_nvidia  • [   0% ] waiting  0m46.1s
cooldown_09_paypal  • [   0% ] waiting  0m46.1s
cooldown_10_reddit  • [   0% ] waiting  0m46.1s
cooldown_11_slack   • [   0% ] waiting  0m46.1s
cooldown_12_spotify • [   0% ] waiting  0m46.1s
cooldown_13_tesla   • [   0% ] waiting  0m46.1s
cooldown_14_uber    • [   0% ] waiting  0m46.1s
cooldown_15_zoom    • [   0% ] waiting  0m46.1s

running (1m45.0s), 30/60 VUs, 868 complete and 0 interrupted iterations
warmup_01_amazon    ✓ [ 100% ] 0/2 VUs  30s
warmup_02_amd       ✓ [ 100% ] 0/2 VUs  30s
warmup_03_apple     ✓ [ 100% ] 0/2 VUs  30s
warmup_04_azure     ✓ [ 100% ] 0/2 VUs  30s
warmup_05_google    ✓ [ 100% ] 0/2 VUs  30s
warmup_06_meta      ✓ [ 100% ] 0/2 VUs  30s
warmup_07_netflix   ✓ [ 100% ] 0/2 VUs  30s
warmup_08_nvidia    ✓ [ 100% ] 0/2 VUs  30s
warmup_09_paypal    ✓ [ 100% ] 0/2 VUs  30s
warmup_10_reddit    ✓ [ 100% ] 0/2 VUs  30s
warmup_11_slack     ✓ [ 100% ] 0/2 VUs  30s
warmup_12_spotify   ✓ [ 100% ] 0/2 VUs  30s
warmup_13_tesla     ✓ [ 100% ] 0/2 VUs  30s
warmup_14_uber      ✓ [ 100% ] 0/2 VUs  30s
warmup_15_zoom      ✓ [ 100% ] 0/2 VUs  30s
steady_01_amazon      [  62% ] 2 VUs    1m14.9s/2m0s
steady_02_amd         [  62% ] 2 VUs    1m14.9s/2m0s
steady_03_apple       [  62% ] 2 VUs    1m14.9s/2m0s
steady_04_azure       [  62% ] 2 VUs    1m14.9s/2m0s
steady_05_google      [  62% ] 2 VUs    1m14.9s/2m0s
steady_06_meta        [  62% ] 2 VUs    1m14.9s/2m0s
steady_07_netflix     [  62% ] 2 VUs    1m14.9s/2m0s
steady_08_nvidia      [  62% ] 2 VUs    1m14.9s/2m0s
steady_09_paypal      [  62% ] 2 VUs    1m14.9s/2m0s
steady_10_reddit      [  62% ] 2 VUs    1m14.9s/2m0s
steady_11_slack       [  62% ] 2 VUs    1m14.9s/2m0s
steady_12_spotify     [  62% ] 2 VUs    1m14.9s/2m0s
steady_13_tesla       [  62% ] 2 VUs    1m14.9s/2m0s
steady_14_uber        [  62% ] 2 VUs    1m14.9s/2m0s
steady_15_zoom        [  62% ] 2 VUs    1m14.9s/2m0s
cooldown_01_amazon  • [   0% ] waiting  0m45.1s
cooldown_02_amd     • [   0% ] waiting  0m45.1s
cooldown_03_apple   • [   0% ] waiting  0m45.1s
cooldown_04_azure   • [   0% ] waiting  0m45.1s
cooldown_05_google  • [   0% ] waiting  0m45.1s
cooldown_06_meta    • [   0% ] waiting  0m45.1s
cooldown_07_netflix • [   0% ] waiting  0m45.1s
cooldown_08_nvidia  • [   0% ] waiting  0m45.1s
cooldown_09_paypal  • [   0% ] waiting  0m45.1s
cooldown_10_reddit  • [   0% ] waiting  0m45.1s
cooldown_11_slack   • [   0% ] waiting  0m45.1s
cooldown_12_spotify • [   0% ] waiting  0m45.1s
cooldown_13_tesla   • [   0% ] waiting  0m45.1s
cooldown_14_uber    • [   0% ] waiting  0m45.1s
cooldown_15_zoom    • [   0% ] waiting  0m45.1s

running (1m46.0s), 30/60 VUs, 868 complete and 0 interrupted iterations
warmup_01_amazon    ✓ [ 100% ] 0/2 VUs  30s
warmup_02_amd       ✓ [ 100% ] 0/2 VUs  30s
warmup_03_apple     ✓ [ 100% ] 0/2 VUs  30s
warmup_04_azure     ✓ [ 100% ] 0/2 VUs  30s
warmup_05_google    ✓ [ 100% ] 0/2 VUs  30s
warmup_06_meta      ✓ [ 100% ] 0/2 VUs  30s
warmup_07_netflix   ✓ [ 100% ] 0/2 VUs  30s
warmup_08_nvidia    ✓ [ 100% ] 0/2 VUs  30s
warmup_09_paypal    ✓ [ 100% ] 0/2 VUs  30s
warmup_10_reddit    ✓ [ 100% ] 0/2 VUs  30s
warmup_11_slack     ✓ [ 100% ] 0/2 VUs  30s
warmup_12_spotify   ✓ [ 100% ] 0/2 VUs  30s
warmup_13_tesla     ✓ [ 100% ] 0/2 VUs  30s
warmup_14_uber      ✓ [ 100% ] 0/2 VUs  30s
warmup_15_zoom      ✓ [ 100% ] 0/2 VUs  30s
steady_01_amazon      [  63% ] 2 VUs    1m15.9s/2m0s
steady_02_amd         [  63% ] 2 VUs    1m15.9s/2m0s
steady_03_apple       [  63% ] 2 VUs    1m15.9s/2m0s
steady_04_azure       [  63% ] 2 VUs    1m15.9s/2m0s
steady_05_google      [  63% ] 2 VUs    1m15.9s/2m0s
steady_06_meta        [  63% ] 2 VUs    1m15.9s/2m0s
steady_07_netflix     [  63% ] 2 VUs    1m15.9s/2m0s
steady_08_nvidia      [  63% ] 2 VUs    1m15.9s/2m0s
steady_09_paypal      [  63% ] 2 VUs    1m15.9s/2m0s
steady_10_reddit      [  63% ] 2 VUs    1m15.9s/2m0s
steady_11_slack       [  63% ] 2 VUs    1m15.9s/2m0s
steady_12_spotify     [  63% ] 2 VUs    1m15.9s/2m0s
steady_13_tesla       [  63% ] 2 VUs    1m15.9s/2m0s
steady_14_uber        [  63% ] 2 VUs    1m15.9s/2m0s
steady_15_zoom        [  63% ] 2 VUs    1m15.9s/2m0s
cooldown_01_amazon  • [   0% ] waiting  0m44.1s
cooldown_02_amd     • [   0% ] waiting  0m44.1s
cooldown_03_apple   • [   0% ] waiting  0m44.1s
cooldown_04_azure   • [   0% ] waiting  0m44.1s
cooldown_05_google  • [   0% ] waiting  0m44.1s
cooldown_06_meta    • [   0% ] waiting  0m44.1s
cooldown_07_netflix • [   0% ] waiting  0m44.1s
cooldown_08_nvidia  • [   0% ] waiting  0m44.1s
cooldown_09_paypal  • [   0% ] waiting  0m44.1s
cooldown_10_reddit  • [   0% ] waiting  0m44.1s
cooldown_11_slack   • [   0% ] waiting  0m44.1s
cooldown_12_spotify • [   0% ] waiting  0m44.1s
cooldown_13_tesla   • [   0% ] waiting  0m44.1s
cooldown_14_uber    • [   0% ] waiting  0m44.1s
cooldown_15_zoom    • [   0% ] waiting  0m44.1s

running (1m47.0s), 30/60 VUs, 898 complete and 0 interrupted iterations
warmup_01_amazon    ✓ [ 100% ] 0/2 VUs  30s
warmup_02_amd       ✓ [ 100% ] 0/2 VUs  30s
warmup_03_apple     ✓ [ 100% ] 0/2 VUs  30s
warmup_04_azure     ✓ [ 100% ] 0/2 VUs  30s
warmup_05_google    ✓ [ 100% ] 0/2 VUs  30s
warmup_06_meta      ✓ [ 100% ] 0/2 VUs  30s
warmup_07_netflix   ✓ [ 100% ] 0/2 VUs  30s
warmup_08_nvidia    ✓ [ 100% ] 0/2 VUs  30s
warmup_09_paypal    ✓ [ 100% ] 0/2 VUs  30s
warmup_10_reddit    ✓ [ 100% ] 0/2 VUs  30s
warmup_11_slack     ✓ [ 100% ] 0/2 VUs  30s
warmup_12_spotify   ✓ [ 100% ] 0/2 VUs  30s
warmup_13_tesla     ✓ [ 100% ] 0/2 VUs  30s
warmup_14_uber      ✓ [ 100% ] 0/2 VUs  30s
warmup_15_zoom      ✓ [ 100% ] 0/2 VUs  30s
steady_01_amazon      [  64% ] 2 VUs    1m16.9s/2m0s
steady_02_amd         [  64% ] 2 VUs    1m16.9s/2m0s
steady_03_apple       [  64% ] 2 VUs    1m16.9s/2m0s
steady_04_azure       [  64% ] 2 VUs    1m16.9s/2m0s
steady_05_google      [  64% ] 2 VUs    1m16.9s/2m0s
steady_06_meta        [  64% ] 2 VUs    1m16.9s/2m0s
steady_07_netflix     [  64% ] 2 VUs    1m16.9s/2m0s
steady_08_nvidia      [  64% ] 2 VUs    1m16.9s/2m0s
steady_09_paypal      [  64% ] 2 VUs    1m16.9s/2m0s
steady_10_reddit      [  64% ] 2 VUs    1m16.9s/2m0s
steady_11_slack       [  64% ] 2 VUs    1m16.9s/2m0s
steady_12_spotify     [  64% ] 2 VUs    1m16.9s/2m0s
steady_13_tesla       [  64% ] 2 VUs    1m16.9s/2m0s
steady_14_uber        [  64% ] 2 VUs    1m16.9s/2m0s
steady_15_zoom        [  64% ] 2 VUs    1m16.9s/2m0s
cooldown_01_amazon  • [   0% ] waiting  0m43.1s
cooldown_02_amd     • [   0% ] waiting  0m43.1s
cooldown_03_apple   • [   0% ] waiting  0m43.1s
cooldown_04_azure   • [   0% ] waiting  0m43.1s
cooldown_05_google  • [   0% ] waiting  0m43.1s
cooldown_06_meta    • [   0% ] waiting  0m43.1s
cooldown_07_netflix • [   0% ] waiting  0m43.1s
cooldown_08_nvidia  • [   0% ] waiting  0m43.1s
cooldown_09_paypal  • [   0% ] waiting  0m43.1s
cooldown_10_reddit  • [   0% ] waiting  0m43.1s
cooldown_11_slack   • [   0% ] waiting  0m43.1s
cooldown_12_spotify • [   0% ] waiting  0m43.1s
cooldown_13_tesla   • [   0% ] waiting  0m43.1s
cooldown_14_uber    • [   0% ] waiting  0m43.1s
cooldown_15_zoom    • [   0% ] waiting  0m43.1s

running (1m48.0s), 30/60 VUs, 898 complete and 0 interrupted iterations
warmup_01_amazon    ✓ [ 100% ] 0/2 VUs  30s
warmup_02_amd       ✓ [ 100% ] 0/2 VUs  30s
warmup_03_apple     ✓ [ 100% ] 0/2 VUs  30s
warmup_04_azure     ✓ [ 100% ] 0/2 VUs  30s
warmup_05_google    ✓ [ 100% ] 0/2 VUs  30s
warmup_06_meta      ✓ [ 100% ] 0/2 VUs  30s
warmup_07_netflix   ✓ [ 100% ] 0/2 VUs  30s
warmup_08_nvidia    ✓ [ 100% ] 0/2 VUs  30s
warmup_09_paypal    ✓ [ 100% ] 0/2 VUs  30s
warmup_10_reddit    ✓ [ 100% ] 0/2 VUs  30s
warmup_11_slack     ✓ [ 100% ] 0/2 VUs  30s
warmup_12_spotify   ✓ [ 100% ] 0/2 VUs  30s
warmup_13_tesla     ✓ [ 100% ] 0/2 VUs  30s
warmup_14_uber      ✓ [ 100% ] 0/2 VUs  30s
warmup_15_zoom      ✓ [ 100% ] 0/2 VUs  30s
steady_01_amazon      [  65% ] 2 VUs    1m17.9s/2m0s
steady_02_amd         [  65% ] 2 VUs    1m17.9s/2m0s
steady_03_apple       [  65% ] 2 VUs    1m17.9s/2m0s
steady_04_azure       [  65% ] 2 VUs    1m17.9s/2m0s
steady_05_google      [  65% ] 2 VUs    1m17.9s/2m0s
steady_06_meta        [  65% ] 2 VUs    1m17.9s/2m0s
steady_07_netflix     [  65% ] 2 VUs    1m17.9s/2m0s
steady_08_nvidia      [  65% ] 2 VUs    1m17.9s/2m0s
steady_09_paypal      [  65% ] 2 VUs    1m17.9s/2m0s
steady_10_reddit      [  65% ] 2 VUs    1m17.9s/2m0s
steady_11_slack       [  65% ] 2 VUs    1m17.9s/2m0s
steady_12_spotify     [  65% ] 2 VUs    1m17.9s/2m0s
steady_13_tesla       [  65% ] 2 VUs    1m17.9s/2m0s
steady_14_uber        [  65% ] 2 VUs    1m17.9s/2m0s
steady_15_zoom        [  65% ] 2 VUs    1m17.9s/2m0s
cooldown_01_amazon  • [   0% ] waiting  0m42.1s
cooldown_02_amd     • [   0% ] waiting  0m42.1s
cooldown_03_apple   • [   0% ] waiting  0m42.1s
cooldown_04_azure   • [   0% ] waiting  0m42.1s
cooldown_05_google  • [   0% ] waiting  0m42.1s
cooldown_06_meta    • [   0% ] waiting  0m42.1s
cooldown_07_netflix • [   0% ] waiting  0m42.1s
cooldown_08_nvidia  • [   0% ] waiting  0m42.1s
cooldown_09_paypal  • [   0% ] waiting  0m42.1s
cooldown_10_reddit  • [   0% ] waiting  0m42.1s
cooldown_11_slack   • [   0% ] waiting  0m42.1s
cooldown_12_spotify • [   0% ] waiting  0m42.1s
cooldown_13_tesla   • [   0% ] waiting  0m42.1s
cooldown_14_uber    • [   0% ] waiting  0m42.1s
cooldown_15_zoom    • [   0% ] waiting  0m42.1s

running (1m49.0s), 30/60 VUs, 898 complete and 0 interrupted iterations
warmup_01_amazon    ✓ [ 100% ] 0/2 VUs  30s
warmup_02_amd       ✓ [ 100% ] 0/2 VUs  30s
warmup_03_apple     ✓ [ 100% ] 0/2 VUs  30s
warmup_04_azure     ✓ [ 100% ] 0/2 VUs  30s
warmup_05_google    ✓ [ 100% ] 0/2 VUs  30s
warmup_06_meta      ✓ [ 100% ] 0/2 VUs  30s
warmup_07_netflix   ✓ [ 100% ] 0/2 VUs  30s
warmup_08_nvidia    ✓ [ 100% ] 0/2 VUs  30s
warmup_09_paypal    ✓ [ 100% ] 0/2 VUs  30s
warmup_10_reddit    ✓ [ 100% ] 0/2 VUs  30s
warmup_11_slack     ✓ [ 100% ] 0/2 VUs  30s
warmup_12_spotify   ✓ [ 100% ] 0/2 VUs  30s
warmup_13_tesla     ✓ [ 100% ] 0/2 VUs  30s
warmup_14_uber      ✓ [ 100% ] 0/2 VUs  30s
warmup_15_zoom      ✓ [ 100% ] 0/2 VUs  30s
steady_01_amazon      [  66% ] 2 VUs    1m18.9s/2m0s
steady_02_amd         [  66% ] 2 VUs    1m18.9s/2m0s
steady_03_apple       [  66% ] 2 VUs    1m18.9s/2m0s
steady_04_azure       [  66% ] 2 VUs    1m18.9s/2m0s
steady_05_google      [  66% ] 2 VUs    1m18.9s/2m0s
steady_06_meta        [  66% ] 2 VUs    1m18.9s/2m0s
steady_07_netflix     [  66% ] 2 VUs    1m18.9s/2m0s
steady_08_nvidia      [  66% ] 2 VUs    1m18.9s/2m0s
steady_09_paypal      [  66% ] 2 VUs    1m18.9s/2m0s
steady_10_reddit      [  66% ] 2 VUs    1m18.9s/2m0s
steady_11_slack       [  66% ] 2 VUs    1m18.9s/2m0s
steady_12_spotify     [  66% ] 2 VUs    1m18.9s/2m0s
steady_13_tesla       [  66% ] 2 VUs    1m18.9s/2m0s
steady_14_uber        [  66% ] 2 VUs    1m18.9s/2m0s
steady_15_zoom        [  66% ] 2 VUs    1m18.9s/2m0s
cooldown_01_amazon  • [   0% ] waiting  0m41.1s
cooldown_02_amd     • [   0% ] waiting  0m41.1s
cooldown_03_apple   • [   0% ] waiting  0m41.1s
cooldown_04_azure   • [   0% ] waiting  0m41.1s
cooldown_05_google  • [   0% ] waiting  0m41.1s
cooldown_06_meta    • [   0% ] waiting  0m41.1s
cooldown_07_netflix • [   0% ] waiting  0m41.1s
cooldown_08_nvidia  • [   0% ] waiting  0m41.1s
cooldown_09_paypal  • [   0% ] waiting  0m41.1s
cooldown_10_reddit  • [   0% ] waiting  0m41.1s
cooldown_11_slack   • [   0% ] waiting  0m41.1s
cooldown_12_spotify • [   0% ] waiting  0m41.1s
cooldown_13_tesla   • [   0% ] waiting  0m41.1s
cooldown_14_uber    • [   0% ] waiting  0m41.1s
cooldown_15_zoom    • [   0% ] waiting  0m41.0s

running (1m50.0s), 30/60 VUs, 926 complete and 0 interrupted iterations
warmup_01_amazon    ✓ [ 100% ] 0/2 VUs  30s
warmup_02_amd       ✓ [ 100% ] 0/2 VUs  30s
warmup_03_apple     ✓ [ 100% ] 0/2 VUs  30s
warmup_04_azure     ✓ [ 100% ] 0/2 VUs  30s
warmup_05_google    ✓ [ 100% ] 0/2 VUs  30s
warmup_06_meta      ✓ [ 100% ] 0/2 VUs  30s
warmup_07_netflix   ✓ [ 100% ] 0/2 VUs  30s
warmup_08_nvidia    ✓ [ 100% ] 0/2 VUs  30s
warmup_09_paypal    ✓ [ 100% ] 0/2 VUs  30s
warmup_10_reddit    ✓ [ 100% ] 0/2 VUs  30s
warmup_11_slack     ✓ [ 100% ] 0/2 VUs  30s
warmup_12_spotify   ✓ [ 100% ] 0/2 VUs  30s
warmup_13_tesla     ✓ [ 100% ] 0/2 VUs  30s
warmup_14_uber      ✓ [ 100% ] 0/2 VUs  30s
warmup_15_zoom      ✓ [ 100% ] 0/2 VUs  30s
steady_01_amazon      [  67% ] 2 VUs    1m19.9s/2m0s
steady_02_amd         [  67% ] 2 VUs    1m19.9s/2m0s
steady_03_apple       [  67% ] 2 VUs    1m19.9s/2m0s
steady_04_azure       [  67% ] 2 VUs    1m19.9s/2m0s
steady_05_google      [  67% ] 2 VUs    1m19.9s/2m0s
steady_06_meta        [  67% ] 2 VUs    1m19.9s/2m0s
steady_07_netflix     [  67% ] 2 VUs    1m19.9s/2m0s
steady_08_nvidia      [  67% ] 2 VUs    1m19.9s/2m0s
steady_09_paypal      [  67% ] 2 VUs    1m19.9s/2m0s
steady_10_reddit      [  67% ] 2 VUs    1m19.9s/2m0s
steady_11_slack       [  67% ] 2 VUs    1m19.9s/2m0s
steady_12_spotify     [  67% ] 2 VUs    1m19.9s/2m0s
steady_13_tesla       [  67% ] 2 VUs    1m19.9s/2m0s
steady_14_uber        [  67% ] 2 VUs    1m19.9s/2m0s
steady_15_zoom        [  67% ] 2 VUs    1m19.9s/2m0s
cooldown_01_amazon  • [   0% ] waiting  0m40.1s
cooldown_02_amd     • [   0% ] waiting  0m40.1s
cooldown_03_apple   • [   0% ] waiting  0m40.1s
cooldown_04_azure   • [   0% ] waiting  0m40.1s
cooldown_05_google  • [   0% ] waiting  0m40.1s
cooldown_06_meta    • [   0% ] waiting  0m40.1s
cooldown_07_netflix • [   0% ] waiting  0m40.1s
cooldown_08_nvidia  • [   0% ] waiting  0m40.1s
cooldown_09_paypal  • [   0% ] waiting  0m40.1s
cooldown_10_reddit  • [   0% ] waiting  0m40.1s
cooldown_11_slack   • [   0% ] waiting  0m40.1s
cooldown_12_spotify • [   0% ] waiting  0m40.1s
cooldown_13_tesla   • [   0% ] waiting  0m40.1s
cooldown_14_uber    • [   0% ] waiting  0m40.1s
cooldown_15_zoom    • [   0% ] waiting  0m40.1s

running (1m51.0s), 30/60 VUs, 928 complete and 0 interrupted iterations
warmup_01_amazon    ✓ [ 100% ] 0/2 VUs  30s
warmup_02_amd       ✓ [ 100% ] 0/2 VUs  30s
warmup_03_apple     ✓ [ 100% ] 0/2 VUs  30s
warmup_04_azure     ✓ [ 100% ] 0/2 VUs  30s
warmup_05_google    ✓ [ 100% ] 0/2 VUs  30s
warmup_06_meta      ✓ [ 100% ] 0/2 VUs  30s
warmup_07_netflix   ✓ [ 100% ] 0/2 VUs  30s
warmup_08_nvidia    ✓ [ 100% ] 0/2 VUs  30s
warmup_09_paypal    ✓ [ 100% ] 0/2 VUs  30s
warmup_10_reddit    ✓ [ 100% ] 0/2 VUs  30s
warmup_11_slack     ✓ [ 100% ] 0/2 VUs  30s
warmup_12_spotify   ✓ [ 100% ] 0/2 VUs  30s
warmup_13_tesla     ✓ [ 100% ] 0/2 VUs  30s
warmup_14_uber      ✓ [ 100% ] 0/2 VUs  30s
warmup_15_zoom      ✓ [ 100% ] 0/2 VUs  30s
steady_01_amazon      [  67% ] 2 VUs    1m20.9s/2m0s
steady_02_amd         [  67% ] 2 VUs    1m20.9s/2m0s
steady_03_apple       [  67% ] 2 VUs    1m20.9s/2m0s
steady_04_azure       [  67% ] 2 VUs    1m20.9s/2m0s
steady_05_google      [  67% ] 2 VUs    1m20.9s/2m0s
steady_06_meta        [  67% ] 2 VUs    1m20.9s/2m0s
steady_07_netflix     [  67% ] 2 VUs    1m20.9s/2m0s
steady_08_nvidia      [  67% ] 2 VUs    1m20.9s/2m0s
steady_09_paypal      [  67% ] 2 VUs    1m20.9s/2m0s
steady_10_reddit      [  67% ] 2 VUs    1m20.9s/2m0s
steady_11_slack       [  67% ] 2 VUs    1m20.9s/2m0s
steady_12_spotify     [  67% ] 2 VUs    1m20.9s/2m0s
steady_13_tesla       [  67% ] 2 VUs    1m20.9s/2m0s
steady_14_uber        [  67% ] 2 VUs    1m20.9s/2m0s
steady_15_zoom        [  67% ] 2 VUs    1m20.9s/2m0s
cooldown_01_amazon  • [   0% ] waiting  0m39.1s
cooldown_02_amd     • [   0% ] waiting  0m39.1s
cooldown_03_apple   • [   0% ] waiting  0m39.1s
cooldown_04_azure   • [   0% ] waiting  0m39.1s
cooldown_05_google  • [   0% ] waiting  0m39.1s
cooldown_06_meta    • [   0% ] waiting  0m39.1s
cooldown_07_netflix • [   0% ] waiting  0m39.1s
cooldown_08_nvidia  • [   0% ] waiting  0m39.1s
cooldown_09_paypal  • [   0% ] waiting  0m39.1s
cooldown_10_reddit  • [   0% ] waiting  0m39.1s
cooldown_11_slack   • [   0% ] waiting  0m39.1s
cooldown_12_spotify • [   0% ] waiting  0m39.1s
cooldown_13_tesla   • [   0% ] waiting  0m39.1s
cooldown_14_uber    • [   0% ] waiting  0m39.1s
cooldown_15_zoom    • [   0% ] waiting  0m39.1s

running (1m52.0s), 30/60 VUs, 928 complete and 0 interrupted iterations
warmup_01_amazon    ✓ [ 100% ] 0/2 VUs  30s
warmup_02_amd       ✓ [ 100% ] 0/2 VUs  30s
warmup_03_apple     ✓ [ 100% ] 0/2 VUs  30s
warmup_04_azure     ✓ [ 100% ] 0/2 VUs  30s
warmup_05_google    ✓ [ 100% ] 0/2 VUs  30s
warmup_06_meta      ✓ [ 100% ] 0/2 VUs  30s
warmup_07_netflix   ✓ [ 100% ] 0/2 VUs  30s
warmup_08_nvidia    ✓ [ 100% ] 0/2 VUs  30s
warmup_09_paypal    ✓ [ 100% ] 0/2 VUs  30s
warmup_10_reddit    ✓ [ 100% ] 0/2 VUs  30s
warmup_11_slack     ✓ [ 100% ] 0/2 VUs  30s
warmup_12_spotify   ✓ [ 100% ] 0/2 VUs  30s
warmup_13_tesla     ✓ [ 100% ] 0/2 VUs  30s
warmup_14_uber      ✓ [ 100% ] 0/2 VUs  30s
warmup_15_zoom      ✓ [ 100% ] 0/2 VUs  30s
steady_01_amazon      [  68% ] 2 VUs    1m21.9s/2m0s
steady_02_amd         [  68% ] 2 VUs    1m21.9s/2m0s
steady_03_apple       [  68% ] 2 VUs    1m21.9s/2m0s
steady_04_azure       [  68% ] 2 VUs    1m21.9s/2m0s
steady_05_google      [  68% ] 2 VUs    1m21.9s/2m0s
steady_06_meta        [  68% ] 2 VUs    1m21.9s/2m0s
steady_07_netflix     [  68% ] 2 VUs    1m21.9s/2m0s
steady_08_nvidia      [  68% ] 2 VUs    1m21.9s/2m0s
steady_09_paypal      [  68% ] 2 VUs    1m21.9s/2m0s
steady_10_reddit      [  68% ] 2 VUs    1m21.9s/2m0s
steady_11_slack       [  68% ] 2 VUs    1m21.9s/2m0s
steady_12_spotify     [  68% ] 2 VUs    1m21.9s/2m0s
steady_13_tesla       [  68% ] 2 VUs    1m21.9s/2m0s
steady_14_uber        [  68% ] 2 VUs    1m21.9s/2m0s
steady_15_zoom        [  68% ] 2 VUs    1m21.9s/2m0s
cooldown_01_amazon  • [   0% ] waiting  0m38.1s
cooldown_02_amd     • [   0% ] waiting  0m38.1s
cooldown_03_apple   • [   0% ] waiting  0m38.1s
cooldown_04_azure   • [   0% ] waiting  0m38.1s
cooldown_05_google  • [   0% ] waiting  0m38.1s
cooldown_06_meta    • [   0% ] waiting  0m38.1s
cooldown_07_netflix • [   0% ] waiting  0m38.1s
cooldown_08_nvidia  • [   0% ] waiting  0m38.1s
cooldown_09_paypal  • [   0% ] waiting  0m38.1s
cooldown_10_reddit  • [   0% ] waiting  0m38.1s
cooldown_11_slack   • [   0% ] waiting  0m38.1s
cooldown_12_spotify • [   0% ] waiting  0m38.1s
cooldown_13_tesla   • [   0% ] waiting  0m38.1s
cooldown_14_uber    • [   0% ] waiting  0m38.1s
cooldown_15_zoom    • [   0% ] waiting  0m38.1s

running (1m53.0s), 30/60 VUs, 958 complete and 0 interrupted iterations
warmup_01_amazon    ✓ [ 100% ] 0/2 VUs  30s
warmup_02_amd       ✓ [ 100% ] 0/2 VUs  30s
warmup_03_apple     ✓ [ 100% ] 0/2 VUs  30s
warmup_04_azure     ✓ [ 100% ] 0/2 VUs  30s
warmup_05_google    ✓ [ 100% ] 0/2 VUs  30s
warmup_06_meta      ✓ [ 100% ] 0/2 VUs  30s
warmup_07_netflix   ✓ [ 100% ] 0/2 VUs  30s
warmup_08_nvidia    ✓ [ 100% ] 0/2 VUs  30s
warmup_09_paypal    ✓ [ 100% ] 0/2 VUs  30s
warmup_10_reddit    ✓ [ 100% ] 0/2 VUs  30s
warmup_11_slack     ✓ [ 100% ] 0/2 VUs  30s
warmup_12_spotify   ✓ [ 100% ] 0/2 VUs  30s
warmup_13_tesla     ✓ [ 100% ] 0/2 VUs  30s
warmup_14_uber      ✓ [ 100% ] 0/2 VUs  30s
warmup_15_zoom      ✓ [ 100% ] 0/2 VUs  30s
steady_01_amazon      [  69% ] 2 VUs    1m22.9s/2m0s
steady_02_amd         [  69% ] 2 VUs    1m22.9s/2m0s
steady_03_apple       [  69% ] 2 VUs    1m22.9s/2m0s
steady_04_azure       [  69% ] 2 VUs    1m22.9s/2m0s
steady_05_google      [  69% ] 2 VUs    1m22.9s/2m0s
steady_06_meta        [  69% ] 2 VUs    1m22.9s/2m0s
steady_07_netflix     [  69% ] 2 VUs    1m22.9s/2m0s
steady_08_nvidia      [  69% ] 2 VUs    1m22.9s/2m0s
steady_09_paypal      [  69% ] 2 VUs    1m22.9s/2m0s
steady_10_reddit      [  69% ] 2 VUs    1m22.9s/2m0s
steady_11_slack       [  69% ] 2 VUs    1m22.9s/2m0s
steady_12_spotify     [  69% ] 2 VUs    1m22.9s/2m0s
steady_13_tesla       [  69% ] 2 VUs    1m22.9s/2m0s
steady_14_uber        [  69% ] 2 VUs    1m22.9s/2m0s
steady_15_zoom        [  69% ] 2 VUs    1m22.9s/2m0s
cooldown_01_amazon  • [   0% ] waiting  0m37.1s
cooldown_02_amd     • [   0% ] waiting  0m37.1s
cooldown_03_apple   • [   0% ] waiting  0m37.1s
cooldown_04_azure   • [   0% ] waiting  0m37.1s
cooldown_05_google  • [   0% ] waiting  0m37.1s
cooldown_06_meta    • [   0% ] waiting  0m37.1s
cooldown_07_netflix • [   0% ] waiting  0m37.1s
cooldown_08_nvidia  • [   0% ] waiting  0m37.1s
cooldown_09_paypal  • [   0% ] waiting  0m37.1s
cooldown_10_reddit  • [   0% ] waiting  0m37.1s
cooldown_11_slack   • [   0% ] waiting  0m37.1s
cooldown_12_spotify • [   0% ] waiting  0m37.1s
cooldown_13_tesla   • [   0% ] waiting  0m37.1s
cooldown_14_uber    • [   0% ] waiting  0m37.1s
cooldown_15_zoom    • [   0% ] waiting  0m37.1s

running (1m54.0s), 30/60 VUs, 958 complete and 0 interrupted iterations
warmup_01_amazon    ✓ [ 100% ] 0/2 VUs  30s
warmup_02_amd       ✓ [ 100% ] 0/2 VUs  30s
warmup_03_apple     ✓ [ 100% ] 0/2 VUs  30s
warmup_04_azure     ✓ [ 100% ] 0/2 VUs  30s
warmup_05_google    ✓ [ 100% ] 0/2 VUs  30s
warmup_06_meta      ✓ [ 100% ] 0/2 VUs  30s
warmup_07_netflix   ✓ [ 100% ] 0/2 VUs  30s
warmup_08_nvidia    ✓ [ 100% ] 0/2 VUs  30s
warmup_09_paypal    ✓ [ 100% ] 0/2 VUs  30s
warmup_10_reddit    ✓ [ 100% ] 0/2 VUs  30s
warmup_11_slack     ✓ [ 100% ] 0/2 VUs  30s
warmup_12_spotify   ✓ [ 100% ] 0/2 VUs  30s
warmup_13_tesla     ✓ [ 100% ] 0/2 VUs  30s
warmup_14_uber      ✓ [ 100% ] 0/2 VUs  30s
warmup_15_zoom      ✓ [ 100% ] 0/2 VUs  30s
steady_01_amazon      [  70% ] 2 VUs    1m23.9s/2m0s
steady_02_amd         [  70% ] 2 VUs    1m23.9s/2m0s
steady_03_apple       [  70% ] 2 VUs    1m23.9s/2m0s
steady_04_azure       [  70% ] 2 VUs    1m23.9s/2m0s
steady_05_google      [  70% ] 2 VUs    1m23.9s/2m0s
steady_06_meta        [  70% ] 2 VUs    1m23.9s/2m0s
steady_07_netflix     [  70% ] 2 VUs    1m23.9s/2m0s
steady_08_nvidia      [  70% ] 2 VUs    1m23.9s/2m0s
steady_09_paypal      [  70% ] 2 VUs    1m23.9s/2m0s
steady_10_reddit      [  70% ] 2 VUs    1m23.9s/2m0s
steady_11_slack       [  70% ] 2 VUs    1m23.9s/2m0s
steady_12_spotify     [  70% ] 2 VUs    1m23.9s/2m0s
steady_13_tesla       [  70% ] 2 VUs    1m23.9s/2m0s
steady_14_uber        [  70% ] 2 VUs    1m23.9s/2m0s
steady_15_zoom        [  70% ] 2 VUs    1m23.9s/2m0s
cooldown_01_amazon  • [   0% ] waiting  0m36.1s
cooldown_02_amd     • [   0% ] waiting  0m36.1s
cooldown_03_apple   • [   0% ] waiting  0m36.1s
cooldown_04_azure   • [   0% ] waiting  0m36.1s
cooldown_05_google  • [   0% ] waiting  0m36.1s
cooldown_06_meta    • [   0% ] waiting  0m36.1s
cooldown_07_netflix • [   0% ] waiting  0m36.1s
cooldown_08_nvidia  • [   0% ] waiting  0m36.1s
cooldown_09_paypal  • [   0% ] waiting  0m36.1s
cooldown_10_reddit  • [   0% ] waiting  0m36.1s
cooldown_11_slack   • [   0% ] waiting  0m36.1s
cooldown_12_spotify • [   0% ] waiting  0m36.1s
cooldown_13_tesla   • [   0% ] waiting  0m36.1s
cooldown_14_uber    • [   0% ] waiting  0m36.1s
cooldown_15_zoom    • [   0% ] waiting  0m36.1s

running (1m55.0s), 30/60 VUs, 958 complete and 0 interrupted iterations
warmup_01_amazon    ✓ [ 100% ] 0/2 VUs  30s
warmup_02_amd       ✓ [ 100% ] 0/2 VUs  30s
warmup_03_apple     ✓ [ 100% ] 0/2 VUs  30s
warmup_04_azure     ✓ [ 100% ] 0/2 VUs  30s
warmup_05_google    ✓ [ 100% ] 0/2 VUs  30s
warmup_06_meta      ✓ [ 100% ] 0/2 VUs  30s
warmup_07_netflix   ✓ [ 100% ] 0/2 VUs  30s
warmup_08_nvidia    ✓ [ 100% ] 0/2 VUs  30s
warmup_09_paypal    ✓ [ 100% ] 0/2 VUs  30s
warmup_10_reddit    ✓ [ 100% ] 0/2 VUs  30s
warmup_11_slack     ✓ [ 100% ] 0/2 VUs  30s
warmup_12_spotify   ✓ [ 100% ] 0/2 VUs  30s
warmup_13_tesla     ✓ [ 100% ] 0/2 VUs  30s
warmup_14_uber      ✓ [ 100% ] 0/2 VUs  30s
warmup_15_zoom      ✓ [ 100% ] 0/2 VUs  30s
steady_01_amazon      [  71% ] 2 VUs    1m24.9s/2m0s
steady_02_amd         [  71% ] 2 VUs    1m24.9s/2m0s
steady_03_apple       [  71% ] 2 VUs    1m24.9s/2m0s
steady_04_azure       [  71% ] 2 VUs    1m24.9s/2m0s
steady_05_google      [  71% ] 2 VUs    1m24.9s/2m0s
steady_06_meta        [  71% ] 2 VUs    1m24.9s/2m0s
steady_07_netflix     [  71% ] 2 VUs    1m24.9s/2m0s
steady_08_nvidia      [  71% ] 2 VUs    1m24.9s/2m0s
steady_09_paypal      [  71% ] 2 VUs    1m24.9s/2m0s
steady_10_reddit      [  71% ] 2 VUs    1m24.9s/2m0s
steady_11_slack       [  71% ] 2 VUs    1m24.9s/2m0s
steady_12_spotify     [  71% ] 2 VUs    1m24.9s/2m0s
steady_13_tesla       [  71% ] 2 VUs    1m24.9s/2m0s
steady_14_uber        [  71% ] 2 VUs    1m24.9s/2m0s
steady_15_zoom        [  71% ] 2 VUs    1m24.9s/2m0s
cooldown_01_amazon  • [   0% ] waiting  0m35.1s
cooldown_02_amd     • [   0% ] waiting  0m35.1s
cooldown_03_apple   • [   0% ] waiting  0m35.1s
cooldown_04_azure   • [   0% ] waiting  0m35.1s
cooldown_05_google  • [   0% ] waiting  0m35.1s
cooldown_06_meta    • [   0% ] waiting  0m35.1s
cooldown_07_netflix • [   0% ] waiting  0m35.1s
cooldown_08_nvidia  • [   0% ] waiting  0m35.1s
cooldown_09_paypal  • [   0% ] waiting  0m35.1s
cooldown_10_reddit  • [   0% ] waiting  0m35.1s
cooldown_11_slack   • [   0% ] waiting  0m35.1s
cooldown_12_spotify • [   0% ] waiting  0m35.1s
cooldown_13_tesla   • [   0% ] waiting  0m35.1s
cooldown_14_uber    • [   0% ] waiting  0m35.1s
cooldown_15_zoom    • [   0% ] waiting  0m35.1s

running (1m56.0s), 30/60 VUs, 987 complete and 0 interrupted iterations
warmup_01_amazon    ✓ [ 100% ] 0/2 VUs  30s
warmup_02_amd       ✓ [ 100% ] 0/2 VUs  30s
warmup_03_apple     ✓ [ 100% ] 0/2 VUs  30s
warmup_04_azure     ✓ [ 100% ] 0/2 VUs  30s
warmup_05_google    ✓ [ 100% ] 0/2 VUs  30s
warmup_06_meta      ✓ [ 100% ] 0/2 VUs  30s
warmup_07_netflix   ✓ [ 100% ] 0/2 VUs  30s
warmup_08_nvidia    ✓ [ 100% ] 0/2 VUs  30s
warmup_09_paypal    ✓ [ 100% ] 0/2 VUs  30s
warmup_10_reddit    ✓ [ 100% ] 0/2 VUs  30s
warmup_11_slack     ✓ [ 100% ] 0/2 VUs  30s
warmup_12_spotify   ✓ [ 100% ] 0/2 VUs  30s
warmup_13_tesla     ✓ [ 100% ] 0/2 VUs  30s
warmup_14_uber      ✓ [ 100% ] 0/2 VUs  30s
warmup_15_zoom      ✓ [ 100% ] 0/2 VUs  30s
steady_01_amazon      [  72% ] 2 VUs    1m25.9s/2m0s
steady_02_amd         [  72% ] 2 VUs    1m25.9s/2m0s
steady_03_apple       [  72% ] 2 VUs    1m25.9s/2m0s
steady_04_azure       [  72% ] 2 VUs    1m25.9s/2m0s
steady_05_google      [  72% ] 2 VUs    1m25.9s/2m0s
steady_06_meta        [  72% ] 2 VUs    1m25.9s/2m0s
steady_07_netflix     [  72% ] 2 VUs    1m25.9s/2m0s
steady_08_nvidia      [  72% ] 2 VUs    1m25.9s/2m0s
steady_09_paypal      [  72% ] 2 VUs    1m25.9s/2m0s
steady_10_reddit      [  72% ] 2 VUs    1m25.9s/2m0s
steady_11_slack       [  72% ] 2 VUs    1m25.9s/2m0s
steady_12_spotify     [  72% ] 2 VUs    1m25.9s/2m0s
steady_13_tesla       [  72% ] 2 VUs    1m25.9s/2m0s
steady_14_uber        [  72% ] 2 VUs    1m25.9s/2m0s
steady_15_zoom        [  72% ] 2 VUs    1m25.9s/2m0s
cooldown_01_amazon  • [   0% ] waiting  0m34.1s
cooldown_02_amd     • [   0% ] waiting  0m34.1s
cooldown_03_apple   • [   0% ] waiting  0m34.1s
cooldown_04_azure   • [   0% ] waiting  0m34.1s
cooldown_05_google  • [   0% ] waiting  0m34.1s
cooldown_06_meta    • [   0% ] waiting  0m34.1s
cooldown_07_netflix • [   0% ] waiting  0m34.1s
cooldown_08_nvidia  • [   0% ] waiting  0m34.1s
cooldown_09_paypal  • [   0% ] waiting  0m34.1s
cooldown_10_reddit  • [   0% ] waiting  0m34.1s
cooldown_11_slack   • [   0% ] waiting  0m34.1s
cooldown_12_spotify • [   0% ] waiting  0m34.1s
cooldown_13_tesla   • [   0% ] waiting  0m34.1s
cooldown_14_uber    • [   0% ] waiting  0m34.1s
cooldown_15_zoom    • [   0% ] waiting  0m34.1s

running (1m57.0s), 30/60 VUs, 988 complete and 0 interrupted iterations
warmup_01_amazon    ✓ [ 100% ] 0/2 VUs  30s
warmup_02_amd       ✓ [ 100% ] 0/2 VUs  30s
warmup_03_apple     ✓ [ 100% ] 0/2 VUs  30s
warmup_04_azure     ✓ [ 100% ] 0/2 VUs  30s
warmup_05_google    ✓ [ 100% ] 0/2 VUs  30s
warmup_06_meta      ✓ [ 100% ] 0/2 VUs  30s
warmup_07_netflix   ✓ [ 100% ] 0/2 VUs  30s
warmup_08_nvidia    ✓ [ 100% ] 0/2 VUs  30s
warmup_09_paypal    ✓ [ 100% ] 0/2 VUs  30s
warmup_10_reddit    ✓ [ 100% ] 0/2 VUs  30s
warmup_11_slack     ✓ [ 100% ] 0/2 VUs  30s
warmup_12_spotify   ✓ [ 100% ] 0/2 VUs  30s
warmup_13_tesla     ✓ [ 100% ] 0/2 VUs  30s
warmup_14_uber      ✓ [ 100% ] 0/2 VUs  30s
warmup_15_zoom      ✓ [ 100% ] 0/2 VUs  30s
steady_01_amazon      [  72% ] 2 VUs    1m26.9s/2m0s
steady_02_amd         [  72% ] 2 VUs    1m26.9s/2m0s
steady_03_apple       [  72% ] 2 VUs    1m26.9s/2m0s
steady_04_azure       [  72% ] 2 VUs    1m26.9s/2m0s
steady_05_google      [  72% ] 2 VUs    1m26.9s/2m0s
steady_06_meta        [  72% ] 2 VUs    1m26.9s/2m0s
steady_07_netflix     [  72% ] 2 VUs    1m26.9s/2m0s
steady_08_nvidia      [  72% ] 2 VUs    1m26.9s/2m0s
steady_09_paypal      [  72% ] 2 VUs    1m26.9s/2m0s
steady_10_reddit      [  72% ] 2 VUs    1m26.9s/2m0s
steady_11_slack       [  72% ] 2 VUs    1m26.9s/2m0s
steady_12_spotify     [  72% ] 2 VUs    1m26.9s/2m0s
steady_13_tesla       [  72% ] 2 VUs    1m26.9s/2m0s
steady_14_uber        [  72% ] 2 VUs    1m26.9s/2m0s
steady_15_zoom        [  72% ] 2 VUs    1m26.9s/2m0s
cooldown_01_amazon  • [   0% ] waiting  0m33.1s
cooldown_02_amd     • [   0% ] waiting  0m33.1s
cooldown_03_apple   • [   0% ] waiting  0m33.1s
cooldown_04_azure   • [   0% ] waiting  0m33.1s
cooldown_05_google  • [   0% ] waiting  0m33.1s
cooldown_06_meta    • [   0% ] waiting  0m33.1s
cooldown_07_netflix • [   0% ] waiting  0m33.1s
cooldown_08_nvidia  • [   0% ] waiting  0m33.1s
cooldown_09_paypal  • [   0% ] waiting  0m33.1s
cooldown_10_reddit  • [   0% ] waiting  0m33.1s
cooldown_11_slack   • [   0% ] waiting  0m33.1s
cooldown_12_spotify • [   0% ] waiting  0m33.1s
cooldown_13_tesla   • [   0% ] waiting  0m33.1s
cooldown_14_uber    • [   0% ] waiting  0m33.1s
cooldown_15_zoom    • [   0% ] waiting  0m33.1s

running (1m58.0s), 30/60 VUs, 988 complete and 0 interrupted iterations
warmup_01_amazon    ✓ [ 100% ] 0/2 VUs  30s
warmup_02_amd       ✓ [ 100% ] 0/2 VUs  30s
warmup_03_apple     ✓ [ 100% ] 0/2 VUs  30s
warmup_04_azure     ✓ [ 100% ] 0/2 VUs  30s
warmup_05_google    ✓ [ 100% ] 0/2 VUs  30s
warmup_06_meta      ✓ [ 100% ] 0/2 VUs  30s
warmup_07_netflix   ✓ [ 100% ] 0/2 VUs  30s
warmup_08_nvidia    ✓ [ 100% ] 0/2 VUs  30s
warmup_09_paypal    ✓ [ 100% ] 0/2 VUs  30s
warmup_10_reddit    ✓ [ 100% ] 0/2 VUs  30s
warmup_11_slack     ✓ [ 100% ] 0/2 VUs  30s
warmup_12_spotify   ✓ [ 100% ] 0/2 VUs  30s
warmup_13_tesla     ✓ [ 100% ] 0/2 VUs  30s
warmup_14_uber      ✓ [ 100% ] 0/2 VUs  30s
warmup_15_zoom      ✓ [ 100% ] 0/2 VUs  30s
steady_01_amazon      [  73% ] 2 VUs    1m27.9s/2m0s
steady_02_amd         [  73% ] 2 VUs    1m27.9s/2m0s
steady_03_apple       [  73% ] 2 VUs    1m27.9s/2m0s
steady_04_azure       [  73% ] 2 VUs    1m27.9s/2m0s
steady_05_google      [  73% ] 2 VUs    1m27.9s/2m0s
steady_06_meta        [  73% ] 2 VUs    1m27.9s/2m0s
steady_07_netflix     [  73% ] 2 VUs    1m27.9s/2m0s
steady_08_nvidia      [  73% ] 2 VUs    1m27.9s/2m0s
steady_09_paypal      [  73% ] 2 VUs    1m27.9s/2m0s
steady_10_reddit      [  73% ] 2 VUs    1m27.9s/2m0s
steady_11_slack       [  73% ] 2 VUs    1m27.9s/2m0s
steady_12_spotify     [  73% ] 2 VUs    1m27.9s/2m0s
steady_13_tesla       [  73% ] 2 VUs    1m27.9s/2m0s
steady_14_uber        [  73% ] 2 VUs    1m27.9s/2m0s
steady_15_zoom        [  73% ] 2 VUs    1m27.9s/2m0s
cooldown_01_amazon  • [   0% ] waiting  0m32.1s
cooldown_02_amd     • [   0% ] waiting  0m32.1s
cooldown_03_apple   • [   0% ] waiting  0m32.1s
cooldown_04_azure   • [   0% ] waiting  0m32.1s
cooldown_05_google  • [   0% ] waiting  0m32.1s
cooldown_06_meta    • [   0% ] waiting  0m32.1s
cooldown_07_netflix • [   0% ] waiting  0m32.1s
cooldown_08_nvidia  • [   0% ] waiting  0m32.1s
cooldown_09_paypal  • [   0% ] waiting  0m32.1s
cooldown_10_reddit  • [   0% ] waiting  0m32.1s
cooldown_11_slack   • [   0% ] waiting  0m32.1s
cooldown_12_spotify • [   0% ] waiting  0m32.1s
cooldown_13_tesla   • [   0% ] waiting  0m32.1s
cooldown_14_uber    • [   0% ] waiting  0m32.1s
cooldown_15_zoom    • [   0% ] waiting  0m32.1s

running (1m59.0s), 30/60 VUs, 1018 complete and 0 interrupted iterations
warmup_01_amazon    ✓ [ 100% ] 0/2 VUs  30s
warmup_02_amd       ✓ [ 100% ] 0/2 VUs  30s
warmup_03_apple     ✓ [ 100% ] 0/2 VUs  30s
warmup_04_azure     ✓ [ 100% ] 0/2 VUs  30s
warmup_05_google    ✓ [ 100% ] 0/2 VUs  30s
warmup_06_meta      ✓ [ 100% ] 0/2 VUs  30s
warmup_07_netflix   ✓ [ 100% ] 0/2 VUs  30s
warmup_08_nvidia    ✓ [ 100% ] 0/2 VUs  30s
warmup_09_paypal    ✓ [ 100% ] 0/2 VUs  30s
warmup_10_reddit    ✓ [ 100% ] 0/2 VUs  30s
warmup_11_slack     ✓ [ 100% ] 0/2 VUs  30s
warmup_12_spotify   ✓ [ 100% ] 0/2 VUs  30s
warmup_13_tesla     ✓ [ 100% ] 0/2 VUs  30s
warmup_14_uber      ✓ [ 100% ] 0/2 VUs  30s
warmup_15_zoom      ✓ [ 100% ] 0/2 VUs  30s
steady_01_amazon      [  74% ] 2 VUs    1m28.9s/2m0s
steady_02_amd         [  74% ] 2 VUs    1m28.9s/2m0s
steady_03_apple       [  74% ] 2 VUs    1m28.9s/2m0s
steady_04_azure       [  74% ] 2 VUs    1m28.9s/2m0s
steady_05_google      [  74% ] 2 VUs    1m28.9s/2m0s
steady_06_meta        [  74% ] 2 VUs    1m28.9s/2m0s
steady_07_netflix     [  74% ] 2 VUs    1m28.9s/2m0s
steady_08_nvidia      [  74% ] 2 VUs    1m28.9s/2m0s
steady_09_paypal      [  74% ] 2 VUs    1m28.9s/2m0s
steady_10_reddit      [  74% ] 2 VUs    1m28.9s/2m0s
steady_11_slack       [  74% ] 2 VUs    1m28.9s/2m0s
steady_12_spotify     [  74% ] 2 VUs    1m28.9s/2m0s
steady_13_tesla       [  74% ] 2 VUs    1m28.9s/2m0s
steady_14_uber        [  74% ] 2 VUs    1m28.9s/2m0s
steady_15_zoom        [  74% ] 2 VUs    1m28.9s/2m0s
cooldown_01_amazon  • [   0% ] waiting  0m31.1s
cooldown_02_amd     • [   0% ] waiting  0m31.1s
cooldown_03_apple   • [   0% ] waiting  0m31.1s
cooldown_04_azure   • [   0% ] waiting  0m31.1s
cooldown_05_google  • [   0% ] waiting  0m31.1s
cooldown_06_meta    • [   0% ] waiting  0m31.1s
cooldown_07_netflix • [   0% ] waiting  0m31.1s
cooldown_08_nvidia  • [   0% ] waiting  0m31.1s
cooldown_09_paypal  • [   0% ] waiting  0m31.1s
cooldown_10_reddit  • [   0% ] waiting  0m31.1s
cooldown_11_slack   • [   0% ] waiting  0m31.1s
cooldown_12_spotify • [   0% ] waiting  0m31.1s
cooldown_13_tesla   • [   0% ] waiting  0m31.1s
cooldown_14_uber    • [   0% ] waiting  0m31.1s
cooldown_15_zoom    • [   0% ] waiting  0m31.1s

running (2m00.0s), 30/60 VUs, 1019 complete and 0 interrupted iterations
warmup_01_amazon    ✓ [ 100% ] 0/2 VUs  30s
warmup_02_amd       ✓ [ 100% ] 0/2 VUs  30s
warmup_03_apple     ✓ [ 100% ] 0/2 VUs  30s
warmup_04_azure     ✓ [ 100% ] 0/2 VUs  30s
warmup_05_google    ✓ [ 100% ] 0/2 VUs  30s
warmup_06_meta      ✓ [ 100% ] 0/2 VUs  30s
warmup_07_netflix   ✓ [ 100% ] 0/2 VUs  30s
warmup_08_nvidia    ✓ [ 100% ] 0/2 VUs  30s
warmup_09_paypal    ✓ [ 100% ] 0/2 VUs  30s
warmup_10_reddit    ✓ [ 100% ] 0/2 VUs  30s
warmup_11_slack     ✓ [ 100% ] 0/2 VUs  30s
warmup_12_spotify   ✓ [ 100% ] 0/2 VUs  30s
warmup_13_tesla     ✓ [ 100% ] 0/2 VUs  30s
warmup_14_uber      ✓ [ 100% ] 0/2 VUs  30s
warmup_15_zoom      ✓ [ 100% ] 0/2 VUs  30s
steady_01_amazon      [  75% ] 2 VUs    1m29.9s/2m0s
steady_02_amd         [  75% ] 2 VUs    1m29.9s/2m0s
steady_03_apple       [  75% ] 2 VUs    1m29.9s/2m0s
steady_04_azure       [  75% ] 2 VUs    1m29.9s/2m0s
steady_05_google      [  75% ] 2 VUs    1m29.9s/2m0s
steady_06_meta        [  75% ] 2 VUs    1m29.9s/2m0s
steady_07_netflix     [  75% ] 2 VUs    1m29.9s/2m0s
steady_08_nvidia      [  75% ] 2 VUs    1m29.9s/2m0s
steady_09_paypal      [  75% ] 2 VUs    1m29.9s/2m0s
steady_10_reddit      [  75% ] 2 VUs    1m29.9s/2m0s
steady_11_slack       [  75% ] 2 VUs    1m29.9s/2m0s
steady_12_spotify     [  75% ] 2 VUs    1m29.9s/2m0s
steady_13_tesla       [  75% ] 2 VUs    1m29.9s/2m0s
steady_14_uber        [  75% ] 2 VUs    1m29.9s/2m0s
steady_15_zoom        [  75% ] 2 VUs    1m29.9s/2m0s
cooldown_01_amazon  • [   0% ] waiting  0m30.1s
cooldown_02_amd     • [   0% ] waiting  0m30.1s
cooldown_03_apple   • [   0% ] waiting  0m30.1s
cooldown_04_azure   • [   0% ] waiting  0m30.1s
cooldown_05_google  • [   0% ] waiting  0m30.1s
cooldown_06_meta    • [   0% ] waiting  0m30.1s
cooldown_07_netflix • [   0% ] waiting  0m30.1s
cooldown_08_nvidia  • [   0% ] waiting  0m30.1s
cooldown_09_paypal  • [   0% ] waiting  0m30.1s
cooldown_10_reddit  • [   0% ] waiting  0m30.1s
cooldown_11_slack   • [   0% ] waiting  0m30.1s
cooldown_12_spotify • [   0% ] waiting  0m30.1s
cooldown_13_tesla   • [   0% ] waiting  0m30.1s
cooldown_14_uber    • [   0% ] waiting  0m30.1s
cooldown_15_zoom    • [   0% ] waiting  0m30.0s

running (2m01.0s), 30/60 VUs, 1019 complete and 0 interrupted iterations
warmup_01_amazon    ✓ [ 100% ] 0/2 VUs  30s
warmup_02_amd       ✓ [ 100% ] 0/2 VUs  30s
warmup_03_apple     ✓ [ 100% ] 0/2 VUs  30s
warmup_04_azure     ✓ [ 100% ] 0/2 VUs  30s
warmup_05_google    ✓ [ 100% ] 0/2 VUs  30s
warmup_06_meta      ✓ [ 100% ] 0/2 VUs  30s
warmup_07_netflix   ✓ [ 100% ] 0/2 VUs  30s
warmup_08_nvidia    ✓ [ 100% ] 0/2 VUs  30s
warmup_09_paypal    ✓ [ 100% ] 0/2 VUs  30s
warmup_10_reddit    ✓ [ 100% ] 0/2 VUs  30s
warmup_11_slack     ✓ [ 100% ] 0/2 VUs  30s
warmup_12_spotify   ✓ [ 100% ] 0/2 VUs  30s
warmup_13_tesla     ✓ [ 100% ] 0/2 VUs  30s
warmup_14_uber      ✓ [ 100% ] 0/2 VUs  30s
warmup_15_zoom      ✓ [ 100% ] 0/2 VUs  30s
steady_01_amazon      [  76% ] 2 VUs    1m30.9s/2m0s
steady_02_amd         [  76% ] 2 VUs    1m30.9s/2m0s
steady_03_apple       [  76% ] 2 VUs    1m30.9s/2m0s
steady_04_azure       [  76% ] 2 VUs    1m30.9s/2m0s
steady_05_google      [  76% ] 2 VUs    1m30.9s/2m0s
steady_06_meta        [  76% ] 2 VUs    1m30.9s/2m0s
steady_07_netflix     [  76% ] 2 VUs    1m30.9s/2m0s
steady_08_nvidia      [  76% ] 2 VUs    1m30.9s/2m0s
steady_09_paypal      [  76% ] 2 VUs    1m30.9s/2m0s
steady_10_reddit      [  76% ] 2 VUs    1m30.9s/2m0s
steady_11_slack       [  76% ] 2 VUs    1m30.9s/2m0s
steady_12_spotify     [  76% ] 2 VUs    1m30.9s/2m0s
steady_13_tesla       [  76% ] 2 VUs    1m30.9s/2m0s
steady_14_uber        [  76% ] 2 VUs    1m30.9s/2m0s
steady_15_zoom        [  76% ] 2 VUs    1m30.9s/2m0s
cooldown_01_amazon  • [   0% ] waiting  0m29.1s
cooldown_02_amd     • [   0% ] waiting  0m29.1s
cooldown_03_apple   • [   0% ] waiting  0m29.1s
cooldown_04_azure   • [   0% ] waiting  0m29.1s
cooldown_05_google  • [   0% ] waiting  0m29.1s
cooldown_06_meta    • [   0% ] waiting  0m29.1s
cooldown_07_netflix • [   0% ] waiting  0m29.1s
cooldown_08_nvidia  • [   0% ] waiting  0m29.1s
cooldown_09_paypal  • [   0% ] waiting  0m29.1s
cooldown_10_reddit  • [   0% ] waiting  0m29.1s
cooldown_11_slack   • [   0% ] waiting  0m29.1s
cooldown_12_spotify • [   0% ] waiting  0m29.1s
cooldown_13_tesla   • [   0% ] waiting  0m29.1s
cooldown_14_uber    • [   0% ] waiting  0m29.1s
cooldown_15_zoom    • [   0% ] waiting  0m29.1s

running (2m02.0s), 30/60 VUs, 1049 complete and 0 interrupted iterations
warmup_01_amazon    ✓ [ 100% ] 0/2 VUs  30s
warmup_02_amd       ✓ [ 100% ] 0/2 VUs  30s
warmup_03_apple     ✓ [ 100% ] 0/2 VUs  30s
warmup_04_azure     ✓ [ 100% ] 0/2 VUs  30s
warmup_05_google    ✓ [ 100% ] 0/2 VUs  30s
warmup_06_meta      ✓ [ 100% ] 0/2 VUs  30s
warmup_07_netflix   ✓ [ 100% ] 0/2 VUs  30s
warmup_08_nvidia    ✓ [ 100% ] 0/2 VUs  30s
warmup_09_paypal    ✓ [ 100% ] 0/2 VUs  30s
warmup_10_reddit    ✓ [ 100% ] 0/2 VUs  30s
warmup_11_slack     ✓ [ 100% ] 0/2 VUs  30s
warmup_12_spotify   ✓ [ 100% ] 0/2 VUs  30s
warmup_13_tesla     ✓ [ 100% ] 0/2 VUs  30s
warmup_14_uber      ✓ [ 100% ] 0/2 VUs  30s
warmup_15_zoom      ✓ [ 100% ] 0/2 VUs  30s
steady_01_amazon      [  77% ] 2 VUs    1m31.9s/2m0s
steady_02_amd         [  77% ] 2 VUs    1m31.9s/2m0s
steady_03_apple       [  77% ] 2 VUs    1m31.9s/2m0s
steady_04_azure       [  77% ] 2 VUs    1m31.9s/2m0s
steady_05_google      [  77% ] 2 VUs    1m31.9s/2m0s
steady_06_meta        [  77% ] 2 VUs    1m31.9s/2m0s
steady_07_netflix     [  77% ] 2 VUs    1m31.9s/2m0s
steady_08_nvidia      [  77% ] 2 VUs    1m31.9s/2m0s
steady_09_paypal      [  77% ] 2 VUs    1m31.9s/2m0s
steady_10_reddit      [  77% ] 2 VUs    1m31.9s/2m0s
steady_11_slack       [  77% ] 2 VUs    1m31.9s/2m0s
steady_12_spotify     [  77% ] 2 VUs    1m31.9s/2m0s
steady_13_tesla       [  77% ] 2 VUs    1m31.9s/2m0s
steady_14_uber        [  77% ] 2 VUs    1m31.9s/2m0s
steady_15_zoom        [  77% ] 2 VUs    1m31.9s/2m0s
cooldown_01_amazon  • [   0% ] waiting  0m28.1s
cooldown_02_amd     • [   0% ] waiting  0m28.1s
cooldown_03_apple   • [   0% ] waiting  0m28.1s
cooldown_04_azure   • [   0% ] waiting  0m28.1s
cooldown_05_google  • [   0% ] waiting  0m28.1s
cooldown_06_meta    • [   0% ] waiting  0m28.1s
cooldown_07_netflix • [   0% ] waiting  0m28.1s
cooldown_08_nvidia  • [   0% ] waiting  0m28.1s
cooldown_09_paypal  • [   0% ] waiting  0m28.1s
cooldown_10_reddit  • [   0% ] waiting  0m28.1s
cooldown_11_slack   • [   0% ] waiting  0m28.1s
cooldown_12_spotify • [   0% ] waiting  0m28.1s
cooldown_13_tesla   • [   0% ] waiting  0m28.1s
cooldown_14_uber    • [   0% ] waiting  0m28.1s
cooldown_15_zoom    • [   0% ] waiting  0m28.1s

running (2m03.0s), 30/60 VUs, 1049 complete and 0 interrupted iterations
warmup_01_amazon    ✓ [ 100% ] 0/2 VUs  30s
warmup_02_amd       ✓ [ 100% ] 0/2 VUs  30s
warmup_03_apple     ✓ [ 100% ] 0/2 VUs  30s
warmup_04_azure     ✓ [ 100% ] 0/2 VUs  30s
warmup_05_google    ✓ [ 100% ] 0/2 VUs  30s
warmup_06_meta      ✓ [ 100% ] 0/2 VUs  30s
warmup_07_netflix   ✓ [ 100% ] 0/2 VUs  30s
warmup_08_nvidia    ✓ [ 100% ] 0/2 VUs  30s
warmup_09_paypal    ✓ [ 100% ] 0/2 VUs  30s
warmup_10_reddit    ✓ [ 100% ] 0/2 VUs  30s
warmup_11_slack     ✓ [ 100% ] 0/2 VUs  30s
warmup_12_spotify   ✓ [ 100% ] 0/2 VUs  30s
warmup_13_tesla     ✓ [ 100% ] 0/2 VUs  30s
warmup_14_uber      ✓ [ 100% ] 0/2 VUs  30s
warmup_15_zoom      ✓ [ 100% ] 0/2 VUs  30s
steady_01_amazon      [  77% ] 2 VUs    1m32.9s/2m0s
steady_02_amd         [  77% ] 2 VUs    1m32.9s/2m0s
steady_03_apple       [  77% ] 2 VUs    1m32.9s/2m0s
steady_04_azure       [  77% ] 2 VUs    1m32.9s/2m0s
steady_05_google      [  77% ] 2 VUs    1m32.9s/2m0s
steady_06_meta        [  77% ] 2 VUs    1m32.9s/2m0s
steady_07_netflix     [  77% ] 2 VUs    1m32.9s/2m0s
steady_08_nvidia      [  77% ] 2 VUs    1m32.9s/2m0s
steady_09_paypal      [  77% ] 2 VUs    1m32.9s/2m0s
steady_10_reddit      [  77% ] 2 VUs    1m32.9s/2m0s
steady_11_slack       [  77% ] 2 VUs    1m32.9s/2m0s
steady_12_spotify     [  77% ] 2 VUs    1m32.9s/2m0s
steady_13_tesla       [  77% ] 2 VUs    1m32.9s/2m0s
steady_14_uber        [  77% ] 2 VUs    1m32.9s/2m0s
steady_15_zoom        [  77% ] 2 VUs    1m32.9s/2m0s
cooldown_01_amazon  • [   0% ] waiting  0m27.1s
cooldown_02_amd     • [   0% ] waiting  0m27.1s
cooldown_03_apple   • [   0% ] waiting  0m27.1s
cooldown_04_azure   • [   0% ] waiting  0m27.1s
cooldown_05_google  • [   0% ] waiting  0m27.1s
cooldown_06_meta    • [   0% ] waiting  0m27.1s
cooldown_07_netflix • [   0% ] waiting  0m27.1s
cooldown_08_nvidia  • [   0% ] waiting  0m27.1s
cooldown_09_paypal  • [   0% ] waiting  0m27.1s
cooldown_10_reddit  • [   0% ] waiting  0m27.1s
cooldown_11_slack   • [   0% ] waiting  0m27.1s
cooldown_12_spotify • [   0% ] waiting  0m27.1s
cooldown_13_tesla   • [   0% ] waiting  0m27.1s
cooldown_14_uber    • [   0% ] waiting  0m27.1s
cooldown_15_zoom    • [   0% ] waiting  0m27.1s

running (2m04.0s), 30/60 VUs, 1049 complete and 0 interrupted iterations
warmup_01_amazon    ✓ [ 100% ] 0/2 VUs  30s
warmup_02_amd       ✓ [ 100% ] 0/2 VUs  30s
warmup_03_apple     ✓ [ 100% ] 0/2 VUs  30s
warmup_04_azure     ✓ [ 100% ] 0/2 VUs  30s
warmup_05_google    ✓ [ 100% ] 0/2 VUs  30s
warmup_06_meta      ✓ [ 100% ] 0/2 VUs  30s
warmup_07_netflix   ✓ [ 100% ] 0/2 VUs  30s
warmup_08_nvidia    ✓ [ 100% ] 0/2 VUs  30s
warmup_09_paypal    ✓ [ 100% ] 0/2 VUs  30s
warmup_10_reddit    ✓ [ 100% ] 0/2 VUs  30s
warmup_11_slack     ✓ [ 100% ] 0/2 VUs  30s
warmup_12_spotify   ✓ [ 100% ] 0/2 VUs  30s
warmup_13_tesla     ✓ [ 100% ] 0/2 VUs  30s
warmup_14_uber      ✓ [ 100% ] 0/2 VUs  30s
warmup_15_zoom      ✓ [ 100% ] 0/2 VUs  30s
steady_01_amazon      [  78% ] 2 VUs    1m33.9s/2m0s
steady_02_amd         [  78% ] 2 VUs    1m33.9s/2m0s
steady_03_apple       [  78% ] 2 VUs    1m33.9s/2m0s
steady_04_azure       [  78% ] 2 VUs    1m33.9s/2m0s
steady_05_google      [  78% ] 2 VUs    1m33.9s/2m0s
steady_06_meta        [  78% ] 2 VUs    1m33.9s/2m0s
steady_07_netflix     [  78% ] 2 VUs    1m33.9s/2m0s
steady_08_nvidia      [  78% ] 2 VUs    1m33.9s/2m0s
steady_09_paypal      [  78% ] 2 VUs    1m33.9s/2m0s
steady_10_reddit      [  78% ] 2 VUs    1m33.9s/2m0s
steady_11_slack       [  78% ] 2 VUs    1m33.9s/2m0s
steady_12_spotify     [  78% ] 2 VUs    1m33.9s/2m0s
steady_13_tesla       [  78% ] 2 VUs    1m33.9s/2m0s
steady_14_uber        [  78% ] 2 VUs    1m33.9s/2m0s
steady_15_zoom        [  78% ] 2 VUs    1m33.9s/2m0s
cooldown_01_amazon  • [   0% ] waiting  0m26.1s
cooldown_02_amd     • [   0% ] waiting  0m26.1s
cooldown_03_apple   • [   0% ] waiting  0m26.1s
cooldown_04_azure   • [   0% ] waiting  0m26.1s
cooldown_05_google  • [   0% ] waiting  0m26.1s
cooldown_06_meta    • [   0% ] waiting  0m26.1s
cooldown_07_netflix • [   0% ] waiting  0m26.1s
cooldown_08_nvidia  • [   0% ] waiting  0m26.1s
cooldown_09_paypal  • [   0% ] waiting  0m26.1s
cooldown_10_reddit  • [   0% ] waiting  0m26.1s
cooldown_11_slack   • [   0% ] waiting  0m26.1s
cooldown_12_spotify • [   0% ] waiting  0m26.1s
cooldown_13_tesla   • [   0% ] waiting  0m26.1s
cooldown_14_uber    • [   0% ] waiting  0m26.1s
cooldown_15_zoom    • [   0% ] waiting  0m26.1s

running (2m05.0s), 30/60 VUs, 1079 complete and 0 interrupted iterations
warmup_01_amazon    ✓ [ 100% ] 0/2 VUs  30s
warmup_02_amd       ✓ [ 100% ] 0/2 VUs  30s
warmup_03_apple     ✓ [ 100% ] 0/2 VUs  30s
warmup_04_azure     ✓ [ 100% ] 0/2 VUs  30s
warmup_05_google    ✓ [ 100% ] 0/2 VUs  30s
warmup_06_meta      ✓ [ 100% ] 0/2 VUs  30s
warmup_07_netflix   ✓ [ 100% ] 0/2 VUs  30s
warmup_08_nvidia    ✓ [ 100% ] 0/2 VUs  30s
warmup_09_paypal    ✓ [ 100% ] 0/2 VUs  30s
warmup_10_reddit    ✓ [ 100% ] 0/2 VUs  30s
warmup_11_slack     ✓ [ 100% ] 0/2 VUs  30s
warmup_12_spotify   ✓ [ 100% ] 0/2 VUs  30s
warmup_13_tesla     ✓ [ 100% ] 0/2 VUs  30s
warmup_14_uber      ✓ [ 100% ] 0/2 VUs  30s
warmup_15_zoom      ✓ [ 100% ] 0/2 VUs  30s
steady_01_amazon      [  79% ] 2 VUs    1m34.9s/2m0s
steady_02_amd         [  79% ] 2 VUs    1m34.9s/2m0s
steady_03_apple       [  79% ] 2 VUs    1m34.9s/2m0s
steady_04_azure       [  79% ] 2 VUs    1m34.9s/2m0s
steady_05_google      [  79% ] 2 VUs    1m34.9s/2m0s
steady_06_meta        [  79% ] 2 VUs    1m34.9s/2m0s
steady_07_netflix     [  79% ] 2 VUs    1m34.9s/2m0s
steady_08_nvidia      [  79% ] 2 VUs    1m34.9s/2m0s
steady_09_paypal      [  79% ] 2 VUs    1m34.9s/2m0s
steady_10_reddit      [  79% ] 2 VUs    1m34.9s/2m0s
steady_11_slack       [  79% ] 2 VUs    1m34.9s/2m0s
steady_12_spotify     [  79% ] 2 VUs    1m34.9s/2m0s
steady_13_tesla       [  79% ] 2 VUs    1m34.9s/2m0s
steady_14_uber        [  79% ] 2 VUs    1m34.9s/2m0s
steady_15_zoom        [  79% ] 2 VUs    1m34.9s/2m0s
cooldown_01_amazon  • [   0% ] waiting  0m25.1s
cooldown_02_amd     • [   0% ] waiting  0m25.1s
cooldown_03_apple   • [   0% ] waiting  0m25.1s
cooldown_04_azure   • [   0% ] waiting  0m25.1s
cooldown_05_google  • [   0% ] waiting  0m25.1s
cooldown_06_meta    • [   0% ] waiting  0m25.1s
cooldown_07_netflix • [   0% ] waiting  0m25.1s
cooldown_08_nvidia  • [   0% ] waiting  0m25.1s
cooldown_09_paypal  • [   0% ] waiting  0m25.1s
cooldown_10_reddit  • [   0% ] waiting  0m25.1s
cooldown_11_slack   • [   0% ] waiting  0m25.1s
cooldown_12_spotify • [   0% ] waiting  0m25.1s
cooldown_13_tesla   • [   0% ] waiting  0m25.1s
cooldown_14_uber    • [   0% ] waiting  0m25.1s
cooldown_15_zoom    • [   0% ] waiting  0m25.1s

running (2m06.0s), 30/60 VUs, 1079 complete and 0 interrupted iterations
warmup_01_amazon    ✓ [ 100% ] 0/2 VUs  30s
warmup_02_amd       ✓ [ 100% ] 0/2 VUs  30s
warmup_03_apple     ✓ [ 100% ] 0/2 VUs  30s
warmup_04_azure     ✓ [ 100% ] 0/2 VUs  30s
warmup_05_google    ✓ [ 100% ] 0/2 VUs  30s
warmup_06_meta      ✓ [ 100% ] 0/2 VUs  30s
warmup_07_netflix   ✓ [ 100% ] 0/2 VUs  30s
warmup_08_nvidia    ✓ [ 100% ] 0/2 VUs  30s
warmup_09_paypal    ✓ [ 100% ] 0/2 VUs  30s
warmup_10_reddit    ✓ [ 100% ] 0/2 VUs  30s
warmup_11_slack     ✓ [ 100% ] 0/2 VUs  30s
warmup_12_spotify   ✓ [ 100% ] 0/2 VUs  30s
warmup_13_tesla     ✓ [ 100% ] 0/2 VUs  30s
warmup_14_uber      ✓ [ 100% ] 0/2 VUs  30s
warmup_15_zoom      ✓ [ 100% ] 0/2 VUs  30s
steady_01_amazon      [  80% ] 2 VUs    1m35.9s/2m0s
steady_02_amd         [  80% ] 2 VUs    1m35.9s/2m0s
steady_03_apple       [  80% ] 2 VUs    1m35.9s/2m0s
steady_04_azure       [  80% ] 2 VUs    1m35.9s/2m0s
steady_05_google      [  80% ] 2 VUs    1m35.9s/2m0s
steady_06_meta        [  80% ] 2 VUs    1m35.9s/2m0s
steady_07_netflix     [  80% ] 2 VUs    1m35.9s/2m0s
steady_08_nvidia      [  80% ] 2 VUs    1m35.9s/2m0s
steady_09_paypal      [  80% ] 2 VUs    1m35.9s/2m0s
steady_10_reddit      [  80% ] 2 VUs    1m35.9s/2m0s
steady_11_slack       [  80% ] 2 VUs    1m35.9s/2m0s
steady_12_spotify     [  80% ] 2 VUs    1m35.9s/2m0s
steady_13_tesla       [  80% ] 2 VUs    1m35.9s/2m0s
steady_14_uber        [  80% ] 2 VUs    1m35.9s/2m0s
steady_15_zoom        [  80% ] 2 VUs    1m35.9s/2m0s
cooldown_01_amazon  • [   0% ] waiting  0m24.1s
cooldown_02_amd     • [   0% ] waiting  0m24.1s
cooldown_03_apple   • [   0% ] waiting  0m24.1s
cooldown_04_azure   • [   0% ] waiting  0m24.1s
cooldown_05_google  • [   0% ] waiting  0m24.1s
cooldown_06_meta    • [   0% ] waiting  0m24.1s
cooldown_07_netflix • [   0% ] waiting  0m24.1s
cooldown_08_nvidia  • [   0% ] waiting  0m24.1s
cooldown_09_paypal  • [   0% ] waiting  0m24.1s
cooldown_10_reddit  • [   0% ] waiting  0m24.1s
cooldown_11_slack   • [   0% ] waiting  0m24.1s
cooldown_12_spotify • [   0% ] waiting  0m24.1s
cooldown_13_tesla   • [   0% ] waiting  0m24.1s
cooldown_14_uber    • [   0% ] waiting  0m24.1s
cooldown_15_zoom    • [   0% ] waiting  0m24.1s

running (2m07.0s), 30/60 VUs, 1079 complete and 0 interrupted iterations
warmup_01_amazon    ✓ [ 100% ] 0/2 VUs  30s
warmup_02_amd       ✓ [ 100% ] 0/2 VUs  30s
warmup_03_apple     ✓ [ 100% ] 0/2 VUs  30s
warmup_04_azure     ✓ [ 100% ] 0/2 VUs  30s
warmup_05_google    ✓ [ 100% ] 0/2 VUs  30s
warmup_06_meta      ✓ [ 100% ] 0/2 VUs  30s
warmup_07_netflix   ✓ [ 100% ] 0/2 VUs  30s
warmup_08_nvidia    ✓ [ 100% ] 0/2 VUs  30s
warmup_09_paypal    ✓ [ 100% ] 0/2 VUs  30s
warmup_10_reddit    ✓ [ 100% ] 0/2 VUs  30s
warmup_11_slack     ✓ [ 100% ] 0/2 VUs  30s
warmup_12_spotify   ✓ [ 100% ] 0/2 VUs  30s
warmup_13_tesla     ✓ [ 100% ] 0/2 VUs  30s
warmup_14_uber      ✓ [ 100% ] 0/2 VUs  30s
warmup_15_zoom      ✓ [ 100% ] 0/2 VUs  30s
steady_01_amazon      [  81% ] 2 VUs    1m36.9s/2m0s
steady_02_amd         [  81% ] 2 VUs    1m36.9s/2m0s
steady_03_apple       [  81% ] 2 VUs    1m36.9s/2m0s
steady_04_azure       [  81% ] 2 VUs    1m36.9s/2m0s
steady_05_google      [  81% ] 2 VUs    1m36.9s/2m0s
steady_06_meta        [  81% ] 2 VUs    1m36.9s/2m0s
steady_07_netflix     [  81% ] 2 VUs    1m36.9s/2m0s
steady_08_nvidia      [  81% ] 2 VUs    1m36.9s/2m0s
steady_09_paypal      [  81% ] 2 VUs    1m36.9s/2m0s
steady_10_reddit      [  81% ] 2 VUs    1m36.9s/2m0s
steady_11_slack       [  81% ] 2 VUs    1m36.9s/2m0s
steady_12_spotify     [  81% ] 2 VUs    1m36.9s/2m0s
steady_13_tesla       [  81% ] 2 VUs    1m36.9s/2m0s
steady_14_uber        [  81% ] 2 VUs    1m36.9s/2m0s
steady_15_zoom        [  81% ] 2 VUs    1m36.9s/2m0s
cooldown_01_amazon  • [   0% ] waiting  0m23.1s
cooldown_02_amd     • [   0% ] waiting  0m23.1s
cooldown_03_apple   • [   0% ] waiting  0m23.1s
cooldown_04_azure   • [   0% ] waiting  0m23.1s
cooldown_05_google  • [   0% ] waiting  0m23.1s
cooldown_06_meta    • [   0% ] waiting  0m23.1s
cooldown_07_netflix • [   0% ] waiting  0m23.1s
cooldown_08_nvidia  • [   0% ] waiting  0m23.1s
cooldown_09_paypal  • [   0% ] waiting  0m23.1s
cooldown_10_reddit  • [   0% ] waiting  0m23.1s
cooldown_11_slack   • [   0% ] waiting  0m23.1s
cooldown_12_spotify • [   0% ] waiting  0m23.1s
cooldown_13_tesla   • [   0% ] waiting  0m23.1s
cooldown_14_uber    • [   0% ] waiting  0m23.1s
cooldown_15_zoom    • [   0% ] waiting  0m23.1s

running (2m08.0s), 30/60 VUs, 1110 complete and 0 interrupted iterations
warmup_01_amazon    ✓ [ 100% ] 0/2 VUs  30s
warmup_02_amd       ✓ [ 100% ] 0/2 VUs  30s
warmup_03_apple     ✓ [ 100% ] 0/2 VUs  30s
warmup_04_azure     ✓ [ 100% ] 0/2 VUs  30s
warmup_05_google    ✓ [ 100% ] 0/2 VUs  30s
warmup_06_meta      ✓ [ 100% ] 0/2 VUs  30s
warmup_07_netflix   ✓ [ 100% ] 0/2 VUs  30s
warmup_08_nvidia    ✓ [ 100% ] 0/2 VUs  30s
warmup_09_paypal    ✓ [ 100% ] 0/2 VUs  30s
warmup_10_reddit    ✓ [ 100% ] 0/2 VUs  30s
warmup_11_slack     ✓ [ 100% ] 0/2 VUs  30s
warmup_12_spotify   ✓ [ 100% ] 0/2 VUs  30s
warmup_13_tesla     ✓ [ 100% ] 0/2 VUs  30s
warmup_14_uber      ✓ [ 100% ] 0/2 VUs  30s
warmup_15_zoom      ✓ [ 100% ] 0/2 VUs  30s
steady_01_amazon      [  82% ] 2 VUs    1m37.9s/2m0s
steady_02_amd         [  82% ] 2 VUs    1m37.9s/2m0s
steady_03_apple       [  82% ] 2 VUs    1m37.9s/2m0s
steady_04_azure       [  82% ] 2 VUs    1m37.9s/2m0s
steady_05_google      [  82% ] 2 VUs    1m37.9s/2m0s
steady_06_meta        [  82% ] 2 VUs    1m37.9s/2m0s
steady_07_netflix     [  82% ] 2 VUs    1m37.9s/2m0s
steady_08_nvidia      [  82% ] 2 VUs    1m37.9s/2m0s
steady_09_paypal      [  82% ] 2 VUs    1m37.9s/2m0s
steady_10_reddit      [  82% ] 2 VUs    1m37.9s/2m0s
steady_11_slack       [  82% ] 2 VUs    1m37.9s/2m0s
steady_12_spotify     [  82% ] 2 VUs    1m37.9s/2m0s
steady_13_tesla       [  82% ] 2 VUs    1m37.9s/2m0s
steady_14_uber        [  82% ] 2 VUs    1m37.9s/2m0s
steady_15_zoom        [  82% ] 2 VUs    1m37.9s/2m0s
cooldown_01_amazon  • [   0% ] waiting  0m22.1s
cooldown_02_amd     • [   0% ] waiting  0m22.1s
cooldown_03_apple   • [   0% ] waiting  0m22.1s
cooldown_04_azure   • [   0% ] waiting  0m22.1s
cooldown_05_google  • [   0% ] waiting  0m22.1s
cooldown_06_meta    • [   0% ] waiting  0m22.1s
cooldown_07_netflix • [   0% ] waiting  0m22.1s
cooldown_08_nvidia  • [   0% ] waiting  0m22.1s
cooldown_09_paypal  • [   0% ] waiting  0m22.1s
cooldown_10_reddit  • [   0% ] waiting  0m22.1s
cooldown_11_slack   • [   0% ] waiting  0m22.1s
cooldown_12_spotify • [   0% ] waiting  0m22.1s
cooldown_13_tesla   • [   0% ] waiting  0m22.1s
cooldown_14_uber    • [   0% ] waiting  0m22.1s
cooldown_15_zoom    • [   0% ] waiting  0m22.1s

running (2m09.0s), 30/60 VUs, 1110 complete and 0 interrupted iterations
warmup_01_amazon    ✓ [ 100% ] 0/2 VUs  30s
warmup_02_amd       ✓ [ 100% ] 0/2 VUs  30s
warmup_03_apple     ✓ [ 100% ] 0/2 VUs  30s
warmup_04_azure     ✓ [ 100% ] 0/2 VUs  30s
warmup_05_google    ✓ [ 100% ] 0/2 VUs  30s
warmup_06_meta      ✓ [ 100% ] 0/2 VUs  30s
warmup_07_netflix   ✓ [ 100% ] 0/2 VUs  30s
warmup_08_nvidia    ✓ [ 100% ] 0/2 VUs  30s
warmup_09_paypal    ✓ [ 100% ] 0/2 VUs  30s
warmup_10_reddit    ✓ [ 100% ] 0/2 VUs  30s
warmup_11_slack     ✓ [ 100% ] 0/2 VUs  30s
warmup_12_spotify   ✓ [ 100% ] 0/2 VUs  30s
warmup_13_tesla     ✓ [ 100% ] 0/2 VUs  30s
warmup_14_uber      ✓ [ 100% ] 0/2 VUs  30s
warmup_15_zoom      ✓ [ 100% ] 0/2 VUs  30s
steady_01_amazon      [  82% ] 2 VUs    1m38.9s/2m0s
steady_02_amd         [  82% ] 2 VUs    1m38.9s/2m0s
steady_03_apple       [  82% ] 2 VUs    1m38.9s/2m0s
steady_04_azure       [  82% ] 2 VUs    1m38.9s/2m0s
steady_05_google      [  82% ] 2 VUs    1m38.9s/2m0s
steady_06_meta        [  82% ] 2 VUs    1m38.9s/2m0s
steady_07_netflix     [  82% ] 2 VUs    1m38.9s/2m0s
steady_08_nvidia      [  82% ] 2 VUs    1m38.9s/2m0s
steady_09_paypal      [  82% ] 2 VUs    1m38.9s/2m0s
steady_10_reddit      [  82% ] 2 VUs    1m38.9s/2m0s
steady_11_slack       [  82% ] 2 VUs    1m38.9s/2m0s
steady_12_spotify     [  82% ] 2 VUs    1m38.9s/2m0s
steady_13_tesla       [  82% ] 2 VUs    1m38.9s/2m0s
steady_14_uber        [  82% ] 2 VUs    1m38.9s/2m0s
steady_15_zoom        [  82% ] 2 VUs    1m38.9s/2m0s
cooldown_01_amazon  • [   0% ] waiting  0m21.1s
cooldown_02_amd     • [   0% ] waiting  0m21.1s
cooldown_03_apple   • [   0% ] waiting  0m21.1s
cooldown_04_azure   • [   0% ] waiting  0m21.1s
cooldown_05_google  • [   0% ] waiting  0m21.1s
cooldown_06_meta    • [   0% ] waiting  0m21.1s
cooldown_07_netflix • [   0% ] waiting  0m21.1s
cooldown_08_nvidia  • [   0% ] waiting  0m21.1s
cooldown_09_paypal  • [   0% ] waiting  0m21.1s
cooldown_10_reddit  • [   0% ] waiting  0m21.1s
cooldown_11_slack   • [   0% ] waiting  0m21.1s
cooldown_12_spotify • [   0% ] waiting  0m21.1s
cooldown_13_tesla   • [   0% ] waiting  0m21.1s
cooldown_14_uber    • [   0% ] waiting  0m21.1s
cooldown_15_zoom    • [   0% ] waiting  0m21.1s

running (2m10.0s), 30/60 VUs, 1110 complete and 0 interrupted iterations
warmup_01_amazon    ✓ [ 100% ] 0/2 VUs  30s
warmup_02_amd       ✓ [ 100% ] 0/2 VUs  30s
warmup_03_apple     ✓ [ 100% ] 0/2 VUs  30s
warmup_04_azure     ✓ [ 100% ] 0/2 VUs  30s
warmup_05_google    ✓ [ 100% ] 0/2 VUs  30s
warmup_06_meta      ✓ [ 100% ] 0/2 VUs  30s
warmup_07_netflix   ✓ [ 100% ] 0/2 VUs  30s
warmup_08_nvidia    ✓ [ 100% ] 0/2 VUs  30s
warmup_09_paypal    ✓ [ 100% ] 0/2 VUs  30s
warmup_10_reddit    ✓ [ 100% ] 0/2 VUs  30s
warmup_11_slack     ✓ [ 100% ] 0/2 VUs  30s
warmup_12_spotify   ✓ [ 100% ] 0/2 VUs  30s
warmup_13_tesla     ✓ [ 100% ] 0/2 VUs  30s
warmup_14_uber      ✓ [ 100% ] 0/2 VUs  30s
warmup_15_zoom      ✓ [ 100% ] 0/2 VUs  30s
steady_01_amazon      [  83% ] 2 VUs    1m39.9s/2m0s
steady_02_amd         [  83% ] 2 VUs    1m39.9s/2m0s
steady_03_apple       [  83% ] 2 VUs    1m39.9s/2m0s
steady_04_azure       [  83% ] 2 VUs    1m39.9s/2m0s
steady_05_google      [  83% ] 2 VUs    1m39.9s/2m0s
steady_06_meta        [  83% ] 2 VUs    1m39.9s/2m0s
steady_07_netflix     [  83% ] 2 VUs    1m39.9s/2m0s
steady_08_nvidia      [  83% ] 2 VUs    1m39.9s/2m0s
steady_09_paypal      [  83% ] 2 VUs    1m39.9s/2m0s
steady_10_reddit      [  83% ] 2 VUs    1m39.9s/2m0s
steady_11_slack       [  83% ] 2 VUs    1m39.9s/2m0s
steady_12_spotify     [  83% ] 2 VUs    1m39.9s/2m0s
steady_13_tesla       [  83% ] 2 VUs    1m39.9s/2m0s
steady_14_uber        [  83% ] 2 VUs    1m39.9s/2m0s
steady_15_zoom        [  83% ] 2 VUs    1m39.9s/2m0s
cooldown_01_amazon  • [   0% ] waiting  0m20.1s
cooldown_02_amd     • [   0% ] waiting  0m20.1s
cooldown_03_apple   • [   0% ] waiting  0m20.1s
cooldown_04_azure   • [   0% ] waiting  0m20.1s
cooldown_05_google  • [   0% ] waiting  0m20.1s
cooldown_06_meta    • [   0% ] waiting  0m20.1s
cooldown_07_netflix • [   0% ] waiting  0m20.1s
cooldown_08_nvidia  • [   0% ] waiting  0m20.1s
cooldown_09_paypal  • [   0% ] waiting  0m20.1s
cooldown_10_reddit  • [   0% ] waiting  0m20.1s
cooldown_11_slack   • [   0% ] waiting  0m20.1s
cooldown_12_spotify • [   0% ] waiting  0m20.1s
cooldown_13_tesla   • [   0% ] waiting  0m20.1s
cooldown_14_uber    • [   0% ] waiting  0m20.1s
cooldown_15_zoom    • [   0% ] waiting  0m20.1s

running (2m11.0s), 30/60 VUs, 1141 complete and 0 interrupted iterations
warmup_01_amazon    ✓ [ 100% ] 0/2 VUs  30s
warmup_02_amd       ✓ [ 100% ] 0/2 VUs  30s
warmup_03_apple     ✓ [ 100% ] 0/2 VUs  30s
warmup_04_azure     ✓ [ 100% ] 0/2 VUs  30s
warmup_05_google    ✓ [ 100% ] 0/2 VUs  30s
warmup_06_meta      ✓ [ 100% ] 0/2 VUs  30s
warmup_07_netflix   ✓ [ 100% ] 0/2 VUs  30s
warmup_08_nvidia    ✓ [ 100% ] 0/2 VUs  30s
warmup_09_paypal    ✓ [ 100% ] 0/2 VUs  30s
warmup_10_reddit    ✓ [ 100% ] 0/2 VUs  30s
warmup_11_slack     ✓ [ 100% ] 0/2 VUs  30s
warmup_12_spotify   ✓ [ 100% ] 0/2 VUs  30s
warmup_13_tesla     ✓ [ 100% ] 0/2 VUs  30s
warmup_14_uber      ✓ [ 100% ] 0/2 VUs  30s
warmup_15_zoom      ✓ [ 100% ] 0/2 VUs  30s
steady_01_amazon      [  84% ] 2 VUs    1m40.9s/2m0s
steady_02_amd         [  84% ] 2 VUs    1m40.9s/2m0s
steady_03_apple       [  84% ] 2 VUs    1m40.9s/2m0s
steady_04_azure       [  84% ] 2 VUs    1m40.9s/2m0s
steady_05_google      [  84% ] 2 VUs    1m40.9s/2m0s
steady_06_meta        [  84% ] 2 VUs    1m40.9s/2m0s
steady_07_netflix     [  84% ] 2 VUs    1m40.9s/2m0s
steady_08_nvidia      [  84% ] 2 VUs    1m40.9s/2m0s
steady_09_paypal      [  84% ] 2 VUs    1m40.9s/2m0s
steady_10_reddit      [  84% ] 2 VUs    1m40.9s/2m0s
steady_11_slack       [  84% ] 2 VUs    1m40.9s/2m0s
steady_12_spotify     [  84% ] 2 VUs    1m40.9s/2m0s
steady_13_tesla       [  84% ] 2 VUs    1m40.9s/2m0s
steady_14_uber        [  84% ] 2 VUs    1m40.9s/2m0s
steady_15_zoom        [  84% ] 2 VUs    1m40.9s/2m0s
cooldown_01_amazon  • [   0% ] waiting  0m19.1s
cooldown_02_amd     • [   0% ] waiting  0m19.1s
cooldown_03_apple   • [   0% ] waiting  0m19.1s
cooldown_04_azure   • [   0% ] waiting  0m19.1s
cooldown_05_google  • [   0% ] waiting  0m19.1s
cooldown_06_meta    • [   0% ] waiting  0m19.1s
cooldown_07_netflix • [   0% ] waiting  0m19.1s
cooldown_08_nvidia  • [   0% ] waiting  0m19.1s
cooldown_09_paypal  • [   0% ] waiting  0m19.1s
cooldown_10_reddit  • [   0% ] waiting  0m19.1s
cooldown_11_slack   • [   0% ] waiting  0m19.1s
cooldown_12_spotify • [   0% ] waiting  0m19.1s
cooldown_13_tesla   • [   0% ] waiting  0m19.1s
cooldown_14_uber    • [   0% ] waiting  0m19.1s
cooldown_15_zoom    • [   0% ] waiting  0m19.1s

running (2m12.0s), 30/60 VUs, 1141 complete and 0 interrupted iterations
warmup_01_amazon    ✓ [ 100% ] 0/2 VUs  30s
warmup_02_amd       ✓ [ 100% ] 0/2 VUs  30s
warmup_03_apple     ✓ [ 100% ] 0/2 VUs  30s
warmup_04_azure     ✓ [ 100% ] 0/2 VUs  30s
warmup_05_google    ✓ [ 100% ] 0/2 VUs  30s
warmup_06_meta      ✓ [ 100% ] 0/2 VUs  30s
warmup_07_netflix   ✓ [ 100% ] 0/2 VUs  30s
warmup_08_nvidia    ✓ [ 100% ] 0/2 VUs  30s
warmup_09_paypal    ✓ [ 100% ] 0/2 VUs  30s
warmup_10_reddit    ✓ [ 100% ] 0/2 VUs  30s
warmup_11_slack     ✓ [ 100% ] 0/2 VUs  30s
warmup_12_spotify   ✓ [ 100% ] 0/2 VUs  30s
warmup_13_tesla     ✓ [ 100% ] 0/2 VUs  30s
warmup_14_uber      ✓ [ 100% ] 0/2 VUs  30s
warmup_15_zoom      ✓ [ 100% ] 0/2 VUs  30s
steady_01_amazon      [  85% ] 2 VUs    1m41.9s/2m0s
steady_02_amd         [  85% ] 2 VUs    1m41.9s/2m0s
steady_03_apple       [  85% ] 2 VUs    1m41.9s/2m0s
steady_04_azure       [  85% ] 2 VUs    1m41.9s/2m0s
steady_05_google      [  85% ] 2 VUs    1m41.9s/2m0s
steady_06_meta        [  85% ] 2 VUs    1m41.9s/2m0s
steady_07_netflix     [  85% ] 2 VUs    1m41.9s/2m0s
steady_08_nvidia      [  85% ] 2 VUs    1m41.9s/2m0s
steady_09_paypal      [  85% ] 2 VUs    1m41.9s/2m0s
steady_10_reddit      [  85% ] 2 VUs    1m41.9s/2m0s
steady_11_slack       [  85% ] 2 VUs    1m41.9s/2m0s
steady_12_spotify     [  85% ] 2 VUs    1m41.9s/2m0s
steady_13_tesla       [  85% ] 2 VUs    1m41.9s/2m0s
steady_14_uber        [  85% ] 2 VUs    1m41.9s/2m0s
steady_15_zoom        [  85% ] 2 VUs    1m41.9s/2m0s
cooldown_01_amazon  • [   0% ] waiting  0m18.1s
cooldown_02_amd     • [   0% ] waiting  0m18.1s
cooldown_03_apple   • [   0% ] waiting  0m18.1s
cooldown_04_azure   • [   0% ] waiting  0m18.1s
cooldown_05_google  • [   0% ] waiting  0m18.1s
cooldown_06_meta    • [   0% ] waiting  0m18.1s
cooldown_07_netflix • [   0% ] waiting  0m18.1s
cooldown_08_nvidia  • [   0% ] waiting  0m18.1s
cooldown_09_paypal  • [   0% ] waiting  0m18.1s
cooldown_10_reddit  • [   0% ] waiting  0m18.1s
cooldown_11_slack   • [   0% ] waiting  0m18.1s
cooldown_12_spotify • [   0% ] waiting  0m18.1s
cooldown_13_tesla   • [   0% ] waiting  0m18.1s
cooldown_14_uber    • [   0% ] waiting  0m18.1s
cooldown_15_zoom    • [   0% ] waiting  0m18.1s

running (2m13.0s), 30/60 VUs, 1141 complete and 0 interrupted iterations
warmup_01_amazon    ✓ [ 100% ] 0/2 VUs  30s
warmup_02_amd       ✓ [ 100% ] 0/2 VUs  30s
warmup_03_apple     ✓ [ 100% ] 0/2 VUs  30s
warmup_04_azure     ✓ [ 100% ] 0/2 VUs  30s
warmup_05_google    ✓ [ 100% ] 0/2 VUs  30s
warmup_06_meta      ✓ [ 100% ] 0/2 VUs  30s
warmup_07_netflix   ✓ [ 100% ] 0/2 VUs  30s
warmup_08_nvidia    ✓ [ 100% ] 0/2 VUs  30s
warmup_09_paypal    ✓ [ 100% ] 0/2 VUs  30s
warmup_10_reddit    ✓ [ 100% ] 0/2 VUs  30s
warmup_11_slack     ✓ [ 100% ] 0/2 VUs  30s
warmup_12_spotify   ✓ [ 100% ] 0/2 VUs  30s
warmup_13_tesla     ✓ [ 100% ] 0/2 VUs  30s
warmup_14_uber      ✓ [ 100% ] 0/2 VUs  30s
warmup_15_zoom      ✓ [ 100% ] 0/2 VUs  30s
steady_01_amazon      [  86% ] 2 VUs    1m42.9s/2m0s
steady_02_amd         [  86% ] 2 VUs    1m42.9s/2m0s
steady_03_apple       [  86% ] 2 VUs    1m42.9s/2m0s
steady_04_azure       [  86% ] 2 VUs    1m42.9s/2m0s
steady_05_google      [  86% ] 2 VUs    1m42.9s/2m0s
steady_06_meta        [  86% ] 2 VUs    1m42.9s/2m0s
steady_07_netflix     [  86% ] 2 VUs    1m42.9s/2m0s
steady_08_nvidia      [  86% ] 2 VUs    1m42.9s/2m0s
steady_09_paypal      [  86% ] 2 VUs    1m42.9s/2m0s
steady_10_reddit      [  86% ] 2 VUs    1m42.9s/2m0s
steady_11_slack       [  86% ] 2 VUs    1m42.9s/2m0s
steady_12_spotify     [  86% ] 2 VUs    1m42.9s/2m0s
steady_13_tesla       [  86% ] 2 VUs    1m42.9s/2m0s
steady_14_uber        [  86% ] 2 VUs    1m42.9s/2m0s
steady_15_zoom        [  86% ] 2 VUs    1m42.9s/2m0s
cooldown_01_amazon  • [   0% ] waiting  0m17.0s
cooldown_02_amd     • [   0% ] waiting  0m17.0s
cooldown_03_apple   • [   0% ] waiting  0m17.0s
cooldown_04_azure   • [   0% ] waiting  0m17.0s
cooldown_05_google  • [   0% ] waiting  0m17.0s
cooldown_06_meta    • [   0% ] waiting  0m17.0s
cooldown_07_netflix • [   0% ] waiting  0m17.0s
cooldown_08_nvidia  • [   0% ] waiting  0m17.0s
cooldown_09_paypal  • [   0% ] waiting  0m17.0s
cooldown_10_reddit  • [   0% ] waiting  0m17.0s
cooldown_11_slack   • [   0% ] waiting  0m17.0s
cooldown_12_spotify • [   0% ] waiting  0m17.0s
cooldown_13_tesla   • [   0% ] waiting  0m17.0s
cooldown_14_uber    • [   0% ] waiting  0m17.0s
cooldown_15_zoom    • [   0% ] waiting  0m17.0s

running (2m14.0s), 30/60 VUs, 1169 complete and 0 interrupted iterations
warmup_01_amazon    ✓ [ 100% ] 0/2 VUs  30s
warmup_02_amd       ✓ [ 100% ] 0/2 VUs  30s
warmup_03_apple     ✓ [ 100% ] 0/2 VUs  30s
warmup_04_azure     ✓ [ 100% ] 0/2 VUs  30s
warmup_05_google    ✓ [ 100% ] 0/2 VUs  30s
warmup_06_meta      ✓ [ 100% ] 0/2 VUs  30s
warmup_07_netflix   ✓ [ 100% ] 0/2 VUs  30s
warmup_08_nvidia    ✓ [ 100% ] 0/2 VUs  30s
warmup_09_paypal    ✓ [ 100% ] 0/2 VUs  30s
warmup_10_reddit    ✓ [ 100% ] 0/2 VUs  30s
warmup_11_slack     ✓ [ 100% ] 0/2 VUs  30s
warmup_12_spotify   ✓ [ 100% ] 0/2 VUs  30s
warmup_13_tesla     ✓ [ 100% ] 0/2 VUs  30s
warmup_14_uber      ✓ [ 100% ] 0/2 VUs  30s
warmup_15_zoom      ✓ [ 100% ] 0/2 VUs  30s
steady_01_amazon      [  87% ] 2 VUs    1m43.9s/2m0s
steady_02_amd         [  87% ] 2 VUs    1m43.9s/2m0s
steady_03_apple       [  87% ] 2 VUs    1m43.9s/2m0s
steady_04_azure       [  87% ] 2 VUs    1m43.9s/2m0s
steady_05_google      [  87% ] 2 VUs    1m43.9s/2m0s
steady_06_meta        [  87% ] 2 VUs    1m43.9s/2m0s
steady_07_netflix     [  87% ] 2 VUs    1m43.9s/2m0s
steady_08_nvidia      [  87% ] 2 VUs    1m43.9s/2m0s
steady_09_paypal      [  87% ] 2 VUs    1m43.9s/2m0s
steady_10_reddit      [  87% ] 2 VUs    1m43.9s/2m0s
steady_11_slack       [  87% ] 2 VUs    1m43.9s/2m0s
steady_12_spotify     [  87% ] 2 VUs    1m43.9s/2m0s
steady_13_tesla       [  87% ] 2 VUs    1m43.9s/2m0s
steady_14_uber        [  87% ] 2 VUs    1m43.9s/2m0s
steady_15_zoom        [  87% ] 2 VUs    1m43.9s/2m0s
cooldown_01_amazon  • [   0% ] waiting  0m16.1s
cooldown_02_amd     • [   0% ] waiting  0m16.1s
cooldown_03_apple   • [   0% ] waiting  0m16.1s
cooldown_04_azure   • [   0% ] waiting  0m16.1s
cooldown_05_google  • [   0% ] waiting  0m16.1s
cooldown_06_meta    • [   0% ] waiting  0m16.1s
cooldown_07_netflix • [   0% ] waiting  0m16.1s
cooldown_08_nvidia  • [   0% ] waiting  0m16.1s
cooldown_09_paypal  • [   0% ] waiting  0m16.1s
cooldown_10_reddit  • [   0% ] waiting  0m16.1s
cooldown_11_slack   • [   0% ] waiting  0m16.1s
cooldown_12_spotify • [   0% ] waiting  0m16.1s
cooldown_13_tesla   • [   0% ] waiting  0m16.1s
cooldown_14_uber    • [   0% ] waiting  0m16.1s
cooldown_15_zoom    • [   0% ] waiting  0m16.1s

running (2m15.0s), 30/60 VUs, 1171 complete and 0 interrupted iterations
warmup_01_amazon    ✓ [ 100% ] 0/2 VUs  30s
warmup_02_amd       ✓ [ 100% ] 0/2 VUs  30s
warmup_03_apple     ✓ [ 100% ] 0/2 VUs  30s
warmup_04_azure     ✓ [ 100% ] 0/2 VUs  30s
warmup_05_google    ✓ [ 100% ] 0/2 VUs  30s
warmup_06_meta      ✓ [ 100% ] 0/2 VUs  30s
warmup_07_netflix   ✓ [ 100% ] 0/2 VUs  30s
warmup_08_nvidia    ✓ [ 100% ] 0/2 VUs  30s
warmup_09_paypal    ✓ [ 100% ] 0/2 VUs  30s
warmup_10_reddit    ✓ [ 100% ] 0/2 VUs  30s
warmup_11_slack     ✓ [ 100% ] 0/2 VUs  30s
warmup_12_spotify   ✓ [ 100% ] 0/2 VUs  30s
warmup_13_tesla     ✓ [ 100% ] 0/2 VUs  30s
warmup_14_uber      ✓ [ 100% ] 0/2 VUs  30s
warmup_15_zoom      ✓ [ 100% ] 0/2 VUs  30s
steady_01_amazon      [  87% ] 2 VUs    1m44.9s/2m0s
steady_02_amd         [  87% ] 2 VUs    1m44.9s/2m0s
steady_03_apple       [  87% ] 2 VUs    1m44.9s/2m0s
steady_04_azure       [  87% ] 2 VUs    1m44.9s/2m0s
steady_05_google      [  87% ] 2 VUs    1m44.9s/2m0s
steady_06_meta        [  87% ] 2 VUs    1m44.9s/2m0s
steady_07_netflix     [  87% ] 2 VUs    1m44.9s/2m0s
steady_08_nvidia      [  87% ] 2 VUs    1m44.9s/2m0s
steady_09_paypal      [  87% ] 2 VUs    1m44.9s/2m0s
steady_10_reddit      [  87% ] 2 VUs    1m44.9s/2m0s
steady_11_slack       [  87% ] 2 VUs    1m44.9s/2m0s
steady_12_spotify     [  87% ] 2 VUs    1m44.9s/2m0s
steady_13_tesla       [  87% ] 2 VUs    1m44.9s/2m0s
steady_14_uber        [  87% ] 2 VUs    1m44.9s/2m0s
steady_15_zoom        [  87% ] 2 VUs    1m44.9s/2m0s
cooldown_01_amazon  • [   0% ] waiting  0m15.1s
cooldown_02_amd     • [   0% ] waiting  0m15.1s
cooldown_03_apple   • [   0% ] waiting  0m15.1s
cooldown_04_azure   • [   0% ] waiting  0m15.1s
cooldown_05_google  • [   0% ] waiting  0m15.1s
cooldown_06_meta    • [   0% ] waiting  0m15.1s
cooldown_07_netflix • [   0% ] waiting  0m15.1s
cooldown_08_nvidia  • [   0% ] waiting  0m15.1s
cooldown_09_paypal  • [   0% ] waiting  0m15.1s
cooldown_10_reddit  • [   0% ] waiting  0m15.1s
cooldown_11_slack   • [   0% ] waiting  0m15.1s
cooldown_12_spotify • [   0% ] waiting  0m15.1s
cooldown_13_tesla   • [   0% ] waiting  0m15.1s
cooldown_14_uber    • [   0% ] waiting  0m15.1s
cooldown_15_zoom    • [   0% ] waiting  0m15.1s

running (2m16.0s), 30/60 VUs, 1171 complete and 0 interrupted iterations
warmup_01_amazon    ✓ [ 100% ] 0/2 VUs  30s
warmup_02_amd       ✓ [ 100% ] 0/2 VUs  30s
warmup_03_apple     ✓ [ 100% ] 0/2 VUs  30s
warmup_04_azure     ✓ [ 100% ] 0/2 VUs  30s
warmup_05_google    ✓ [ 100% ] 0/2 VUs  30s
warmup_06_meta      ✓ [ 100% ] 0/2 VUs  30s
warmup_07_netflix   ✓ [ 100% ] 0/2 VUs  30s
warmup_08_nvidia    ✓ [ 100% ] 0/2 VUs  30s
warmup_09_paypal    ✓ [ 100% ] 0/2 VUs  30s
warmup_10_reddit    ✓ [ 100% ] 0/2 VUs  30s
warmup_11_slack     ✓ [ 100% ] 0/2 VUs  30s
warmup_12_spotify   ✓ [ 100% ] 0/2 VUs  30s
warmup_13_tesla     ✓ [ 100% ] 0/2 VUs  30s
warmup_14_uber      ✓ [ 100% ] 0/2 VUs  30s
warmup_15_zoom      ✓ [ 100% ] 0/2 VUs  30s
steady_01_amazon      [  88% ] 2 VUs    1m45.9s/2m0s
steady_02_amd         [  88% ] 2 VUs    1m45.9s/2m0s
steady_03_apple       [  88% ] 2 VUs    1m45.9s/2m0s
steady_04_azure       [  88% ] 2 VUs    1m45.9s/2m0s
steady_05_google      [  88% ] 2 VUs    1m45.9s/2m0s
steady_06_meta        [  88% ] 2 VUs    1m45.9s/2m0s
steady_07_netflix     [  88% ] 2 VUs    1m45.9s/2m0s
steady_08_nvidia      [  88% ] 2 VUs    1m45.9s/2m0s
steady_09_paypal      [  88% ] 2 VUs    1m45.9s/2m0s
steady_10_reddit      [  88% ] 2 VUs    1m45.9s/2m0s
steady_11_slack       [  88% ] 2 VUs    1m45.9s/2m0s
steady_12_spotify     [  88% ] 2 VUs    1m45.9s/2m0s
steady_13_tesla       [  88% ] 2 VUs    1m45.9s/2m0s
steady_14_uber        [  88% ] 2 VUs    1m45.9s/2m0s
steady_15_zoom        [  88% ] 2 VUs    1m45.9s/2m0s
cooldown_01_amazon  • [   0% ] waiting  0m14.1s
cooldown_02_amd     • [   0% ] waiting  0m14.1s
cooldown_03_apple   • [   0% ] waiting  0m14.1s
cooldown_04_azure   • [   0% ] waiting  0m14.1s
cooldown_05_google  • [   0% ] waiting  0m14.1s
cooldown_06_meta    • [   0% ] waiting  0m14.1s
cooldown_07_netflix • [   0% ] waiting  0m14.1s
cooldown_08_nvidia  • [   0% ] waiting  0m14.1s
cooldown_09_paypal  • [   0% ] waiting  0m14.1s
cooldown_10_reddit  • [   0% ] waiting  0m14.1s
cooldown_11_slack   • [   0% ] waiting  0m14.1s
cooldown_12_spotify • [   0% ] waiting  0m14.1s
cooldown_13_tesla   • [   0% ] waiting  0m14.1s
cooldown_14_uber    • [   0% ] waiting  0m14.1s
cooldown_15_zoom    • [   0% ] waiting  0m14.1s

running (2m17.0s), 30/60 VUs, 1197 complete and 0 interrupted iterations
warmup_01_amazon    ✓ [ 100% ] 0/2 VUs  30s
warmup_02_amd       ✓ [ 100% ] 0/2 VUs  30s
warmup_03_apple     ✓ [ 100% ] 0/2 VUs  30s
warmup_04_azure     ✓ [ 100% ] 0/2 VUs  30s
warmup_05_google    ✓ [ 100% ] 0/2 VUs  30s
warmup_06_meta      ✓ [ 100% ] 0/2 VUs  30s
warmup_07_netflix   ✓ [ 100% ] 0/2 VUs  30s
warmup_08_nvidia    ✓ [ 100% ] 0/2 VUs  30s
warmup_09_paypal    ✓ [ 100% ] 0/2 VUs  30s
warmup_10_reddit    ✓ [ 100% ] 0/2 VUs  30s
warmup_11_slack     ✓ [ 100% ] 0/2 VUs  30s
warmup_12_spotify   ✓ [ 100% ] 0/2 VUs  30s
warmup_13_tesla     ✓ [ 100% ] 0/2 VUs  30s
warmup_14_uber      ✓ [ 100% ] 0/2 VUs  30s
warmup_15_zoom      ✓ [ 100% ] 0/2 VUs  30s
steady_01_amazon      [  89% ] 2 VUs    1m46.9s/2m0s
steady_02_amd         [  89% ] 2 VUs    1m46.9s/2m0s
steady_03_apple       [  89% ] 2 VUs    1m46.9s/2m0s
steady_04_azure       [  89% ] 2 VUs    1m46.9s/2m0s
steady_05_google      [  89% ] 2 VUs    1m46.9s/2m0s
steady_06_meta        [  89% ] 2 VUs    1m46.9s/2m0s
steady_07_netflix     [  89% ] 2 VUs    1m46.9s/2m0s
steady_08_nvidia      [  89% ] 2 VUs    1m46.9s/2m0s
steady_09_paypal      [  89% ] 2 VUs    1m46.9s/2m0s
steady_10_reddit      [  89% ] 2 VUs    1m46.9s/2m0s
steady_11_slack       [  89% ] 2 VUs    1m46.9s/2m0s
steady_12_spotify     [  89% ] 2 VUs    1m46.9s/2m0s
steady_13_tesla       [  89% ] 2 VUs    1m46.9s/2m0s
steady_14_uber        [  89% ] 2 VUs    1m46.9s/2m0s
steady_15_zoom        [  89% ] 2 VUs    1m46.9s/2m0s
cooldown_01_amazon  • [   0% ] waiting  0m13.1s
cooldown_02_amd     • [   0% ] waiting  0m13.1s
cooldown_03_apple   • [   0% ] waiting  0m13.1s
cooldown_04_azure   • [   0% ] waiting  0m13.1s
cooldown_05_google  • [   0% ] waiting  0m13.1s
cooldown_06_meta    • [   0% ] waiting  0m13.1s
cooldown_07_netflix • [   0% ] waiting  0m13.1s
cooldown_08_nvidia  • [   0% ] waiting  0m13.1s
cooldown_09_paypal  • [   0% ] waiting  0m13.1s
cooldown_10_reddit  • [   0% ] waiting  0m13.1s
cooldown_11_slack   • [   0% ] waiting  0m13.1s
cooldown_12_spotify • [   0% ] waiting  0m13.1s
cooldown_13_tesla   • [   0% ] waiting  0m13.1s
cooldown_14_uber    • [   0% ] waiting  0m13.1s
cooldown_15_zoom    • [   0% ] waiting  0m13.1s

running (2m18.0s), 30/60 VUs, 1201 complete and 0 interrupted iterations
warmup_01_amazon    ✓ [ 100% ] 0/2 VUs  30s
warmup_02_amd       ✓ [ 100% ] 0/2 VUs  30s
warmup_03_apple     ✓ [ 100% ] 0/2 VUs  30s
warmup_04_azure     ✓ [ 100% ] 0/2 VUs  30s
warmup_05_google    ✓ [ 100% ] 0/2 VUs  30s
warmup_06_meta      ✓ [ 100% ] 0/2 VUs  30s
warmup_07_netflix   ✓ [ 100% ] 0/2 VUs  30s
warmup_08_nvidia    ✓ [ 100% ] 0/2 VUs  30s
warmup_09_paypal    ✓ [ 100% ] 0/2 VUs  30s
warmup_10_reddit    ✓ [ 100% ] 0/2 VUs  30s
warmup_11_slack     ✓ [ 100% ] 0/2 VUs  30s
warmup_12_spotify   ✓ [ 100% ] 0/2 VUs  30s
warmup_13_tesla     ✓ [ 100% ] 0/2 VUs  30s
warmup_14_uber      ✓ [ 100% ] 0/2 VUs  30s
warmup_15_zoom      ✓ [ 100% ] 0/2 VUs  30s
steady_01_amazon      [  90% ] 2 VUs    1m47.9s/2m0s
steady_02_amd         [  90% ] 2 VUs    1m47.9s/2m0s
steady_03_apple       [  90% ] 2 VUs    1m47.9s/2m0s
steady_04_azure       [  90% ] 2 VUs    1m47.9s/2m0s
steady_05_google      [  90% ] 2 VUs    1m47.9s/2m0s
steady_06_meta        [  90% ] 2 VUs    1m47.9s/2m0s
steady_07_netflix     [  90% ] 2 VUs    1m47.9s/2m0s
steady_08_nvidia      [  90% ] 2 VUs    1m47.9s/2m0s
steady_09_paypal      [  90% ] 2 VUs    1m47.9s/2m0s
steady_10_reddit      [  90% ] 2 VUs    1m47.9s/2m0s
steady_11_slack       [  90% ] 2 VUs    1m47.9s/2m0s
steady_12_spotify     [  90% ] 2 VUs    1m47.9s/2m0s
steady_13_tesla       [  90% ] 2 VUs    1m47.9s/2m0s
steady_14_uber        [  90% ] 2 VUs    1m47.9s/2m0s
steady_15_zoom        [  90% ] 2 VUs    1m47.9s/2m0s
cooldown_01_amazon  • [   0% ] waiting  0m12.1s
cooldown_02_amd     • [   0% ] waiting  0m12.1s
cooldown_03_apple   • [   0% ] waiting  0m12.1s
cooldown_04_azure   • [   0% ] waiting  0m12.1s
cooldown_05_google  • [   0% ] waiting  0m12.1s
cooldown_06_meta    • [   0% ] waiting  0m12.1s
cooldown_07_netflix • [   0% ] waiting  0m12.1s
cooldown_08_nvidia  • [   0% ] waiting  0m12.1s
cooldown_09_paypal  • [   0% ] waiting  0m12.1s
cooldown_10_reddit  • [   0% ] waiting  0m12.1s
cooldown_11_slack   • [   0% ] waiting  0m12.1s
cooldown_12_spotify • [   0% ] waiting  0m12.1s
cooldown_13_tesla   • [   0% ] waiting  0m12.1s
cooldown_14_uber    • [   0% ] waiting  0m12.1s
cooldown_15_zoom    • [   0% ] waiting  0m12.1s

running (2m19.0s), 30/60 VUs, 1201 complete and 0 interrupted iterations
warmup_01_amazon    ✓ [ 100% ] 0/2 VUs  30s
warmup_02_amd       ✓ [ 100% ] 0/2 VUs  30s
warmup_03_apple     ✓ [ 100% ] 0/2 VUs  30s
warmup_04_azure     ✓ [ 100% ] 0/2 VUs  30s
warmup_05_google    ✓ [ 100% ] 0/2 VUs  30s
warmup_06_meta      ✓ [ 100% ] 0/2 VUs  30s
warmup_07_netflix   ✓ [ 100% ] 0/2 VUs  30s
warmup_08_nvidia    ✓ [ 100% ] 0/2 VUs  30s
warmup_09_paypal    ✓ [ 100% ] 0/2 VUs  30s
warmup_10_reddit    ✓ [ 100% ] 0/2 VUs  30s
warmup_11_slack     ✓ [ 100% ] 0/2 VUs  30s
warmup_12_spotify   ✓ [ 100% ] 0/2 VUs  30s
warmup_13_tesla     ✓ [ 100% ] 0/2 VUs  30s
warmup_14_uber      ✓ [ 100% ] 0/2 VUs  30s
warmup_15_zoom      ✓ [ 100% ] 0/2 VUs  30s
steady_01_amazon      [  91% ] 2 VUs    1m48.9s/2m0s
steady_02_amd         [  91% ] 2 VUs    1m48.9s/2m0s
steady_03_apple       [  91% ] 2 VUs    1m48.9s/2m0s
steady_04_azure       [  91% ] 2 VUs    1m48.9s/2m0s
steady_05_google      [  91% ] 2 VUs    1m48.9s/2m0s
steady_06_meta        [  91% ] 2 VUs    1m48.9s/2m0s
steady_07_netflix     [  91% ] 2 VUs    1m48.9s/2m0s
steady_08_nvidia      [  91% ] 2 VUs    1m48.9s/2m0s
steady_09_paypal      [  91% ] 2 VUs    1m48.9s/2m0s
steady_10_reddit      [  91% ] 2 VUs    1m48.9s/2m0s
steady_11_slack       [  91% ] 2 VUs    1m48.9s/2m0s
steady_12_spotify     [  91% ] 2 VUs    1m48.9s/2m0s
steady_13_tesla       [  91% ] 2 VUs    1m48.9s/2m0s
steady_14_uber        [  91% ] 2 VUs    1m48.9s/2m0s
steady_15_zoom        [  91% ] 2 VUs    1m48.9s/2m0s
cooldown_01_amazon  • [   0% ] waiting  0m11.1s
cooldown_02_amd     • [   0% ] waiting  0m11.1s
cooldown_03_apple   • [   0% ] waiting  0m11.1s
cooldown_04_azure   • [   0% ] waiting  0m11.1s
cooldown_05_google  • [   0% ] waiting  0m11.1s
cooldown_06_meta    • [   0% ] waiting  0m11.1s
cooldown_07_netflix • [   0% ] waiting  0m11.1s
cooldown_08_nvidia  • [   0% ] waiting  0m11.1s
cooldown_09_paypal  • [   0% ] waiting  0m11.1s
cooldown_10_reddit  • [   0% ] waiting  0m11.1s
cooldown_11_slack   • [   0% ] waiting  0m11.1s
cooldown_12_spotify • [   0% ] waiting  0m11.1s
cooldown_13_tesla   • [   0% ] waiting  0m11.1s
cooldown_14_uber    • [   0% ] waiting  0m11.1s
cooldown_15_zoom    • [   0% ] waiting  0m11.1s

running (2m20.0s), 30/60 VUs, 1232 complete and 0 interrupted iterations
warmup_01_amazon    ✓ [ 100% ] 0/2 VUs  30s
warmup_02_amd       ✓ [ 100% ] 0/2 VUs  30s
warmup_03_apple     ✓ [ 100% ] 0/2 VUs  30s
warmup_04_azure     ✓ [ 100% ] 0/2 VUs  30s
warmup_05_google    ✓ [ 100% ] 0/2 VUs  30s
warmup_06_meta      ✓ [ 100% ] 0/2 VUs  30s
warmup_07_netflix   ✓ [ 100% ] 0/2 VUs  30s
warmup_08_nvidia    ✓ [ 100% ] 0/2 VUs  30s
warmup_09_paypal    ✓ [ 100% ] 0/2 VUs  30s
warmup_10_reddit    ✓ [ 100% ] 0/2 VUs  30s
warmup_11_slack     ✓ [ 100% ] 0/2 VUs  30s
warmup_12_spotify   ✓ [ 100% ] 0/2 VUs  30s
warmup_13_tesla     ✓ [ 100% ] 0/2 VUs  30s
warmup_14_uber      ✓ [ 100% ] 0/2 VUs  30s
warmup_15_zoom      ✓ [ 100% ] 0/2 VUs  30s
steady_01_amazon      [  92% ] 2 VUs    1m49.9s/2m0s
steady_02_amd         [  92% ] 2 VUs    1m49.9s/2m0s
steady_03_apple       [  92% ] 2 VUs    1m49.9s/2m0s
steady_04_azure       [  92% ] 2 VUs    1m49.9s/2m0s
steady_05_google      [  92% ] 2 VUs    1m49.9s/2m0s
steady_06_meta        [  92% ] 2 VUs    1m49.9s/2m0s
steady_07_netflix     [  92% ] 2 VUs    1m49.9s/2m0s
steady_08_nvidia      [  92% ] 2 VUs    1m49.9s/2m0s
steady_09_paypal      [  92% ] 2 VUs    1m49.9s/2m0s
steady_10_reddit      [  92% ] 2 VUs    1m49.9s/2m0s
steady_11_slack       [  92% ] 2 VUs    1m49.9s/2m0s
steady_12_spotify     [  92% ] 2 VUs    1m49.9s/2m0s
steady_13_tesla       [  92% ] 2 VUs    1m49.9s/2m0s
steady_14_uber        [  92% ] 2 VUs    1m49.9s/2m0s
steady_15_zoom        [  92% ] 2 VUs    1m49.9s/2m0s
cooldown_01_amazon  • [   0% ] waiting  0m10.1s
cooldown_02_amd     • [   0% ] waiting  0m10.1s
cooldown_03_apple   • [   0% ] waiting  0m10.1s
cooldown_04_azure   • [   0% ] waiting  0m10.1s
cooldown_05_google  • [   0% ] waiting  0m10.1s
cooldown_06_meta    • [   0% ] waiting  0m10.1s
cooldown_07_netflix • [   0% ] waiting  0m10.1s
cooldown_08_nvidia  • [   0% ] waiting  0m10.1s
cooldown_09_paypal  • [   0% ] waiting  0m10.1s
cooldown_10_reddit  • [   0% ] waiting  0m10.1s
cooldown_11_slack   • [   0% ] waiting  0m10.1s
cooldown_12_spotify • [   0% ] waiting  0m10.1s
cooldown_13_tesla   • [   0% ] waiting  0m10.1s
cooldown_14_uber    • [   0% ] waiting  0m10.1s
cooldown_15_zoom    • [   0% ] waiting  0m10.1s

running (2m21.0s), 30/60 VUs, 1232 complete and 0 interrupted iterations
warmup_01_amazon    ✓ [ 100% ] 0/2 VUs  30s
warmup_02_amd       ✓ [ 100% ] 0/2 VUs  30s
warmup_03_apple     ✓ [ 100% ] 0/2 VUs  30s
warmup_04_azure     ✓ [ 100% ] 0/2 VUs  30s
warmup_05_google    ✓ [ 100% ] 0/2 VUs  30s
warmup_06_meta      ✓ [ 100% ] 0/2 VUs  30s
warmup_07_netflix   ✓ [ 100% ] 0/2 VUs  30s
warmup_08_nvidia    ✓ [ 100% ] 0/2 VUs  30s
warmup_09_paypal    ✓ [ 100% ] 0/2 VUs  30s
warmup_10_reddit    ✓ [ 100% ] 0/2 VUs  30s
warmup_11_slack     ✓ [ 100% ] 0/2 VUs  30s
warmup_12_spotify   ✓ [ 100% ] 0/2 VUs  30s
warmup_13_tesla     ✓ [ 100% ] 0/2 VUs  30s
warmup_14_uber      ✓ [ 100% ] 0/2 VUs  30s
warmup_15_zoom      ✓ [ 100% ] 0/2 VUs  30s
steady_01_amazon      [  92% ] 2 VUs    1m51.0s/2m0s
steady_02_amd         [  92% ] 2 VUs    1m51.0s/2m0s
steady_03_apple       [  92% ] 2 VUs    1m51.0s/2m0s
steady_04_azure       [  92% ] 2 VUs    1m51.0s/2m0s
steady_05_google      [  92% ] 2 VUs    1m51.0s/2m0s
steady_06_meta        [  92% ] 2 VUs    1m51.0s/2m0s
steady_07_netflix     [  92% ] 2 VUs    1m51.0s/2m0s
steady_08_nvidia      [  92% ] 2 VUs    1m51.0s/2m0s
steady_09_paypal      [  92% ] 2 VUs    1m51.0s/2m0s
steady_10_reddit      [  92% ] 2 VUs    1m51.0s/2m0s
steady_11_slack       [  92% ] 2 VUs    1m51.0s/2m0s
steady_12_spotify     [  92% ] 2 VUs    1m51.0s/2m0s
steady_13_tesla       [  92% ] 2 VUs    1m51.0s/2m0s
steady_14_uber        [  92% ] 2 VUs    1m51.0s/2m0s
steady_15_zoom        [  92% ] 2 VUs    1m51.0s/2m0s
cooldown_01_amazon  • [   0% ] waiting  0m09.0s
cooldown_02_amd     • [   0% ] waiting  0m09.0s
cooldown_03_apple   • [   0% ] waiting  0m09.0s
cooldown_04_azure   • [   0% ] waiting  0m09.0s
cooldown_05_google  • [   0% ] waiting  0m09.0s
cooldown_06_meta    • [   0% ] waiting  0m09.0s
cooldown_07_netflix • [   0% ] waiting  0m09.0s
cooldown_08_nvidia  • [   0% ] waiting  0m09.0s
cooldown_09_paypal  • [   0% ] waiting  0m09.0s
cooldown_10_reddit  • [   0% ] waiting  0m09.0s
cooldown_11_slack   • [   0% ] waiting  0m09.0s
cooldown_12_spotify • [   0% ] waiting  0m09.0s
cooldown_13_tesla   • [   0% ] waiting  0m09.0s
cooldown_14_uber    • [   0% ] waiting  0m09.0s
cooldown_15_zoom    • [   0% ] waiting  0m09.0s

running (2m22.0s), 30/60 VUs, 1232 complete and 0 interrupted iterations
warmup_01_amazon    ✓ [ 100% ] 0/2 VUs  30s
warmup_02_amd       ✓ [ 100% ] 0/2 VUs  30s
warmup_03_apple     ✓ [ 100% ] 0/2 VUs  30s
warmup_04_azure     ✓ [ 100% ] 0/2 VUs  30s
warmup_05_google    ✓ [ 100% ] 0/2 VUs  30s
warmup_06_meta      ✓ [ 100% ] 0/2 VUs  30s
warmup_07_netflix   ✓ [ 100% ] 0/2 VUs  30s
warmup_08_nvidia    ✓ [ 100% ] 0/2 VUs  30s
warmup_09_paypal    ✓ [ 100% ] 0/2 VUs  30s
warmup_10_reddit    ✓ [ 100% ] 0/2 VUs  30s
warmup_11_slack     ✓ [ 100% ] 0/2 VUs  30s
warmup_12_spotify   ✓ [ 100% ] 0/2 VUs  30s
warmup_13_tesla     ✓ [ 100% ] 0/2 VUs  30s
warmup_14_uber      ✓ [ 100% ] 0/2 VUs  30s
warmup_15_zoom      ✓ [ 100% ] 0/2 VUs  30s
steady_01_amazon      [  93% ] 2 VUs    1m51.9s/2m0s
steady_02_amd         [  93% ] 2 VUs    1m51.9s/2m0s
steady_03_apple       [  93% ] 2 VUs    1m51.9s/2m0s
steady_04_azure       [  93% ] 2 VUs    1m51.9s/2m0s
steady_05_google      [  93% ] 2 VUs    1m51.9s/2m0s
steady_06_meta        [  93% ] 2 VUs    1m51.9s/2m0s
steady_07_netflix     [  93% ] 2 VUs    1m51.9s/2m0s
steady_08_nvidia      [  93% ] 2 VUs    1m51.9s/2m0s
steady_09_paypal      [  93% ] 2 VUs    1m51.9s/2m0s
steady_10_reddit      [  93% ] 2 VUs    1m51.9s/2m0s
steady_11_slack       [  93% ] 2 VUs    1m51.9s/2m0s
steady_12_spotify     [  93% ] 2 VUs    1m51.9s/2m0s
steady_13_tesla       [  93% ] 2 VUs    1m51.9s/2m0s
steady_14_uber        [  93% ] 2 VUs    1m51.9s/2m0s
steady_15_zoom        [  93% ] 2 VUs    1m51.9s/2m0s
cooldown_01_amazon  • [   0% ] waiting  0m08.1s
cooldown_02_amd     • [   0% ] waiting  0m08.1s
cooldown_03_apple   • [   0% ] waiting  0m08.1s
cooldown_04_azure   • [   0% ] waiting  0m08.1s
cooldown_05_google  • [   0% ] waiting  0m08.1s
cooldown_06_meta    • [   0% ] waiting  0m08.1s
cooldown_07_netflix • [   0% ] waiting  0m08.1s
cooldown_08_nvidia  • [   0% ] waiting  0m08.1s
cooldown_09_paypal  • [   0% ] waiting  0m08.1s
cooldown_10_reddit  • [   0% ] waiting  0m08.1s
cooldown_11_slack   • [   0% ] waiting  0m08.1s
cooldown_12_spotify • [   0% ] waiting  0m08.1s
cooldown_13_tesla   • [   0% ] waiting  0m08.1s
cooldown_14_uber    • [   0% ] waiting  0m08.1s
cooldown_15_zoom    • [   0% ] waiting  0m08.1s

running (2m23.0s), 30/60 VUs, 1249 complete and 0 interrupted iterations
warmup_01_amazon    ✓ [ 100% ] 0/2 VUs  30s
warmup_02_amd       ✓ [ 100% ] 0/2 VUs  30s
warmup_03_apple     ✓ [ 100% ] 0/2 VUs  30s
warmup_04_azure     ✓ [ 100% ] 0/2 VUs  30s
warmup_05_google    ✓ [ 100% ] 0/2 VUs  30s
warmup_06_meta      ✓ [ 100% ] 0/2 VUs  30s
warmup_07_netflix   ✓ [ 100% ] 0/2 VUs  30s
warmup_08_nvidia    ✓ [ 100% ] 0/2 VUs  30s
warmup_09_paypal    ✓ [ 100% ] 0/2 VUs  30s
warmup_10_reddit    ✓ [ 100% ] 0/2 VUs  30s
warmup_11_slack     ✓ [ 100% ] 0/2 VUs  30s
warmup_12_spotify   ✓ [ 100% ] 0/2 VUs  30s
warmup_13_tesla     ✓ [ 100% ] 0/2 VUs  30s
warmup_14_uber      ✓ [ 100% ] 0/2 VUs  30s
warmup_15_zoom      ✓ [ 100% ] 0/2 VUs  30s
steady_01_amazon      [  94% ] 2 VUs    1m52.9s/2m0s
steady_02_amd         [  94% ] 2 VUs    1m52.9s/2m0s
steady_03_apple       [  94% ] 2 VUs    1m52.9s/2m0s
steady_04_azure       [  94% ] 2 VUs    1m52.9s/2m0s
steady_05_google      [  94% ] 2 VUs    1m52.9s/2m0s
steady_06_meta        [  94% ] 2 VUs    1m52.9s/2m0s
steady_07_netflix     [  94% ] 2 VUs    1m52.9s/2m0s
steady_08_nvidia      [  94% ] 2 VUs    1m52.9s/2m0s
steady_09_paypal      [  94% ] 2 VUs    1m52.9s/2m0s
steady_10_reddit      [  94% ] 2 VUs    1m52.9s/2m0s
steady_11_slack       [  94% ] 2 VUs    1m52.9s/2m0s
steady_12_spotify     [  94% ] 2 VUs    1m52.9s/2m0s
steady_13_tesla       [  94% ] 2 VUs    1m52.9s/2m0s
steady_14_uber        [  94% ] 2 VUs    1m52.9s/2m0s
steady_15_zoom        [  94% ] 2 VUs    1m52.9s/2m0s
cooldown_01_amazon  • [   0% ] waiting  0m07.1s
cooldown_02_amd     • [   0% ] waiting  0m07.1s
cooldown_03_apple   • [   0% ] waiting  0m07.1s
cooldown_04_azure   • [   0% ] waiting  0m07.1s
cooldown_05_google  • [   0% ] waiting  0m07.1s
cooldown_06_meta    • [   0% ] waiting  0m07.1s
cooldown_07_netflix • [   0% ] waiting  0m07.1s
cooldown_08_nvidia  • [   0% ] waiting  0m07.1s
cooldown_09_paypal  • [   0% ] waiting  0m07.1s
cooldown_10_reddit  • [   0% ] waiting  0m07.1s
cooldown_11_slack   • [   0% ] waiting  0m07.1s
cooldown_12_spotify • [   0% ] waiting  0m07.1s
cooldown_13_tesla   • [   0% ] waiting  0m07.1s
cooldown_14_uber    • [   0% ] waiting  0m07.1s
cooldown_15_zoom    • [   0% ] waiting  0m07.1s

running (2m24.0s), 30/60 VUs, 1262 complete and 0 interrupted iterations
warmup_01_amazon    ✓ [ 100% ] 0/2 VUs  30s
warmup_02_amd       ✓ [ 100% ] 0/2 VUs  30s
warmup_03_apple     ✓ [ 100% ] 0/2 VUs  30s
warmup_04_azure     ✓ [ 100% ] 0/2 VUs  30s
warmup_05_google    ✓ [ 100% ] 0/2 VUs  30s
warmup_06_meta      ✓ [ 100% ] 0/2 VUs  30s
warmup_07_netflix   ✓ [ 100% ] 0/2 VUs  30s
warmup_08_nvidia    ✓ [ 100% ] 0/2 VUs  30s
warmup_09_paypal    ✓ [ 100% ] 0/2 VUs  30s
warmup_10_reddit    ✓ [ 100% ] 0/2 VUs  30s
warmup_11_slack     ✓ [ 100% ] 0/2 VUs  30s
warmup_12_spotify   ✓ [ 100% ] 0/2 VUs  30s
warmup_13_tesla     ✓ [ 100% ] 0/2 VUs  30s
warmup_14_uber      ✓ [ 100% ] 0/2 VUs  30s
warmup_15_zoom      ✓ [ 100% ] 0/2 VUs  30s
steady_01_amazon      [  95% ] 2 VUs    1m53.9s/2m0s
steady_02_amd         [  95% ] 2 VUs    1m53.9s/2m0s
steady_03_apple       [  95% ] 2 VUs    1m53.9s/2m0s
steady_04_azure       [  95% ] 2 VUs    1m53.9s/2m0s
steady_05_google      [  95% ] 2 VUs    1m53.9s/2m0s
steady_06_meta        [  95% ] 2 VUs    1m53.9s/2m0s
steady_07_netflix     [  95% ] 2 VUs    1m53.9s/2m0s
steady_08_nvidia      [  95% ] 2 VUs    1m53.9s/2m0s
steady_09_paypal      [  95% ] 2 VUs    1m53.9s/2m0s
steady_10_reddit      [  95% ] 2 VUs    1m53.9s/2m0s
steady_11_slack       [  95% ] 2 VUs    1m53.9s/2m0s
steady_12_spotify     [  95% ] 2 VUs    1m53.9s/2m0s
steady_13_tesla       [  95% ] 2 VUs    1m53.9s/2m0s
steady_14_uber        [  95% ] 2 VUs    1m53.9s/2m0s
steady_15_zoom        [  95% ] 2 VUs    1m53.9s/2m0s
cooldown_01_amazon  • [   0% ] waiting  0m06.1s
cooldown_02_amd     • [   0% ] waiting  0m06.1s
cooldown_03_apple   • [   0% ] waiting  0m06.1s
cooldown_04_azure   • [   0% ] waiting  0m06.1s
cooldown_05_google  • [   0% ] waiting  0m06.1s
cooldown_06_meta    • [   0% ] waiting  0m06.1s
cooldown_07_netflix • [   0% ] waiting  0m06.1s
cooldown_08_nvidia  • [   0% ] waiting  0m06.1s
cooldown_09_paypal  • [   0% ] waiting  0m06.1s
cooldown_10_reddit  • [   0% ] waiting  0m06.1s
cooldown_11_slack   • [   0% ] waiting  0m06.1s
cooldown_12_spotify • [   0% ] waiting  0m06.1s
cooldown_13_tesla   • [   0% ] waiting  0m06.1s
cooldown_14_uber    • [   0% ] waiting  0m06.1s
cooldown_15_zoom    • [   0% ] waiting  0m06.1s

running (2m25.0s), 30/60 VUs, 1262 complete and 0 interrupted iterations
warmup_01_amazon    ✓ [ 100% ] 0/2 VUs  30s
warmup_02_amd       ✓ [ 100% ] 0/2 VUs  30s
warmup_03_apple     ✓ [ 100% ] 0/2 VUs  30s
warmup_04_azure     ✓ [ 100% ] 0/2 VUs  30s
warmup_05_google    ✓ [ 100% ] 0/2 VUs  30s
warmup_06_meta      ✓ [ 100% ] 0/2 VUs  30s
warmup_07_netflix   ✓ [ 100% ] 0/2 VUs  30s
warmup_08_nvidia    ✓ [ 100% ] 0/2 VUs  30s
warmup_09_paypal    ✓ [ 100% ] 0/2 VUs  30s
warmup_10_reddit    ✓ [ 100% ] 0/2 VUs  30s
warmup_11_slack     ✓ [ 100% ] 0/2 VUs  30s
warmup_12_spotify   ✓ [ 100% ] 0/2 VUs  30s
warmup_13_tesla     ✓ [ 100% ] 0/2 VUs  30s
warmup_14_uber      ✓ [ 100% ] 0/2 VUs  30s
warmup_15_zoom      ✓ [ 100% ] 0/2 VUs  30s
steady_01_amazon      [  96% ] 2 VUs    1m54.9s/2m0s
steady_02_amd         [  96% ] 2 VUs    1m54.9s/2m0s
steady_03_apple       [  96% ] 2 VUs    1m54.9s/2m0s
steady_04_azure       [  96% ] 2 VUs    1m54.9s/2m0s
steady_05_google      [  96% ] 2 VUs    1m54.9s/2m0s
steady_06_meta        [  96% ] 2 VUs    1m54.9s/2m0s
steady_07_netflix     [  96% ] 2 VUs    1m54.9s/2m0s
steady_08_nvidia      [  96% ] 2 VUs    1m54.9s/2m0s
steady_09_paypal      [  96% ] 2 VUs    1m54.9s/2m0s
steady_10_reddit      [  96% ] 2 VUs    1m54.9s/2m0s
steady_11_slack       [  96% ] 2 VUs    1m54.9s/2m0s
steady_12_spotify     [  96% ] 2 VUs    1m54.9s/2m0s
steady_13_tesla       [  96% ] 2 VUs    1m54.9s/2m0s
steady_14_uber        [  96% ] 2 VUs    1m54.9s/2m0s
steady_15_zoom        [  96% ] 2 VUs    1m54.9s/2m0s
cooldown_01_amazon  • [   0% ] waiting  0m05.1s
cooldown_02_amd     • [   0% ] waiting  0m05.1s
cooldown_03_apple   • [   0% ] waiting  0m05.1s
cooldown_04_azure   • [   0% ] waiting  0m05.1s
cooldown_05_google  • [   0% ] waiting  0m05.1s
cooldown_06_meta    • [   0% ] waiting  0m05.1s
cooldown_07_netflix • [   0% ] waiting  0m05.1s
cooldown_08_nvidia  • [   0% ] waiting  0m05.1s
cooldown_09_paypal  • [   0% ] waiting  0m05.1s
cooldown_10_reddit  • [   0% ] waiting  0m05.1s
cooldown_11_slack   • [   0% ] waiting  0m05.1s
cooldown_12_spotify • [   0% ] waiting  0m05.1s
cooldown_13_tesla   • [   0% ] waiting  0m05.1s
cooldown_14_uber    • [   0% ] waiting  0m05.1s
cooldown_15_zoom    • [   0% ] waiting  0m05.1s

running (2m26.0s), 30/60 VUs, 1266 complete and 0 interrupted iterations
warmup_01_amazon    ✓ [ 100% ] 0/2 VUs  30s
warmup_02_amd       ✓ [ 100% ] 0/2 VUs  30s
warmup_03_apple     ✓ [ 100% ] 0/2 VUs  30s
warmup_04_azure     ✓ [ 100% ] 0/2 VUs  30s
warmup_05_google    ✓ [ 100% ] 0/2 VUs  30s
warmup_06_meta      ✓ [ 100% ] 0/2 VUs  30s
warmup_07_netflix   ✓ [ 100% ] 0/2 VUs  30s
warmup_08_nvidia    ✓ [ 100% ] 0/2 VUs  30s
warmup_09_paypal    ✓ [ 100% ] 0/2 VUs  30s
warmup_10_reddit    ✓ [ 100% ] 0/2 VUs  30s
warmup_11_slack     ✓ [ 100% ] 0/2 VUs  30s
warmup_12_spotify   ✓ [ 100% ] 0/2 VUs  30s
warmup_13_tesla     ✓ [ 100% ] 0/2 VUs  30s
warmup_14_uber      ✓ [ 100% ] 0/2 VUs  30s
warmup_15_zoom      ✓ [ 100% ] 0/2 VUs  30s
steady_01_amazon      [  97% ] 2 VUs    1m55.9s/2m0s
steady_02_amd         [  97% ] 2 VUs    1m55.9s/2m0s
steady_03_apple       [  97% ] 2 VUs    1m55.9s/2m0s
steady_04_azure       [  97% ] 2 VUs    1m55.9s/2m0s
steady_05_google      [  97% ] 2 VUs    1m55.9s/2m0s
steady_06_meta        [  97% ] 2 VUs    1m55.9s/2m0s
steady_07_netflix     [  97% ] 2 VUs    1m55.9s/2m0s
steady_08_nvidia      [  97% ] 2 VUs    1m55.9s/2m0s
steady_09_paypal      [  97% ] 2 VUs    1m55.9s/2m0s
steady_10_reddit      [  97% ] 2 VUs    1m55.9s/2m0s
steady_11_slack       [  97% ] 2 VUs    1m55.9s/2m0s
steady_12_spotify     [  97% ] 2 VUs    1m55.9s/2m0s
steady_13_tesla       [  97% ] 2 VUs    1m55.9s/2m0s
steady_14_uber        [  97% ] 2 VUs    1m55.9s/2m0s
steady_15_zoom        [  97% ] 2 VUs    1m55.9s/2m0s
cooldown_01_amazon  • [   0% ] waiting  0m04.1s
cooldown_02_amd     • [   0% ] waiting  0m04.1s
cooldown_03_apple   • [   0% ] waiting  0m04.1s
cooldown_04_azure   • [   0% ] waiting  0m04.1s
cooldown_05_google  • [   0% ] waiting  0m04.1s
cooldown_06_meta    • [   0% ] waiting  0m04.1s
cooldown_07_netflix • [   0% ] waiting  0m04.1s
cooldown_08_nvidia  • [   0% ] waiting  0m04.1s
cooldown_09_paypal  • [   0% ] waiting  0m04.1s
cooldown_10_reddit  • [   0% ] waiting  0m04.1s
cooldown_11_slack   • [   0% ] waiting  0m04.1s
cooldown_12_spotify • [   0% ] waiting  0m04.1s
cooldown_13_tesla   • [   0% ] waiting  0m04.1s
cooldown_14_uber    • [   0% ] waiting  0m04.1s
cooldown_15_zoom    • [   0% ] waiting  0m04.1s

running (2m27.0s), 30/60 VUs, 1292 complete and 0 interrupted iterations
warmup_01_amazon    ✓ [ 100% ] 0/2 VUs  30s
warmup_02_amd       ✓ [ 100% ] 0/2 VUs  30s
warmup_03_apple     ✓ [ 100% ] 0/2 VUs  30s
warmup_04_azure     ✓ [ 100% ] 0/2 VUs  30s
warmup_05_google    ✓ [ 100% ] 0/2 VUs  30s
warmup_06_meta      ✓ [ 100% ] 0/2 VUs  30s
warmup_07_netflix   ✓ [ 100% ] 0/2 VUs  30s
warmup_08_nvidia    ✓ [ 100% ] 0/2 VUs  30s
warmup_09_paypal    ✓ [ 100% ] 0/2 VUs  30s
warmup_10_reddit    ✓ [ 100% ] 0/2 VUs  30s
warmup_11_slack     ✓ [ 100% ] 0/2 VUs  30s
warmup_12_spotify   ✓ [ 100% ] 0/2 VUs  30s
warmup_13_tesla     ✓ [ 100% ] 0/2 VUs  30s
warmup_14_uber      ✓ [ 100% ] 0/2 VUs  30s
warmup_15_zoom      ✓ [ 100% ] 0/2 VUs  30s
steady_01_amazon      [  97% ] 2 VUs    1m56.9s/2m0s
steady_02_amd         [  97% ] 2 VUs    1m56.9s/2m0s
steady_03_apple       [  97% ] 2 VUs    1m56.9s/2m0s
steady_04_azure       [  97% ] 2 VUs    1m56.9s/2m0s
steady_05_google      [  97% ] 2 VUs    1m56.9s/2m0s
steady_06_meta        [  97% ] 2 VUs    1m56.9s/2m0s
steady_07_netflix     [  97% ] 2 VUs    1m56.9s/2m0s
steady_08_nvidia      [  97% ] 2 VUs    1m56.9s/2m0s
steady_09_paypal      [  97% ] 2 VUs    1m56.9s/2m0s
steady_10_reddit      [  97% ] 2 VUs    1m56.9s/2m0s
steady_11_slack       [  97% ] 2 VUs    1m56.9s/2m0s
steady_12_spotify     [  97% ] 2 VUs    1m56.9s/2m0s
steady_13_tesla       [  97% ] 2 VUs    1m56.9s/2m0s
steady_14_uber        [  97% ] 2 VUs    1m56.9s/2m0s
steady_15_zoom        [  97% ] 2 VUs    1m56.9s/2m0s
cooldown_01_amazon  • [   0% ] waiting  0m03.1s
cooldown_02_amd     • [   0% ] waiting  0m03.1s
cooldown_03_apple   • [   0% ] waiting  0m03.1s
cooldown_04_azure   • [   0% ] waiting  0m03.1s
cooldown_05_google  • [   0% ] waiting  0m03.1s
cooldown_06_meta    • [   0% ] waiting  0m03.1s
cooldown_07_netflix • [   0% ] waiting  0m03.1s
cooldown_08_nvidia  • [   0% ] waiting  0m03.1s
cooldown_09_paypal  • [   0% ] waiting  0m03.1s
cooldown_10_reddit  • [   0% ] waiting  0m03.1s
cooldown_11_slack   • [   0% ] waiting  0m03.1s
cooldown_12_spotify • [   0% ] waiting  0m03.1s
cooldown_13_tesla   • [   0% ] waiting  0m03.1s
cooldown_14_uber    • [   0% ] waiting  0m03.1s
cooldown_15_zoom    • [   0% ] waiting  0m03.1s

running (2m28.0s), 30/60 VUs, 1292 complete and 0 interrupted iterations
warmup_01_amazon    ✓ [ 100% ] 0/2 VUs  30s
warmup_02_amd       ✓ [ 100% ] 0/2 VUs  30s
warmup_03_apple     ✓ [ 100% ] 0/2 VUs  30s
warmup_04_azure     ✓ [ 100% ] 0/2 VUs  30s
warmup_05_google    ✓ [ 100% ] 0/2 VUs  30s
warmup_06_meta      ✓ [ 100% ] 0/2 VUs  30s
warmup_07_netflix   ✓ [ 100% ] 0/2 VUs  30s
warmup_08_nvidia    ✓ [ 100% ] 0/2 VUs  30s
warmup_09_paypal    ✓ [ 100% ] 0/2 VUs  30s
warmup_10_reddit    ✓ [ 100% ] 0/2 VUs  30s
warmup_11_slack     ✓ [ 100% ] 0/2 VUs  30s
warmup_12_spotify   ✓ [ 100% ] 0/2 VUs  30s
warmup_13_tesla     ✓ [ 100% ] 0/2 VUs  30s
warmup_14_uber      ✓ [ 100% ] 0/2 VUs  30s
warmup_15_zoom      ✓ [ 100% ] 0/2 VUs  30s
steady_01_amazon      [  98% ] 2 VUs    1m57.9s/2m0s
steady_02_amd         [  98% ] 2 VUs    1m57.9s/2m0s
steady_03_apple       [  98% ] 2 VUs    1m57.9s/2m0s
steady_04_azure       [  98% ] 2 VUs    1m57.9s/2m0s
steady_05_google      [  98% ] 2 VUs    1m57.9s/2m0s
steady_06_meta        [  98% ] 2 VUs    1m57.9s/2m0s
steady_07_netflix     [  98% ] 2 VUs    1m57.9s/2m0s
steady_08_nvidia      [  98% ] 2 VUs    1m57.9s/2m0s
steady_09_paypal      [  98% ] 2 VUs    1m57.9s/2m0s
steady_10_reddit      [  98% ] 2 VUs    1m57.9s/2m0s
steady_11_slack       [  98% ] 2 VUs    1m57.9s/2m0s
steady_12_spotify     [  98% ] 2 VUs    1m57.9s/2m0s
steady_13_tesla       [  98% ] 2 VUs    1m57.9s/2m0s
steady_14_uber        [  98% ] 2 VUs    1m57.9s/2m0s
steady_15_zoom        [  98% ] 2 VUs    1m57.9s/2m0s
cooldown_01_amazon  • [   0% ] waiting  0m02.1s
cooldown_02_amd     • [   0% ] waiting  0m02.1s
cooldown_03_apple   • [   0% ] waiting  0m02.1s
cooldown_04_azure   • [   0% ] waiting  0m02.1s
cooldown_05_google  • [   0% ] waiting  0m02.1s
cooldown_06_meta    • [   0% ] waiting  0m02.1s
cooldown_07_netflix • [   0% ] waiting  0m02.1s
cooldown_08_nvidia  • [   0% ] waiting  0m02.1s
cooldown_09_paypal  • [   0% ] waiting  0m02.1s
cooldown_10_reddit  • [   0% ] waiting  0m02.1s
cooldown_11_slack   • [   0% ] waiting  0m02.1s
cooldown_12_spotify • [   0% ] waiting  0m02.1s
cooldown_13_tesla   • [   0% ] waiting  0m02.1s
cooldown_14_uber    • [   0% ] waiting  0m02.1s
cooldown_15_zoom    • [   0% ] waiting  0m02.1s

running (2m29.0s), 30/60 VUs, 1299 complete and 0 interrupted iterations
warmup_01_amazon    ✓ [ 100% ] 0/2 VUs  30s
warmup_02_amd       ✓ [ 100% ] 0/2 VUs  30s
warmup_03_apple     ✓ [ 100% ] 0/2 VUs  30s
warmup_04_azure     ✓ [ 100% ] 0/2 VUs  30s
warmup_05_google    ✓ [ 100% ] 0/2 VUs  30s
warmup_06_meta      ✓ [ 100% ] 0/2 VUs  30s
warmup_07_netflix   ✓ [ 100% ] 0/2 VUs  30s
warmup_08_nvidia    ✓ [ 100% ] 0/2 VUs  30s
warmup_09_paypal    ✓ [ 100% ] 0/2 VUs  30s
warmup_10_reddit    ✓ [ 100% ] 0/2 VUs  30s
warmup_11_slack     ✓ [ 100% ] 0/2 VUs  30s
warmup_12_spotify   ✓ [ 100% ] 0/2 VUs  30s
warmup_13_tesla     ✓ [ 100% ] 0/2 VUs  30s
warmup_14_uber      ✓ [ 100% ] 0/2 VUs  30s
warmup_15_zoom      ✓ [ 100% ] 0/2 VUs  30s
steady_01_amazon      [  99% ] 2 VUs    1m58.9s/2m0s
steady_02_amd         [  99% ] 2 VUs    1m58.9s/2m0s
steady_03_apple       [  99% ] 2 VUs    1m58.9s/2m0s
steady_04_azure       [  99% ] 2 VUs    1m58.9s/2m0s
steady_05_google      [  99% ] 2 VUs    1m58.9s/2m0s
steady_06_meta        [  99% ] 2 VUs    1m58.9s/2m0s
steady_07_netflix     [  99% ] 2 VUs    1m58.9s/2m0s
steady_08_nvidia      [  99% ] 2 VUs    1m58.9s/2m0s
steady_09_paypal      [  99% ] 2 VUs    1m58.9s/2m0s
steady_10_reddit      [  99% ] 2 VUs    1m58.9s/2m0s
steady_11_slack       [  99% ] 2 VUs    1m58.9s/2m0s
steady_12_spotify     [  99% ] 2 VUs    1m58.9s/2m0s
steady_13_tesla       [  99% ] 2 VUs    1m58.9s/2m0s
steady_14_uber        [  99% ] 2 VUs    1m58.9s/2m0s
steady_15_zoom        [  99% ] 2 VUs    1m58.9s/2m0s
cooldown_01_amazon  • [   0% ] waiting  0m01.1s
cooldown_02_amd     • [   0% ] waiting  0m01.1s
cooldown_03_apple   • [   0% ] waiting  0m01.1s
cooldown_04_azure   • [   0% ] waiting  0m01.1s
cooldown_05_google  • [   0% ] waiting  0m01.1s
cooldown_06_meta    • [   0% ] waiting  0m01.1s
cooldown_07_netflix • [   0% ] waiting  0m01.1s
cooldown_08_nvidia  • [   0% ] waiting  0m01.1s
cooldown_09_paypal  • [   0% ] waiting  0m01.1s
cooldown_10_reddit  • [   0% ] waiting  0m01.1s
cooldown_11_slack   • [   0% ] waiting  0m01.1s
cooldown_12_spotify • [   0% ] waiting  0m01.1s
cooldown_13_tesla   • [   0% ] waiting  0m01.1s
cooldown_14_uber    • [   0% ] waiting  0m01.1s
cooldown_15_zoom    • [   0% ] waiting  0m01.1s

running (2m30.0s), 30/60 VUs, 1322 complete and 0 interrupted iterations
warmup_01_amazon    ✓ [ 100% ] 0/2 VUs  30s
warmup_02_amd       ✓ [ 100% ] 0/2 VUs  30s
warmup_03_apple     ✓ [ 100% ] 0/2 VUs  30s
warmup_04_azure     ✓ [ 100% ] 0/2 VUs  30s
warmup_05_google    ✓ [ 100% ] 0/2 VUs  30s
warmup_06_meta      ✓ [ 100% ] 0/2 VUs  30s
warmup_07_netflix   ✓ [ 100% ] 0/2 VUs  30s
warmup_08_nvidia    ✓ [ 100% ] 0/2 VUs  30s
warmup_09_paypal    ✓ [ 100% ] 0/2 VUs  30s
warmup_10_reddit    ✓ [ 100% ] 0/2 VUs  30s
warmup_11_slack     ✓ [ 100% ] 0/2 VUs  30s
warmup_12_spotify   ✓ [ 100% ] 0/2 VUs  30s
warmup_13_tesla     ✓ [ 100% ] 0/2 VUs  30s
warmup_14_uber      ✓ [ 100% ] 0/2 VUs  30s
warmup_15_zoom      ✓ [ 100% ] 0/2 VUs  30s
steady_01_amazon      [ 100% ] 2 VUs    1m59.9s/2m0s
steady_02_amd         [ 100% ] 2 VUs    1m59.9s/2m0s
steady_03_apple       [ 100% ] 2 VUs    1m59.9s/2m0s
steady_04_azure       [ 100% ] 2 VUs    1m59.9s/2m0s
steady_05_google      [ 100% ] 2 VUs    1m59.9s/2m0s
steady_06_meta        [ 100% ] 2 VUs    1m59.9s/2m0s
steady_07_netflix     [ 100% ] 2 VUs    1m59.9s/2m0s
steady_08_nvidia      [ 100% ] 2 VUs    1m59.9s/2m0s
steady_09_paypal      [ 100% ] 2 VUs    1m59.9s/2m0s
steady_10_reddit      [ 100% ] 2 VUs    1m59.9s/2m0s
steady_11_slack       [ 100% ] 2 VUs    1m59.9s/2m0s
steady_12_spotify     [ 100% ] 2 VUs    1m59.9s/2m0s
steady_13_tesla       [ 100% ] 2 VUs    1m59.9s/2m0s
steady_14_uber        [ 100% ] 2 VUs    1m59.9s/2m0s
steady_15_zoom        [ 100% ] 2 VUs    1m59.9s/2m0s
cooldown_01_amazon  • [   0% ] waiting  0m00.1s
cooldown_02_amd     • [   0% ] waiting  0m00.1s
cooldown_03_apple   • [   0% ] waiting  0m00.1s
cooldown_04_azure   • [   0% ] waiting  0m00.1s
cooldown_05_google  • [   0% ] waiting  0m00.1s
cooldown_06_meta    • [   0% ] waiting  0m00.1s
cooldown_07_netflix • [   0% ] waiting  0m00.1s
cooldown_08_nvidia  • [   0% ] waiting  0m00.1s
cooldown_09_paypal  • [   0% ] waiting  0m00.1s
cooldown_10_reddit  • [   0% ] waiting  0m00.1s
cooldown_11_slack   • [   0% ] waiting  0m00.1s
cooldown_12_spotify • [   0% ] waiting  0m00.1s
cooldown_13_tesla   • [   0% ] waiting  0m00.1s
cooldown_14_uber    • [   0% ] waiting  0m00.1s
cooldown_15_zoom    • [   0% ] waiting  0m00.1s

running (2m31.0s), 60/60 VUs, 1322 complete and 0 interrupted iterations
warmup_01_amazon    ✓ [ 100% ] 0/2 VUs  30s
warmup_02_amd       ✓ [ 100% ] 0/2 VUs  30s
warmup_03_apple     ✓ [ 100% ] 0/2 VUs  30s
warmup_04_azure     ✓ [ 100% ] 0/2 VUs  30s
warmup_05_google    ✓ [ 100% ] 0/2 VUs  30s
warmup_06_meta      ✓ [ 100% ] 0/2 VUs  30s
warmup_07_netflix   ✓ [ 100% ] 0/2 VUs  30s
warmup_08_nvidia    ✓ [ 100% ] 0/2 VUs  30s
warmup_09_paypal    ✓ [ 100% ] 0/2 VUs  30s
warmup_10_reddit    ✓ [ 100% ] 0/2 VUs  30s
warmup_11_slack     ✓ [ 100% ] 0/2 VUs  30s
warmup_12_spotify   ✓ [ 100% ] 0/2 VUs  30s
warmup_13_tesla     ✓ [ 100% ] 0/2 VUs  30s
warmup_14_uber      ✓ [ 100% ] 0/2 VUs  30s
warmup_15_zoom      ✓ [ 100% ] 0/2 VUs  30s
steady_01_amazon    ↓ [ 100% ] 2 VUs    2m0s
steady_02_amd       ↓ [ 100% ] 2 VUs    2m0s
steady_03_apple     ↓ [ 100% ] 2 VUs    2m0s
steady_04_azure     ↓ [ 100% ] 2 VUs    2m0s
steady_05_google    ↓ [ 100% ] 2 VUs    2m0s
steady_06_meta      ↓ [ 100% ] 2 VUs    2m0s
steady_07_netflix   ↓ [ 100% ] 2 VUs    2m0s
steady_08_nvidia    ↓ [ 100% ] 2 VUs    2m0s
steady_09_paypal    ↓ [ 100% ] 2 VUs    2m0s
steady_10_reddit    ↓ [ 100% ] 2 VUs    2m0s
steady_11_slack     ↓ [ 100% ] 2 VUs    2m0s
steady_12_spotify   ↓ [ 100% ] 2 VUs    2m0s
steady_13_tesla     ↓ [ 100% ] 2 VUs    2m0s
steady_14_uber      ↓ [ 100% ] 2 VUs    2m0s
steady_15_zoom      ↓ [ 100% ] 2 VUs    2m0s
cooldown_01_amazon    [   3% ] 2/2 VUs  00.9s/30.0s
cooldown_02_amd       [   3% ] 2/2 VUs  00.9s/30.0s
cooldown_03_apple     [   3% ] 2/2 VUs  00.9s/30.0s
cooldown_04_azure     [   3% ] 2/2 VUs  00.9s/30.0s
cooldown_05_google    [   3% ] 2/2 VUs  00.9s/30.0s
cooldown_06_meta      [   3% ] 2/2 VUs  00.9s/30.0s
cooldown_07_netflix   [   3% ] 2/2 VUs  00.9s/30.0s
cooldown_08_nvidia    [   3% ] 2/2 VUs  00.9s/30.0s
cooldown_09_paypal    [   3% ] 2/2 VUs  00.9s/30.0s
cooldown_10_reddit    [   3% ] 2/2 VUs  00.9s/30.0s
cooldown_11_slack     [   3% ] 2/2 VUs  00.9s/30.0s
cooldown_12_spotify   [   3% ] 2/2 VUs  00.9s/30.0s
cooldown_13_tesla     [   3% ] 2/2 VUs  00.9s/30.0s
cooldown_14_uber      [   3% ] 2/2 VUs  00.9s/30.0s
cooldown_15_zoom      [   3% ] 2/2 VUs  00.9s/30.0s

running (2m32.0s), 60/60 VUs, 1322 complete and 0 interrupted iterations
warmup_01_amazon    ✓ [ 100% ] 0/2 VUs  30s
warmup_02_amd       ✓ [ 100% ] 0/2 VUs  30s
warmup_03_apple     ✓ [ 100% ] 0/2 VUs  30s
warmup_04_azure     ✓ [ 100% ] 0/2 VUs  30s
warmup_05_google    ✓ [ 100% ] 0/2 VUs  30s
warmup_06_meta      ✓ [ 100% ] 0/2 VUs  30s
warmup_07_netflix   ✓ [ 100% ] 0/2 VUs  30s
warmup_08_nvidia    ✓ [ 100% ] 0/2 VUs  30s
warmup_09_paypal    ✓ [ 100% ] 0/2 VUs  30s
warmup_10_reddit    ✓ [ 100% ] 0/2 VUs  30s
warmup_11_slack     ✓ [ 100% ] 0/2 VUs  30s
warmup_12_spotify   ✓ [ 100% ] 0/2 VUs  30s
warmup_13_tesla     ✓ [ 100% ] 0/2 VUs  30s
warmup_14_uber      ✓ [ 100% ] 0/2 VUs  30s
warmup_15_zoom      ✓ [ 100% ] 0/2 VUs  30s
steady_01_amazon    ↓ [ 100% ] 2 VUs    2m0s
steady_02_amd       ↓ [ 100% ] 2 VUs    2m0s
steady_03_apple     ↓ [ 100% ] 2 VUs    2m0s
steady_04_azure     ↓ [ 100% ] 2 VUs    2m0s
steady_05_google    ↓ [ 100% ] 2 VUs    2m0s
steady_06_meta      ↓ [ 100% ] 2 VUs    2m0s
steady_07_netflix   ↓ [ 100% ] 2 VUs    2m0s
steady_08_nvidia    ↓ [ 100% ] 2 VUs    2m0s
steady_09_paypal    ↓ [ 100% ] 2 VUs    2m0s
steady_10_reddit    ↓ [ 100% ] 2 VUs    2m0s
steady_11_slack     ↓ [ 100% ] 2 VUs    2m0s
steady_12_spotify   ↓ [ 100% ] 2 VUs    2m0s
steady_13_tesla     ↓ [ 100% ] 2 VUs    2m0s
steady_14_uber      ↓ [ 100% ] 2 VUs    2m0s
steady_15_zoom      ↓ [ 100% ] 2 VUs    2m0s
cooldown_01_amazon    [   6% ] 2/2 VUs  01.9s/30.0s
cooldown_02_amd       [   6% ] 2/2 VUs  01.9s/30.0s
cooldown_03_apple     [   6% ] 2/2 VUs  01.9s/30.0s
cooldown_04_azure     [   6% ] 2/2 VUs  01.9s/30.0s
cooldown_05_google    [   6% ] 2/2 VUs  01.9s/30.0s
cooldown_06_meta      [   6% ] 2/2 VUs  01.9s/30.0s
cooldown_07_netflix   [   6% ] 2/2 VUs  01.9s/30.0s
cooldown_08_nvidia    [   6% ] 2/2 VUs  01.9s/30.0s
cooldown_09_paypal    [   6% ] 2/2 VUs  01.9s/30.0s
cooldown_10_reddit    [   6% ] 2/2 VUs  01.9s/30.0s
cooldown_11_slack     [   6% ] 2/2 VUs  01.9s/30.0s
cooldown_12_spotify   [   6% ] 2/2 VUs  01.9s/30.0s
cooldown_13_tesla     [   6% ] 2/2 VUs  01.9s/30.0s
cooldown_14_uber      [   6% ] 2/2 VUs  01.9s/30.0s
cooldown_15_zoom      [   6% ] 2/2 VUs  01.9s/30.0s

running (2m33.0s), 60/60 VUs, 1322 complete and 0 interrupted iterations
warmup_01_amazon    ✓ [ 100% ] 0/2 VUs  30s
warmup_02_amd       ✓ [ 100% ] 0/2 VUs  30s
warmup_03_apple     ✓ [ 100% ] 0/2 VUs  30s
warmup_04_azure     ✓ [ 100% ] 0/2 VUs  30s
warmup_05_google    ✓ [ 100% ] 0/2 VUs  30s
warmup_06_meta      ✓ [ 100% ] 0/2 VUs  30s
warmup_07_netflix   ✓ [ 100% ] 0/2 VUs  30s
warmup_08_nvidia    ✓ [ 100% ] 0/2 VUs  30s
warmup_09_paypal    ✓ [ 100% ] 0/2 VUs  30s
warmup_10_reddit    ✓ [ 100% ] 0/2 VUs  30s
warmup_11_slack     ✓ [ 100% ] 0/2 VUs  30s
warmup_12_spotify   ✓ [ 100% ] 0/2 VUs  30s
warmup_13_tesla     ✓ [ 100% ] 0/2 VUs  30s
warmup_14_uber      ✓ [ 100% ] 0/2 VUs  30s
warmup_15_zoom      ✓ [ 100% ] 0/2 VUs  30s
steady_01_amazon    ↓ [ 100% ] 2 VUs    2m0s
steady_02_amd       ↓ [ 100% ] 2 VUs    2m0s
steady_03_apple     ↓ [ 100% ] 2 VUs    2m0s
steady_04_azure     ↓ [ 100% ] 2 VUs    2m0s
steady_05_google    ↓ [ 100% ] 2 VUs    2m0s
steady_06_meta      ↓ [ 100% ] 2 VUs    2m0s
steady_07_netflix   ↓ [ 100% ] 2 VUs    2m0s
steady_08_nvidia    ↓ [ 100% ] 2 VUs    2m0s
steady_09_paypal    ↓ [ 100% ] 2 VUs    2m0s
steady_10_reddit    ↓ [ 100% ] 2 VUs    2m0s
steady_11_slack     ↓ [ 100% ] 2 VUs    2m0s
steady_12_spotify   ↓ [ 100% ] 2 VUs    2m0s
steady_13_tesla     ↓ [ 100% ] 2 VUs    2m0s
steady_14_uber      ↓ [ 100% ] 2 VUs    2m0s
steady_15_zoom      ↓ [ 100% ] 2 VUs    2m0s
cooldown_01_amazon    [  10% ] 2/2 VUs  02.9s/30.0s
cooldown_02_amd       [  10% ] 2/2 VUs  02.9s/30.0s
cooldown_03_apple     [  10% ] 2/2 VUs  02.9s/30.0s
cooldown_04_azure     [  10% ] 2/2 VUs  02.9s/30.0s
cooldown_05_google    [  10% ] 2/2 VUs  02.9s/30.0s
cooldown_06_meta      [  10% ] 2/2 VUs  02.9s/30.0s
cooldown_07_netflix   [  10% ] 2/2 VUs  02.9s/30.0s
cooldown_08_nvidia    [  10% ] 2/2 VUs  02.9s/30.0s
cooldown_09_paypal    [  10% ] 2/2 VUs  02.9s/30.0s
cooldown_10_reddit    [  10% ] 2/2 VUs  02.9s/30.0s
cooldown_11_slack     [  10% ] 2/2 VUs  02.9s/30.0s
cooldown_12_spotify   [  10% ] 2/2 VUs  02.9s/30.0s
cooldown_13_tesla     [  10% ] 2/2 VUs  02.9s/30.0s
cooldown_14_uber      [  10% ] 2/2 VUs  02.9s/30.0s
cooldown_15_zoom      [  10% ] 2/2 VUs  02.9s/30.0s

running (2m34.0s), 60/60 VUs, 1322 complete and 0 interrupted iterations
warmup_01_amazon    ✓ [ 100% ] 0/2 VUs  30s
warmup_02_amd       ✓ [ 100% ] 0/2 VUs  30s
warmup_03_apple     ✓ [ 100% ] 0/2 VUs  30s
warmup_04_azure     ✓ [ 100% ] 0/2 VUs  30s
warmup_05_google    ✓ [ 100% ] 0/2 VUs  30s
warmup_06_meta      ✓ [ 100% ] 0/2 VUs  30s
warmup_07_netflix   ✓ [ 100% ] 0/2 VUs  30s
warmup_08_nvidia    ✓ [ 100% ] 0/2 VUs  30s
warmup_09_paypal    ✓ [ 100% ] 0/2 VUs  30s
warmup_10_reddit    ✓ [ 100% ] 0/2 VUs  30s
warmup_11_slack     ✓ [ 100% ] 0/2 VUs  30s
warmup_12_spotify   ✓ [ 100% ] 0/2 VUs  30s
warmup_13_tesla     ✓ [ 100% ] 0/2 VUs  30s
warmup_14_uber      ✓ [ 100% ] 0/2 VUs  30s
warmup_15_zoom      ✓ [ 100% ] 0/2 VUs  30s
steady_01_amazon    ↓ [ 100% ] 2 VUs    2m0s
steady_02_amd       ↓ [ 100% ] 2 VUs    2m0s
steady_03_apple     ↓ [ 100% ] 2 VUs    2m0s
steady_04_azure     ↓ [ 100% ] 2 VUs    2m0s
steady_05_google    ↓ [ 100% ] 2 VUs    2m0s
steady_06_meta      ↓ [ 100% ] 2 VUs    2m0s
steady_07_netflix   ↓ [ 100% ] 2 VUs    2m0s
steady_08_nvidia    ↓ [ 100% ] 2 VUs    2m0s
steady_09_paypal    ↓ [ 100% ] 2 VUs    2m0s
steady_10_reddit    ↓ [ 100% ] 2 VUs    2m0s
steady_11_slack     ↓ [ 100% ] 2 VUs    2m0s
steady_12_spotify   ↓ [ 100% ] 2 VUs    2m0s
steady_13_tesla     ↓ [ 100% ] 2 VUs    2m0s
steady_14_uber      ↓ [ 100% ] 2 VUs    2m0s
steady_15_zoom      ↓ [ 100% ] 2 VUs    2m0s
cooldown_01_amazon    [  13% ] 2/2 VUs  03.9s/30.0s
cooldown_02_amd       [  13% ] 2/2 VUs  03.9s/30.0s
cooldown_03_apple     [  13% ] 2/2 VUs  03.9s/30.0s
cooldown_04_azure     [  13% ] 2/2 VUs  03.9s/30.0s
cooldown_05_google    [  13% ] 2/2 VUs  03.9s/30.0s
cooldown_06_meta      [  13% ] 2/2 VUs  03.9s/30.0s
cooldown_07_netflix   [  13% ] 2/2 VUs  03.9s/30.0s
cooldown_08_nvidia    [  13% ] 2/2 VUs  03.9s/30.0s
cooldown_09_paypal    [  13% ] 2/2 VUs  03.9s/30.0s
cooldown_10_reddit    [  13% ] 2/2 VUs  03.9s/30.0s
cooldown_11_slack     [  13% ] 2/2 VUs  03.9s/30.0s
cooldown_12_spotify   [  13% ] 2/2 VUs  03.9s/30.0s
cooldown_13_tesla     [  13% ] 2/2 VUs  03.9s/30.0s
cooldown_14_uber      [  13% ] 2/2 VUs  03.9s/30.0s
cooldown_15_zoom      [  13% ] 2/2 VUs  03.9s/30.0s

running (2m35.0s), 34/60 VUs, 1372 complete and 0 interrupted iterations
warmup_01_amazon    ✓ [ 100% ] 0/2 VUs  30s
warmup_02_amd       ✓ [ 100% ] 0/2 VUs  30s
warmup_03_apple     ✓ [ 100% ] 0/2 VUs  30s
warmup_04_azure     ✓ [ 100% ] 0/2 VUs  30s
warmup_05_google    ✓ [ 100% ] 0/2 VUs  30s
warmup_06_meta      ✓ [ 100% ] 0/2 VUs  30s
warmup_07_netflix   ✓ [ 100% ] 0/2 VUs  30s
warmup_08_nvidia    ✓ [ 100% ] 0/2 VUs  30s
warmup_09_paypal    ✓ [ 100% ] 0/2 VUs  30s
warmup_10_reddit    ✓ [ 100% ] 0/2 VUs  30s
warmup_11_slack     ✓ [ 100% ] 0/2 VUs  30s
warmup_12_spotify   ✓ [ 100% ] 0/2 VUs  30s
warmup_13_tesla     ✓ [ 100% ] 0/2 VUs  30s
warmup_14_uber      ✓ [ 100% ] 0/2 VUs  30s
warmup_15_zoom      ✓ [ 100% ] 0/2 VUs  30s
steady_01_amazon    ✓ [ 100% ] 2 VUs    2m0s
steady_02_amd       ✓ [ 100% ] 2 VUs    2m0s
steady_03_apple     ✓ [ 100% ] 2 VUs    2m0s
steady_04_azure     ✓ [ 100% ] 2 VUs    2m0s
steady_05_google    ✓ [ 100% ] 2 VUs    2m0s
steady_06_meta      ✓ [ 100% ] 2 VUs    2m0s
steady_07_netflix   ↓ [ 100% ] 2 VUs    2m0s
steady_08_nvidia    ✓ [ 100% ] 2 VUs    2m0s
steady_09_paypal    ✓ [ 100% ] 2 VUs    2m0s
steady_10_reddit    ↓ [ 100% ] 2 VUs    2m0s
steady_11_slack     ✓ [ 100% ] 2 VUs    2m0s
steady_12_spotify   ✓ [ 100% ] 2 VUs    2m0s
steady_13_tesla     ↓ [ 100% ] 2 VUs    2m0s
steady_14_uber      ↓ [ 100% ] 2 VUs    2m0s
steady_15_zoom      ✓ [ 100% ] 2 VUs    2m0s
cooldown_01_amazon    [  16% ] 2/2 VUs  04.9s/30.0s
cooldown_02_amd       [  16% ] 2/2 VUs  04.9s/30.0s
cooldown_03_apple     [  16% ] 2/2 VUs  04.9s/30.0s
cooldown_04_azure     [  16% ] 2/2 VUs  04.9s/30.0s
cooldown_05_google    [  16% ] 2/2 VUs  04.9s/30.0s
cooldown_06_meta      [  16% ] 2/2 VUs  04.9s/30.0s
cooldown_07_netflix   [  16% ] 2/2 VUs  04.9s/30.0s
cooldown_08_nvidia    [  16% ] 2/2 VUs  04.9s/30.0s
cooldown_09_paypal    [  16% ] 2/2 VUs  04.9s/30.0s
cooldown_10_reddit    [  16% ] 2/2 VUs  04.9s/30.0s
cooldown_11_slack     [  16% ] 2/2 VUs  04.9s/30.0s
cooldown_12_spotify   [  16% ] 2/2 VUs  04.9s/30.0s
cooldown_13_tesla     [  16% ] 2/2 VUs  04.9s/30.0s
cooldown_14_uber      [  16% ] 2/2 VUs  04.9s/30.0s
cooldown_15_zoom      [  16% ] 2/2 VUs  04.9s/30.0s

running (2m36.0s), 30/60 VUs, 1382 complete and 0 interrupted iterations
warmup_01_amazon    ✓ [ 100% ] 0/2 VUs  30s
warmup_02_amd       ✓ [ 100% ] 0/2 VUs  30s
warmup_03_apple     ✓ [ 100% ] 0/2 VUs  30s
warmup_04_azure     ✓ [ 100% ] 0/2 VUs  30s
warmup_05_google    ✓ [ 100% ] 0/2 VUs  30s
warmup_06_meta      ✓ [ 100% ] 0/2 VUs  30s
warmup_07_netflix   ✓ [ 100% ] 0/2 VUs  30s
warmup_08_nvidia    ✓ [ 100% ] 0/2 VUs  30s
warmup_09_paypal    ✓ [ 100% ] 0/2 VUs  30s
warmup_10_reddit    ✓ [ 100% ] 0/2 VUs  30s
warmup_11_slack     ✓ [ 100% ] 0/2 VUs  30s
warmup_12_spotify   ✓ [ 100% ] 0/2 VUs  30s
warmup_13_tesla     ✓ [ 100% ] 0/2 VUs  30s
warmup_14_uber      ✓ [ 100% ] 0/2 VUs  30s
warmup_15_zoom      ✓ [ 100% ] 0/2 VUs  30s
steady_01_amazon    ✓ [ 100% ] 2 VUs    2m0s
steady_02_amd       ✓ [ 100% ] 2 VUs    2m0s
steady_03_apple     ✓ [ 100% ] 2 VUs    2m0s
steady_04_azure     ✓ [ 100% ] 2 VUs    2m0s
steady_05_google    ✓ [ 100% ] 2 VUs    2m0s
steady_06_meta      ✓ [ 100% ] 2 VUs    2m0s
steady_07_netflix   ✓ [ 100% ] 2 VUs    2m0s
steady_08_nvidia    ✓ [ 100% ] 2 VUs    2m0s
steady_09_paypal    ✓ [ 100% ] 2 VUs    2m0s
steady_10_reddit    ✓ [ 100% ] 2 VUs    2m0s
steady_11_slack     ✓ [ 100% ] 2 VUs    2m0s
steady_12_spotify   ✓ [ 100% ] 2 VUs    2m0s
steady_13_tesla     ✓ [ 100% ] 2 VUs    2m0s
steady_14_uber      ✓ [ 100% ] 2 VUs    2m0s
steady_15_zoom      ✓ [ 100% ] 2 VUs    2m0s
cooldown_01_amazon    [  20% ] 2/2 VUs  05.9s/30.0s
cooldown_02_amd       [  20% ] 2/2 VUs  05.9s/30.0s
cooldown_03_apple     [  20% ] 2/2 VUs  05.9s/30.0s
cooldown_04_azure     [  20% ] 2/2 VUs  05.9s/30.0s
cooldown_05_google    [  20% ] 2/2 VUs  05.9s/30.0s
cooldown_06_meta      [  20% ] 2/2 VUs  05.9s/30.0s
cooldown_07_netflix   [  20% ] 2/2 VUs  05.9s/30.0s
cooldown_08_nvidia    [  20% ] 2/2 VUs  05.9s/30.0s
cooldown_09_paypal    [  20% ] 2/2 VUs  05.9s/30.0s
cooldown_10_reddit    [  20% ] 2/2 VUs  05.9s/30.0s
cooldown_11_slack     [  20% ] 2/2 VUs  05.9s/30.0s
cooldown_12_spotify   [  20% ] 2/2 VUs  05.9s/30.0s
cooldown_13_tesla     [  20% ] 2/2 VUs  05.9s/30.0s
cooldown_14_uber      [  20% ] 2/2 VUs  05.9s/30.0s
cooldown_15_zoom      [  20% ] 2/2 VUs  05.9s/30.0s

running (2m37.0s), 30/60 VUs, 1382 complete and 0 interrupted iterations
warmup_01_amazon    ✓ [ 100% ] 0/2 VUs  30s
warmup_02_amd       ✓ [ 100% ] 0/2 VUs  30s
warmup_03_apple     ✓ [ 100% ] 0/2 VUs  30s
warmup_04_azure     ✓ [ 100% ] 0/2 VUs  30s
warmup_05_google    ✓ [ 100% ] 0/2 VUs  30s
warmup_06_meta      ✓ [ 100% ] 0/2 VUs  30s
warmup_07_netflix   ✓ [ 100% ] 0/2 VUs  30s
warmup_08_nvidia    ✓ [ 100% ] 0/2 VUs  30s
warmup_09_paypal    ✓ [ 100% ] 0/2 VUs  30s
warmup_10_reddit    ✓ [ 100% ] 0/2 VUs  30s
warmup_11_slack     ✓ [ 100% ] 0/2 VUs  30s
warmup_12_spotify   ✓ [ 100% ] 0/2 VUs  30s
warmup_13_tesla     ✓ [ 100% ] 0/2 VUs  30s
warmup_14_uber      ✓ [ 100% ] 0/2 VUs  30s
warmup_15_zoom      ✓ [ 100% ] 0/2 VUs  30s
steady_01_amazon    ✓ [ 100% ] 2 VUs    2m0s
steady_02_amd       ✓ [ 100% ] 2 VUs    2m0s
steady_03_apple     ✓ [ 100% ] 2 VUs    2m0s
steady_04_azure     ✓ [ 100% ] 2 VUs    2m0s
steady_05_google    ✓ [ 100% ] 2 VUs    2m0s
steady_06_meta      ✓ [ 100% ] 2 VUs    2m0s
steady_07_netflix   ✓ [ 100% ] 2 VUs    2m0s
steady_08_nvidia    ✓ [ 100% ] 2 VUs    2m0s
steady_09_paypal    ✓ [ 100% ] 2 VUs    2m0s
steady_10_reddit    ✓ [ 100% ] 2 VUs    2m0s
steady_11_slack     ✓ [ 100% ] 2 VUs    2m0s
steady_12_spotify   ✓ [ 100% ] 2 VUs    2m0s
steady_13_tesla     ✓ [ 100% ] 2 VUs    2m0s
steady_14_uber      ✓ [ 100% ] 2 VUs    2m0s
steady_15_zoom      ✓ [ 100% ] 2 VUs    2m0s
cooldown_01_amazon    [  23% ] 2/2 VUs  06.9s/30.0s
cooldown_02_amd       [  23% ] 2/2 VUs  06.9s/30.0s
cooldown_03_apple     [  23% ] 2/2 VUs  06.9s/30.0s
cooldown_04_azure     [  23% ] 2/2 VUs  06.9s/30.0s
cooldown_05_google    [  23% ] 2/2 VUs  06.9s/30.0s
cooldown_06_meta      [  23% ] 2/2 VUs  06.9s/30.0s
cooldown_07_netflix   [  23% ] 2/2 VUs  06.9s/30.0s
cooldown_08_nvidia    [  23% ] 2/2 VUs  06.9s/30.0s
cooldown_09_paypal    [  23% ] 2/2 VUs  06.9s/30.0s
cooldown_10_reddit    [  23% ] 2/2 VUs  06.9s/30.0s
cooldown_11_slack     [  23% ] 2/2 VUs  06.9s/30.0s
cooldown_12_spotify   [  23% ] 2/2 VUs  06.9s/30.0s
cooldown_13_tesla     [  23% ] 2/2 VUs  06.9s/30.0s
cooldown_14_uber      [  23% ] 2/2 VUs  06.9s/30.0s
cooldown_15_zoom      [  23% ] 2/2 VUs  06.9s/30.0s

running (2m38.0s), 30/60 VUs, 1394 complete and 0 interrupted iterations
warmup_01_amazon    ✓ [ 100% ] 0/2 VUs  30s
warmup_02_amd       ✓ [ 100% ] 0/2 VUs  30s
warmup_03_apple     ✓ [ 100% ] 0/2 VUs  30s
warmup_04_azure     ✓ [ 100% ] 0/2 VUs  30s
warmup_05_google    ✓ [ 100% ] 0/2 VUs  30s
warmup_06_meta      ✓ [ 100% ] 0/2 VUs  30s
warmup_07_netflix   ✓ [ 100% ] 0/2 VUs  30s
warmup_08_nvidia    ✓ [ 100% ] 0/2 VUs  30s
warmup_09_paypal    ✓ [ 100% ] 0/2 VUs  30s
warmup_10_reddit    ✓ [ 100% ] 0/2 VUs  30s
warmup_11_slack     ✓ [ 100% ] 0/2 VUs  30s
warmup_12_spotify   ✓ [ 100% ] 0/2 VUs  30s
warmup_13_tesla     ✓ [ 100% ] 0/2 VUs  30s
warmup_14_uber      ✓ [ 100% ] 0/2 VUs  30s
warmup_15_zoom      ✓ [ 100% ] 0/2 VUs  30s
steady_01_amazon    ✓ [ 100% ] 2 VUs    2m0s
steady_02_amd       ✓ [ 100% ] 2 VUs    2m0s
steady_03_apple     ✓ [ 100% ] 2 VUs    2m0s
steady_04_azure     ✓ [ 100% ] 2 VUs    2m0s
steady_05_google    ✓ [ 100% ] 2 VUs    2m0s
steady_06_meta      ✓ [ 100% ] 2 VUs    2m0s
steady_07_netflix   ✓ [ 100% ] 2 VUs    2m0s
steady_08_nvidia    ✓ [ 100% ] 2 VUs    2m0s
steady_09_paypal    ✓ [ 100% ] 2 VUs    2m0s
steady_10_reddit    ✓ [ 100% ] 2 VUs    2m0s
steady_11_slack     ✓ [ 100% ] 2 VUs    2m0s
steady_12_spotify   ✓ [ 100% ] 2 VUs    2m0s
steady_13_tesla     ✓ [ 100% ] 2 VUs    2m0s
steady_14_uber      ✓ [ 100% ] 2 VUs    2m0s
steady_15_zoom      ✓ [ 100% ] 2 VUs    2m0s
cooldown_01_amazon    [  26% ] 2/2 VUs  07.9s/30.0s
cooldown_02_amd       [  26% ] 2/2 VUs  07.9s/30.0s
cooldown_03_apple     [  26% ] 2/2 VUs  07.9s/30.0s
cooldown_04_azure     [  26% ] 2/2 VUs  07.9s/30.0s
cooldown_05_google    [  26% ] 2/2 VUs  07.9s/30.0s
cooldown_06_meta      [  26% ] 2/2 VUs  07.9s/30.0s
cooldown_07_netflix   [  26% ] 2/2 VUs  07.9s/30.0s
cooldown_08_nvidia    [  26% ] 2/2 VUs  07.9s/30.0s
cooldown_09_paypal    [  26% ] 2/2 VUs  07.9s/30.0s
cooldown_10_reddit    [  26% ] 2/2 VUs  07.9s/30.0s
cooldown_11_slack     [  26% ] 2/2 VUs  07.9s/30.0s
cooldown_12_spotify   [  26% ] 2/2 VUs  07.9s/30.0s
cooldown_13_tesla     [  26% ] 2/2 VUs  07.9s/30.0s
cooldown_14_uber      [  26% ] 2/2 VUs  07.9s/30.0s
cooldown_15_zoom      [  26% ] 2/2 VUs  07.9s/30.0s

running (2m39.0s), 30/60 VUs, 1413 complete and 0 interrupted iterations
warmup_01_amazon    ✓ [ 100% ] 0/2 VUs  30s
warmup_02_amd       ✓ [ 100% ] 0/2 VUs  30s
warmup_03_apple     ✓ [ 100% ] 0/2 VUs  30s
warmup_04_azure     ✓ [ 100% ] 0/2 VUs  30s
warmup_05_google    ✓ [ 100% ] 0/2 VUs  30s
warmup_06_meta      ✓ [ 100% ] 0/2 VUs  30s
warmup_07_netflix   ✓ [ 100% ] 0/2 VUs  30s
warmup_08_nvidia    ✓ [ 100% ] 0/2 VUs  30s
warmup_09_paypal    ✓ [ 100% ] 0/2 VUs  30s
warmup_10_reddit    ✓ [ 100% ] 0/2 VUs  30s
warmup_11_slack     ✓ [ 100% ] 0/2 VUs  30s
warmup_12_spotify   ✓ [ 100% ] 0/2 VUs  30s
warmup_13_tesla     ✓ [ 100% ] 0/2 VUs  30s
warmup_14_uber      ✓ [ 100% ] 0/2 VUs  30s
warmup_15_zoom      ✓ [ 100% ] 0/2 VUs  30s
steady_01_amazon    ✓ [ 100% ] 2 VUs    2m0s
steady_02_amd       ✓ [ 100% ] 2 VUs    2m0s
steady_03_apple     ✓ [ 100% ] 2 VUs    2m0s
steady_04_azure     ✓ [ 100% ] 2 VUs    2m0s
steady_05_google    ✓ [ 100% ] 2 VUs    2m0s
steady_06_meta      ✓ [ 100% ] 2 VUs    2m0s
steady_07_netflix   ✓ [ 100% ] 2 VUs    2m0s
steady_08_nvidia    ✓ [ 100% ] 2 VUs    2m0s
steady_09_paypal    ✓ [ 100% ] 2 VUs    2m0s
steady_10_reddit    ✓ [ 100% ] 2 VUs    2m0s
steady_11_slack     ✓ [ 100% ] 2 VUs    2m0s
steady_12_spotify   ✓ [ 100% ] 2 VUs    2m0s
steady_13_tesla     ✓ [ 100% ] 2 VUs    2m0s
steady_14_uber      ✓ [ 100% ] 2 VUs    2m0s
steady_15_zoom      ✓ [ 100% ] 2 VUs    2m0s
cooldown_01_amazon    [  30% ] 2/2 VUs  08.9s/30.0s
cooldown_02_amd       [  30% ] 2/2 VUs  08.9s/30.0s
cooldown_03_apple     [  30% ] 2/2 VUs  08.9s/30.0s
cooldown_04_azure     [  30% ] 2/2 VUs  08.9s/30.0s
cooldown_05_google    [  30% ] 2/2 VUs  08.9s/30.0s
cooldown_06_meta      [  30% ] 2/2 VUs  08.9s/30.0s
cooldown_07_netflix   [  30% ] 2/2 VUs  08.9s/30.0s
cooldown_08_nvidia    [  30% ] 2/2 VUs  08.9s/30.0s
cooldown_09_paypal    [  30% ] 2/2 VUs  08.9s/30.0s
cooldown_10_reddit    [  30% ] 2/2 VUs  08.9s/30.0s
cooldown_11_slack     [  30% ] 2/2 VUs  08.9s/30.0s
cooldown_12_spotify   [  30% ] 2/2 VUs  08.9s/30.0s
cooldown_13_tesla     [  30% ] 2/2 VUs  08.9s/30.0s
cooldown_14_uber      [  30% ] 2/2 VUs  08.9s/30.0s
cooldown_15_zoom      [  30% ] 2/2 VUs  08.9s/30.0s

running (2m40.0s), 30/60 VUs, 1413 complete and 0 interrupted iterations
warmup_01_amazon    ✓ [ 100% ] 0/2 VUs  30s
warmup_02_amd       ✓ [ 100% ] 0/2 VUs  30s
warmup_03_apple     ✓ [ 100% ] 0/2 VUs  30s
warmup_04_azure     ✓ [ 100% ] 0/2 VUs  30s
warmup_05_google    ✓ [ 100% ] 0/2 VUs  30s
warmup_06_meta      ✓ [ 100% ] 0/2 VUs  30s
warmup_07_netflix   ✓ [ 100% ] 0/2 VUs  30s
warmup_08_nvidia    ✓ [ 100% ] 0/2 VUs  30s
warmup_09_paypal    ✓ [ 100% ] 0/2 VUs  30s
warmup_10_reddit    ✓ [ 100% ] 0/2 VUs  30s
warmup_11_slack     ✓ [ 100% ] 0/2 VUs  30s
warmup_12_spotify   ✓ [ 100% ] 0/2 VUs  30s
warmup_13_tesla     ✓ [ 100% ] 0/2 VUs  30s
warmup_14_uber      ✓ [ 100% ] 0/2 VUs  30s
warmup_15_zoom      ✓ [ 100% ] 0/2 VUs  30s
steady_01_amazon    ✓ [ 100% ] 2 VUs    2m0s
steady_02_amd       ✓ [ 100% ] 2 VUs    2m0s
steady_03_apple     ✓ [ 100% ] 2 VUs    2m0s
steady_04_azure     ✓ [ 100% ] 2 VUs    2m0s
steady_05_google    ✓ [ 100% ] 2 VUs    2m0s
steady_06_meta      ✓ [ 100% ] 2 VUs    2m0s
steady_07_netflix   ✓ [ 100% ] 2 VUs    2m0s
steady_08_nvidia    ✓ [ 100% ] 2 VUs    2m0s
steady_09_paypal    ✓ [ 100% ] 2 VUs    2m0s
steady_10_reddit    ✓ [ 100% ] 2 VUs    2m0s
steady_11_slack     ✓ [ 100% ] 2 VUs    2m0s
steady_12_spotify   ✓ [ 100% ] 2 VUs    2m0s
steady_13_tesla     ✓ [ 100% ] 2 VUs    2m0s
steady_14_uber      ✓ [ 100% ] 2 VUs    2m0s
steady_15_zoom      ✓ [ 100% ] 2 VUs    2m0s
cooldown_01_amazon    [  33% ] 2/2 VUs  09.9s/30.0s
cooldown_02_amd       [  33% ] 2/2 VUs  09.9s/30.0s
cooldown_03_apple     [  33% ] 2/2 VUs  09.9s/30.0s
cooldown_04_azure     [  33% ] 2/2 VUs  09.9s/30.0s
cooldown_05_google    [  33% ] 2/2 VUs  09.9s/30.0s
cooldown_06_meta      [  33% ] 2/2 VUs  09.9s/30.0s
cooldown_07_netflix   [  33% ] 2/2 VUs  09.9s/30.0s
cooldown_08_nvidia    [  33% ] 2/2 VUs  09.9s/30.0s
cooldown_09_paypal    [  33% ] 2/2 VUs  09.9s/30.0s
cooldown_10_reddit    [  33% ] 2/2 VUs  09.9s/30.0s
cooldown_11_slack     [  33% ] 2/2 VUs  09.9s/30.0s
cooldown_12_spotify   [  33% ] 2/2 VUs  09.9s/30.0s
cooldown_13_tesla     [  33% ] 2/2 VUs  09.9s/30.0s
cooldown_14_uber      [  33% ] 2/2 VUs  09.9s/30.0s
cooldown_15_zoom      [  33% ] 2/2 VUs  09.9s/30.0s

running (2m41.0s), 30/60 VUs, 1415 complete and 0 interrupted iterations
warmup_01_amazon    ✓ [ 100% ] 0/2 VUs  30s
warmup_02_amd       ✓ [ 100% ] 0/2 VUs  30s
warmup_03_apple     ✓ [ 100% ] 0/2 VUs  30s
warmup_04_azure     ✓ [ 100% ] 0/2 VUs  30s
warmup_05_google    ✓ [ 100% ] 0/2 VUs  30s
warmup_06_meta      ✓ [ 100% ] 0/2 VUs  30s
warmup_07_netflix   ✓ [ 100% ] 0/2 VUs  30s
warmup_08_nvidia    ✓ [ 100% ] 0/2 VUs  30s
warmup_09_paypal    ✓ [ 100% ] 0/2 VUs  30s
warmup_10_reddit    ✓ [ 100% ] 0/2 VUs  30s
warmup_11_slack     ✓ [ 100% ] 0/2 VUs  30s
warmup_12_spotify   ✓ [ 100% ] 0/2 VUs  30s
warmup_13_tesla     ✓ [ 100% ] 0/2 VUs  30s
warmup_14_uber      ✓ [ 100% ] 0/2 VUs  30s
warmup_15_zoom      ✓ [ 100% ] 0/2 VUs  30s
steady_01_amazon    ✓ [ 100% ] 2 VUs    2m0s
steady_02_amd       ✓ [ 100% ] 2 VUs    2m0s
steady_03_apple     ✓ [ 100% ] 2 VUs    2m0s
steady_04_azure     ✓ [ 100% ] 2 VUs    2m0s
steady_05_google    ✓ [ 100% ] 2 VUs    2m0s
steady_06_meta      ✓ [ 100% ] 2 VUs    2m0s
steady_07_netflix   ✓ [ 100% ] 2 VUs    2m0s
steady_08_nvidia    ✓ [ 100% ] 2 VUs    2m0s
steady_09_paypal    ✓ [ 100% ] 2 VUs    2m0s
steady_10_reddit    ✓ [ 100% ] 2 VUs    2m0s
steady_11_slack     ✓ [ 100% ] 2 VUs    2m0s
steady_12_spotify   ✓ [ 100% ] 2 VUs    2m0s
steady_13_tesla     ✓ [ 100% ] 2 VUs    2m0s
steady_14_uber      ✓ [ 100% ] 2 VUs    2m0s
steady_15_zoom      ✓ [ 100% ] 2 VUs    2m0s
cooldown_01_amazon    [  36% ] 2/2 VUs  10.9s/30.0s
cooldown_02_amd       [  36% ] 2/2 VUs  10.9s/30.0s
cooldown_03_apple     [  36% ] 2/2 VUs  10.9s/30.0s
cooldown_04_azure     [  36% ] 2/2 VUs  10.9s/30.0s
cooldown_05_google    [  36% ] 2/2 VUs  10.9s/30.0s
cooldown_06_meta      [  36% ] 2/2 VUs  10.9s/30.0s
cooldown_07_netflix   [  36% ] 2/2 VUs  10.9s/30.0s
cooldown_08_nvidia    [  36% ] 2/2 VUs  10.9s/30.0s
cooldown_09_paypal    [  36% ] 2/2 VUs  10.9s/30.0s
cooldown_10_reddit    [  36% ] 2/2 VUs  10.9s/30.0s
cooldown_11_slack     [  36% ] 2/2 VUs  10.9s/30.0s
cooldown_12_spotify   [  36% ] 2/2 VUs  10.9s/30.0s
cooldown_13_tesla     [  36% ] 2/2 VUs  10.9s/30.0s
cooldown_14_uber      [  36% ] 2/2 VUs  10.9s/30.0s
cooldown_15_zoom      [  36% ] 2/2 VUs  10.9s/30.0s

running (2m42.0s), 30/60 VUs, 1443 complete and 0 interrupted iterations
warmup_01_amazon    ✓ [ 100% ] 0/2 VUs  30s
warmup_02_amd       ✓ [ 100% ] 0/2 VUs  30s
warmup_03_apple     ✓ [ 100% ] 0/2 VUs  30s
warmup_04_azure     ✓ [ 100% ] 0/2 VUs  30s
warmup_05_google    ✓ [ 100% ] 0/2 VUs  30s
warmup_06_meta      ✓ [ 100% ] 0/2 VUs  30s
warmup_07_netflix   ✓ [ 100% ] 0/2 VUs  30s
warmup_08_nvidia    ✓ [ 100% ] 0/2 VUs  30s
warmup_09_paypal    ✓ [ 100% ] 0/2 VUs  30s
warmup_10_reddit    ✓ [ 100% ] 0/2 VUs  30s
warmup_11_slack     ✓ [ 100% ] 0/2 VUs  30s
warmup_12_spotify   ✓ [ 100% ] 0/2 VUs  30s
warmup_13_tesla     ✓ [ 100% ] 0/2 VUs  30s
warmup_14_uber      ✓ [ 100% ] 0/2 VUs  30s
warmup_15_zoom      ✓ [ 100% ] 0/2 VUs  30s
steady_01_amazon    ✓ [ 100% ] 2 VUs    2m0s
steady_02_amd       ✓ [ 100% ] 2 VUs    2m0s
steady_03_apple     ✓ [ 100% ] 2 VUs    2m0s
steady_04_azure     ✓ [ 100% ] 2 VUs    2m0s
steady_05_google    ✓ [ 100% ] 2 VUs    2m0s
steady_06_meta      ✓ [ 100% ] 2 VUs    2m0s
steady_07_netflix   ✓ [ 100% ] 2 VUs    2m0s
steady_08_nvidia    ✓ [ 100% ] 2 VUs    2m0s
steady_09_paypal    ✓ [ 100% ] 2 VUs    2m0s
steady_10_reddit    ✓ [ 100% ] 2 VUs    2m0s
steady_11_slack     ✓ [ 100% ] 2 VUs    2m0s
steady_12_spotify   ✓ [ 100% ] 2 VUs    2m0s
steady_13_tesla     ✓ [ 100% ] 2 VUs    2m0s
steady_14_uber      ✓ [ 100% ] 2 VUs    2m0s
steady_15_zoom      ✓ [ 100% ] 2 VUs    2m0s
cooldown_01_amazon    [  40% ] 2/2 VUs  11.9s/30.0s
cooldown_02_amd       [  40% ] 2/2 VUs  11.9s/30.0s
cooldown_03_apple     [  40% ] 2/2 VUs  11.9s/30.0s
cooldown_04_azure     [  40% ] 2/2 VUs  11.9s/30.0s
cooldown_05_google    [  40% ] 2/2 VUs  11.9s/30.0s
cooldown_06_meta      [  40% ] 2/2 VUs  11.9s/30.0s
cooldown_07_netflix   [  40% ] 2/2 VUs  11.9s/30.0s
cooldown_08_nvidia    [  40% ] 2/2 VUs  11.9s/30.0s
cooldown_09_paypal    [  40% ] 2/2 VUs  11.9s/30.0s
cooldown_10_reddit    [  40% ] 2/2 VUs  11.9s/30.0s
cooldown_11_slack     [  40% ] 2/2 VUs  11.9s/30.0s
cooldown_12_spotify   [  40% ] 2/2 VUs  11.9s/30.0s
cooldown_13_tesla     [  40% ] 2/2 VUs  11.9s/30.0s
cooldown_14_uber      [  40% ] 2/2 VUs  11.9s/30.0s
cooldown_15_zoom      [  40% ] 2/2 VUs  11.9s/30.0s

running (2m43.0s), 30/60 VUs, 1443 complete and 0 interrupted iterations
warmup_01_amazon    ✓ [ 100% ] 0/2 VUs  30s
warmup_02_amd       ✓ [ 100% ] 0/2 VUs  30s
warmup_03_apple     ✓ [ 100% ] 0/2 VUs  30s
warmup_04_azure     ✓ [ 100% ] 0/2 VUs  30s
warmup_05_google    ✓ [ 100% ] 0/2 VUs  30s
warmup_06_meta      ✓ [ 100% ] 0/2 VUs  30s
warmup_07_netflix   ✓ [ 100% ] 0/2 VUs  30s
warmup_08_nvidia    ✓ [ 100% ] 0/2 VUs  30s
warmup_09_paypal    ✓ [ 100% ] 0/2 VUs  30s
warmup_10_reddit    ✓ [ 100% ] 0/2 VUs  30s
warmup_11_slack     ✓ [ 100% ] 0/2 VUs  30s
warmup_12_spotify   ✓ [ 100% ] 0/2 VUs  30s
warmup_13_tesla     ✓ [ 100% ] 0/2 VUs  30s
warmup_14_uber      ✓ [ 100% ] 0/2 VUs  30s
warmup_15_zoom      ✓ [ 100% ] 0/2 VUs  30s
steady_01_amazon    ✓ [ 100% ] 2 VUs    2m0s
steady_02_amd       ✓ [ 100% ] 2 VUs    2m0s
steady_03_apple     ✓ [ 100% ] 2 VUs    2m0s
steady_04_azure     ✓ [ 100% ] 2 VUs    2m0s
steady_05_google    ✓ [ 100% ] 2 VUs    2m0s
steady_06_meta      ✓ [ 100% ] 2 VUs    2m0s
steady_07_netflix   ✓ [ 100% ] 2 VUs    2m0s
steady_08_nvidia    ✓ [ 100% ] 2 VUs    2m0s
steady_09_paypal    ✓ [ 100% ] 2 VUs    2m0s
steady_10_reddit    ✓ [ 100% ] 2 VUs    2m0s
steady_11_slack     ✓ [ 100% ] 2 VUs    2m0s
steady_12_spotify   ✓ [ 100% ] 2 VUs    2m0s
steady_13_tesla     ✓ [ 100% ] 2 VUs    2m0s
steady_14_uber      ✓ [ 100% ] 2 VUs    2m0s
steady_15_zoom      ✓ [ 100% ] 2 VUs    2m0s
cooldown_01_amazon    [  43% ] 2/2 VUs  12.9s/30.0s
cooldown_02_amd       [  43% ] 2/2 VUs  12.9s/30.0s
cooldown_03_apple     [  43% ] 2/2 VUs  12.9s/30.0s
cooldown_04_azure     [  43% ] 2/2 VUs  12.9s/30.0s
cooldown_05_google    [  43% ] 2/2 VUs  12.9s/30.0s
cooldown_06_meta      [  43% ] 2/2 VUs  12.9s/30.0s
cooldown_07_netflix   [  43% ] 2/2 VUs  12.9s/30.0s
cooldown_08_nvidia    [  43% ] 2/2 VUs  12.9s/30.0s
cooldown_09_paypal    [  43% ] 2/2 VUs  12.9s/30.0s
cooldown_10_reddit    [  43% ] 2/2 VUs  12.9s/30.0s
cooldown_11_slack     [  43% ] 2/2 VUs  12.9s/30.0s
cooldown_12_spotify   [  43% ] 2/2 VUs  12.9s/30.0s
cooldown_13_tesla     [  43% ] 2/2 VUs  12.9s/30.0s
cooldown_14_uber      [  43% ] 2/2 VUs  12.9s/30.0s
cooldown_15_zoom      [  43% ] 2/2 VUs  12.9s/30.0s

running (2m44.0s), 30/60 VUs, 1449 complete and 0 interrupted iterations
warmup_01_amazon    ✓ [ 100% ] 0/2 VUs  30s
warmup_02_amd       ✓ [ 100% ] 0/2 VUs  30s
warmup_03_apple     ✓ [ 100% ] 0/2 VUs  30s
warmup_04_azure     ✓ [ 100% ] 0/2 VUs  30s
warmup_05_google    ✓ [ 100% ] 0/2 VUs  30s
warmup_06_meta      ✓ [ 100% ] 0/2 VUs  30s
warmup_07_netflix   ✓ [ 100% ] 0/2 VUs  30s
warmup_08_nvidia    ✓ [ 100% ] 0/2 VUs  30s
warmup_09_paypal    ✓ [ 100% ] 0/2 VUs  30s
warmup_10_reddit    ✓ [ 100% ] 0/2 VUs  30s
warmup_11_slack     ✓ [ 100% ] 0/2 VUs  30s
warmup_12_spotify   ✓ [ 100% ] 0/2 VUs  30s
warmup_13_tesla     ✓ [ 100% ] 0/2 VUs  30s
warmup_14_uber      ✓ [ 100% ] 0/2 VUs  30s
warmup_15_zoom      ✓ [ 100% ] 0/2 VUs  30s
steady_01_amazon    ✓ [ 100% ] 2 VUs    2m0s
steady_02_amd       ✓ [ 100% ] 2 VUs    2m0s
steady_03_apple     ✓ [ 100% ] 2 VUs    2m0s
steady_04_azure     ✓ [ 100% ] 2 VUs    2m0s
steady_05_google    ✓ [ 100% ] 2 VUs    2m0s
steady_06_meta      ✓ [ 100% ] 2 VUs    2m0s
steady_07_netflix   ✓ [ 100% ] 2 VUs    2m0s
steady_08_nvidia    ✓ [ 100% ] 2 VUs    2m0s
steady_09_paypal    ✓ [ 100% ] 2 VUs    2m0s
steady_10_reddit    ✓ [ 100% ] 2 VUs    2m0s
steady_11_slack     ✓ [ 100% ] 2 VUs    2m0s
steady_12_spotify   ✓ [ 100% ] 2 VUs    2m0s
steady_13_tesla     ✓ [ 100% ] 2 VUs    2m0s
steady_14_uber      ✓ [ 100% ] 2 VUs    2m0s
steady_15_zoom      ✓ [ 100% ] 2 VUs    2m0s
cooldown_01_amazon    [  46% ] 2/2 VUs  13.9s/30.0s
cooldown_02_amd       [  46% ] 2/2 VUs  13.9s/30.0s
cooldown_03_apple     [  46% ] 2/2 VUs  13.9s/30.0s
cooldown_04_azure     [  46% ] 2/2 VUs  13.9s/30.0s
cooldown_05_google    [  46% ] 2/2 VUs  13.9s/30.0s
cooldown_06_meta      [  46% ] 2/2 VUs  13.9s/30.0s
cooldown_07_netflix   [  46% ] 2/2 VUs  13.9s/30.0s
cooldown_08_nvidia    [  46% ] 2/2 VUs  13.9s/30.0s
cooldown_09_paypal    [  46% ] 2/2 VUs  13.9s/30.0s
cooldown_10_reddit    [  46% ] 2/2 VUs  13.9s/30.0s
cooldown_11_slack     [  46% ] 2/2 VUs  13.9s/30.0s
cooldown_12_spotify   [  46% ] 2/2 VUs  13.9s/30.0s
cooldown_13_tesla     [  46% ] 2/2 VUs  13.9s/30.0s
cooldown_14_uber      [  46% ] 2/2 VUs  13.9s/30.0s
cooldown_15_zoom      [  46% ] 2/2 VUs  13.9s/30.0s

running (2m45.0s), 30/60 VUs, 1473 complete and 0 interrupted iterations
warmup_01_amazon    ✓ [ 100% ] 0/2 VUs  30s
warmup_02_amd       ✓ [ 100% ] 0/2 VUs  30s
warmup_03_apple     ✓ [ 100% ] 0/2 VUs  30s
warmup_04_azure     ✓ [ 100% ] 0/2 VUs  30s
warmup_05_google    ✓ [ 100% ] 0/2 VUs  30s
warmup_06_meta      ✓ [ 100% ] 0/2 VUs  30s
warmup_07_netflix   ✓ [ 100% ] 0/2 VUs  30s
warmup_08_nvidia    ✓ [ 100% ] 0/2 VUs  30s
warmup_09_paypal    ✓ [ 100% ] 0/2 VUs  30s
warmup_10_reddit    ✓ [ 100% ] 0/2 VUs  30s
warmup_11_slack     ✓ [ 100% ] 0/2 VUs  30s
warmup_12_spotify   ✓ [ 100% ] 0/2 VUs  30s
warmup_13_tesla     ✓ [ 100% ] 0/2 VUs  30s
warmup_14_uber      ✓ [ 100% ] 0/2 VUs  30s
warmup_15_zoom      ✓ [ 100% ] 0/2 VUs  30s
steady_01_amazon    ✓ [ 100% ] 2 VUs    2m0s
steady_02_amd       ✓ [ 100% ] 2 VUs    2m0s
steady_03_apple     ✓ [ 100% ] 2 VUs    2m0s
steady_04_azure     ✓ [ 100% ] 2 VUs    2m0s
steady_05_google    ✓ [ 100% ] 2 VUs    2m0s
steady_06_meta      ✓ [ 100% ] 2 VUs    2m0s
steady_07_netflix   ✓ [ 100% ] 2 VUs    2m0s
steady_08_nvidia    ✓ [ 100% ] 2 VUs    2m0s
steady_09_paypal    ✓ [ 100% ] 2 VUs    2m0s
steady_10_reddit    ✓ [ 100% ] 2 VUs    2m0s
steady_11_slack     ✓ [ 100% ] 2 VUs    2m0s
steady_12_spotify   ✓ [ 100% ] 2 VUs    2m0s
steady_13_tesla     ✓ [ 100% ] 2 VUs    2m0s
steady_14_uber      ✓ [ 100% ] 2 VUs    2m0s
steady_15_zoom      ✓ [ 100% ] 2 VUs    2m0s
cooldown_01_amazon    [  50% ] 2/2 VUs  14.9s/30.0s
cooldown_02_amd       [  50% ] 2/2 VUs  14.9s/30.0s
cooldown_03_apple     [  50% ] 2/2 VUs  14.9s/30.0s
cooldown_04_azure     [  50% ] 2/2 VUs  14.9s/30.0s
cooldown_05_google    [  50% ] 2/2 VUs  14.9s/30.0s
cooldown_06_meta      [  50% ] 2/2 VUs  14.9s/30.0s
cooldown_07_netflix   [  50% ] 2/2 VUs  14.9s/30.0s
cooldown_08_nvidia    [  50% ] 2/2 VUs  14.9s/30.0s
cooldown_09_paypal    [  50% ] 2/2 VUs  14.9s/30.0s
cooldown_10_reddit    [  50% ] 2/2 VUs  14.9s/30.0s
cooldown_11_slack     [  50% ] 2/2 VUs  14.9s/30.0s
cooldown_12_spotify   [  50% ] 2/2 VUs  14.9s/30.0s
cooldown_13_tesla     [  50% ] 2/2 VUs  14.9s/30.0s
cooldown_14_uber      [  50% ] 2/2 VUs  14.9s/30.0s
cooldown_15_zoom      [  50% ] 2/2 VUs  14.9s/30.0s

running (2m46.0s), 30/60 VUs, 1473 complete and 0 interrupted iterations
warmup_01_amazon    ✓ [ 100% ] 0/2 VUs  30s
warmup_02_amd       ✓ [ 100% ] 0/2 VUs  30s
warmup_03_apple     ✓ [ 100% ] 0/2 VUs  30s
warmup_04_azure     ✓ [ 100% ] 0/2 VUs  30s
warmup_05_google    ✓ [ 100% ] 0/2 VUs  30s
warmup_06_meta      ✓ [ 100% ] 0/2 VUs  30s
warmup_07_netflix   ✓ [ 100% ] 0/2 VUs  30s
warmup_08_nvidia    ✓ [ 100% ] 0/2 VUs  30s
warmup_09_paypal    ✓ [ 100% ] 0/2 VUs  30s
warmup_10_reddit    ✓ [ 100% ] 0/2 VUs  30s
warmup_11_slack     ✓ [ 100% ] 0/2 VUs  30s
warmup_12_spotify   ✓ [ 100% ] 0/2 VUs  30s
warmup_13_tesla     ✓ [ 100% ] 0/2 VUs  30s
warmup_14_uber      ✓ [ 100% ] 0/2 VUs  30s
warmup_15_zoom      ✓ [ 100% ] 0/2 VUs  30s
steady_01_amazon    ✓ [ 100% ] 2 VUs    2m0s
steady_02_amd       ✓ [ 100% ] 2 VUs    2m0s
steady_03_apple     ✓ [ 100% ] 2 VUs    2m0s
steady_04_azure     ✓ [ 100% ] 2 VUs    2m0s
steady_05_google    ✓ [ 100% ] 2 VUs    2m0s
steady_06_meta      ✓ [ 100% ] 2 VUs    2m0s
steady_07_netflix   ✓ [ 100% ] 2 VUs    2m0s
steady_08_nvidia    ✓ [ 100% ] 2 VUs    2m0s
steady_09_paypal    ✓ [ 100% ] 2 VUs    2m0s
steady_10_reddit    ✓ [ 100% ] 2 VUs    2m0s
steady_11_slack     ✓ [ 100% ] 2 VUs    2m0s
steady_12_spotify   ✓ [ 100% ] 2 VUs    2m0s
steady_13_tesla     ✓ [ 100% ] 2 VUs    2m0s
steady_14_uber      ✓ [ 100% ] 2 VUs    2m0s
steady_15_zoom      ✓ [ 100% ] 2 VUs    2m0s
cooldown_01_amazon    [  53% ] 2/2 VUs  15.9s/30.0s
cooldown_02_amd       [  53% ] 2/2 VUs  15.9s/30.0s
cooldown_03_apple     [  53% ] 2/2 VUs  15.9s/30.0s
cooldown_04_azure     [  53% ] 2/2 VUs  15.9s/30.0s
cooldown_05_google    [  53% ] 2/2 VUs  15.9s/30.0s
cooldown_06_meta      [  53% ] 2/2 VUs  15.9s/30.0s
cooldown_07_netflix   [  53% ] 2/2 VUs  15.9s/30.0s
cooldown_08_nvidia    [  53% ] 2/2 VUs  15.9s/30.0s
cooldown_09_paypal    [  53% ] 2/2 VUs  15.9s/30.0s
cooldown_10_reddit    [  53% ] 2/2 VUs  15.9s/30.0s
cooldown_11_slack     [  53% ] 2/2 VUs  15.9s/30.0s
cooldown_12_spotify   [  53% ] 2/2 VUs  15.9s/30.0s
cooldown_13_tesla     [  53% ] 2/2 VUs  15.9s/30.0s
cooldown_14_uber      [  53% ] 2/2 VUs  15.9s/30.0s
cooldown_15_zoom      [  53% ] 2/2 VUs  15.9s/30.0s

running (2m47.0s), 21/60 VUs, 1490 complete and 0 interrupted iterations
warmup_01_amazon    ✓ [ 100% ] 0/2 VUs  30s
warmup_02_amd       ✓ [ 100% ] 0/2 VUs  30s
warmup_03_apple     ✓ [ 100% ] 0/2 VUs  30s
warmup_04_azure     ✓ [ 100% ] 0/2 VUs  30s
warmup_05_google    ✓ [ 100% ] 0/2 VUs  30s
warmup_06_meta      ✓ [ 100% ] 0/2 VUs  30s
warmup_07_netflix   ✓ [ 100% ] 0/2 VUs  30s
warmup_08_nvidia    ✓ [ 100% ] 0/2 VUs  30s
warmup_09_paypal    ✓ [ 100% ] 0/2 VUs  30s
warmup_10_reddit    ✓ [ 100% ] 0/2 VUs  30s
warmup_11_slack     ✓ [ 100% ] 0/2 VUs  30s
warmup_12_spotify   ✓ [ 100% ] 0/2 VUs  30s
warmup_13_tesla     ✓ [ 100% ] 0/2 VUs  30s
warmup_14_uber      ✓ [ 100% ] 0/2 VUs  30s
warmup_15_zoom      ✓ [ 100% ] 0/2 VUs  30s
steady_01_amazon    ✓ [ 100% ] 2 VUs    2m0s
steady_02_amd       ✓ [ 100% ] 2 VUs    2m0s
steady_03_apple     ✓ [ 100% ] 2 VUs    2m0s
steady_04_azure     ✓ [ 100% ] 2 VUs    2m0s
steady_05_google    ✓ [ 100% ] 2 VUs    2m0s
steady_06_meta      ✓ [ 100% ] 2 VUs    2m0s
steady_07_netflix   ✓ [ 100% ] 2 VUs    2m0s
steady_08_nvidia    ✓ [ 100% ] 2 VUs    2m0s
steady_09_paypal    ✓ [ 100% ] 2 VUs    2m0s
steady_10_reddit    ✓ [ 100% ] 2 VUs    2m0s
steady_11_slack     ✓ [ 100% ] 2 VUs    2m0s
steady_12_spotify   ✓ [ 100% ] 2 VUs    2m0s
steady_13_tesla     ✓ [ 100% ] 2 VUs    2m0s
steady_14_uber      ✓ [ 100% ] 2 VUs    2m0s
steady_15_zoom      ✓ [ 100% ] 2 VUs    2m0s
cooldown_01_amazon    [  56% ] 1/2 VUs  16.9s/30.0s
cooldown_02_amd       [  56% ] 1/2 VUs  16.9s/30.0s
cooldown_03_apple     [  56% ] 2/2 VUs  16.9s/30.0s
cooldown_04_azure     [  56% ] 1/2 VUs  16.9s/30.0s
cooldown_05_google    [  56% ] 1/2 VUs  16.9s/30.0s
cooldown_06_meta      [  56% ] 1/2 VUs  16.9s/30.0s
cooldown_07_netflix   [  56% ] 2/2 VUs  16.9s/30.0s
cooldown_08_nvidia    [  56% ] 1/2 VUs  16.9s/30.0s
cooldown_09_paypal    [  56% ] 2/2 VUs  16.9s/30.0s
cooldown_10_reddit    [  56% ] 2/2 VUs  16.9s/30.0s
cooldown_11_slack     [  56% ] 1/2 VUs  16.9s/30.0s
cooldown_12_spotify   [  56% ] 2/2 VUs  16.9s/30.0s
cooldown_13_tesla     [  56% ] 1/2 VUs  16.9s/30.0s
cooldown_14_uber      [  56% ] 2/2 VUs  16.9s/30.0s
cooldown_15_zoom      [  56% ] 1/2 VUs  16.9s/30.0s

running (2m48.0s), 15/60 VUs, 1503 complete and 0 interrupted iterations
warmup_01_amazon    ✓ [ 100% ] 0/2 VUs  30s
warmup_02_amd       ✓ [ 100% ] 0/2 VUs  30s
warmup_03_apple     ✓ [ 100% ] 0/2 VUs  30s
warmup_04_azure     ✓ [ 100% ] 0/2 VUs  30s
warmup_05_google    ✓ [ 100% ] 0/2 VUs  30s
warmup_06_meta      ✓ [ 100% ] 0/2 VUs  30s
warmup_07_netflix   ✓ [ 100% ] 0/2 VUs  30s
warmup_08_nvidia    ✓ [ 100% ] 0/2 VUs  30s
warmup_09_paypal    ✓ [ 100% ] 0/2 VUs  30s
warmup_10_reddit    ✓ [ 100% ] 0/2 VUs  30s
warmup_11_slack     ✓ [ 100% ] 0/2 VUs  30s
warmup_12_spotify   ✓ [ 100% ] 0/2 VUs  30s
warmup_13_tesla     ✓ [ 100% ] 0/2 VUs  30s
warmup_14_uber      ✓ [ 100% ] 0/2 VUs  30s
warmup_15_zoom      ✓ [ 100% ] 0/2 VUs  30s
steady_01_amazon    ✓ [ 100% ] 2 VUs    2m0s
steady_02_amd       ✓ [ 100% ] 2 VUs    2m0s
steady_03_apple     ✓ [ 100% ] 2 VUs    2m0s
steady_04_azure     ✓ [ 100% ] 2 VUs    2m0s
steady_05_google    ✓ [ 100% ] 2 VUs    2m0s
steady_06_meta      ✓ [ 100% ] 2 VUs    2m0s
steady_07_netflix   ✓ [ 100% ] 2 VUs    2m0s
steady_08_nvidia    ✓ [ 100% ] 2 VUs    2m0s
steady_09_paypal    ✓ [ 100% ] 2 VUs    2m0s
steady_10_reddit    ✓ [ 100% ] 2 VUs    2m0s
steady_11_slack     ✓ [ 100% ] 2 VUs    2m0s
steady_12_spotify   ✓ [ 100% ] 2 VUs    2m0s
steady_13_tesla     ✓ [ 100% ] 2 VUs    2m0s
steady_14_uber      ✓ [ 100% ] 2 VUs    2m0s
steady_15_zoom      ✓ [ 100% ] 2 VUs    2m0s
cooldown_01_amazon    [  60% ] 1/2 VUs  17.9s/30.0s
cooldown_02_amd       [  60% ] 1/2 VUs  17.9s/30.0s
cooldown_03_apple     [  60% ] 1/2 VUs  17.9s/30.0s
cooldown_04_azure     [  60% ] 1/2 VUs  17.9s/30.0s
cooldown_05_google    [  60% ] 1/2 VUs  17.9s/30.0s
cooldown_06_meta      [  60% ] 1/2 VUs  17.9s/30.0s
cooldown_07_netflix   [  60% ] 1/2 VUs  17.9s/30.0s
cooldown_08_nvidia    [  60% ] 1/2 VUs  17.9s/30.0s
cooldown_09_paypal    [  60% ] 1/2 VUs  17.9s/30.0s
cooldown_10_reddit    [  60% ] 1/2 VUs  17.9s/30.0s
cooldown_11_slack     [  60% ] 1/2 VUs  17.9s/30.0s
cooldown_12_spotify   [  60% ] 1/2 VUs  17.9s/30.0s
cooldown_13_tesla     [  60% ] 1/2 VUs  17.9s/30.0s
cooldown_14_uber      [  60% ] 1/2 VUs  17.9s/30.0s
cooldown_15_zoom      [  60% ] 1/2 VUs  17.9s/30.0s

running (2m49.0s), 15/60 VUs, 1519 complete and 0 interrupted iterations
warmup_01_amazon    ✓ [ 100% ] 0/2 VUs  30s
warmup_02_amd       ✓ [ 100% ] 0/2 VUs  30s
warmup_03_apple     ✓ [ 100% ] 0/2 VUs  30s
warmup_04_azure     ✓ [ 100% ] 0/2 VUs  30s
warmup_05_google    ✓ [ 100% ] 0/2 VUs  30s
warmup_06_meta      ✓ [ 100% ] 0/2 VUs  30s
warmup_07_netflix   ✓ [ 100% ] 0/2 VUs  30s
warmup_08_nvidia    ✓ [ 100% ] 0/2 VUs  30s
warmup_09_paypal    ✓ [ 100% ] 0/2 VUs  30s
warmup_10_reddit    ✓ [ 100% ] 0/2 VUs  30s
warmup_11_slack     ✓ [ 100% ] 0/2 VUs  30s
warmup_12_spotify   ✓ [ 100% ] 0/2 VUs  30s
warmup_13_tesla     ✓ [ 100% ] 0/2 VUs  30s
warmup_14_uber      ✓ [ 100% ] 0/2 VUs  30s
warmup_15_zoom      ✓ [ 100% ] 0/2 VUs  30s
steady_01_amazon    ✓ [ 100% ] 2 VUs    2m0s
steady_02_amd       ✓ [ 100% ] 2 VUs    2m0s
steady_03_apple     ✓ [ 100% ] 2 VUs    2m0s
steady_04_azure     ✓ [ 100% ] 2 VUs    2m0s
steady_05_google    ✓ [ 100% ] 2 VUs    2m0s
steady_06_meta      ✓ [ 100% ] 2 VUs    2m0s
steady_07_netflix   ✓ [ 100% ] 2 VUs    2m0s
steady_08_nvidia    ✓ [ 100% ] 2 VUs    2m0s
steady_09_paypal    ✓ [ 100% ] 2 VUs    2m0s
steady_10_reddit    ✓ [ 100% ] 2 VUs    2m0s
steady_11_slack     ✓ [ 100% ] 2 VUs    2m0s
steady_12_spotify   ✓ [ 100% ] 2 VUs    2m0s
steady_13_tesla     ✓ [ 100% ] 2 VUs    2m0s
steady_14_uber      ✓ [ 100% ] 2 VUs    2m0s
steady_15_zoom      ✓ [ 100% ] 2 VUs    2m0s
cooldown_01_amazon    [  63% ] 1/2 VUs  18.9s/30.0s
cooldown_02_amd       [  63% ] 1/2 VUs  18.9s/30.0s
cooldown_03_apple     [  63% ] 1/2 VUs  18.9s/30.0s
cooldown_04_azure     [  63% ] 1/2 VUs  18.9s/30.0s
cooldown_05_google    [  63% ] 1/2 VUs  18.9s/30.0s
cooldown_06_meta      [  63% ] 1/2 VUs  18.9s/30.0s
cooldown_07_netflix   [  63% ] 1/2 VUs  18.9s/30.0s
cooldown_08_nvidia    [  63% ] 1/2 VUs  18.9s/30.0s
cooldown_09_paypal    [  63% ] 1/2 VUs  18.9s/30.0s
cooldown_10_reddit    [  63% ] 1/2 VUs  18.9s/30.0s
cooldown_11_slack     [  63% ] 1/2 VUs  18.9s/30.0s
cooldown_12_spotify   [  63% ] 1/2 VUs  18.9s/30.0s
cooldown_13_tesla     [  63% ] 1/2 VUs  18.9s/30.0s
cooldown_14_uber      [  63% ] 1/2 VUs  18.9s/30.0s
cooldown_15_zoom      [  63% ] 1/2 VUs  18.9s/30.0s

running (2m50.0s), 15/60 VUs, 1519 complete and 0 interrupted iterations
warmup_01_amazon    ✓ [ 100% ] 0/2 VUs  30s
warmup_02_amd       ✓ [ 100% ] 0/2 VUs  30s
warmup_03_apple     ✓ [ 100% ] 0/2 VUs  30s
warmup_04_azure     ✓ [ 100% ] 0/2 VUs  30s
warmup_05_google    ✓ [ 100% ] 0/2 VUs  30s
warmup_06_meta      ✓ [ 100% ] 0/2 VUs  30s
warmup_07_netflix   ✓ [ 100% ] 0/2 VUs  30s
warmup_08_nvidia    ✓ [ 100% ] 0/2 VUs  30s
warmup_09_paypal    ✓ [ 100% ] 0/2 VUs  30s
warmup_10_reddit    ✓ [ 100% ] 0/2 VUs  30s
warmup_11_slack     ✓ [ 100% ] 0/2 VUs  30s
warmup_12_spotify   ✓ [ 100% ] 0/2 VUs  30s
warmup_13_tesla     ✓ [ 100% ] 0/2 VUs  30s
warmup_14_uber      ✓ [ 100% ] 0/2 VUs  30s
warmup_15_zoom      ✓ [ 100% ] 0/2 VUs  30s
steady_01_amazon    ✓ [ 100% ] 2 VUs    2m0s
steady_02_amd       ✓ [ 100% ] 2 VUs    2m0s
steady_03_apple     ✓ [ 100% ] 2 VUs    2m0s
steady_04_azure     ✓ [ 100% ] 2 VUs    2m0s
steady_05_google    ✓ [ 100% ] 2 VUs    2m0s
steady_06_meta      ✓ [ 100% ] 2 VUs    2m0s
steady_07_netflix   ✓ [ 100% ] 2 VUs    2m0s
steady_08_nvidia    ✓ [ 100% ] 2 VUs    2m0s
steady_09_paypal    ✓ [ 100% ] 2 VUs    2m0s
steady_10_reddit    ✓ [ 100% ] 2 VUs    2m0s
steady_11_slack     ✓ [ 100% ] 2 VUs    2m0s
steady_12_spotify   ✓ [ 100% ] 2 VUs    2m0s
steady_13_tesla     ✓ [ 100% ] 2 VUs    2m0s
steady_14_uber      ✓ [ 100% ] 2 VUs    2m0s
steady_15_zoom      ✓ [ 100% ] 2 VUs    2m0s
cooldown_01_amazon    [  66% ] 1/2 VUs  19.9s/30.0s
cooldown_02_amd       [  66% ] 1/2 VUs  19.9s/30.0s
cooldown_03_apple     [  66% ] 1/2 VUs  19.9s/30.0s
cooldown_04_azure     [  66% ] 1/2 VUs  19.9s/30.0s
cooldown_05_google    [  66% ] 1/2 VUs  19.9s/30.0s
cooldown_06_meta      [  66% ] 1/2 VUs  19.9s/30.0s
cooldown_07_netflix   [  66% ] 1/2 VUs  19.9s/30.0s
cooldown_08_nvidia    [  66% ] 1/2 VUs  19.9s/30.0s
cooldown_09_paypal    [  66% ] 1/2 VUs  19.9s/30.0s
cooldown_10_reddit    [  66% ] 1/2 VUs  19.9s/30.0s
cooldown_11_slack     [  66% ] 1/2 VUs  19.9s/30.0s
cooldown_12_spotify   [  66% ] 1/2 VUs  19.9s/30.0s
cooldown_13_tesla     [  66% ] 1/2 VUs  19.9s/30.0s
cooldown_14_uber      [  66% ] 1/2 VUs  19.9s/30.0s
cooldown_15_zoom      [  66% ] 1/2 VUs  19.9s/30.0s

running (2m51.0s), 15/60 VUs, 1534 complete and 0 interrupted iterations
warmup_01_amazon    ✓ [ 100% ] 0/2 VUs  30s
warmup_02_amd       ✓ [ 100% ] 0/2 VUs  30s
warmup_03_apple     ✓ [ 100% ] 0/2 VUs  30s
warmup_04_azure     ✓ [ 100% ] 0/2 VUs  30s
warmup_05_google    ✓ [ 100% ] 0/2 VUs  30s
warmup_06_meta      ✓ [ 100% ] 0/2 VUs  30s
warmup_07_netflix   ✓ [ 100% ] 0/2 VUs  30s
warmup_08_nvidia    ✓ [ 100% ] 0/2 VUs  30s
warmup_09_paypal    ✓ [ 100% ] 0/2 VUs  30s
warmup_10_reddit    ✓ [ 100% ] 0/2 VUs  30s
warmup_11_slack     ✓ [ 100% ] 0/2 VUs  30s
warmup_12_spotify   ✓ [ 100% ] 0/2 VUs  30s
warmup_13_tesla     ✓ [ 100% ] 0/2 VUs  30s
warmup_14_uber      ✓ [ 100% ] 0/2 VUs  30s
warmup_15_zoom      ✓ [ 100% ] 0/2 VUs  30s
steady_01_amazon    ✓ [ 100% ] 2 VUs    2m0s
steady_02_amd       ✓ [ 100% ] 2 VUs    2m0s
steady_03_apple     ✓ [ 100% ] 2 VUs    2m0s
steady_04_azure     ✓ [ 100% ] 2 VUs    2m0s
steady_05_google    ✓ [ 100% ] 2 VUs    2m0s
steady_06_meta      ✓ [ 100% ] 2 VUs    2m0s
steady_07_netflix   ✓ [ 100% ] 2 VUs    2m0s
steady_08_nvidia    ✓ [ 100% ] 2 VUs    2m0s
steady_09_paypal    ✓ [ 100% ] 2 VUs    2m0s
steady_10_reddit    ✓ [ 100% ] 2 VUs    2m0s
steady_11_slack     ✓ [ 100% ] 2 VUs    2m0s
steady_12_spotify   ✓ [ 100% ] 2 VUs    2m0s
steady_13_tesla     ✓ [ 100% ] 2 VUs    2m0s
steady_14_uber      ✓ [ 100% ] 2 VUs    2m0s
steady_15_zoom      ✓ [ 100% ] 2 VUs    2m0s
cooldown_01_amazon    [  70% ] 1/2 VUs  20.9s/30.0s
cooldown_02_amd       [  70% ] 1/2 VUs  20.9s/30.0s
cooldown_03_apple     [  70% ] 1/2 VUs  20.9s/30.0s
cooldown_04_azure     [  70% ] 1/2 VUs  20.9s/30.0s
cooldown_05_google    [  70% ] 1/2 VUs  20.9s/30.0s
cooldown_06_meta      [  70% ] 1/2 VUs  20.9s/30.0s
cooldown_07_netflix   [  70% ] 1/2 VUs  20.9s/30.0s
cooldown_08_nvidia    [  70% ] 1/2 VUs  20.9s/30.0s
cooldown_09_paypal    [  70% ] 1/2 VUs  20.9s/30.0s
cooldown_10_reddit    [  70% ] 1/2 VUs  20.9s/30.0s
cooldown_11_slack     [  70% ] 1/2 VUs  20.9s/30.0s
cooldown_12_spotify   [  70% ] 1/2 VUs  20.9s/30.0s
cooldown_13_tesla     [  70% ] 1/2 VUs  20.9s/30.0s
cooldown_14_uber      [  70% ] 1/2 VUs  20.9s/30.0s
cooldown_15_zoom      [  70% ] 1/2 VUs  20.9s/30.0s

running (2m52.0s), 15/60 VUs, 1549 complete and 0 interrupted iterations
warmup_01_amazon    ✓ [ 100% ] 0/2 VUs  30s
warmup_02_amd       ✓ [ 100% ] 0/2 VUs  30s
warmup_03_apple     ✓ [ 100% ] 0/2 VUs  30s
warmup_04_azure     ✓ [ 100% ] 0/2 VUs  30s
warmup_05_google    ✓ [ 100% ] 0/2 VUs  30s
warmup_06_meta      ✓ [ 100% ] 0/2 VUs  30s
warmup_07_netflix   ✓ [ 100% ] 0/2 VUs  30s
warmup_08_nvidia    ✓ [ 100% ] 0/2 VUs  30s
warmup_09_paypal    ✓ [ 100% ] 0/2 VUs  30s
warmup_10_reddit    ✓ [ 100% ] 0/2 VUs  30s
warmup_11_slack     ✓ [ 100% ] 0/2 VUs  30s
warmup_12_spotify   ✓ [ 100% ] 0/2 VUs  30s
warmup_13_tesla     ✓ [ 100% ] 0/2 VUs  30s
warmup_14_uber      ✓ [ 100% ] 0/2 VUs  30s
warmup_15_zoom      ✓ [ 100% ] 0/2 VUs  30s
steady_01_amazon    ✓ [ 100% ] 2 VUs    2m0s
steady_02_amd       ✓ [ 100% ] 2 VUs    2m0s
steady_03_apple     ✓ [ 100% ] 2 VUs    2m0s
steady_04_azure     ✓ [ 100% ] 2 VUs    2m0s
steady_05_google    ✓ [ 100% ] 2 VUs    2m0s
steady_06_meta      ✓ [ 100% ] 2 VUs    2m0s
steady_07_netflix   ✓ [ 100% ] 2 VUs    2m0s
steady_08_nvidia    ✓ [ 100% ] 2 VUs    2m0s
steady_09_paypal    ✓ [ 100% ] 2 VUs    2m0s
steady_10_reddit    ✓ [ 100% ] 2 VUs    2m0s
steady_11_slack     ✓ [ 100% ] 2 VUs    2m0s
steady_12_spotify   ✓ [ 100% ] 2 VUs    2m0s
steady_13_tesla     ✓ [ 100% ] 2 VUs    2m0s
steady_14_uber      ✓ [ 100% ] 2 VUs    2m0s
steady_15_zoom      ✓ [ 100% ] 2 VUs    2m0s
cooldown_01_amazon    [  73% ] 1/2 VUs  21.9s/30.0s
cooldown_02_amd       [  73% ] 1/2 VUs  21.9s/30.0s
cooldown_03_apple     [  73% ] 1/2 VUs  21.9s/30.0s
cooldown_04_azure     [  73% ] 1/2 VUs  21.9s/30.0s
cooldown_05_google    [  73% ] 1/2 VUs  21.9s/30.0s
cooldown_06_meta      [  73% ] 1/2 VUs  21.9s/30.0s
cooldown_07_netflix   [  73% ] 1/2 VUs  21.9s/30.0s
cooldown_08_nvidia    [  73% ] 1/2 VUs  21.9s/30.0s
cooldown_09_paypal    [  73% ] 1/2 VUs  21.9s/30.0s
cooldown_10_reddit    [  73% ] 1/2 VUs  21.9s/30.0s
cooldown_11_slack     [  73% ] 1/2 VUs  21.9s/30.0s
cooldown_12_spotify   [  73% ] 1/2 VUs  21.9s/30.0s
cooldown_13_tesla     [  73% ] 1/2 VUs  21.9s/30.0s
cooldown_14_uber      [  73% ] 1/2 VUs  21.9s/30.0s
cooldown_15_zoom      [  73% ] 1/2 VUs  21.9s/30.0s

running (2m53.0s), 15/60 VUs, 1549 complete and 0 interrupted iterations
warmup_01_amazon    ✓ [ 100% ] 0/2 VUs  30s
warmup_02_amd       ✓ [ 100% ] 0/2 VUs  30s
warmup_03_apple     ✓ [ 100% ] 0/2 VUs  30s
warmup_04_azure     ✓ [ 100% ] 0/2 VUs  30s
warmup_05_google    ✓ [ 100% ] 0/2 VUs  30s
warmup_06_meta      ✓ [ 100% ] 0/2 VUs  30s
warmup_07_netflix   ✓ [ 100% ] 0/2 VUs  30s
warmup_08_nvidia    ✓ [ 100% ] 0/2 VUs  30s
warmup_09_paypal    ✓ [ 100% ] 0/2 VUs  30s
warmup_10_reddit    ✓ [ 100% ] 0/2 VUs  30s
warmup_11_slack     ✓ [ 100% ] 0/2 VUs  30s
warmup_12_spotify   ✓ [ 100% ] 0/2 VUs  30s
warmup_13_tesla     ✓ [ 100% ] 0/2 VUs  30s
warmup_14_uber      ✓ [ 100% ] 0/2 VUs  30s
warmup_15_zoom      ✓ [ 100% ] 0/2 VUs  30s
steady_01_amazon    ✓ [ 100% ] 2 VUs    2m0s
steady_02_amd       ✓ [ 100% ] 2 VUs    2m0s
steady_03_apple     ✓ [ 100% ] 2 VUs    2m0s
steady_04_azure     ✓ [ 100% ] 2 VUs    2m0s
steady_05_google    ✓ [ 100% ] 2 VUs    2m0s
steady_06_meta      ✓ [ 100% ] 2 VUs    2m0s
steady_07_netflix   ✓ [ 100% ] 2 VUs    2m0s
steady_08_nvidia    ✓ [ 100% ] 2 VUs    2m0s
steady_09_paypal    ✓ [ 100% ] 2 VUs    2m0s
steady_10_reddit    ✓ [ 100% ] 2 VUs    2m0s
steady_11_slack     ✓ [ 100% ] 2 VUs    2m0s
steady_12_spotify   ✓ [ 100% ] 2 VUs    2m0s
steady_13_tesla     ✓ [ 100% ] 2 VUs    2m0s
steady_14_uber      ✓ [ 100% ] 2 VUs    2m0s
steady_15_zoom      ✓ [ 100% ] 2 VUs    2m0s
cooldown_01_amazon    [  76% ] 1/2 VUs  22.9s/30.0s
cooldown_02_amd       [  76% ] 1/2 VUs  22.9s/30.0s
cooldown_03_apple     [  76% ] 1/2 VUs  22.9s/30.0s
cooldown_04_azure     [  76% ] 1/2 VUs  22.9s/30.0s
cooldown_05_google    [  76% ] 1/2 VUs  22.9s/30.0s
cooldown_06_meta      [  76% ] 1/2 VUs  22.9s/30.0s
cooldown_07_netflix   [  76% ] 1/2 VUs  22.9s/30.0s
cooldown_08_nvidia    [  76% ] 1/2 VUs  22.9s/30.0s
cooldown_09_paypal    [  76% ] 1/2 VUs  22.9s/30.0s
cooldown_10_reddit    [  76% ] 1/2 VUs  22.9s/30.0s
cooldown_11_slack     [  76% ] 1/2 VUs  22.9s/30.0s
cooldown_12_spotify   [  76% ] 1/2 VUs  22.9s/30.0s
cooldown_13_tesla     [  76% ] 1/2 VUs  22.9s/30.0s
cooldown_14_uber      [  76% ] 1/2 VUs  22.9s/30.0s
cooldown_15_zoom      [  76% ] 1/2 VUs  22.9s/30.0s

running (2m54.0s), 15/60 VUs, 1564 complete and 0 interrupted iterations
warmup_01_amazon    ✓ [ 100% ] 0/2 VUs  30s
warmup_02_amd       ✓ [ 100% ] 0/2 VUs  30s
warmup_03_apple     ✓ [ 100% ] 0/2 VUs  30s
warmup_04_azure     ✓ [ 100% ] 0/2 VUs  30s
warmup_05_google    ✓ [ 100% ] 0/2 VUs  30s
warmup_06_meta      ✓ [ 100% ] 0/2 VUs  30s
warmup_07_netflix   ✓ [ 100% ] 0/2 VUs  30s
warmup_08_nvidia    ✓ [ 100% ] 0/2 VUs  30s
warmup_09_paypal    ✓ [ 100% ] 0/2 VUs  30s
warmup_10_reddit    ✓ [ 100% ] 0/2 VUs  30s
warmup_11_slack     ✓ [ 100% ] 0/2 VUs  30s
warmup_12_spotify   ✓ [ 100% ] 0/2 VUs  30s
warmup_13_tesla     ✓ [ 100% ] 0/2 VUs  30s
warmup_14_uber      ✓ [ 100% ] 0/2 VUs  30s
warmup_15_zoom      ✓ [ 100% ] 0/2 VUs  30s
steady_01_amazon    ✓ [ 100% ] 2 VUs    2m0s
steady_02_amd       ✓ [ 100% ] 2 VUs    2m0s
steady_03_apple     ✓ [ 100% ] 2 VUs    2m0s
steady_04_azure     ✓ [ 100% ] 2 VUs    2m0s
steady_05_google    ✓ [ 100% ] 2 VUs    2m0s
steady_06_meta      ✓ [ 100% ] 2 VUs    2m0s
steady_07_netflix   ✓ [ 100% ] 2 VUs    2m0s
steady_08_nvidia    ✓ [ 100% ] 2 VUs    2m0s
steady_09_paypal    ✓ [ 100% ] 2 VUs    2m0s
steady_10_reddit    ✓ [ 100% ] 2 VUs    2m0s
steady_11_slack     ✓ [ 100% ] 2 VUs    2m0s
steady_12_spotify   ✓ [ 100% ] 2 VUs    2m0s
steady_13_tesla     ✓ [ 100% ] 2 VUs    2m0s
steady_14_uber      ✓ [ 100% ] 2 VUs    2m0s
steady_15_zoom      ✓ [ 100% ] 2 VUs    2m0s
cooldown_01_amazon    [  80% ] 1/2 VUs  23.9s/30.0s
cooldown_02_amd       [  80% ] 1/2 VUs  23.9s/30.0s
cooldown_03_apple     [  80% ] 1/2 VUs  23.9s/30.0s
cooldown_04_azure     [  80% ] 1/2 VUs  23.9s/30.0s
cooldown_05_google    [  80% ] 1/2 VUs  23.9s/30.0s
cooldown_06_meta      [  80% ] 1/2 VUs  23.9s/30.0s
cooldown_07_netflix   [  80% ] 1/2 VUs  23.9s/30.0s
cooldown_08_nvidia    [  80% ] 1/2 VUs  23.9s/30.0s
cooldown_09_paypal    [  80% ] 1/2 VUs  23.9s/30.0s
cooldown_10_reddit    [  80% ] 1/2 VUs  23.9s/30.0s
cooldown_11_slack     [  80% ] 1/2 VUs  23.9s/30.0s
cooldown_12_spotify   [  80% ] 1/2 VUs  23.9s/30.0s
cooldown_13_tesla     [  80% ] 1/2 VUs  23.9s/30.0s
cooldown_14_uber      [  80% ] 1/2 VUs  23.9s/30.0s
cooldown_15_zoom      [  80% ] 1/2 VUs  23.9s/30.0s

running (2m55.0s), 15/60 VUs, 1564 complete and 0 interrupted iterations
warmup_01_amazon    ✓ [ 100% ] 0/2 VUs  30s
warmup_02_amd       ✓ [ 100% ] 0/2 VUs  30s
warmup_03_apple     ✓ [ 100% ] 0/2 VUs  30s
warmup_04_azure     ✓ [ 100% ] 0/2 VUs  30s
warmup_05_google    ✓ [ 100% ] 0/2 VUs  30s
warmup_06_meta      ✓ [ 100% ] 0/2 VUs  30s
warmup_07_netflix   ✓ [ 100% ] 0/2 VUs  30s
warmup_08_nvidia    ✓ [ 100% ] 0/2 VUs  30s
warmup_09_paypal    ✓ [ 100% ] 0/2 VUs  30s
warmup_10_reddit    ✓ [ 100% ] 0/2 VUs  30s
warmup_11_slack     ✓ [ 100% ] 0/2 VUs  30s
warmup_12_spotify   ✓ [ 100% ] 0/2 VUs  30s
warmup_13_tesla     ✓ [ 100% ] 0/2 VUs  30s
warmup_14_uber      ✓ [ 100% ] 0/2 VUs  30s
warmup_15_zoom      ✓ [ 100% ] 0/2 VUs  30s
steady_01_amazon    ✓ [ 100% ] 2 VUs    2m0s
steady_02_amd       ✓ [ 100% ] 2 VUs    2m0s
steady_03_apple     ✓ [ 100% ] 2 VUs    2m0s
steady_04_azure     ✓ [ 100% ] 2 VUs    2m0s
steady_05_google    ✓ [ 100% ] 2 VUs    2m0s
steady_06_meta      ✓ [ 100% ] 2 VUs    2m0s
steady_07_netflix   ✓ [ 100% ] 2 VUs    2m0s
steady_08_nvidia    ✓ [ 100% ] 2 VUs    2m0s
steady_09_paypal    ✓ [ 100% ] 2 VUs    2m0s
steady_10_reddit    ✓ [ 100% ] 2 VUs    2m0s
steady_11_slack     ✓ [ 100% ] 2 VUs    2m0s
steady_12_spotify   ✓ [ 100% ] 2 VUs    2m0s
steady_13_tesla     ✓ [ 100% ] 2 VUs    2m0s
steady_14_uber      ✓ [ 100% ] 2 VUs    2m0s
steady_15_zoom      ✓ [ 100% ] 2 VUs    2m0s
cooldown_01_amazon    [  83% ] 1/2 VUs  24.9s/30.0s
cooldown_02_amd       [  83% ] 1/2 VUs  24.9s/30.0s
cooldown_03_apple     [  83% ] 1/2 VUs  24.9s/30.0s
cooldown_04_azure     [  83% ] 1/2 VUs  24.9s/30.0s
cooldown_05_google    [  83% ] 1/2 VUs  24.9s/30.0s
cooldown_06_meta      [  83% ] 1/2 VUs  24.9s/30.0s
cooldown_07_netflix   [  83% ] 1/2 VUs  24.9s/30.0s
cooldown_08_nvidia    [  83% ] 1/2 VUs  24.9s/30.0s
cooldown_09_paypal    [  83% ] 1/2 VUs  24.9s/30.0s
cooldown_10_reddit    [  83% ] 1/2 VUs  24.9s/30.0s
cooldown_11_slack     [  83% ] 1/2 VUs  24.9s/30.0s
cooldown_12_spotify   [  83% ] 1/2 VUs  24.9s/30.0s
cooldown_13_tesla     [  83% ] 1/2 VUs  24.9s/30.0s
cooldown_14_uber      [  83% ] 1/2 VUs  24.9s/30.0s
cooldown_15_zoom      [  83% ] 1/2 VUs  24.9s/30.0s

running (2m56.0s), 15/60 VUs, 1579 complete and 0 interrupted iterations
warmup_01_amazon    ✓ [ 100% ] 0/2 VUs  30s
warmup_02_amd       ✓ [ 100% ] 0/2 VUs  30s
warmup_03_apple     ✓ [ 100% ] 0/2 VUs  30s
warmup_04_azure     ✓ [ 100% ] 0/2 VUs  30s
warmup_05_google    ✓ [ 100% ] 0/2 VUs  30s
warmup_06_meta      ✓ [ 100% ] 0/2 VUs  30s
warmup_07_netflix   ✓ [ 100% ] 0/2 VUs  30s
warmup_08_nvidia    ✓ [ 100% ] 0/2 VUs  30s
warmup_09_paypal    ✓ [ 100% ] 0/2 VUs  30s
warmup_10_reddit    ✓ [ 100% ] 0/2 VUs  30s
warmup_11_slack     ✓ [ 100% ] 0/2 VUs  30s
warmup_12_spotify   ✓ [ 100% ] 0/2 VUs  30s
warmup_13_tesla     ✓ [ 100% ] 0/2 VUs  30s
warmup_14_uber      ✓ [ 100% ] 0/2 VUs  30s
warmup_15_zoom      ✓ [ 100% ] 0/2 VUs  30s
steady_01_amazon    ✓ [ 100% ] 2 VUs    2m0s
steady_02_amd       ✓ [ 100% ] 2 VUs    2m0s
steady_03_apple     ✓ [ 100% ] 2 VUs    2m0s
steady_04_azure     ✓ [ 100% ] 2 VUs    2m0s
steady_05_google    ✓ [ 100% ] 2 VUs    2m0s
steady_06_meta      ✓ [ 100% ] 2 VUs    2m0s
steady_07_netflix   ✓ [ 100% ] 2 VUs    2m0s
steady_08_nvidia    ✓ [ 100% ] 2 VUs    2m0s
steady_09_paypal    ✓ [ 100% ] 2 VUs    2m0s
steady_10_reddit    ✓ [ 100% ] 2 VUs    2m0s
steady_11_slack     ✓ [ 100% ] 2 VUs    2m0s
steady_12_spotify   ✓ [ 100% ] 2 VUs    2m0s
steady_13_tesla     ✓ [ 100% ] 2 VUs    2m0s
steady_14_uber      ✓ [ 100% ] 2 VUs    2m0s
steady_15_zoom      ✓ [ 100% ] 2 VUs    2m0s
cooldown_01_amazon    [  86% ] 1/2 VUs  25.9s/30.0s
cooldown_02_amd       [  86% ] 1/2 VUs  25.9s/30.0s
cooldown_03_apple     [  86% ] 1/2 VUs  25.9s/30.0s
cooldown_04_azure     [  86% ] 1/2 VUs  25.9s/30.0s
cooldown_05_google    [  86% ] 1/2 VUs  25.9s/30.0s
cooldown_06_meta      [  86% ] 1/2 VUs  25.9s/30.0s
cooldown_07_netflix   [  86% ] 1/2 VUs  25.9s/30.0s
cooldown_08_nvidia    [  86% ] 1/2 VUs  25.9s/30.0s
cooldown_09_paypal    [  86% ] 1/2 VUs  25.9s/30.0s
cooldown_10_reddit    [  86% ] 1/2 VUs  25.9s/30.0s
cooldown_11_slack     [  86% ] 1/2 VUs  25.9s/30.0s
cooldown_12_spotify   [  86% ] 1/2 VUs  25.9s/30.0s
cooldown_13_tesla     [  86% ] 1/2 VUs  25.9s/30.0s
cooldown_14_uber      [  86% ] 1/2 VUs  25.9s/30.0s
cooldown_15_zoom      [  86% ] 1/2 VUs  25.9s/30.0s

running (2m57.0s), 15/60 VUs, 1594 complete and 0 interrupted iterations
warmup_01_amazon    ✓ [ 100% ] 0/2 VUs  30s
warmup_02_amd       ✓ [ 100% ] 0/2 VUs  30s
warmup_03_apple     ✓ [ 100% ] 0/2 VUs  30s
warmup_04_azure     ✓ [ 100% ] 0/2 VUs  30s
warmup_05_google    ✓ [ 100% ] 0/2 VUs  30s
warmup_06_meta      ✓ [ 100% ] 0/2 VUs  30s
warmup_07_netflix   ✓ [ 100% ] 0/2 VUs  30s
warmup_08_nvidia    ✓ [ 100% ] 0/2 VUs  30s
warmup_09_paypal    ✓ [ 100% ] 0/2 VUs  30s
warmup_10_reddit    ✓ [ 100% ] 0/2 VUs  30s
warmup_11_slack     ✓ [ 100% ] 0/2 VUs  30s
warmup_12_spotify   ✓ [ 100% ] 0/2 VUs  30s
warmup_13_tesla     ✓ [ 100% ] 0/2 VUs  30s
warmup_14_uber      ✓ [ 100% ] 0/2 VUs  30s
warmup_15_zoom      ✓ [ 100% ] 0/2 VUs  30s
steady_01_amazon    ✓ [ 100% ] 2 VUs    2m0s
steady_02_amd       ✓ [ 100% ] 2 VUs    2m0s
steady_03_apple     ✓ [ 100% ] 2 VUs    2m0s
steady_04_azure     ✓ [ 100% ] 2 VUs    2m0s
steady_05_google    ✓ [ 100% ] 2 VUs    2m0s
steady_06_meta      ✓ [ 100% ] 2 VUs    2m0s
steady_07_netflix   ✓ [ 100% ] 2 VUs    2m0s
steady_08_nvidia    ✓ [ 100% ] 2 VUs    2m0s
steady_09_paypal    ✓ [ 100% ] 2 VUs    2m0s
steady_10_reddit    ✓ [ 100% ] 2 VUs    2m0s
steady_11_slack     ✓ [ 100% ] 2 VUs    2m0s
steady_12_spotify   ✓ [ 100% ] 2 VUs    2m0s
steady_13_tesla     ✓ [ 100% ] 2 VUs    2m0s
steady_14_uber      ✓ [ 100% ] 2 VUs    2m0s
steady_15_zoom      ✓ [ 100% ] 2 VUs    2m0s
cooldown_01_amazon    [  90% ] 1/2 VUs  26.9s/30.0s
cooldown_02_amd       [  90% ] 1/2 VUs  26.9s/30.0s
cooldown_03_apple     [  90% ] 1/2 VUs  26.9s/30.0s
cooldown_04_azure     [  90% ] 1/2 VUs  26.9s/30.0s
cooldown_05_google    [  90% ] 1/2 VUs  26.9s/30.0s
cooldown_06_meta      [  90% ] 1/2 VUs  26.9s/30.0s
cooldown_07_netflix   [  90% ] 1/2 VUs  26.9s/30.0s
cooldown_08_nvidia    [  90% ] 1/2 VUs  26.9s/30.0s
cooldown_09_paypal    [  90% ] 1/2 VUs  26.9s/30.0s
cooldown_10_reddit    [  90% ] 1/2 VUs  26.9s/30.0s
cooldown_11_slack     [  90% ] 1/2 VUs  26.9s/30.0s
cooldown_12_spotify   [  90% ] 1/2 VUs  26.9s/30.0s
cooldown_13_tesla     [  90% ] 1/2 VUs  26.9s/30.0s
cooldown_14_uber      [  90% ] 1/2 VUs  26.9s/30.0s
cooldown_15_zoom      [  90% ] 1/2 VUs  26.9s/30.0s

running (2m58.0s), 15/60 VUs, 1594 complete and 0 interrupted iterations
warmup_01_amazon    ✓ [ 100% ] 0/2 VUs  30s
warmup_02_amd       ✓ [ 100% ] 0/2 VUs  30s
warmup_03_apple     ✓ [ 100% ] 0/2 VUs  30s
warmup_04_azure     ✓ [ 100% ] 0/2 VUs  30s
warmup_05_google    ✓ [ 100% ] 0/2 VUs  30s
warmup_06_meta      ✓ [ 100% ] 0/2 VUs  30s
warmup_07_netflix   ✓ [ 100% ] 0/2 VUs  30s
warmup_08_nvidia    ✓ [ 100% ] 0/2 VUs  30s
warmup_09_paypal    ✓ [ 100% ] 0/2 VUs  30s
warmup_10_reddit    ✓ [ 100% ] 0/2 VUs  30s
warmup_11_slack     ✓ [ 100% ] 0/2 VUs  30s
warmup_12_spotify   ✓ [ 100% ] 0/2 VUs  30s
warmup_13_tesla     ✓ [ 100% ] 0/2 VUs  30s
warmup_14_uber      ✓ [ 100% ] 0/2 VUs  30s
warmup_15_zoom      ✓ [ 100% ] 0/2 VUs  30s
steady_01_amazon    ✓ [ 100% ] 2 VUs    2m0s
steady_02_amd       ✓ [ 100% ] 2 VUs    2m0s
steady_03_apple     ✓ [ 100% ] 2 VUs    2m0s
steady_04_azure     ✓ [ 100% ] 2 VUs    2m0s
steady_05_google    ✓ [ 100% ] 2 VUs    2m0s
steady_06_meta      ✓ [ 100% ] 2 VUs    2m0s
steady_07_netflix   ✓ [ 100% ] 2 VUs    2m0s
steady_08_nvidia    ✓ [ 100% ] 2 VUs    2m0s
steady_09_paypal    ✓ [ 100% ] 2 VUs    2m0s
steady_10_reddit    ✓ [ 100% ] 2 VUs    2m0s
steady_11_slack     ✓ [ 100% ] 2 VUs    2m0s
steady_12_spotify   ✓ [ 100% ] 2 VUs    2m0s
steady_13_tesla     ✓ [ 100% ] 2 VUs    2m0s
steady_14_uber      ✓ [ 100% ] 2 VUs    2m0s
steady_15_zoom      ✓ [ 100% ] 2 VUs    2m0s
cooldown_01_amazon    [  93% ] 1/2 VUs  27.9s/30.0s
cooldown_02_amd       [  93% ] 1/2 VUs  27.9s/30.0s
cooldown_03_apple     [  93% ] 1/2 VUs  27.9s/30.0s
cooldown_04_azure     [  93% ] 1/2 VUs  27.9s/30.0s
cooldown_05_google    [  93% ] 1/2 VUs  27.9s/30.0s
cooldown_06_meta      [  93% ] 1/2 VUs  27.9s/30.0s
cooldown_07_netflix   [  93% ] 1/2 VUs  27.9s/30.0s
cooldown_08_nvidia    [  93% ] 1/2 VUs  27.9s/30.0s
cooldown_09_paypal    [  93% ] 1/2 VUs  27.9s/30.0s
cooldown_10_reddit    [  93% ] 1/2 VUs  27.9s/30.0s
cooldown_11_slack     [  93% ] 1/2 VUs  27.9s/30.0s
cooldown_12_spotify   [  93% ] 1/2 VUs  27.9s/30.0s
cooldown_13_tesla     [  93% ] 1/2 VUs  27.9s/30.0s
cooldown_14_uber      [  93% ] 1/2 VUs  27.9s/30.0s
cooldown_15_zoom      [  93% ] 1/2 VUs  27.9s/30.0s

running (2m59.0s), 15/60 VUs, 1610 complete and 0 interrupted iterations
warmup_01_amazon    ✓ [ 100% ] 0/2 VUs  30s
warmup_02_amd       ✓ [ 100% ] 0/2 VUs  30s
warmup_03_apple     ✓ [ 100% ] 0/2 VUs  30s
warmup_04_azure     ✓ [ 100% ] 0/2 VUs  30s
warmup_05_google    ✓ [ 100% ] 0/2 VUs  30s
warmup_06_meta      ✓ [ 100% ] 0/2 VUs  30s
warmup_07_netflix   ✓ [ 100% ] 0/2 VUs  30s
warmup_08_nvidia    ✓ [ 100% ] 0/2 VUs  30s
warmup_09_paypal    ✓ [ 100% ] 0/2 VUs  30s
warmup_10_reddit    ✓ [ 100% ] 0/2 VUs  30s
warmup_11_slack     ✓ [ 100% ] 0/2 VUs  30s
warmup_12_spotify   ✓ [ 100% ] 0/2 VUs  30s
warmup_13_tesla     ✓ [ 100% ] 0/2 VUs  30s
warmup_14_uber      ✓ [ 100% ] 0/2 VUs  30s
warmup_15_zoom      ✓ [ 100% ] 0/2 VUs  30s
steady_01_amazon    ✓ [ 100% ] 2 VUs    2m0s
steady_02_amd       ✓ [ 100% ] 2 VUs    2m0s
steady_03_apple     ✓ [ 100% ] 2 VUs    2m0s
steady_04_azure     ✓ [ 100% ] 2 VUs    2m0s
steady_05_google    ✓ [ 100% ] 2 VUs    2m0s
steady_06_meta      ✓ [ 100% ] 2 VUs    2m0s
steady_07_netflix   ✓ [ 100% ] 2 VUs    2m0s
steady_08_nvidia    ✓ [ 100% ] 2 VUs    2m0s
steady_09_paypal    ✓ [ 100% ] 2 VUs    2m0s
steady_10_reddit    ✓ [ 100% ] 2 VUs    2m0s
steady_11_slack     ✓ [ 100% ] 2 VUs    2m0s
steady_12_spotify   ✓ [ 100% ] 2 VUs    2m0s
steady_13_tesla     ✓ [ 100% ] 2 VUs    2m0s
steady_14_uber      ✓ [ 100% ] 2 VUs    2m0s
steady_15_zoom      ✓ [ 100% ] 2 VUs    2m0s
cooldown_01_amazon    [  96% ] 1/2 VUs  28.9s/30.0s
cooldown_02_amd       [  96% ] 1/2 VUs  28.9s/30.0s
cooldown_03_apple     [  96% ] 1/2 VUs  28.9s/30.0s
cooldown_04_azure     [  96% ] 1/2 VUs  28.9s/30.0s
cooldown_05_google    [  96% ] 1/2 VUs  28.9s/30.0s
cooldown_06_meta      [  96% ] 1/2 VUs  28.9s/30.0s
cooldown_07_netflix   [  96% ] 1/2 VUs  28.9s/30.0s
cooldown_08_nvidia    [  96% ] 1/2 VUs  28.9s/30.0s
cooldown_09_paypal    [  96% ] 1/2 VUs  28.9s/30.0s
cooldown_10_reddit    [  96% ] 1/2 VUs  28.9s/30.0s
cooldown_11_slack     [  96% ] 1/2 VUs  28.9s/30.0s
cooldown_12_spotify   [  96% ] 1/2 VUs  28.9s/30.0s
cooldown_13_tesla     [  96% ] 1/2 VUs  28.9s/30.0s
cooldown_14_uber      [  96% ] 1/2 VUs  28.9s/30.0s
cooldown_15_zoom      [  96% ] 1/2 VUs  28.9s/30.0s

running (3m00.0s), 15/60 VUs, 1613 complete and 0 interrupted iterations
warmup_01_amazon    ✓ [ 100% ] 0/2 VUs  30s
warmup_02_amd       ✓ [ 100% ] 0/2 VUs  30s
warmup_03_apple     ✓ [ 100% ] 0/2 VUs  30s
warmup_04_azure     ✓ [ 100% ] 0/2 VUs  30s
warmup_05_google    ✓ [ 100% ] 0/2 VUs  30s
warmup_06_meta      ✓ [ 100% ] 0/2 VUs  30s
warmup_07_netflix   ✓ [ 100% ] 0/2 VUs  30s
warmup_08_nvidia    ✓ [ 100% ] 0/2 VUs  30s
warmup_09_paypal    ✓ [ 100% ] 0/2 VUs  30s
warmup_10_reddit    ✓ [ 100% ] 0/2 VUs  30s
warmup_11_slack     ✓ [ 100% ] 0/2 VUs  30s
warmup_12_spotify   ✓ [ 100% ] 0/2 VUs  30s
warmup_13_tesla     ✓ [ 100% ] 0/2 VUs  30s
warmup_14_uber      ✓ [ 100% ] 0/2 VUs  30s
warmup_15_zoom      ✓ [ 100% ] 0/2 VUs  30s
steady_01_amazon    ✓ [ 100% ] 2 VUs    2m0s
steady_02_amd       ✓ [ 100% ] 2 VUs    2m0s
steady_03_apple     ✓ [ 100% ] 2 VUs    2m0s
steady_04_azure     ✓ [ 100% ] 2 VUs    2m0s
steady_05_google    ✓ [ 100% ] 2 VUs    2m0s
steady_06_meta      ✓ [ 100% ] 2 VUs    2m0s
steady_07_netflix   ✓ [ 100% ] 2 VUs    2m0s
steady_08_nvidia    ✓ [ 100% ] 2 VUs    2m0s
steady_09_paypal    ✓ [ 100% ] 2 VUs    2m0s
steady_10_reddit    ✓ [ 100% ] 2 VUs    2m0s
steady_11_slack     ✓ [ 100% ] 2 VUs    2m0s
steady_12_spotify   ✓ [ 100% ] 2 VUs    2m0s
steady_13_tesla     ✓ [ 100% ] 2 VUs    2m0s
steady_14_uber      ✓ [ 100% ] 2 VUs    2m0s
steady_15_zoom      ✓ [ 100% ] 2 VUs    2m0s
cooldown_01_amazon    [ 100% ] 1/2 VUs  29.9s/30.0s
cooldown_02_amd       [ 100% ] 1/2 VUs  29.9s/30.0s
cooldown_03_apple     [ 100% ] 1/2 VUs  29.9s/30.0s
cooldown_04_azure     [ 100% ] 1/2 VUs  29.9s/30.0s
cooldown_05_google    [ 100% ] 1/2 VUs  29.9s/30.0s
cooldown_06_meta      [ 100% ] 1/2 VUs  29.9s/30.0s
cooldown_07_netflix   [ 100% ] 1/2 VUs  29.9s/30.0s
cooldown_08_nvidia    [ 100% ] 1/2 VUs  29.9s/30.0s
cooldown_09_paypal    [ 100% ] 1/2 VUs  29.9s/30.0s
cooldown_10_reddit    [ 100% ] 1/2 VUs  29.9s/30.0s
cooldown_11_slack     [ 100% ] 1/2 VUs  29.9s/30.0s
cooldown_12_spotify   [ 100% ] 1/2 VUs  29.9s/30.0s
cooldown_13_tesla     [ 100% ] 1/2 VUs  29.9s/30.0s
cooldown_14_uber      [ 100% ] 1/2 VUs  29.9s/30.0s
cooldown_15_zoom      [ 100% ] 1/2 VUs  29.9s/30.0s

running (3m01.0s), 11/60 VUs, 1625 complete and 0 interrupted iterations
warmup_01_amazon    ✓ [ 100% ] 0/2 VUs  30s
warmup_02_amd       ✓ [ 100% ] 0/2 VUs  30s
warmup_03_apple     ✓ [ 100% ] 0/2 VUs  30s
warmup_04_azure     ✓ [ 100% ] 0/2 VUs  30s
warmup_05_google    ✓ [ 100% ] 0/2 VUs  30s
warmup_06_meta      ✓ [ 100% ] 0/2 VUs  30s
warmup_07_netflix   ✓ [ 100% ] 0/2 VUs  30s
warmup_08_nvidia    ✓ [ 100% ] 0/2 VUs  30s
warmup_09_paypal    ✓ [ 100% ] 0/2 VUs  30s
warmup_10_reddit    ✓ [ 100% ] 0/2 VUs  30s
warmup_11_slack     ✓ [ 100% ] 0/2 VUs  30s
warmup_12_spotify   ✓ [ 100% ] 0/2 VUs  30s
warmup_13_tesla     ✓ [ 100% ] 0/2 VUs  30s
warmup_14_uber      ✓ [ 100% ] 0/2 VUs  30s
warmup_15_zoom      ✓ [ 100% ] 0/2 VUs  30s
steady_01_amazon    ✓ [ 100% ] 2 VUs    2m0s
steady_02_amd       ✓ [ 100% ] 2 VUs    2m0s
steady_03_apple     ✓ [ 100% ] 2 VUs    2m0s
steady_04_azure     ✓ [ 100% ] 2 VUs    2m0s
steady_05_google    ✓ [ 100% ] 2 VUs    2m0s
steady_06_meta      ✓ [ 100% ] 2 VUs    2m0s
steady_07_netflix   ✓ [ 100% ] 2 VUs    2m0s
steady_08_nvidia    ✓ [ 100% ] 2 VUs    2m0s
steady_09_paypal    ✓ [ 100% ] 2 VUs    2m0s
steady_10_reddit    ✓ [ 100% ] 2 VUs    2m0s
steady_11_slack     ✓ [ 100% ] 2 VUs    2m0s
steady_12_spotify   ✓ [ 100% ] 2 VUs    2m0s
steady_13_tesla     ✓ [ 100% ] 2 VUs    2m0s
steady_14_uber      ✓ [ 100% ] 2 VUs    2m0s
steady_15_zoom      ✓ [ 100% ] 2 VUs    2m0s
cooldown_01_amazon  ↓ [ 100% ] 1/2 VUs  30s
cooldown_02_amd     ↓ [ 100% ] 1/2 VUs  30s
cooldown_03_apple   ↓ [ 100% ] 1/2 VUs  30s
cooldown_04_azure   ↓ [ 100% ] 1/2 VUs  30s
cooldown_05_google  ↓ [ 100% ] 1/2 VUs  30s
cooldown_06_meta    ↓ [ 100% ] 1/2 VUs  30s
cooldown_07_netflix ↓ [ 100% ] 1/2 VUs  30s
cooldown_08_nvidia  ↓ [ 100% ] 1/2 VUs  30s
cooldown_09_paypal  ✓ [ 100% ] 0/2 VUs  30s
cooldown_10_reddit  ✓ [ 100% ] 0/2 VUs  30s
cooldown_11_slack   ↓ [ 100% ] 1/2 VUs  30s
cooldown_12_spotify ↓ [ 100% ] 1/2 VUs  30s
cooldown_13_tesla   ✓ [ 100% ] 0/2 VUs  30s
cooldown_14_uber    ↓ [ 100% ] 1/2 VUs  30s
cooldown_15_zoom    ✓ [ 100% ] 0/2 VUs  30s

model=shared
tenants=15
steady requests=3859
steady request rate=32.15833333333333
steady error rate=0
steady latency p50=637.471833 ms
steady latency p95=2301.667959 ms
steady latency p99=2571.1979878799993 ms

running (3m01.2s), 00/60 VUs, 1636 complete and 0 interrupted iterations
warmup_01_amazon    ✓ [ 100% ] 0/2 VUs  30s
warmup_02_amd       ✓ [ 100% ] 0/2 VUs  30s
warmup_03_apple     ✓ [ 100% ] 0/2 VUs  30s
warmup_04_azure     ✓ [ 100% ] 0/2 VUs  30s
warmup_05_google    ✓ [ 100% ] 0/2 VUs  30s
warmup_06_meta      ✓ [ 100% ] 0/2 VUs  30s
warmup_07_netflix   ✓ [ 100% ] 0/2 VUs  30s
warmup_08_nvidia    ✓ [ 100% ] 0/2 VUs  30s
warmup_09_paypal    ✓ [ 100% ] 0/2 VUs  30s
warmup_10_reddit    ✓ [ 100% ] 0/2 VUs  30s
warmup_11_slack     ✓ [ 100% ] 0/2 VUs  30s
warmup_12_spotify   ✓ [ 100% ] 0/2 VUs  30s
warmup_13_tesla     ✓ [ 100% ] 0/2 VUs  30s
warmup_14_uber      ✓ [ 100% ] 0/2 VUs  30s
warmup_15_zoom      ✓ [ 100% ] 0/2 VUs  30s
steady_01_amazon    ✓ [ 100% ] 2 VUs    2m0s
steady_02_amd       ✓ [ 100% ] 2 VUs    2m0s
steady_03_apple     ✓ [ 100% ] 2 VUs    2m0s
steady_04_azure     ✓ [ 100% ] 2 VUs    2m0s
steady_05_google    ✓ [ 100% ] 2 VUs    2m0s
steady_06_meta      ✓ [ 100% ] 2 VUs    2m0s
steady_07_netflix   ✓ [ 100% ] 2 VUs    2m0s
steady_08_nvidia    ✓ [ 100% ] 2 VUs    2m0s
steady_09_paypal    ✓ [ 100% ] 2 VUs    2m0s
steady_10_reddit    ✓ [ 100% ] 2 VUs    2m0s
steady_11_slack     ✓ [ 100% ] 2 VUs    2m0s
steady_12_spotify   ✓ [ 100% ] 2 VUs    2m0s
steady_13_tesla     ✓ [ 100% ] 2 VUs    2m0s
steady_14_uber      ✓ [ 100% ] 2 VUs    2m0s
steady_15_zoom      ✓ [ 100% ] 2 VUs    2m0s
cooldown_01_amazon  ✓ [ 100% ] 0/2 VUs  30s
cooldown_02_amd     ✓ [ 100% ] 0/2 VUs  30s
cooldown_03_apple   ✓ [ 100% ] 0/2 VUs  30s
cooldown_04_azure   ✓ [ 100% ] 0/2 VUs  30s
cooldown_05_google  ✓ [ 100% ] 0/2 VUs  30s
cooldown_06_meta    ✓ [ 100% ] 0/2 VUs  30s
cooldown_07_netflix ✓ [ 100% ] 0/2 VUs  30s
cooldown_08_nvidia  ✓ [ 100% ] 0/2 VUs  30s
cooldown_09_paypal  ✓ [ 100% ] 0/2 VUs  30s
cooldown_10_reddit  ✓ [ 100% ] 0/2 VUs  30s
cooldown_11_slack   ✓ [ 100% ] 0/2 VUs  30s
cooldown_12_spotify ✓ [ 100% ] 0/2 VUs  30s
cooldown_13_tesla   ✓ [ 100% ] 0/2 VUs  30s
cooldown_14_uber    ✓ [ 100% ] 0/2 VUs  30s
cooldown_15_zoom    ✓ [ 100% ] 0/2 VUs  30s
time="2026-09-09T20:25:18Z" level=error msg="thresholds on metrics 'http_req_duration{phase:steady}' have been crossed"
