
         /\      Grafana   /‾‾/  
    /\  /  \     |\  __   /  /   
   /  \/    \    | |/ /  /   ‾‾\ 
  /          \   |   (  |  (‾)  |
 / __________ \  |_|\_\  \_____/ 


     execution: local
        script: /scripts/scenario.js
        output: -

     scenarios: (100.00%) 36 scenarios, 48 max VUs, 3m5s max duration (incl. graceful stop):
              * warmup_01_binance: Up to 2 looping VUs for 30s over 1 stages (gracefulRampDown: 30s, exec: tenantWorkload, gracefulStop: 5s)
              * warmup_02_datadog: Up to 2 looping VUs for 30s over 1 stages (gracefulRampDown: 30s, exec: tenantWorkload, gracefulStop: 5s)
              * warmup_03_ibm: Up to 2 looping VUs for 30s over 1 stages (gracefulRampDown: 30s, exec: tenantWorkload, gracefulStop: 5s)
              * warmup_04_intel: Up to 2 looping VUs for 30s over 1 stages (gracefulRampDown: 30s, exec: tenantWorkload, gracefulStop: 5s)
              * warmup_05_mongo: Up to 2 looping VUs for 30s over 1 stages (gracefulRampDown: 30s, exec: tenantWorkload, gracefulStop: 5s)
              * warmup_06_oracle: Up to 2 looping VUs for 30s over 1 stages (gracefulRampDown: 30s, exec: tenantWorkload, gracefulStop: 5s)
              * warmup_07_qualcomm: Up to 2 looping VUs for 30s over 1 stages (gracefulRampDown: 30s, exec: tenantWorkload, gracefulStop: 5s)
              * warmup_08_salesforce: Up to 2 looping VUs for 30s over 1 stages (gracefulRampDown: 30s, exec: tenantWorkload, gracefulStop: 5s)
              * warmup_09_sap: Up to 2 looping VUs for 30s over 1 stages (gracefulRampDown: 30s, exec: tenantWorkload, gracefulStop: 5s)
              * warmup_10_shopify: Up to 2 looping VUs for 30s over 1 stages (gracefulRampDown: 30s, exec: tenantWorkload, gracefulStop: 5s)
              * warmup_11_stripe: Up to 2 looping VUs for 30s over 1 stages (gracefulRampDown: 30s, exec: tenantWorkload, gracefulStop: 5s)
              * warmup_12_twilio: Up to 2 looping VUs for 30s over 1 stages (gracefulRampDown: 30s, exec: tenantWorkload, gracefulStop: 5s)
              * steady_01_binance: 2 looping VUs for 2m0s (exec: tenantWorkload, startTime: 30s, gracefulStop: 5s)
              * steady_02_datadog: 2 looping VUs for 2m0s (exec: tenantWorkload, startTime: 30s, gracefulStop: 5s)
              * steady_03_ibm: 2 looping VUs for 2m0s (exec: tenantWorkload, startTime: 30s, gracefulStop: 5s)
              * steady_04_intel: 2 looping VUs for 2m0s (exec: tenantWorkload, startTime: 30s, gracefulStop: 5s)
              * steady_05_mongo: 2 looping VUs for 2m0s (exec: tenantWorkload, startTime: 30s, gracefulStop: 5s)
              * steady_06_oracle: 2 looping VUs for 2m0s (exec: tenantWorkload, startTime: 30s, gracefulStop: 5s)
              * steady_07_qualcomm: 2 looping VUs for 2m0s (exec: tenantWorkload, startTime: 30s, gracefulStop: 5s)
              * steady_08_salesforce: 2 looping VUs for 2m0s (exec: tenantWorkload, startTime: 30s, gracefulStop: 5s)
              * steady_09_sap: 2 looping VUs for 2m0s (exec: tenantWorkload, startTime: 30s, gracefulStop: 5s)
              * steady_10_shopify: 2 looping VUs for 2m0s (exec: tenantWorkload, startTime: 30s, gracefulStop: 5s)
              * steady_11_stripe: 2 looping VUs for 2m0s (exec: tenantWorkload, startTime: 30s, gracefulStop: 5s)
              * steady_12_twilio: 2 looping VUs for 2m0s (exec: tenantWorkload, startTime: 30s, gracefulStop: 5s)
              * cooldown_01_binance: Up to 2 looping VUs for 30s over 1 stages (gracefulRampDown: 30s, exec: tenantWorkload, startTime: 2m30s, gracefulStop: 5s)
              * cooldown_02_datadog: Up to 2 looping VUs for 30s over 1 stages (gracefulRampDown: 30s, exec: tenantWorkload, startTime: 2m30s, gracefulStop: 5s)
              * cooldown_03_ibm: Up to 2 looping VUs for 30s over 1 stages (gracefulRampDown: 30s, exec: tenantWorkload, startTime: 2m30s, gracefulStop: 5s)
              * cooldown_04_intel: Up to 2 looping VUs for 30s over 1 stages (gracefulRampDown: 30s, exec: tenantWorkload, startTime: 2m30s, gracefulStop: 5s)
              * cooldown_05_mongo: Up to 2 looping VUs for 30s over 1 stages (gracefulRampDown: 30s, exec: tenantWorkload, startTime: 2m30s, gracefulStop: 5s)
              * cooldown_06_oracle: Up to 2 looping VUs for 30s over 1 stages (gracefulRampDown: 30s, exec: tenantWorkload, startTime: 2m30s, gracefulStop: 5s)
              * cooldown_07_qualcomm: Up to 2 looping VUs for 30s over 1 stages (gracefulRampDown: 30s, exec: tenantWorkload, startTime: 2m30s, gracefulStop: 5s)
              * cooldown_08_salesforce: Up to 2 looping VUs for 30s over 1 stages (gracefulRampDown: 30s, exec: tenantWorkload, startTime: 2m30s, gracefulStop: 5s)
              * cooldown_09_sap: Up to 2 looping VUs for 30s over 1 stages (gracefulRampDown: 30s, exec: tenantWorkload, startTime: 2m30s, gracefulStop: 5s)
              * cooldown_10_shopify: Up to 2 looping VUs for 30s over 1 stages (gracefulRampDown: 30s, exec: tenantWorkload, startTime: 2m30s, gracefulStop: 5s)
              * cooldown_11_stripe: Up to 2 looping VUs for 30s over 1 stages (gracefulRampDown: 30s, exec: tenantWorkload, startTime: 2m30s, gracefulStop: 5s)
              * cooldown_12_twilio: Up to 2 looping VUs for 30s over 1 stages (gracefulRampDown: 30s, exec: tenantWorkload, startTime: 2m30s, gracefulStop: 5s)


running (0m00.9s), 00/48 VUs, 0 complete and 0 interrupted iterations
warmup_01_binance        [   3% ] 0/2 VUs  00.9s/30.0s
warmup_02_datadog        [   3% ] 0/2 VUs  00.9s/30.0s
warmup_03_ibm            [   3% ] 0/2 VUs  00.9s/30.0s
warmup_04_intel          [   3% ] 0/2 VUs  00.9s/30.0s
warmup_05_mongo          [   3% ] 0/2 VUs  00.9s/30.0s
warmup_06_oracle         [   3% ] 0/2 VUs  00.9s/30.0s
warmup_07_qualcomm       [   3% ] 0/2 VUs  00.9s/30.0s
warmup_08_salesforce     [   3% ] 0/2 VUs  00.9s/30.0s
warmup_09_sap            [   3% ] 0/2 VUs  00.9s/30.0s
warmup_10_shopify        [   3% ] 0/2 VUs  00.9s/30.0s
warmup_11_stripe         [   3% ] 0/2 VUs  00.9s/30.0s
warmup_12_twilio         [   3% ] 0/2 VUs  00.9s/30.0s
steady_01_binance      • [   0% ] waiting  29.1s
steady_02_datadog      • [   0% ] waiting  29.1s
steady_03_ibm          • [   0% ] waiting  29.1s
steady_04_intel        • [   0% ] waiting  29.1s
steady_05_mongo        • [   0% ] waiting  29.1s
steady_06_oracle       • [   0% ] waiting  29.1s
steady_07_qualcomm     • [   0% ] waiting  29.1s
steady_08_salesforce   • [   0% ] waiting  29.1s
steady_09_sap          • [   0% ] waiting  29.1s
steady_10_shopify      • [   0% ] waiting  29.1s
steady_11_stripe       • [   0% ] waiting  29.1s
steady_12_twilio       • [   0% ] waiting  29.1s
cooldown_01_binance    • [   0% ] waiting  2m29.1s
cooldown_02_datadog    • [   0% ] waiting  2m29.1s
cooldown_03_ibm        • [   0% ] waiting  2m29.1s
cooldown_04_intel      • [   0% ] waiting  2m29.1s
cooldown_05_mongo      • [   0% ] waiting  2m29.1s
cooldown_06_oracle     • [   0% ] waiting  2m29.1s
cooldown_07_qualcomm   • [   0% ] waiting  2m29.1s
cooldown_08_salesforce • [   0% ] waiting  2m29.1s
cooldown_09_sap        • [   0% ] waiting  2m29.1s
cooldown_10_shopify    • [   0% ] waiting  2m29.1s
cooldown_11_stripe     • [   0% ] waiting  2m29.1s
cooldown_12_twilio     • [   0% ] waiting  2m29.1s

running (0m01.9s), 00/48 VUs, 0 complete and 0 interrupted iterations
warmup_01_binance        [   6% ] 0/2 VUs  01.9s/30.0s
warmup_02_datadog        [   6% ] 0/2 VUs  01.9s/30.0s
warmup_03_ibm            [   6% ] 0/2 VUs  01.9s/30.0s
warmup_04_intel          [   6% ] 0/2 VUs  01.9s/30.0s
warmup_05_mongo          [   6% ] 0/2 VUs  01.9s/30.0s
warmup_06_oracle         [   6% ] 0/2 VUs  01.9s/30.0s
warmup_07_qualcomm       [   6% ] 0/2 VUs  01.9s/30.0s
warmup_08_salesforce     [   6% ] 0/2 VUs  01.9s/30.0s
warmup_09_sap            [   6% ] 0/2 VUs  01.9s/30.0s
warmup_10_shopify        [   6% ] 0/2 VUs  01.9s/30.0s
warmup_11_stripe         [   6% ] 0/2 VUs  01.9s/30.0s
warmup_12_twilio         [   6% ] 0/2 VUs  01.9s/30.0s
steady_01_binance      • [   0% ] waiting  28.1s
steady_02_datadog      • [   0% ] waiting  28.1s
steady_03_ibm          • [   0% ] waiting  28.1s
steady_04_intel        • [   0% ] waiting  28.1s
steady_05_mongo        • [   0% ] waiting  28.1s
steady_06_oracle       • [   0% ] waiting  28.1s
steady_07_qualcomm     • [   0% ] waiting  28.1s
steady_08_salesforce   • [   0% ] waiting  28.1s
steady_09_sap          • [   0% ] waiting  28.1s
steady_10_shopify      • [   0% ] waiting  28.1s
steady_11_stripe       • [   0% ] waiting  28.1s
steady_12_twilio       • [   0% ] waiting  28.1s
cooldown_01_binance    • [   0% ] waiting  2m28.1s
cooldown_02_datadog    • [   0% ] waiting  2m28.1s
cooldown_03_ibm        • [   0% ] waiting  2m28.1s
cooldown_04_intel      • [   0% ] waiting  2m28.1s
cooldown_05_mongo      • [   0% ] waiting  2m28.1s
cooldown_06_oracle     • [   0% ] waiting  2m28.1s
cooldown_07_qualcomm   • [   0% ] waiting  2m28.1s
cooldown_08_salesforce • [   0% ] waiting  2m28.1s
cooldown_09_sap        • [   0% ] waiting  2m28.1s
cooldown_10_shopify    • [   0% ] waiting  2m28.1s
cooldown_11_stripe     • [   0% ] waiting  2m28.1s
cooldown_12_twilio     • [   0% ] waiting  2m28.1s

running (0m02.9s), 00/48 VUs, 0 complete and 0 interrupted iterations
warmup_01_binance        [  10% ] 0/2 VUs  02.9s/30.0s
warmup_02_datadog        [  10% ] 0/2 VUs  02.9s/30.0s
warmup_03_ibm            [  10% ] 0/2 VUs  02.9s/30.0s
warmup_04_intel          [  10% ] 0/2 VUs  02.9s/30.0s
warmup_05_mongo          [  10% ] 0/2 VUs  02.9s/30.0s
warmup_06_oracle         [  10% ] 0/2 VUs  02.9s/30.0s
warmup_07_qualcomm       [  10% ] 0/2 VUs  02.9s/30.0s
warmup_08_salesforce     [  10% ] 0/2 VUs  02.9s/30.0s
warmup_09_sap            [  10% ] 0/2 VUs  02.9s/30.0s
warmup_10_shopify        [  10% ] 0/2 VUs  02.9s/30.0s
warmup_11_stripe         [  10% ] 0/2 VUs  02.9s/30.0s
warmup_12_twilio         [  10% ] 0/2 VUs  02.9s/30.0s
steady_01_binance      • [   0% ] waiting  27.1s
steady_02_datadog      • [   0% ] waiting  27.1s
steady_03_ibm          • [   0% ] waiting  27.1s
steady_04_intel        • [   0% ] waiting  27.1s
steady_05_mongo        • [   0% ] waiting  27.1s
steady_06_oracle       • [   0% ] waiting  27.1s
steady_07_qualcomm     • [   0% ] waiting  27.1s
steady_08_salesforce   • [   0% ] waiting  27.1s
steady_09_sap          • [   0% ] waiting  27.1s
steady_10_shopify      • [   0% ] waiting  27.1s
steady_11_stripe       • [   0% ] waiting  27.1s
steady_12_twilio       • [   0% ] waiting  27.1s
cooldown_01_binance    • [   0% ] waiting  2m27.1s
cooldown_02_datadog    • [   0% ] waiting  2m27.1s
cooldown_03_ibm        • [   0% ] waiting  2m27.1s
cooldown_04_intel      • [   0% ] waiting  2m27.1s
cooldown_05_mongo      • [   0% ] waiting  2m27.1s
cooldown_06_oracle     • [   0% ] waiting  2m27.1s
cooldown_07_qualcomm   • [   0% ] waiting  2m27.1s
cooldown_08_salesforce • [   0% ] waiting  2m27.1s
cooldown_09_sap        • [   0% ] waiting  2m27.1s
cooldown_10_shopify    • [   0% ] waiting  2m27.1s
cooldown_11_stripe     • [   0% ] waiting  2m27.1s
cooldown_12_twilio     • [   0% ] waiting  2m27.1s

running (0m03.9s), 00/48 VUs, 0 complete and 0 interrupted iterations
warmup_01_binance        [  13% ] 0/2 VUs  03.9s/30.0s
warmup_02_datadog        [  13% ] 0/2 VUs  03.9s/30.0s
warmup_03_ibm            [  13% ] 0/2 VUs  03.9s/30.0s
warmup_04_intel          [  13% ] 0/2 VUs  03.9s/30.0s
warmup_05_mongo          [  13% ] 0/2 VUs  03.9s/30.0s
warmup_06_oracle         [  13% ] 0/2 VUs  03.9s/30.0s
warmup_07_qualcomm       [  13% ] 0/2 VUs  03.9s/30.0s
warmup_08_salesforce     [  13% ] 0/2 VUs  03.9s/30.0s
warmup_09_sap            [  13% ] 0/2 VUs  03.9s/30.0s
warmup_10_shopify        [  13% ] 0/2 VUs  03.9s/30.0s
warmup_11_stripe         [  13% ] 0/2 VUs  03.9s/30.0s
warmup_12_twilio         [  13% ] 0/2 VUs  03.9s/30.0s
steady_01_binance      • [   0% ] waiting  26.1s
steady_02_datadog      • [   0% ] waiting  26.1s
steady_03_ibm          • [   0% ] waiting  26.1s
steady_04_intel        • [   0% ] waiting  26.1s
steady_05_mongo        • [   0% ] waiting  26.1s
steady_06_oracle       • [   0% ] waiting  26.1s
steady_07_qualcomm     • [   0% ] waiting  26.1s
steady_08_salesforce   • [   0% ] waiting  26.1s
steady_09_sap          • [   0% ] waiting  26.1s
steady_10_shopify      • [   0% ] waiting  26.1s
steady_11_stripe       • [   0% ] waiting  26.1s
steady_12_twilio       • [   0% ] waiting  26.1s
cooldown_01_binance    • [   0% ] waiting  2m26.1s
cooldown_02_datadog    • [   0% ] waiting  2m26.1s
cooldown_03_ibm        • [   0% ] waiting  2m26.1s
cooldown_04_intel      • [   0% ] waiting  2m26.1s
cooldown_05_mongo      • [   0% ] waiting  2m26.1s
cooldown_06_oracle     • [   0% ] waiting  2m26.1s
cooldown_07_qualcomm   • [   0% ] waiting  2m26.1s
cooldown_08_salesforce • [   0% ] waiting  2m26.1s
cooldown_09_sap        • [   0% ] waiting  2m26.1s
cooldown_10_shopify    • [   0% ] waiting  2m26.1s
cooldown_11_stripe     • [   0% ] waiting  2m26.1s
cooldown_12_twilio     • [   0% ] waiting  2m26.1s

running (0m04.9s), 00/48 VUs, 0 complete and 0 interrupted iterations
warmup_01_binance        [  16% ] 0/2 VUs  04.9s/30.0s
warmup_02_datadog        [  16% ] 0/2 VUs  04.9s/30.0s
warmup_03_ibm            [  16% ] 0/2 VUs  04.9s/30.0s
warmup_04_intel          [  16% ] 0/2 VUs  04.9s/30.0s
warmup_05_mongo          [  16% ] 0/2 VUs  04.9s/30.0s
warmup_06_oracle         [  16% ] 0/2 VUs  04.9s/30.0s
warmup_07_qualcomm       [  16% ] 0/2 VUs  04.9s/30.0s
warmup_08_salesforce     [  16% ] 0/2 VUs  04.9s/30.0s
warmup_09_sap            [  16% ] 0/2 VUs  04.9s/30.0s
warmup_10_shopify        [  16% ] 0/2 VUs  04.9s/30.0s
warmup_11_stripe         [  16% ] 0/2 VUs  04.9s/30.0s
warmup_12_twilio         [  16% ] 0/2 VUs  04.9s/30.0s
steady_01_binance      • [   0% ] waiting  25.1s
steady_02_datadog      • [   0% ] waiting  25.1s
steady_03_ibm          • [   0% ] waiting  25.1s
steady_04_intel        • [   0% ] waiting  25.1s
steady_05_mongo        • [   0% ] waiting  25.1s
steady_06_oracle       • [   0% ] waiting  25.1s
steady_07_qualcomm     • [   0% ] waiting  25.1s
steady_08_salesforce   • [   0% ] waiting  25.1s
steady_09_sap          • [   0% ] waiting  25.1s
steady_10_shopify      • [   0% ] waiting  25.1s
steady_11_stripe       • [   0% ] waiting  25.1s
steady_12_twilio       • [   0% ] waiting  25.1s
cooldown_01_binance    • [   0% ] waiting  2m25.1s
cooldown_02_datadog    • [   0% ] waiting  2m25.1s
cooldown_03_ibm        • [   0% ] waiting  2m25.1s
cooldown_04_intel      • [   0% ] waiting  2m25.1s
cooldown_05_mongo      • [   0% ] waiting  2m25.1s
cooldown_06_oracle     • [   0% ] waiting  2m25.1s
cooldown_07_qualcomm   • [   0% ] waiting  2m25.1s
cooldown_08_salesforce • [   0% ] waiting  2m25.1s
cooldown_09_sap        • [   0% ] waiting  2m25.1s
cooldown_10_shopify    • [   0% ] waiting  2m25.1s
cooldown_11_stripe     • [   0% ] waiting  2m25.1s
cooldown_12_twilio     • [   0% ] waiting  2m25.1s

running (0m05.9s), 00/48 VUs, 0 complete and 0 interrupted iterations
warmup_01_binance        [  20% ] 0/2 VUs  05.9s/30.0s
warmup_02_datadog        [  20% ] 0/2 VUs  05.9s/30.0s
warmup_03_ibm            [  20% ] 0/2 VUs  05.9s/30.0s
warmup_04_intel          [  20% ] 0/2 VUs  05.9s/30.0s
warmup_05_mongo          [  20% ] 0/2 VUs  05.9s/30.0s
warmup_06_oracle         [  20% ] 0/2 VUs  05.9s/30.0s
warmup_07_qualcomm       [  20% ] 0/2 VUs  05.9s/30.0s
warmup_08_salesforce     [  20% ] 0/2 VUs  05.9s/30.0s
warmup_09_sap            [  20% ] 0/2 VUs  05.9s/30.0s
warmup_10_shopify        [  20% ] 0/2 VUs  05.9s/30.0s
warmup_11_stripe         [  20% ] 0/2 VUs  05.9s/30.0s
warmup_12_twilio         [  20% ] 0/2 VUs  05.9s/30.0s
steady_01_binance      • [   0% ] waiting  24.1s
steady_02_datadog      • [   0% ] waiting  24.1s
steady_03_ibm          • [   0% ] waiting  24.1s
steady_04_intel        • [   0% ] waiting  24.1s
steady_05_mongo        • [   0% ] waiting  24.1s
steady_06_oracle       • [   0% ] waiting  24.1s
steady_07_qualcomm     • [   0% ] waiting  24.1s
steady_08_salesforce   • [   0% ] waiting  24.1s
steady_09_sap          • [   0% ] waiting  24.1s
steady_10_shopify      • [   0% ] waiting  24.1s
steady_11_stripe       • [   0% ] waiting  24.1s
steady_12_twilio       • [   0% ] waiting  24.1s
cooldown_01_binance    • [   0% ] waiting  2m24.1s
cooldown_02_datadog    • [   0% ] waiting  2m24.1s
cooldown_03_ibm        • [   0% ] waiting  2m24.1s
cooldown_04_intel      • [   0% ] waiting  2m24.1s
cooldown_05_mongo      • [   0% ] waiting  2m24.1s
cooldown_06_oracle     • [   0% ] waiting  2m24.1s
cooldown_07_qualcomm   • [   0% ] waiting  2m24.1s
cooldown_08_salesforce • [   0% ] waiting  2m24.1s
cooldown_09_sap        • [   0% ] waiting  2m24.1s
cooldown_10_shopify    • [   0% ] waiting  2m24.1s
cooldown_11_stripe     • [   0% ] waiting  2m24.1s
cooldown_12_twilio     • [   0% ] waiting  2m24.1s

running (0m06.9s), 00/48 VUs, 0 complete and 0 interrupted iterations
warmup_01_binance        [  23% ] 0/2 VUs  06.9s/30.0s
warmup_02_datadog        [  23% ] 0/2 VUs  06.9s/30.0s
warmup_03_ibm            [  23% ] 0/2 VUs  06.9s/30.0s
warmup_04_intel          [  23% ] 0/2 VUs  06.9s/30.0s
warmup_05_mongo          [  23% ] 0/2 VUs  06.9s/30.0s
warmup_06_oracle         [  23% ] 0/2 VUs  06.9s/30.0s
warmup_07_qualcomm       [  23% ] 0/2 VUs  06.9s/30.0s
warmup_08_salesforce     [  23% ] 0/2 VUs  06.9s/30.0s
warmup_09_sap            [  23% ] 0/2 VUs  06.9s/30.0s
warmup_10_shopify        [  23% ] 0/2 VUs  06.9s/30.0s
warmup_11_stripe         [  23% ] 0/2 VUs  06.9s/30.0s
warmup_12_twilio         [  23% ] 0/2 VUs  06.9s/30.0s
steady_01_binance      • [   0% ] waiting  23.1s
steady_02_datadog      • [   0% ] waiting  23.1s
steady_03_ibm          • [   0% ] waiting  23.1s
steady_04_intel        • [   0% ] waiting  23.1s
steady_05_mongo        • [   0% ] waiting  23.1s
steady_06_oracle       • [   0% ] waiting  23.1s
steady_07_qualcomm     • [   0% ] waiting  23.1s
steady_08_salesforce   • [   0% ] waiting  23.1s
steady_09_sap          • [   0% ] waiting  23.1s
steady_10_shopify      • [   0% ] waiting  23.1s
steady_11_stripe       • [   0% ] waiting  23.1s
steady_12_twilio       • [   0% ] waiting  23.1s
cooldown_01_binance    • [   0% ] waiting  2m23.1s
cooldown_02_datadog    • [   0% ] waiting  2m23.1s
cooldown_03_ibm        • [   0% ] waiting  2m23.1s
cooldown_04_intel      • [   0% ] waiting  2m23.1s
cooldown_05_mongo      • [   0% ] waiting  2m23.1s
cooldown_06_oracle     • [   0% ] waiting  2m23.1s
cooldown_07_qualcomm   • [   0% ] waiting  2m23.1s
cooldown_08_salesforce • [   0% ] waiting  2m23.1s
cooldown_09_sap        • [   0% ] waiting  2m23.1s
cooldown_10_shopify    • [   0% ] waiting  2m23.1s
cooldown_11_stripe     • [   0% ] waiting  2m23.1s
cooldown_12_twilio     • [   0% ] waiting  2m23.1s

running (0m07.9s), 00/48 VUs, 0 complete and 0 interrupted iterations
warmup_01_binance        [  26% ] 0/2 VUs  07.9s/30.0s
warmup_02_datadog        [  26% ] 0/2 VUs  07.9s/30.0s
warmup_03_ibm            [  26% ] 0/2 VUs  07.9s/30.0s
warmup_04_intel          [  26% ] 0/2 VUs  07.9s/30.0s
warmup_05_mongo          [  26% ] 0/2 VUs  07.9s/30.0s
warmup_06_oracle         [  26% ] 0/2 VUs  07.9s/30.0s
warmup_07_qualcomm       [  26% ] 0/2 VUs  07.9s/30.0s
warmup_08_salesforce     [  26% ] 0/2 VUs  07.9s/30.0s
warmup_09_sap            [  26% ] 0/2 VUs  07.9s/30.0s
warmup_10_shopify        [  26% ] 0/2 VUs  07.9s/30.0s
warmup_11_stripe         [  26% ] 0/2 VUs  07.9s/30.0s
warmup_12_twilio         [  26% ] 0/2 VUs  07.9s/30.0s
steady_01_binance      • [   0% ] waiting  22.1s
steady_02_datadog      • [   0% ] waiting  22.1s
steady_03_ibm          • [   0% ] waiting  22.1s
steady_04_intel        • [   0% ] waiting  22.1s
steady_05_mongo        • [   0% ] waiting  22.1s
steady_06_oracle       • [   0% ] waiting  22.1s
steady_07_qualcomm     • [   0% ] waiting  22.1s
steady_08_salesforce   • [   0% ] waiting  22.1s
steady_09_sap          • [   0% ] waiting  22.1s
steady_10_shopify      • [   0% ] waiting  22.1s
steady_11_stripe       • [   0% ] waiting  22.1s
steady_12_twilio       • [   0% ] waiting  22.1s
cooldown_01_binance    • [   0% ] waiting  2m22.1s
cooldown_02_datadog    • [   0% ] waiting  2m22.1s
cooldown_03_ibm        • [   0% ] waiting  2m22.1s
cooldown_04_intel      • [   0% ] waiting  2m22.1s
cooldown_05_mongo      • [   0% ] waiting  2m22.1s
cooldown_06_oracle     • [   0% ] waiting  2m22.1s
cooldown_07_qualcomm   • [   0% ] waiting  2m22.1s
cooldown_08_salesforce • [   0% ] waiting  2m22.1s
cooldown_09_sap        • [   0% ] waiting  2m22.1s
cooldown_10_shopify    • [   0% ] waiting  2m22.1s
cooldown_11_stripe     • [   0% ] waiting  2m22.1s
cooldown_12_twilio     • [   0% ] waiting  2m22.1s

running (0m08.9s), 00/48 VUs, 0 complete and 0 interrupted iterations
warmup_01_binance        [  30% ] 0/2 VUs  08.9s/30.0s
warmup_02_datadog        [  30% ] 0/2 VUs  08.9s/30.0s
warmup_03_ibm            [  30% ] 0/2 VUs  08.9s/30.0s
warmup_04_intel          [  30% ] 0/2 VUs  08.9s/30.0s
warmup_05_mongo          [  30% ] 0/2 VUs  08.9s/30.0s
warmup_06_oracle         [  30% ] 0/2 VUs  08.9s/30.0s
warmup_07_qualcomm       [  30% ] 0/2 VUs  08.9s/30.0s
warmup_08_salesforce     [  30% ] 0/2 VUs  08.9s/30.0s
warmup_09_sap            [  30% ] 0/2 VUs  08.9s/30.0s
warmup_10_shopify        [  30% ] 0/2 VUs  08.9s/30.0s
warmup_11_stripe         [  30% ] 0/2 VUs  08.9s/30.0s
warmup_12_twilio         [  30% ] 0/2 VUs  08.9s/30.0s
steady_01_binance      • [   0% ] waiting  21.1s
steady_02_datadog      • [   0% ] waiting  21.1s
steady_03_ibm          • [   0% ] waiting  21.1s
steady_04_intel        • [   0% ] waiting  21.1s
steady_05_mongo        • [   0% ] waiting  21.1s
steady_06_oracle       • [   0% ] waiting  21.1s
steady_07_qualcomm     • [   0% ] waiting  21.1s
steady_08_salesforce   • [   0% ] waiting  21.1s
steady_09_sap          • [   0% ] waiting  21.1s
steady_10_shopify      • [   0% ] waiting  21.1s
steady_11_stripe       • [   0% ] waiting  21.1s
steady_12_twilio       • [   0% ] waiting  21.1s
cooldown_01_binance    • [   0% ] waiting  2m21.1s
cooldown_02_datadog    • [   0% ] waiting  2m21.1s
cooldown_03_ibm        • [   0% ] waiting  2m21.1s
cooldown_04_intel      • [   0% ] waiting  2m21.1s
cooldown_05_mongo      • [   0% ] waiting  2m21.1s
cooldown_06_oracle     • [   0% ] waiting  2m21.1s
cooldown_07_qualcomm   • [   0% ] waiting  2m21.1s
cooldown_08_salesforce • [   0% ] waiting  2m21.1s
cooldown_09_sap        • [   0% ] waiting  2m21.1s
cooldown_10_shopify    • [   0% ] waiting  2m21.1s
cooldown_11_stripe     • [   0% ] waiting  2m21.1s
cooldown_12_twilio     • [   0% ] waiting  2m21.1s

running (0m09.9s), 00/48 VUs, 0 complete and 0 interrupted iterations
warmup_01_binance        [  33% ] 0/2 VUs  09.9s/30.0s
warmup_02_datadog        [  33% ] 0/2 VUs  09.9s/30.0s
warmup_03_ibm            [  33% ] 0/2 VUs  09.9s/30.0s
warmup_04_intel          [  33% ] 0/2 VUs  09.9s/30.0s
warmup_05_mongo          [  33% ] 0/2 VUs  09.9s/30.0s
warmup_06_oracle         [  33% ] 0/2 VUs  09.9s/30.0s
warmup_07_qualcomm       [  33% ] 0/2 VUs  09.9s/30.0s
warmup_08_salesforce     [  33% ] 0/2 VUs  09.9s/30.0s
warmup_09_sap            [  33% ] 0/2 VUs  09.9s/30.0s
warmup_10_shopify        [  33% ] 0/2 VUs  09.9s/30.0s
warmup_11_stripe         [  33% ] 0/2 VUs  09.9s/30.0s
warmup_12_twilio         [  33% ] 0/2 VUs  09.9s/30.0s
steady_01_binance      • [   0% ] waiting  20.1s
steady_02_datadog      • [   0% ] waiting  20.1s
steady_03_ibm          • [   0% ] waiting  20.1s
steady_04_intel        • [   0% ] waiting  20.1s
steady_05_mongo        • [   0% ] waiting  20.1s
steady_06_oracle       • [   0% ] waiting  20.1s
steady_07_qualcomm     • [   0% ] waiting  20.1s
steady_08_salesforce   • [   0% ] waiting  20.1s
steady_09_sap          • [   0% ] waiting  20.1s
steady_10_shopify      • [   0% ] waiting  20.1s
steady_11_stripe       • [   0% ] waiting  20.1s
steady_12_twilio       • [   0% ] waiting  20.1s
cooldown_01_binance    • [   0% ] waiting  2m20.1s
cooldown_02_datadog    • [   0% ] waiting  2m20.1s
cooldown_03_ibm        • [   0% ] waiting  2m20.1s
cooldown_04_intel      • [   0% ] waiting  2m20.1s
cooldown_05_mongo      • [   0% ] waiting  2m20.1s
cooldown_06_oracle     • [   0% ] waiting  2m20.1s
cooldown_07_qualcomm   • [   0% ] waiting  2m20.1s
cooldown_08_salesforce • [   0% ] waiting  2m20.1s
cooldown_09_sap        • [   0% ] waiting  2m20.1s
cooldown_10_shopify    • [   0% ] waiting  2m20.1s
cooldown_11_stripe     • [   0% ] waiting  2m20.1s
cooldown_12_twilio     • [   0% ] waiting  2m20.1s

running (0m10.9s), 00/48 VUs, 0 complete and 0 interrupted iterations
warmup_01_binance        [  36% ] 0/2 VUs  10.9s/30.0s
warmup_02_datadog        [  36% ] 0/2 VUs  10.9s/30.0s
warmup_03_ibm            [  36% ] 0/2 VUs  10.9s/30.0s
warmup_04_intel          [  36% ] 0/2 VUs  10.9s/30.0s
warmup_05_mongo          [  36% ] 0/2 VUs  10.9s/30.0s
warmup_06_oracle         [  36% ] 0/2 VUs  10.9s/30.0s
warmup_07_qualcomm       [  36% ] 0/2 VUs  10.9s/30.0s
warmup_08_salesforce     [  36% ] 0/2 VUs  10.9s/30.0s
warmup_09_sap            [  36% ] 0/2 VUs  10.9s/30.0s
warmup_10_shopify        [  36% ] 0/2 VUs  10.9s/30.0s
warmup_11_stripe         [  36% ] 0/2 VUs  10.9s/30.0s
warmup_12_twilio         [  36% ] 0/2 VUs  10.9s/30.0s
steady_01_binance      • [   0% ] waiting  19.1s
steady_02_datadog      • [   0% ] waiting  19.1s
steady_03_ibm          • [   0% ] waiting  19.1s
steady_04_intel        • [   0% ] waiting  19.1s
steady_05_mongo        • [   0% ] waiting  19.1s
steady_06_oracle       • [   0% ] waiting  19.1s
steady_07_qualcomm     • [   0% ] waiting  19.1s
steady_08_salesforce   • [   0% ] waiting  19.1s
steady_09_sap          • [   0% ] waiting  19.1s
steady_10_shopify      • [   0% ] waiting  19.1s
steady_11_stripe       • [   0% ] waiting  19.1s
steady_12_twilio       • [   0% ] waiting  19.1s
cooldown_01_binance    • [   0% ] waiting  2m19.1s
cooldown_02_datadog    • [   0% ] waiting  2m19.1s
cooldown_03_ibm        • [   0% ] waiting  2m19.1s
cooldown_04_intel      • [   0% ] waiting  2m19.1s
cooldown_05_mongo      • [   0% ] waiting  2m19.1s
cooldown_06_oracle     • [   0% ] waiting  2m19.1s
cooldown_07_qualcomm   • [   0% ] waiting  2m19.1s
cooldown_08_salesforce • [   0% ] waiting  2m19.1s
cooldown_09_sap        • [   0% ] waiting  2m19.1s
cooldown_10_shopify    • [   0% ] waiting  2m19.1s
cooldown_11_stripe     • [   0% ] waiting  2m19.1s
cooldown_12_twilio     • [   0% ] waiting  2m19.1s

running (0m11.9s), 00/48 VUs, 0 complete and 0 interrupted iterations
warmup_01_binance        [  40% ] 0/2 VUs  11.9s/30.0s
warmup_02_datadog        [  40% ] 0/2 VUs  11.9s/30.0s
warmup_03_ibm            [  40% ] 0/2 VUs  11.9s/30.0s
warmup_04_intel          [  40% ] 0/2 VUs  11.9s/30.0s
warmup_05_mongo          [  40% ] 0/2 VUs  11.9s/30.0s
warmup_06_oracle         [  40% ] 0/2 VUs  11.9s/30.0s
warmup_07_qualcomm       [  40% ] 0/2 VUs  11.9s/30.0s
warmup_08_salesforce     [  40% ] 0/2 VUs  11.9s/30.0s
warmup_09_sap            [  40% ] 0/2 VUs  11.9s/30.0s
warmup_10_shopify        [  40% ] 0/2 VUs  11.9s/30.0s
warmup_11_stripe         [  40% ] 0/2 VUs  11.9s/30.0s
warmup_12_twilio         [  40% ] 0/2 VUs  11.9s/30.0s
steady_01_binance      • [   0% ] waiting  18.1s
steady_02_datadog      • [   0% ] waiting  18.1s
steady_03_ibm          • [   0% ] waiting  18.1s
steady_04_intel        • [   0% ] waiting  18.1s
steady_05_mongo        • [   0% ] waiting  18.1s
steady_06_oracle       • [   0% ] waiting  18.1s
steady_07_qualcomm     • [   0% ] waiting  18.1s
steady_08_salesforce   • [   0% ] waiting  18.1s
steady_09_sap          • [   0% ] waiting  18.1s
steady_10_shopify      • [   0% ] waiting  18.1s
steady_11_stripe       • [   0% ] waiting  18.1s
steady_12_twilio       • [   0% ] waiting  18.1s
cooldown_01_binance    • [   0% ] waiting  2m18.1s
cooldown_02_datadog    • [   0% ] waiting  2m18.1s
cooldown_03_ibm        • [   0% ] waiting  2m18.1s
cooldown_04_intel      • [   0% ] waiting  2m18.1s
cooldown_05_mongo      • [   0% ] waiting  2m18.1s
cooldown_06_oracle     • [   0% ] waiting  2m18.1s
cooldown_07_qualcomm   • [   0% ] waiting  2m18.1s
cooldown_08_salesforce • [   0% ] waiting  2m18.1s
cooldown_09_sap        • [   0% ] waiting  2m18.1s
cooldown_10_shopify    • [   0% ] waiting  2m18.1s
cooldown_11_stripe     • [   0% ] waiting  2m18.1s
cooldown_12_twilio     • [   0% ] waiting  2m18.1s

running (0m12.9s), 00/48 VUs, 0 complete and 0 interrupted iterations
warmup_01_binance        [  43% ] 0/2 VUs  12.9s/30.0s
warmup_02_datadog        [  43% ] 0/2 VUs  12.9s/30.0s
warmup_03_ibm            [  43% ] 0/2 VUs  12.9s/30.0s
warmup_04_intel          [  43% ] 0/2 VUs  12.9s/30.0s
warmup_05_mongo          [  43% ] 0/2 VUs  12.9s/30.0s
warmup_06_oracle         [  43% ] 0/2 VUs  12.9s/30.0s
warmup_07_qualcomm       [  43% ] 0/2 VUs  12.9s/30.0s
warmup_08_salesforce     [  43% ] 0/2 VUs  12.9s/30.0s
warmup_09_sap            [  43% ] 0/2 VUs  12.9s/30.0s
warmup_10_shopify        [  43% ] 0/2 VUs  12.9s/30.0s
warmup_11_stripe         [  43% ] 0/2 VUs  12.9s/30.0s
warmup_12_twilio         [  43% ] 0/2 VUs  12.9s/30.0s
steady_01_binance      • [   0% ] waiting  17.1s
steady_02_datadog      • [   0% ] waiting  17.1s
steady_03_ibm          • [   0% ] waiting  17.1s
steady_04_intel        • [   0% ] waiting  17.1s
steady_05_mongo        • [   0% ] waiting  17.1s
steady_06_oracle       • [   0% ] waiting  17.1s
steady_07_qualcomm     • [   0% ] waiting  17.1s
steady_08_salesforce   • [   0% ] waiting  17.1s
steady_09_sap          • [   0% ] waiting  17.1s
steady_10_shopify      • [   0% ] waiting  17.1s
steady_11_stripe       • [   0% ] waiting  17.1s
steady_12_twilio       • [   0% ] waiting  17.1s
cooldown_01_binance    • [   0% ] waiting  2m17.1s
cooldown_02_datadog    • [   0% ] waiting  2m17.1s
cooldown_03_ibm        • [   0% ] waiting  2m17.1s
cooldown_04_intel      • [   0% ] waiting  2m17.1s
cooldown_05_mongo      • [   0% ] waiting  2m17.1s
cooldown_06_oracle     • [   0% ] waiting  2m17.1s
cooldown_07_qualcomm   • [   0% ] waiting  2m17.1s
cooldown_08_salesforce • [   0% ] waiting  2m17.1s
cooldown_09_sap        • [   0% ] waiting  2m17.1s
cooldown_10_shopify    • [   0% ] waiting  2m17.1s
cooldown_11_stripe     • [   0% ] waiting  2m17.1s
cooldown_12_twilio     • [   0% ] waiting  2m17.1s

running (0m13.9s), 00/48 VUs, 0 complete and 0 interrupted iterations
warmup_01_binance        [  46% ] 0/2 VUs  13.9s/30.0s
warmup_02_datadog        [  46% ] 0/2 VUs  13.9s/30.0s
warmup_03_ibm            [  46% ] 0/2 VUs  13.9s/30.0s
warmup_04_intel          [  46% ] 0/2 VUs  13.9s/30.0s
warmup_05_mongo          [  46% ] 0/2 VUs  13.9s/30.0s
warmup_06_oracle         [  46% ] 0/2 VUs  13.9s/30.0s
warmup_07_qualcomm       [  46% ] 0/2 VUs  13.9s/30.0s
warmup_08_salesforce     [  46% ] 0/2 VUs  13.9s/30.0s
warmup_09_sap            [  46% ] 0/2 VUs  13.9s/30.0s
warmup_10_shopify        [  46% ] 0/2 VUs  13.9s/30.0s
warmup_11_stripe         [  46% ] 0/2 VUs  13.9s/30.0s
warmup_12_twilio         [  46% ] 0/2 VUs  13.9s/30.0s
steady_01_binance      • [   0% ] waiting  16.1s
steady_02_datadog      • [   0% ] waiting  16.1s
steady_03_ibm          • [   0% ] waiting  16.1s
steady_04_intel        • [   0% ] waiting  16.1s
steady_05_mongo        • [   0% ] waiting  16.1s
steady_06_oracle       • [   0% ] waiting  16.1s
steady_07_qualcomm     • [   0% ] waiting  16.1s
steady_08_salesforce   • [   0% ] waiting  16.1s
steady_09_sap          • [   0% ] waiting  16.1s
steady_10_shopify      • [   0% ] waiting  16.1s
steady_11_stripe       • [   0% ] waiting  16.1s
steady_12_twilio       • [   0% ] waiting  16.1s
cooldown_01_binance    • [   0% ] waiting  2m16.1s
cooldown_02_datadog    • [   0% ] waiting  2m16.1s
cooldown_03_ibm        • [   0% ] waiting  2m16.1s
cooldown_04_intel      • [   0% ] waiting  2m16.1s
cooldown_05_mongo      • [   0% ] waiting  2m16.1s
cooldown_06_oracle     • [   0% ] waiting  2m16.1s
cooldown_07_qualcomm   • [   0% ] waiting  2m16.1s
cooldown_08_salesforce • [   0% ] waiting  2m16.1s
cooldown_09_sap        • [   0% ] waiting  2m16.1s
cooldown_10_shopify    • [   0% ] waiting  2m16.1s
cooldown_11_stripe     • [   0% ] waiting  2m16.1s
cooldown_12_twilio     • [   0% ] waiting  2m16.1s

running (0m14.9s), 00/48 VUs, 0 complete and 0 interrupted iterations
warmup_01_binance        [  50% ] 0/2 VUs  14.9s/30.0s
warmup_02_datadog        [  50% ] 0/2 VUs  14.9s/30.0s
warmup_03_ibm            [  50% ] 0/2 VUs  14.9s/30.0s
warmup_04_intel          [  50% ] 0/2 VUs  14.9s/30.0s
warmup_05_mongo          [  50% ] 0/2 VUs  14.9s/30.0s
warmup_06_oracle         [  50% ] 0/2 VUs  14.9s/30.0s
warmup_07_qualcomm       [  50% ] 0/2 VUs  14.9s/30.0s
warmup_08_salesforce     [  50% ] 0/2 VUs  14.9s/30.0s
warmup_09_sap            [  50% ] 0/2 VUs  14.9s/30.0s
warmup_10_shopify        [  50% ] 0/2 VUs  14.9s/30.0s
warmup_11_stripe         [  50% ] 0/2 VUs  14.9s/30.0s
warmup_12_twilio         [  50% ] 0/2 VUs  14.9s/30.0s
steady_01_binance      • [   0% ] waiting  15.1s
steady_02_datadog      • [   0% ] waiting  15.1s
steady_03_ibm          • [   0% ] waiting  15.1s
steady_04_intel        • [   0% ] waiting  15.1s
steady_05_mongo        • [   0% ] waiting  15.1s
steady_06_oracle       • [   0% ] waiting  15.1s
steady_07_qualcomm     • [   0% ] waiting  15.1s
steady_08_salesforce   • [   0% ] waiting  15.1s
steady_09_sap          • [   0% ] waiting  15.1s
steady_10_shopify      • [   0% ] waiting  15.1s
steady_11_stripe       • [   0% ] waiting  15.1s
steady_12_twilio       • [   0% ] waiting  15.1s
cooldown_01_binance    • [   0% ] waiting  2m15.1s
cooldown_02_datadog    • [   0% ] waiting  2m15.1s
cooldown_03_ibm        • [   0% ] waiting  2m15.1s
cooldown_04_intel      • [   0% ] waiting  2m15.1s
cooldown_05_mongo      • [   0% ] waiting  2m15.1s
cooldown_06_oracle     • [   0% ] waiting  2m15.1s
cooldown_07_qualcomm   • [   0% ] waiting  2m15.1s
cooldown_08_salesforce • [   0% ] waiting  2m15.1s
cooldown_09_sap        • [   0% ] waiting  2m15.1s
cooldown_10_shopify    • [   0% ] waiting  2m15.1s
cooldown_11_stripe     • [   0% ] waiting  2m15.1s
cooldown_12_twilio     • [   0% ] waiting  2m15.1s

running (0m15.9s), 12/48 VUs, 8 complete and 0 interrupted iterations
warmup_01_binance        [  53% ] 1/2 VUs  15.9s/30.0s
warmup_02_datadog        [  53% ] 1/2 VUs  15.9s/30.0s
warmup_03_ibm            [  53% ] 1/2 VUs  15.9s/30.0s
warmup_04_intel          [  53% ] 1/2 VUs  15.9s/30.0s
warmup_05_mongo          [  53% ] 1/2 VUs  15.9s/30.0s
warmup_06_oracle         [  53% ] 1/2 VUs  15.9s/30.0s
warmup_07_qualcomm       [  53% ] 1/2 VUs  15.9s/30.0s
warmup_08_salesforce     [  53% ] 1/2 VUs  15.9s/30.0s
warmup_09_sap            [  53% ] 1/2 VUs  15.9s/30.0s
warmup_10_shopify        [  53% ] 1/2 VUs  15.9s/30.0s
warmup_11_stripe         [  53% ] 1/2 VUs  15.9s/30.0s
warmup_12_twilio         [  53% ] 1/2 VUs  15.9s/30.0s
steady_01_binance      • [   0% ] waiting  14.1s
steady_02_datadog      • [   0% ] waiting  14.1s
steady_03_ibm          • [   0% ] waiting  14.1s
steady_04_intel        • [   0% ] waiting  14.1s
steady_05_mongo        • [   0% ] waiting  14.1s
steady_06_oracle       • [   0% ] waiting  14.1s
steady_07_qualcomm     • [   0% ] waiting  14.1s
steady_08_salesforce   • [   0% ] waiting  14.1s
steady_09_sap          • [   0% ] waiting  14.1s
steady_10_shopify      • [   0% ] waiting  14.1s
steady_11_stripe       • [   0% ] waiting  14.1s
steady_12_twilio       • [   0% ] waiting  14.1s
cooldown_01_binance    • [   0% ] waiting  2m14.1s
cooldown_02_datadog    • [   0% ] waiting  2m14.1s
cooldown_03_ibm        • [   0% ] waiting  2m14.1s
cooldown_04_intel      • [   0% ] waiting  2m14.1s
cooldown_05_mongo      • [   0% ] waiting  2m14.1s
cooldown_06_oracle     • [   0% ] waiting  2m14.1s
cooldown_07_qualcomm   • [   0% ] waiting  2m14.1s
cooldown_08_salesforce • [   0% ] waiting  2m14.1s
cooldown_09_sap        • [   0% ] waiting  2m14.1s
cooldown_10_shopify    • [   0% ] waiting  2m14.1s
cooldown_11_stripe     • [   0% ] waiting  2m14.1s
cooldown_12_twilio     • [   0% ] waiting  2m14.1s

running (0m16.9s), 12/48 VUs, 28 complete and 0 interrupted iterations
warmup_01_binance        [  56% ] 1/2 VUs  16.9s/30.0s
warmup_02_datadog        [  56% ] 1/2 VUs  16.9s/30.0s
warmup_03_ibm            [  56% ] 1/2 VUs  16.9s/30.0s
warmup_04_intel          [  56% ] 1/2 VUs  16.9s/30.0s
warmup_05_mongo          [  56% ] 1/2 VUs  16.9s/30.0s
warmup_06_oracle         [  56% ] 1/2 VUs  16.9s/30.0s
warmup_07_qualcomm       [  56% ] 1/2 VUs  16.9s/30.0s
warmup_08_salesforce     [  56% ] 1/2 VUs  16.9s/30.0s
warmup_09_sap            [  56% ] 1/2 VUs  16.9s/30.0s
warmup_10_shopify        [  56% ] 1/2 VUs  16.9s/30.0s
warmup_11_stripe         [  56% ] 1/2 VUs  16.9s/30.0s
warmup_12_twilio         [  56% ] 1/2 VUs  16.9s/30.0s
steady_01_binance      • [   0% ] waiting  13.1s
steady_02_datadog      • [   0% ] waiting  13.1s
steady_03_ibm          • [   0% ] waiting  13.1s
steady_04_intel        • [   0% ] waiting  13.1s
steady_05_mongo        • [   0% ] waiting  13.1s
steady_06_oracle       • [   0% ] waiting  13.1s
steady_07_qualcomm     • [   0% ] waiting  13.1s
steady_08_salesforce   • [   0% ] waiting  13.1s
steady_09_sap          • [   0% ] waiting  13.1s
steady_10_shopify      • [   0% ] waiting  13.1s
steady_11_stripe       • [   0% ] waiting  13.1s
steady_12_twilio       • [   0% ] waiting  13.1s
cooldown_01_binance    • [   0% ] waiting  2m13.1s
cooldown_02_datadog    • [   0% ] waiting  2m13.1s
cooldown_03_ibm        • [   0% ] waiting  2m13.1s
cooldown_04_intel      • [   0% ] waiting  2m13.1s
cooldown_05_mongo      • [   0% ] waiting  2m13.1s
cooldown_06_oracle     • [   0% ] waiting  2m13.1s
cooldown_07_qualcomm   • [   0% ] waiting  2m13.1s
cooldown_08_salesforce • [   0% ] waiting  2m13.1s
cooldown_09_sap        • [   0% ] waiting  2m13.1s
cooldown_10_shopify    • [   0% ] waiting  2m13.1s
cooldown_11_stripe     • [   0% ] waiting  2m13.1s
cooldown_12_twilio     • [   0% ] waiting  2m13.1s

running (0m17.9s), 12/48 VUs, 48 complete and 0 interrupted iterations
warmup_01_binance        [  60% ] 1/2 VUs  17.9s/30.0s
warmup_02_datadog        [  60% ] 1/2 VUs  17.9s/30.0s
warmup_03_ibm            [  60% ] 1/2 VUs  17.9s/30.0s
warmup_04_intel          [  60% ] 1/2 VUs  17.9s/30.0s
warmup_05_mongo          [  60% ] 1/2 VUs  17.9s/30.0s
warmup_06_oracle         [  60% ] 1/2 VUs  17.9s/30.0s
warmup_07_qualcomm       [  60% ] 1/2 VUs  17.9s/30.0s
warmup_08_salesforce     [  60% ] 1/2 VUs  17.9s/30.0s
warmup_09_sap            [  60% ] 1/2 VUs  17.9s/30.0s
warmup_10_shopify        [  60% ] 1/2 VUs  17.9s/30.0s
warmup_11_stripe         [  60% ] 1/2 VUs  17.9s/30.0s
warmup_12_twilio         [  60% ] 1/2 VUs  17.9s/30.0s
steady_01_binance      • [   0% ] waiting  12.1s
steady_02_datadog      • [   0% ] waiting  12.1s
steady_03_ibm          • [   0% ] waiting  12.1s
steady_04_intel        • [   0% ] waiting  12.1s
steady_05_mongo        • [   0% ] waiting  12.1s
steady_06_oracle       • [   0% ] waiting  12.1s
steady_07_qualcomm     • [   0% ] waiting  12.1s
steady_08_salesforce   • [   0% ] waiting  12.1s
steady_09_sap          • [   0% ] waiting  12.1s
steady_10_shopify      • [   0% ] waiting  12.1s
steady_11_stripe       • [   0% ] waiting  12.1s
steady_12_twilio       • [   0% ] waiting  12.1s
cooldown_01_binance    • [   0% ] waiting  2m12.1s
cooldown_02_datadog    • [   0% ] waiting  2m12.1s
cooldown_03_ibm        • [   0% ] waiting  2m12.1s
cooldown_04_intel      • [   0% ] waiting  2m12.1s
cooldown_05_mongo      • [   0% ] waiting  2m12.1s
cooldown_06_oracle     • [   0% ] waiting  2m12.1s
cooldown_07_qualcomm   • [   0% ] waiting  2m12.1s
cooldown_08_salesforce • [   0% ] waiting  2m12.1s
cooldown_09_sap        • [   0% ] waiting  2m12.1s
cooldown_10_shopify    • [   0% ] waiting  2m12.1s
cooldown_11_stripe     • [   0% ] waiting  2m12.1s
cooldown_12_twilio     • [   0% ] waiting  2m12.1s

running (0m18.9s), 12/48 VUs, 71 complete and 0 interrupted iterations
warmup_01_binance        [  63% ] 1/2 VUs  18.9s/30.0s
warmup_02_datadog        [  63% ] 1/2 VUs  18.9s/30.0s
warmup_03_ibm            [  63% ] 1/2 VUs  18.9s/30.0s
warmup_04_intel          [  63% ] 1/2 VUs  18.9s/30.0s
warmup_05_mongo          [  63% ] 1/2 VUs  18.9s/30.0s
warmup_06_oracle         [  63% ] 1/2 VUs  18.9s/30.0s
warmup_07_qualcomm       [  63% ] 1/2 VUs  18.9s/30.0s
warmup_08_salesforce     [  63% ] 1/2 VUs  18.9s/30.0s
warmup_09_sap            [  63% ] 1/2 VUs  18.9s/30.0s
warmup_10_shopify        [  63% ] 1/2 VUs  18.9s/30.0s
warmup_11_stripe         [  63% ] 1/2 VUs  18.9s/30.0s
warmup_12_twilio         [  63% ] 1/2 VUs  18.9s/30.0s
steady_01_binance      • [   0% ] waiting  11.1s
steady_02_datadog      • [   0% ] waiting  11.1s
steady_03_ibm          • [   0% ] waiting  11.1s
steady_04_intel        • [   0% ] waiting  11.1s
steady_05_mongo        • [   0% ] waiting  11.1s
steady_06_oracle       • [   0% ] waiting  11.1s
steady_07_qualcomm     • [   0% ] waiting  11.1s
steady_08_salesforce   • [   0% ] waiting  11.1s
steady_09_sap          • [   0% ] waiting  11.1s
steady_10_shopify      • [   0% ] waiting  11.1s
steady_11_stripe       • [   0% ] waiting  11.1s
steady_12_twilio       • [   0% ] waiting  11.1s
cooldown_01_binance    • [   0% ] waiting  2m11.1s
cooldown_02_datadog    • [   0% ] waiting  2m11.1s
cooldown_03_ibm        • [   0% ] waiting  2m11.1s
cooldown_04_intel      • [   0% ] waiting  2m11.1s
cooldown_05_mongo      • [   0% ] waiting  2m11.1s
cooldown_06_oracle     • [   0% ] waiting  2m11.1s
cooldown_07_qualcomm   • [   0% ] waiting  2m11.1s
cooldown_08_salesforce • [   0% ] waiting  2m11.1s
cooldown_09_sap        • [   0% ] waiting  2m11.1s
cooldown_10_shopify    • [   0% ] waiting  2m11.1s
cooldown_11_stripe     • [   0% ] waiting  2m11.1s
cooldown_12_twilio     • [   0% ] waiting  2m11.1s

running (0m19.9s), 12/48 VUs, 91 complete and 0 interrupted iterations
warmup_01_binance        [  66% ] 1/2 VUs  19.9s/30.0s
warmup_02_datadog        [  66% ] 1/2 VUs  19.9s/30.0s
warmup_03_ibm            [  66% ] 1/2 VUs  19.9s/30.0s
warmup_04_intel          [  66% ] 1/2 VUs  19.9s/30.0s
warmup_05_mongo          [  66% ] 1/2 VUs  19.9s/30.0s
warmup_06_oracle         [  66% ] 1/2 VUs  19.9s/30.0s
warmup_07_qualcomm       [  66% ] 1/2 VUs  19.9s/30.0s
warmup_08_salesforce     [  66% ] 1/2 VUs  19.9s/30.0s
warmup_09_sap            [  66% ] 1/2 VUs  19.9s/30.0s
warmup_10_shopify        [  66% ] 1/2 VUs  19.9s/30.0s
warmup_11_stripe         [  66% ] 1/2 VUs  19.9s/30.0s
warmup_12_twilio         [  66% ] 1/2 VUs  19.9s/30.0s
steady_01_binance      • [   0% ] waiting  10.1s
steady_02_datadog      • [   0% ] waiting  10.1s
steady_03_ibm          • [   0% ] waiting  10.1s
steady_04_intel        • [   0% ] waiting  10.1s
steady_05_mongo        • [   0% ] waiting  10.1s
steady_06_oracle       • [   0% ] waiting  10.1s
steady_07_qualcomm     • [   0% ] waiting  10.1s
steady_08_salesforce   • [   0% ] waiting  10.1s
steady_09_sap          • [   0% ] waiting  10.1s
steady_10_shopify      • [   0% ] waiting  10.1s
steady_11_stripe       • [   0% ] waiting  10.1s
steady_12_twilio       • [   0% ] waiting  10.1s
cooldown_01_binance    • [   0% ] waiting  2m10.1s
cooldown_02_datadog    • [   0% ] waiting  2m10.1s
cooldown_03_ibm        • [   0% ] waiting  2m10.1s
cooldown_04_intel      • [   0% ] waiting  2m10.1s
cooldown_05_mongo      • [   0% ] waiting  2m10.1s
cooldown_06_oracle     • [   0% ] waiting  2m10.1s
cooldown_07_qualcomm   • [   0% ] waiting  2m10.1s
cooldown_08_salesforce • [   0% ] waiting  2m10.1s
cooldown_09_sap        • [   0% ] waiting  2m10.1s
cooldown_10_shopify    • [   0% ] waiting  2m10.1s
cooldown_11_stripe     • [   0% ] waiting  2m10.1s
cooldown_12_twilio     • [   0% ] waiting  2m10.1s

running (0m20.9s), 12/48 VUs, 113 complete and 0 interrupted iterations
warmup_01_binance        [  70% ] 1/2 VUs  20.9s/30.0s
warmup_02_datadog        [  70% ] 1/2 VUs  20.9s/30.0s
warmup_03_ibm            [  70% ] 1/2 VUs  20.9s/30.0s
warmup_04_intel          [  70% ] 1/2 VUs  20.9s/30.0s
warmup_05_mongo          [  70% ] 1/2 VUs  20.9s/30.0s
warmup_06_oracle         [  70% ] 1/2 VUs  20.9s/30.0s
warmup_07_qualcomm       [  70% ] 1/2 VUs  20.9s/30.0s
warmup_08_salesforce     [  70% ] 1/2 VUs  20.9s/30.0s
warmup_09_sap            [  70% ] 1/2 VUs  20.9s/30.0s
warmup_10_shopify        [  70% ] 1/2 VUs  20.9s/30.0s
warmup_11_stripe         [  70% ] 1/2 VUs  20.9s/30.0s
warmup_12_twilio         [  70% ] 1/2 VUs  20.9s/30.0s
steady_01_binance      • [   0% ] waiting  09.1s
steady_02_datadog      • [   0% ] waiting  09.1s
steady_03_ibm          • [   0% ] waiting  09.1s
steady_04_intel        • [   0% ] waiting  09.1s
steady_05_mongo        • [   0% ] waiting  09.1s
steady_06_oracle       • [   0% ] waiting  09.1s
steady_07_qualcomm     • [   0% ] waiting  09.1s
steady_08_salesforce   • [   0% ] waiting  09.1s
steady_09_sap          • [   0% ] waiting  09.1s
steady_10_shopify      • [   0% ] waiting  09.1s
steady_11_stripe       • [   0% ] waiting  09.1s
steady_12_twilio       • [   0% ] waiting  09.1s
cooldown_01_binance    • [   0% ] waiting  2m09.1s
cooldown_02_datadog    • [   0% ] waiting  2m09.1s
cooldown_03_ibm        • [   0% ] waiting  2m09.1s
cooldown_04_intel      • [   0% ] waiting  2m09.1s
cooldown_05_mongo      • [   0% ] waiting  2m09.1s
cooldown_06_oracle     • [   0% ] waiting  2m09.1s
cooldown_07_qualcomm   • [   0% ] waiting  2m09.1s
cooldown_08_salesforce • [   0% ] waiting  2m09.1s
cooldown_09_sap        • [   0% ] waiting  2m09.1s
cooldown_10_shopify    • [   0% ] waiting  2m09.1s
cooldown_11_stripe     • [   0% ] waiting  2m09.1s
cooldown_12_twilio     • [   0% ] waiting  2m09.1s

running (0m21.9s), 12/48 VUs, 133 complete and 0 interrupted iterations
warmup_01_binance        [  73% ] 1/2 VUs  21.9s/30.0s
warmup_02_datadog        [  73% ] 1/2 VUs  21.9s/30.0s
warmup_03_ibm            [  73% ] 1/2 VUs  21.9s/30.0s
warmup_04_intel          [  73% ] 1/2 VUs  21.9s/30.0s
warmup_05_mongo          [  73% ] 1/2 VUs  21.9s/30.0s
warmup_06_oracle         [  73% ] 1/2 VUs  21.9s/30.0s
warmup_07_qualcomm       [  73% ] 1/2 VUs  21.9s/30.0s
warmup_08_salesforce     [  73% ] 1/2 VUs  21.9s/30.0s
warmup_09_sap            [  73% ] 1/2 VUs  21.9s/30.0s
warmup_10_shopify        [  73% ] 1/2 VUs  21.9s/30.0s
warmup_11_stripe         [  73% ] 1/2 VUs  21.9s/30.0s
warmup_12_twilio         [  73% ] 1/2 VUs  21.9s/30.0s
steady_01_binance      • [   0% ] waiting  08.1s
steady_02_datadog      • [   0% ] waiting  08.1s
steady_03_ibm          • [   0% ] waiting  08.1s
steady_04_intel        • [   0% ] waiting  08.1s
steady_05_mongo        • [   0% ] waiting  08.1s
steady_06_oracle       • [   0% ] waiting  08.1s
steady_07_qualcomm     • [   0% ] waiting  08.1s
steady_08_salesforce   • [   0% ] waiting  08.1s
steady_09_sap          • [   0% ] waiting  08.1s
steady_10_shopify      • [   0% ] waiting  08.1s
steady_11_stripe       • [   0% ] waiting  08.1s
steady_12_twilio       • [   0% ] waiting  08.1s
cooldown_01_binance    • [   0% ] waiting  2m08.1s
cooldown_02_datadog    • [   0% ] waiting  2m08.1s
cooldown_03_ibm        • [   0% ] waiting  2m08.1s
cooldown_04_intel      • [   0% ] waiting  2m08.1s
cooldown_05_mongo      • [   0% ] waiting  2m08.1s
cooldown_06_oracle     • [   0% ] waiting  2m08.1s
cooldown_07_qualcomm   • [   0% ] waiting  2m08.1s
cooldown_08_salesforce • [   0% ] waiting  2m08.1s
cooldown_09_sap        • [   0% ] waiting  2m08.1s
cooldown_10_shopify    • [   0% ] waiting  2m08.1s
cooldown_11_stripe     • [   0% ] waiting  2m08.1s
cooldown_12_twilio     • [   0% ] waiting  2m08.1s

running (0m22.9s), 12/48 VUs, 154 complete and 0 interrupted iterations
warmup_01_binance        [  76% ] 1/2 VUs  22.9s/30.0s
warmup_02_datadog        [  76% ] 1/2 VUs  22.9s/30.0s
warmup_03_ibm            [  76% ] 1/2 VUs  22.9s/30.0s
warmup_04_intel          [  76% ] 1/2 VUs  22.9s/30.0s
warmup_05_mongo          [  76% ] 1/2 VUs  22.9s/30.0s
warmup_06_oracle         [  76% ] 1/2 VUs  22.9s/30.0s
warmup_07_qualcomm       [  76% ] 1/2 VUs  22.9s/30.0s
warmup_08_salesforce     [  76% ] 1/2 VUs  22.9s/30.0s
warmup_09_sap            [  76% ] 1/2 VUs  22.9s/30.0s
warmup_10_shopify        [  76% ] 1/2 VUs  22.9s/30.0s
warmup_11_stripe         [  76% ] 1/2 VUs  22.9s/30.0s
warmup_12_twilio         [  76% ] 1/2 VUs  22.9s/30.0s
steady_01_binance      • [   0% ] waiting  07.1s
steady_02_datadog      • [   0% ] waiting  07.1s
steady_03_ibm          • [   0% ] waiting  07.1s
steady_04_intel        • [   0% ] waiting  07.1s
steady_05_mongo        • [   0% ] waiting  07.1s
steady_06_oracle       • [   0% ] waiting  07.1s
steady_07_qualcomm     • [   0% ] waiting  07.1s
steady_08_salesforce   • [   0% ] waiting  07.1s
steady_09_sap          • [   0% ] waiting  07.1s
steady_10_shopify      • [   0% ] waiting  07.1s
steady_11_stripe       • [   0% ] waiting  07.1s
steady_12_twilio       • [   0% ] waiting  07.1s
cooldown_01_binance    • [   0% ] waiting  2m07.1s
cooldown_02_datadog    • [   0% ] waiting  2m07.1s
cooldown_03_ibm        • [   0% ] waiting  2m07.1s
cooldown_04_intel      • [   0% ] waiting  2m07.1s
cooldown_05_mongo      • [   0% ] waiting  2m07.1s
cooldown_06_oracle     • [   0% ] waiting  2m07.1s
cooldown_07_qualcomm   • [   0% ] waiting  2m07.1s
cooldown_08_salesforce • [   0% ] waiting  2m07.1s
cooldown_09_sap        • [   0% ] waiting  2m07.1s
cooldown_10_shopify    • [   0% ] waiting  2m07.1s
cooldown_11_stripe     • [   0% ] waiting  2m07.1s
cooldown_12_twilio     • [   0% ] waiting  2m07.1s

running (0m23.9s), 12/48 VUs, 175 complete and 0 interrupted iterations
warmup_01_binance        [  80% ] 1/2 VUs  23.9s/30.0s
warmup_02_datadog        [  80% ] 1/2 VUs  23.9s/30.0s
warmup_03_ibm            [  80% ] 1/2 VUs  23.9s/30.0s
warmup_04_intel          [  80% ] 1/2 VUs  23.9s/30.0s
warmup_05_mongo          [  80% ] 1/2 VUs  23.9s/30.0s
warmup_06_oracle         [  80% ] 1/2 VUs  23.9s/30.0s
warmup_07_qualcomm       [  80% ] 1/2 VUs  23.9s/30.0s
warmup_08_salesforce     [  80% ] 1/2 VUs  23.9s/30.0s
warmup_09_sap            [  80% ] 1/2 VUs  23.9s/30.0s
warmup_10_shopify        [  80% ] 1/2 VUs  23.9s/30.0s
warmup_11_stripe         [  80% ] 1/2 VUs  23.9s/30.0s
warmup_12_twilio         [  80% ] 1/2 VUs  23.9s/30.0s
steady_01_binance      • [   0% ] waiting  06.1s
steady_02_datadog      • [   0% ] waiting  06.1s
steady_03_ibm          • [   0% ] waiting  06.1s
steady_04_intel        • [   0% ] waiting  06.1s
steady_05_mongo        • [   0% ] waiting  06.1s
steady_06_oracle       • [   0% ] waiting  06.1s
steady_07_qualcomm     • [   0% ] waiting  06.1s
steady_08_salesforce   • [   0% ] waiting  06.1s
steady_09_sap          • [   0% ] waiting  06.1s
steady_10_shopify      • [   0% ] waiting  06.1s
steady_11_stripe       • [   0% ] waiting  06.1s
steady_12_twilio       • [   0% ] waiting  06.1s
cooldown_01_binance    • [   0% ] waiting  2m06.1s
cooldown_02_datadog    • [   0% ] waiting  2m06.1s
cooldown_03_ibm        • [   0% ] waiting  2m06.1s
cooldown_04_intel      • [   0% ] waiting  2m06.1s
cooldown_05_mongo      • [   0% ] waiting  2m06.1s
cooldown_06_oracle     • [   0% ] waiting  2m06.1s
cooldown_07_qualcomm   • [   0% ] waiting  2m06.1s
cooldown_08_salesforce • [   0% ] waiting  2m06.1s
cooldown_09_sap        • [   0% ] waiting  2m06.1s
cooldown_10_shopify    • [   0% ] waiting  2m06.1s
cooldown_11_stripe     • [   0% ] waiting  2m06.1s
cooldown_12_twilio     • [   0% ] waiting  2m06.1s

running (0m24.9s), 12/48 VUs, 197 complete and 0 interrupted iterations
warmup_01_binance        [  83% ] 1/2 VUs  24.9s/30.0s
warmup_02_datadog        [  83% ] 1/2 VUs  24.9s/30.0s
warmup_03_ibm            [  83% ] 1/2 VUs  24.9s/30.0s
warmup_04_intel          [  83% ] 1/2 VUs  24.9s/30.0s
warmup_05_mongo          [  83% ] 1/2 VUs  24.9s/30.0s
warmup_06_oracle         [  83% ] 1/2 VUs  24.9s/30.0s
warmup_07_qualcomm       [  83% ] 1/2 VUs  24.9s/30.0s
warmup_08_salesforce     [  83% ] 1/2 VUs  24.9s/30.0s
warmup_09_sap            [  83% ] 1/2 VUs  24.9s/30.0s
warmup_10_shopify        [  83% ] 1/2 VUs  24.9s/30.0s
warmup_11_stripe         [  83% ] 1/2 VUs  24.9s/30.0s
warmup_12_twilio         [  83% ] 1/2 VUs  24.9s/30.0s
steady_01_binance      • [   0% ] waiting  05.1s
steady_02_datadog      • [   0% ] waiting  05.1s
steady_03_ibm          • [   0% ] waiting  05.1s
steady_04_intel        • [   0% ] waiting  05.1s
steady_05_mongo        • [   0% ] waiting  05.1s
steady_06_oracle       • [   0% ] waiting  05.1s
steady_07_qualcomm     • [   0% ] waiting  05.1s
steady_08_salesforce   • [   0% ] waiting  05.1s
steady_09_sap          • [   0% ] waiting  05.1s
steady_10_shopify      • [   0% ] waiting  05.1s
steady_11_stripe       • [   0% ] waiting  05.1s
steady_12_twilio       • [   0% ] waiting  05.1s
cooldown_01_binance    • [   0% ] waiting  2m05.1s
cooldown_02_datadog    • [   0% ] waiting  2m05.1s
cooldown_03_ibm        • [   0% ] waiting  2m05.1s
cooldown_04_intel      • [   0% ] waiting  2m05.1s
cooldown_05_mongo      • [   0% ] waiting  2m05.1s
cooldown_06_oracle     • [   0% ] waiting  2m05.1s
cooldown_07_qualcomm   • [   0% ] waiting  2m05.1s
cooldown_08_salesforce • [   0% ] waiting  2m05.1s
cooldown_09_sap        • [   0% ] waiting  2m05.1s
cooldown_10_shopify    • [   0% ] waiting  2m05.1s
cooldown_11_stripe     • [   0% ] waiting  2m05.1s
cooldown_12_twilio     • [   0% ] waiting  2m05.1s

running (0m25.9s), 12/48 VUs, 218 complete and 0 interrupted iterations
warmup_01_binance        [  86% ] 1/2 VUs  25.9s/30.0s
warmup_02_datadog        [  86% ] 1/2 VUs  25.9s/30.0s
warmup_03_ibm            [  86% ] 1/2 VUs  25.9s/30.0s
warmup_04_intel          [  86% ] 1/2 VUs  25.9s/30.0s
warmup_05_mongo          [  86% ] 1/2 VUs  25.9s/30.0s
warmup_06_oracle         [  86% ] 1/2 VUs  25.9s/30.0s
warmup_07_qualcomm       [  86% ] 1/2 VUs  25.9s/30.0s
warmup_08_salesforce     [  86% ] 1/2 VUs  25.9s/30.0s
warmup_09_sap            [  86% ] 1/2 VUs  25.9s/30.0s
warmup_10_shopify        [  86% ] 1/2 VUs  25.9s/30.0s
warmup_11_stripe         [  86% ] 1/2 VUs  25.9s/30.0s
warmup_12_twilio         [  86% ] 1/2 VUs  25.9s/30.0s
steady_01_binance      • [   0% ] waiting  04.1s
steady_02_datadog      • [   0% ] waiting  04.1s
steady_03_ibm          • [   0% ] waiting  04.1s
steady_04_intel        • [   0% ] waiting  04.1s
steady_05_mongo        • [   0% ] waiting  04.1s
steady_06_oracle       • [   0% ] waiting  04.1s
steady_07_qualcomm     • [   0% ] waiting  04.1s
steady_08_salesforce   • [   0% ] waiting  04.1s
steady_09_sap          • [   0% ] waiting  04.1s
steady_10_shopify      • [   0% ] waiting  04.1s
steady_11_stripe       • [   0% ] waiting  04.1s
steady_12_twilio       • [   0% ] waiting  04.1s
cooldown_01_binance    • [   0% ] waiting  2m04.1s
cooldown_02_datadog    • [   0% ] waiting  2m04.1s
cooldown_03_ibm        • [   0% ] waiting  2m04.1s
cooldown_04_intel      • [   0% ] waiting  2m04.1s
cooldown_05_mongo      • [   0% ] waiting  2m04.1s
cooldown_06_oracle     • [   0% ] waiting  2m04.1s
cooldown_07_qualcomm   • [   0% ] waiting  2m04.1s
cooldown_08_salesforce • [   0% ] waiting  2m04.1s
cooldown_09_sap        • [   0% ] waiting  2m04.1s
cooldown_10_shopify    • [   0% ] waiting  2m04.1s
cooldown_11_stripe     • [   0% ] waiting  2m04.1s
cooldown_12_twilio     • [   0% ] waiting  2m04.1s

running (0m26.9s), 12/48 VUs, 239 complete and 0 interrupted iterations
warmup_01_binance        [  90% ] 1/2 VUs  26.9s/30.0s
warmup_02_datadog        [  90% ] 1/2 VUs  26.9s/30.0s
warmup_03_ibm            [  90% ] 1/2 VUs  26.9s/30.0s
warmup_04_intel          [  90% ] 1/2 VUs  26.9s/30.0s
warmup_05_mongo          [  90% ] 1/2 VUs  26.9s/30.0s
warmup_06_oracle         [  90% ] 1/2 VUs  26.9s/30.0s
warmup_07_qualcomm       [  90% ] 1/2 VUs  26.9s/30.0s
warmup_08_salesforce     [  90% ] 1/2 VUs  26.9s/30.0s
warmup_09_sap            [  90% ] 1/2 VUs  26.9s/30.0s
warmup_10_shopify        [  90% ] 1/2 VUs  26.9s/30.0s
warmup_11_stripe         [  90% ] 1/2 VUs  26.9s/30.0s
warmup_12_twilio         [  90% ] 1/2 VUs  26.9s/30.0s
steady_01_binance      • [   0% ] waiting  03.1s
steady_02_datadog      • [   0% ] waiting  03.1s
steady_03_ibm          • [   0% ] waiting  03.1s
steady_04_intel        • [   0% ] waiting  03.1s
steady_05_mongo        • [   0% ] waiting  03.1s
steady_06_oracle       • [   0% ] waiting  03.1s
steady_07_qualcomm     • [   0% ] waiting  03.1s
steady_08_salesforce   • [   0% ] waiting  03.1s
steady_09_sap          • [   0% ] waiting  03.1s
steady_10_shopify      • [   0% ] waiting  03.1s
steady_11_stripe       • [   0% ] waiting  03.1s
steady_12_twilio       • [   0% ] waiting  03.1s
cooldown_01_binance    • [   0% ] waiting  2m03.1s
cooldown_02_datadog    • [   0% ] waiting  2m03.1s
cooldown_03_ibm        • [   0% ] waiting  2m03.1s
cooldown_04_intel      • [   0% ] waiting  2m03.1s
cooldown_05_mongo      • [   0% ] waiting  2m03.1s
cooldown_06_oracle     • [   0% ] waiting  2m03.1s
cooldown_07_qualcomm   • [   0% ] waiting  2m03.1s
cooldown_08_salesforce • [   0% ] waiting  2m03.1s
cooldown_09_sap        • [   0% ] waiting  2m03.1s
cooldown_10_shopify    • [   0% ] waiting  2m03.1s
cooldown_11_stripe     • [   0% ] waiting  2m03.1s
cooldown_12_twilio     • [   0% ] waiting  2m03.1s

running (0m27.9s), 12/48 VUs, 260 complete and 0 interrupted iterations
warmup_01_binance        [  93% ] 1/2 VUs  27.9s/30.0s
warmup_02_datadog        [  93% ] 1/2 VUs  27.9s/30.0s
warmup_03_ibm            [  93% ] 1/2 VUs  27.9s/30.0s
warmup_04_intel          [  93% ] 1/2 VUs  27.9s/30.0s
warmup_05_mongo          [  93% ] 1/2 VUs  27.9s/30.0s
warmup_06_oracle         [  93% ] 1/2 VUs  27.9s/30.0s
warmup_07_qualcomm       [  93% ] 1/2 VUs  27.9s/30.0s
warmup_08_salesforce     [  93% ] 1/2 VUs  27.9s/30.0s
warmup_09_sap            [  93% ] 1/2 VUs  27.9s/30.0s
warmup_10_shopify        [  93% ] 1/2 VUs  27.9s/30.0s
warmup_11_stripe         [  93% ] 1/2 VUs  27.9s/30.0s
warmup_12_twilio         [  93% ] 1/2 VUs  27.9s/30.0s
steady_01_binance      • [   0% ] waiting  02.1s
steady_02_datadog      • [   0% ] waiting  02.1s
steady_03_ibm          • [   0% ] waiting  02.1s
steady_04_intel        • [   0% ] waiting  02.1s
steady_05_mongo        • [   0% ] waiting  02.1s
steady_06_oracle       • [   0% ] waiting  02.1s
steady_07_qualcomm     • [   0% ] waiting  02.1s
steady_08_salesforce   • [   0% ] waiting  02.1s
steady_09_sap          • [   0% ] waiting  02.1s
steady_10_shopify      • [   0% ] waiting  02.1s
steady_11_stripe       • [   0% ] waiting  02.1s
steady_12_twilio       • [   0% ] waiting  02.1s
cooldown_01_binance    • [   0% ] waiting  2m02.1s
cooldown_02_datadog    • [   0% ] waiting  2m02.1s
cooldown_03_ibm        • [   0% ] waiting  2m02.1s
cooldown_04_intel      • [   0% ] waiting  2m02.1s
cooldown_05_mongo      • [   0% ] waiting  2m02.1s
cooldown_06_oracle     • [   0% ] waiting  2m02.1s
cooldown_07_qualcomm   • [   0% ] waiting  2m02.1s
cooldown_08_salesforce • [   0% ] waiting  2m02.1s
cooldown_09_sap        • [   0% ] waiting  2m02.1s
cooldown_10_shopify    • [   0% ] waiting  2m02.1s
cooldown_11_stripe     • [   0% ] waiting  2m02.1s
cooldown_12_twilio     • [   0% ] waiting  2m02.1s

running (0m28.9s), 12/48 VUs, 281 complete and 0 interrupted iterations
warmup_01_binance        [  96% ] 1/2 VUs  28.9s/30.0s
warmup_02_datadog        [  96% ] 1/2 VUs  28.9s/30.0s
warmup_03_ibm            [  96% ] 1/2 VUs  28.9s/30.0s
warmup_04_intel          [  96% ] 1/2 VUs  28.9s/30.0s
warmup_05_mongo          [  96% ] 1/2 VUs  28.9s/30.0s
warmup_06_oracle         [  96% ] 1/2 VUs  28.9s/30.0s
warmup_07_qualcomm       [  96% ] 1/2 VUs  28.9s/30.0s
warmup_08_salesforce     [  96% ] 1/2 VUs  28.9s/30.0s
warmup_09_sap            [  96% ] 1/2 VUs  28.9s/30.0s
warmup_10_shopify        [  96% ] 1/2 VUs  28.9s/30.0s
warmup_11_stripe         [  96% ] 1/2 VUs  28.9s/30.0s
warmup_12_twilio         [  96% ] 1/2 VUs  28.9s/30.0s
steady_01_binance      • [   0% ] waiting  01.1s
steady_02_datadog      • [   0% ] waiting  01.1s
steady_03_ibm          • [   0% ] waiting  01.1s
steady_04_intel        • [   0% ] waiting  01.1s
steady_05_mongo        • [   0% ] waiting  01.1s
steady_06_oracle       • [   0% ] waiting  01.1s
steady_07_qualcomm     • [   0% ] waiting  01.1s
steady_08_salesforce   • [   0% ] waiting  01.1s
steady_09_sap          • [   0% ] waiting  01.1s
steady_10_shopify      • [   0% ] waiting  01.1s
steady_11_stripe       • [   0% ] waiting  01.1s
steady_12_twilio       • [   0% ] waiting  01.1s
cooldown_01_binance    • [   0% ] waiting  2m01.1s
cooldown_02_datadog    • [   0% ] waiting  2m01.1s
cooldown_03_ibm        • [   0% ] waiting  2m01.1s
cooldown_04_intel      • [   0% ] waiting  2m01.1s
cooldown_05_mongo      • [   0% ] waiting  2m01.1s
cooldown_06_oracle     • [   0% ] waiting  2m01.1s
cooldown_07_qualcomm   • [   0% ] waiting  2m01.1s
cooldown_08_salesforce • [   0% ] waiting  2m01.1s
cooldown_09_sap        • [   0% ] waiting  2m01.1s
cooldown_10_shopify    • [   0% ] waiting  2m01.1s
cooldown_11_stripe     • [   0% ] waiting  2m01.1s
cooldown_12_twilio     • [   0% ] waiting  2m01.1s

running (0m29.9s), 12/48 VUs, 302 complete and 0 interrupted iterations
warmup_01_binance        [ 100% ] 1/2 VUs  29.9s/30.0s
warmup_02_datadog        [ 100% ] 1/2 VUs  29.9s/30.0s
warmup_03_ibm            [ 100% ] 1/2 VUs  29.9s/30.0s
warmup_04_intel          [ 100% ] 1/2 VUs  29.9s/30.0s
warmup_05_mongo          [ 100% ] 1/2 VUs  29.9s/30.0s
warmup_06_oracle         [ 100% ] 1/2 VUs  29.9s/30.0s
warmup_07_qualcomm       [ 100% ] 1/2 VUs  29.9s/30.0s
warmup_08_salesforce     [ 100% ] 1/2 VUs  29.9s/30.0s
warmup_09_sap            [ 100% ] 1/2 VUs  29.9s/30.0s
warmup_10_shopify        [ 100% ] 1/2 VUs  29.9s/30.0s
warmup_11_stripe         [ 100% ] 1/2 VUs  29.9s/30.0s
warmup_12_twilio         [ 100% ] 1/2 VUs  29.9s/30.0s
steady_01_binance      • [   0% ] waiting  00.1s
steady_02_datadog      • [   0% ] waiting  00.1s
steady_03_ibm          • [   0% ] waiting  00.1s
steady_04_intel        • [   0% ] waiting  00.1s
steady_05_mongo        • [   0% ] waiting  00.1s
steady_06_oracle       • [   0% ] waiting  00.1s
steady_07_qualcomm     • [   0% ] waiting  00.1s
steady_08_salesforce   • [   0% ] waiting  00.1s
steady_09_sap          • [   0% ] waiting  00.1s
steady_10_shopify      • [   0% ] waiting  00.1s
steady_11_stripe       • [   0% ] waiting  00.1s
steady_12_twilio       • [   0% ] waiting  00.1s
cooldown_01_binance    • [   0% ] waiting  2m00.1s
cooldown_02_datadog    • [   0% ] waiting  2m00.1s
cooldown_03_ibm        • [   0% ] waiting  2m00.1s
cooldown_04_intel      • [   0% ] waiting  2m00.1s
cooldown_05_mongo      • [   0% ] waiting  2m00.1s
cooldown_06_oracle     • [   0% ] waiting  2m00.1s
cooldown_07_qualcomm   • [   0% ] waiting  2m00.1s
cooldown_08_salesforce • [   0% ] waiting  2m00.1s
cooldown_09_sap        • [   0% ] waiting  2m00.1s
cooldown_10_shopify    • [   0% ] waiting  2m00.1s
cooldown_11_stripe     • [   0% ] waiting  2m00.1s
cooldown_12_twilio     • [   0% ] waiting  2m00.1s

running (0m30.9s), 31/48 VUs, 324 complete and 0 interrupted iterations
warmup_01_binance      ✓ [ 100% ] 0/2 VUs  30s
warmup_02_datadog      ✓ [ 100% ] 0/2 VUs  30s
warmup_03_ibm          ✓ [ 100% ] 0/2 VUs  30s
warmup_04_intel        ✓ [ 100% ] 0/2 VUs  30s
warmup_05_mongo        ↓ [ 100% ] 1/2 VUs  30s
warmup_06_oracle       ↓ [ 100% ] 1/2 VUs  30s
warmup_07_qualcomm     ↓ [ 100% ] 1/2 VUs  30s
warmup_08_salesforce   ↓ [ 100% ] 2/2 VUs  30s
warmup_09_sap          ↓ [ 100% ] 2/2 VUs  30s
warmup_10_shopify      ↓ [ 100% ] 1/2 VUs  30s
warmup_11_stripe       ↓ [ 100% ] 1/2 VUs  30s
warmup_12_twilio       ✓ [ 100% ] 0/2 VUs  30s
steady_01_binance        [   1% ] 2 VUs    0m00.9s/2m0s
steady_02_datadog        [   1% ] 2 VUs    0m00.9s/2m0s
steady_03_ibm            [   1% ] 2 VUs    0m00.9s/2m0s
steady_04_intel          [   1% ] 2 VUs    0m00.9s/2m0s
steady_05_mongo          [   1% ] 2 VUs    0m00.9s/2m0s
steady_06_oracle         [   1% ] 2 VUs    0m00.9s/2m0s
steady_07_qualcomm       [   1% ] 2 VUs    0m00.9s/2m0s
steady_08_salesforce     [   1% ] 2 VUs    0m00.9s/2m0s
steady_09_sap            [   1% ] 2 VUs    0m00.9s/2m0s
steady_10_shopify        [   1% ] 2 VUs    0m00.9s/2m0s
steady_11_stripe         [   1% ] 2 VUs    0m00.9s/2m0s
steady_12_twilio         [   1% ] 2 VUs    0m00.9s/2m0s
cooldown_01_binance    • [   0% ] waiting  1m59.1s
cooldown_02_datadog    • [   0% ] waiting  1m59.1s
cooldown_03_ibm        • [   0% ] waiting  1m59.1s
cooldown_04_intel      • [   0% ] waiting  1m59.1s
cooldown_05_mongo      • [   0% ] waiting  1m59.1s
cooldown_06_oracle     • [   0% ] waiting  1m59.1s
cooldown_07_qualcomm   • [   0% ] waiting  1m59.1s
cooldown_08_salesforce • [   0% ] waiting  1m59.1s
cooldown_09_sap        • [   0% ] waiting  1m59.1s
cooldown_10_shopify    • [   0% ] waiting  1m59.1s
cooldown_11_stripe     • [   0% ] waiting  1m59.1s
cooldown_12_twilio     • [   0% ] waiting  1m59.1s

running (0m31.9s), 28/48 VUs, 344 complete and 0 interrupted iterations
warmup_01_binance      ✓ [ 100% ] 0/2 VUs  30s
warmup_02_datadog      ✓ [ 100% ] 0/2 VUs  30s
warmup_03_ibm          ✓ [ 100% ] 0/2 VUs  30s
warmup_04_intel        ✓ [ 100% ] 0/2 VUs  30s
warmup_05_mongo        ↓ [ 100% ] 1/2 VUs  30s
warmup_06_oracle       ✓ [ 100% ] 0/2 VUs  30s
warmup_07_qualcomm     ✓ [ 100% ] 0/2 VUs  30s
warmup_08_salesforce   ↓ [ 100% ] 2/2 VUs  30s
warmup_09_sap          ✓ [ 100% ] 0/2 VUs  30s
warmup_10_shopify      ↓ [ 100% ] 1/2 VUs  30s
warmup_11_stripe       ↓ [ 100% ] 1/2 VUs  30s
warmup_12_twilio       ✓ [ 100% ] 0/2 VUs  30s
steady_01_binance        [   2% ] 2 VUs    0m01.9s/2m0s
steady_02_datadog        [   2% ] 2 VUs    0m01.9s/2m0s
steady_03_ibm            [   2% ] 2 VUs    0m01.9s/2m0s
steady_04_intel          [   2% ] 2 VUs    0m01.9s/2m0s
steady_05_mongo          [   2% ] 2 VUs    0m01.9s/2m0s
steady_06_oracle         [   2% ] 2 VUs    0m01.9s/2m0s
steady_07_qualcomm       [   2% ] 2 VUs    0m01.9s/2m0s
steady_08_salesforce     [   2% ] 2 VUs    0m01.9s/2m0s
steady_09_sap            [   2% ] 2 VUs    0m01.9s/2m0s
steady_10_shopify        [   2% ] 2 VUs    0m01.9s/2m0s
steady_11_stripe         [   2% ] 2 VUs    0m01.9s/2m0s
steady_12_twilio         [   2% ] 2 VUs    0m01.9s/2m0s
cooldown_01_binance    • [   0% ] waiting  1m58.1s
cooldown_02_datadog    • [   0% ] waiting  1m58.1s
cooldown_03_ibm        • [   0% ] waiting  1m58.1s
cooldown_04_intel      • [   0% ] waiting  1m58.1s
cooldown_05_mongo      • [   0% ] waiting  1m58.1s
cooldown_06_oracle     • [   0% ] waiting  1m58.1s
cooldown_07_qualcomm   • [   0% ] waiting  1m58.1s
cooldown_08_salesforce • [   0% ] waiting  1m58.1s
cooldown_09_sap        • [   0% ] waiting  1m58.1s
cooldown_10_shopify    • [   0% ] waiting  1m58.1s
cooldown_11_stripe     • [   0% ] waiting  1m58.1s
cooldown_12_twilio     • [   0% ] waiting  1m58.1s

running (0m32.9s), 24/48 VUs, 388 complete and 0 interrupted iterations
warmup_01_binance      ✓ [ 100% ] 0/2 VUs  30s
warmup_02_datadog      ✓ [ 100% ] 0/2 VUs  30s
warmup_03_ibm          ✓ [ 100% ] 0/2 VUs  30s
warmup_04_intel        ✓ [ 100% ] 0/2 VUs  30s
warmup_05_mongo        ✓ [ 100% ] 0/2 VUs  30s
warmup_06_oracle       ✓ [ 100% ] 0/2 VUs  30s
warmup_07_qualcomm     ✓ [ 100% ] 0/2 VUs  30s
warmup_08_salesforce   ✓ [ 100% ] 0/2 VUs  30s
warmup_09_sap          ✓ [ 100% ] 0/2 VUs  30s
warmup_10_shopify      ✓ [ 100% ] 0/2 VUs  30s
warmup_11_stripe       ✓ [ 100% ] 0/2 VUs  30s
warmup_12_twilio       ✓ [ 100% ] 0/2 VUs  30s
steady_01_binance        [   2% ] 2 VUs    0m02.9s/2m0s
steady_02_datadog        [   2% ] 2 VUs    0m02.9s/2m0s
steady_03_ibm            [   2% ] 2 VUs    0m02.9s/2m0s
steady_04_intel          [   2% ] 2 VUs    0m02.9s/2m0s
steady_05_mongo          [   2% ] 2 VUs    0m02.9s/2m0s
steady_06_oracle         [   2% ] 2 VUs    0m02.9s/2m0s
steady_07_qualcomm       [   2% ] 2 VUs    0m02.9s/2m0s
steady_08_salesforce     [   2% ] 2 VUs    0m02.9s/2m0s
steady_09_sap            [   2% ] 2 VUs    0m02.9s/2m0s
steady_10_shopify        [   2% ] 2 VUs    0m02.9s/2m0s
steady_11_stripe         [   2% ] 2 VUs    0m02.9s/2m0s
steady_12_twilio         [   2% ] 2 VUs    0m02.9s/2m0s
cooldown_01_binance    • [   0% ] waiting  1m57.1s
cooldown_02_datadog    • [   0% ] waiting  1m57.1s
cooldown_03_ibm        • [   0% ] waiting  1m57.1s
cooldown_04_intel      • [   0% ] waiting  1m57.1s
cooldown_05_mongo      • [   0% ] waiting  1m57.1s
cooldown_06_oracle     • [   0% ] waiting  1m57.1s
cooldown_07_qualcomm   • [   0% ] waiting  1m57.1s
cooldown_08_salesforce • [   0% ] waiting  1m57.1s
cooldown_09_sap        • [   0% ] waiting  1m57.1s
cooldown_10_shopify    • [   0% ] waiting  1m57.1s
cooldown_11_stripe     • [   0% ] waiting  1m57.1s
cooldown_12_twilio     • [   0% ] waiting  1m57.1s

running (0m33.9s), 24/48 VUs, 412 complete and 0 interrupted iterations
warmup_01_binance      ✓ [ 100% ] 0/2 VUs  30s
warmup_02_datadog      ✓ [ 100% ] 0/2 VUs  30s
warmup_03_ibm          ✓ [ 100% ] 0/2 VUs  30s
warmup_04_intel        ✓ [ 100% ] 0/2 VUs  30s
warmup_05_mongo        ✓ [ 100% ] 0/2 VUs  30s
warmup_06_oracle       ✓ [ 100% ] 0/2 VUs  30s
warmup_07_qualcomm     ✓ [ 100% ] 0/2 VUs  30s
warmup_08_salesforce   ✓ [ 100% ] 0/2 VUs  30s
warmup_09_sap          ✓ [ 100% ] 0/2 VUs  30s
warmup_10_shopify      ✓ [ 100% ] 0/2 VUs  30s
warmup_11_stripe       ✓ [ 100% ] 0/2 VUs  30s
warmup_12_twilio       ✓ [ 100% ] 0/2 VUs  30s
steady_01_binance        [   3% ] 2 VUs    0m03.9s/2m0s
steady_02_datadog        [   3% ] 2 VUs    0m03.9s/2m0s
steady_03_ibm            [   3% ] 2 VUs    0m03.9s/2m0s
steady_04_intel          [   3% ] 2 VUs    0m03.9s/2m0s
steady_05_mongo          [   3% ] 2 VUs    0m03.9s/2m0s
steady_06_oracle         [   3% ] 2 VUs    0m03.9s/2m0s
steady_07_qualcomm       [   3% ] 2 VUs    0m03.9s/2m0s
steady_08_salesforce     [   3% ] 2 VUs    0m03.9s/2m0s
steady_09_sap            [   3% ] 2 VUs    0m03.9s/2m0s
steady_10_shopify        [   3% ] 2 VUs    0m03.9s/2m0s
steady_11_stripe         [   3% ] 2 VUs    0m03.9s/2m0s
steady_12_twilio         [   3% ] 2 VUs    0m03.9s/2m0s
cooldown_01_binance    • [   0% ] waiting  1m56.1s
cooldown_02_datadog    • [   0% ] waiting  1m56.1s
cooldown_03_ibm        • [   0% ] waiting  1m56.1s
cooldown_04_intel      • [   0% ] waiting  1m56.1s
cooldown_05_mongo      • [   0% ] waiting  1m56.1s
cooldown_06_oracle     • [   0% ] waiting  1m56.1s
cooldown_07_qualcomm   • [   0% ] waiting  1m56.1s
cooldown_08_salesforce • [   0% ] waiting  1m56.1s
cooldown_09_sap        • [   0% ] waiting  1m56.1s
cooldown_10_shopify    • [   0% ] waiting  1m56.1s
cooldown_11_stripe     • [   0% ] waiting  1m56.1s
cooldown_12_twilio     • [   0% ] waiting  1m56.1s

running (0m34.9s), 24/48 VUs, 445 complete and 0 interrupted iterations
warmup_01_binance      ✓ [ 100% ] 0/2 VUs  30s
warmup_02_datadog      ✓ [ 100% ] 0/2 VUs  30s
warmup_03_ibm          ✓ [ 100% ] 0/2 VUs  30s
warmup_04_intel        ✓ [ 100% ] 0/2 VUs  30s
warmup_05_mongo        ✓ [ 100% ] 0/2 VUs  30s
warmup_06_oracle       ✓ [ 100% ] 0/2 VUs  30s
warmup_07_qualcomm     ✓ [ 100% ] 0/2 VUs  30s
warmup_08_salesforce   ✓ [ 100% ] 0/2 VUs  30s
warmup_09_sap          ✓ [ 100% ] 0/2 VUs  30s
warmup_10_shopify      ✓ [ 100% ] 0/2 VUs  30s
warmup_11_stripe       ✓ [ 100% ] 0/2 VUs  30s
warmup_12_twilio       ✓ [ 100% ] 0/2 VUs  30s
steady_01_binance        [   4% ] 2 VUs    0m04.9s/2m0s
steady_02_datadog        [   4% ] 2 VUs    0m04.9s/2m0s
steady_03_ibm            [   4% ] 2 VUs    0m04.9s/2m0s
steady_04_intel          [   4% ] 2 VUs    0m04.9s/2m0s
steady_05_mongo          [   4% ] 2 VUs    0m04.9s/2m0s
steady_06_oracle         [   4% ] 2 VUs    0m04.9s/2m0s
steady_07_qualcomm       [   4% ] 2 VUs    0m04.9s/2m0s
steady_08_salesforce     [   4% ] 2 VUs    0m04.9s/2m0s
steady_09_sap            [   4% ] 2 VUs    0m04.9s/2m0s
steady_10_shopify        [   4% ] 2 VUs    0m04.9s/2m0s
steady_11_stripe         [   4% ] 2 VUs    0m04.9s/2m0s
steady_12_twilio         [   4% ] 2 VUs    0m04.9s/2m0s
cooldown_01_binance    • [   0% ] waiting  1m55.1s
cooldown_02_datadog    • [   0% ] waiting  1m55.1s
cooldown_03_ibm        • [   0% ] waiting  1m55.1s
cooldown_04_intel      • [   0% ] waiting  1m55.1s
cooldown_05_mongo      • [   0% ] waiting  1m55.1s
cooldown_06_oracle     • [   0% ] waiting  1m55.1s
cooldown_07_qualcomm   • [   0% ] waiting  1m55.1s
cooldown_08_salesforce • [   0% ] waiting  1m55.1s
cooldown_09_sap        • [   0% ] waiting  1m55.1s
cooldown_10_shopify    • [   0% ] waiting  1m55.1s
cooldown_11_stripe     • [   0% ] waiting  1m55.1s
cooldown_12_twilio     • [   0% ] waiting  1m55.1s

running (0m35.9s), 24/48 VUs, 482 complete and 0 interrupted iterations
warmup_01_binance      ✓ [ 100% ] 0/2 VUs  30s
warmup_02_datadog      ✓ [ 100% ] 0/2 VUs  30s
warmup_03_ibm          ✓ [ 100% ] 0/2 VUs  30s
warmup_04_intel        ✓ [ 100% ] 0/2 VUs  30s
warmup_05_mongo        ✓ [ 100% ] 0/2 VUs  30s
warmup_06_oracle       ✓ [ 100% ] 0/2 VUs  30s
warmup_07_qualcomm     ✓ [ 100% ] 0/2 VUs  30s
warmup_08_salesforce   ✓ [ 100% ] 0/2 VUs  30s
warmup_09_sap          ✓ [ 100% ] 0/2 VUs  30s
warmup_10_shopify      ✓ [ 100% ] 0/2 VUs  30s
warmup_11_stripe       ✓ [ 100% ] 0/2 VUs  30s
warmup_12_twilio       ✓ [ 100% ] 0/2 VUs  30s
steady_01_binance        [   5% ] 2 VUs    0m05.9s/2m0s
steady_02_datadog        [   5% ] 2 VUs    0m05.9s/2m0s
steady_03_ibm            [   5% ] 2 VUs    0m05.9s/2m0s
steady_04_intel          [   5% ] 2 VUs    0m05.9s/2m0s
steady_05_mongo          [   5% ] 2 VUs    0m05.9s/2m0s
steady_06_oracle         [   5% ] 2 VUs    0m05.9s/2m0s
steady_07_qualcomm       [   5% ] 2 VUs    0m05.9s/2m0s
steady_08_salesforce     [   5% ] 2 VUs    0m05.9s/2m0s
steady_09_sap            [   5% ] 2 VUs    0m05.9s/2m0s
steady_10_shopify        [   5% ] 2 VUs    0m05.9s/2m0s
steady_11_stripe         [   5% ] 2 VUs    0m05.9s/2m0s
steady_12_twilio         [   5% ] 2 VUs    0m05.9s/2m0s
cooldown_01_binance    • [   0% ] waiting  1m54.1s
cooldown_02_datadog    • [   0% ] waiting  1m54.1s
cooldown_03_ibm        • [   0% ] waiting  1m54.1s
cooldown_04_intel      • [   0% ] waiting  1m54.1s
cooldown_05_mongo      • [   0% ] waiting  1m54.1s
cooldown_06_oracle     • [   0% ] waiting  1m54.1s
cooldown_07_qualcomm   • [   0% ] waiting  1m54.1s
cooldown_08_salesforce • [   0% ] waiting  1m54.1s
cooldown_09_sap        • [   0% ] waiting  1m54.1s
cooldown_10_shopify    • [   0% ] waiting  1m54.1s
cooldown_11_stripe     • [   0% ] waiting  1m54.1s
cooldown_12_twilio     • [   0% ] waiting  1m54.1s

running (0m36.9s), 24/48 VUs, 505 complete and 0 interrupted iterations
warmup_01_binance      ✓ [ 100% ] 0/2 VUs  30s
warmup_02_datadog      ✓ [ 100% ] 0/2 VUs  30s
warmup_03_ibm          ✓ [ 100% ] 0/2 VUs  30s
warmup_04_intel        ✓ [ 100% ] 0/2 VUs  30s
warmup_05_mongo        ✓ [ 100% ] 0/2 VUs  30s
warmup_06_oracle       ✓ [ 100% ] 0/2 VUs  30s
warmup_07_qualcomm     ✓ [ 100% ] 0/2 VUs  30s
warmup_08_salesforce   ✓ [ 100% ] 0/2 VUs  30s
warmup_09_sap          ✓ [ 100% ] 0/2 VUs  30s
warmup_10_shopify      ✓ [ 100% ] 0/2 VUs  30s
warmup_11_stripe       ✓ [ 100% ] 0/2 VUs  30s
warmup_12_twilio       ✓ [ 100% ] 0/2 VUs  30s
steady_01_binance        [   6% ] 2 VUs    0m06.9s/2m0s
steady_02_datadog        [   6% ] 2 VUs    0m06.9s/2m0s
steady_03_ibm            [   6% ] 2 VUs    0m06.9s/2m0s
steady_04_intel          [   6% ] 2 VUs    0m06.9s/2m0s
steady_05_mongo          [   6% ] 2 VUs    0m06.9s/2m0s
steady_06_oracle         [   6% ] 2 VUs    0m06.9s/2m0s
steady_07_qualcomm       [   6% ] 2 VUs    0m06.9s/2m0s
steady_08_salesforce     [   6% ] 2 VUs    0m06.9s/2m0s
steady_09_sap            [   6% ] 2 VUs    0m06.9s/2m0s
steady_10_shopify        [   6% ] 2 VUs    0m06.9s/2m0s
steady_11_stripe         [   6% ] 2 VUs    0m06.9s/2m0s
steady_12_twilio         [   6% ] 2 VUs    0m06.9s/2m0s
cooldown_01_binance    • [   0% ] waiting  1m53.1s
cooldown_02_datadog    • [   0% ] waiting  1m53.1s
cooldown_03_ibm        • [   0% ] waiting  1m53.1s
cooldown_04_intel      • [   0% ] waiting  1m53.1s
cooldown_05_mongo      • [   0% ] waiting  1m53.1s
cooldown_06_oracle     • [   0% ] waiting  1m53.1s
cooldown_07_qualcomm   • [   0% ] waiting  1m53.1s
cooldown_08_salesforce • [   0% ] waiting  1m53.1s
cooldown_09_sap        • [   0% ] waiting  1m53.1s
cooldown_10_shopify    • [   0% ] waiting  1m53.1s
cooldown_11_stripe     • [   0% ] waiting  1m53.1s
cooldown_12_twilio     • [   0% ] waiting  1m53.1s

running (0m37.9s), 24/48 VUs, 544 complete and 0 interrupted iterations
warmup_01_binance      ✓ [ 100% ] 0/2 VUs  30s
warmup_02_datadog      ✓ [ 100% ] 0/2 VUs  30s
warmup_03_ibm          ✓ [ 100% ] 0/2 VUs  30s
warmup_04_intel        ✓ [ 100% ] 0/2 VUs  30s
warmup_05_mongo        ✓ [ 100% ] 0/2 VUs  30s
warmup_06_oracle       ✓ [ 100% ] 0/2 VUs  30s
warmup_07_qualcomm     ✓ [ 100% ] 0/2 VUs  30s
warmup_08_salesforce   ✓ [ 100% ] 0/2 VUs  30s
warmup_09_sap          ✓ [ 100% ] 0/2 VUs  30s
warmup_10_shopify      ✓ [ 100% ] 0/2 VUs  30s
warmup_11_stripe       ✓ [ 100% ] 0/2 VUs  30s
warmup_12_twilio       ✓ [ 100% ] 0/2 VUs  30s
steady_01_binance        [   7% ] 2 VUs    0m07.9s/2m0s
steady_02_datadog        [   7% ] 2 VUs    0m07.9s/2m0s
steady_03_ibm            [   7% ] 2 VUs    0m07.9s/2m0s
steady_04_intel          [   7% ] 2 VUs    0m07.9s/2m0s
steady_05_mongo          [   7% ] 2 VUs    0m07.9s/2m0s
steady_06_oracle         [   7% ] 2 VUs    0m07.9s/2m0s
steady_07_qualcomm       [   7% ] 2 VUs    0m07.9s/2m0s
steady_08_salesforce     [   7% ] 2 VUs    0m07.9s/2m0s
steady_09_sap            [   7% ] 2 VUs    0m07.9s/2m0s
steady_10_shopify        [   7% ] 2 VUs    0m07.9s/2m0s
steady_11_stripe         [   7% ] 2 VUs    0m07.9s/2m0s
steady_12_twilio         [   7% ] 2 VUs    0m07.9s/2m0s
cooldown_01_binance    • [   0% ] waiting  1m52.1s
cooldown_02_datadog    • [   0% ] waiting  1m52.1s
cooldown_03_ibm        • [   0% ] waiting  1m52.1s
cooldown_04_intel      • [   0% ] waiting  1m52.1s
cooldown_05_mongo      • [   0% ] waiting  1m52.1s
cooldown_06_oracle     • [   0% ] waiting  1m52.1s
cooldown_07_qualcomm   • [   0% ] waiting  1m52.1s
cooldown_08_salesforce • [   0% ] waiting  1m52.1s
cooldown_09_sap        • [   0% ] waiting  1m52.1s
cooldown_10_shopify    • [   0% ] waiting  1m52.1s
cooldown_11_stripe     • [   0% ] waiting  1m52.1s
cooldown_12_twilio     • [   0% ] waiting  1m52.1s

running (0m38.9s), 24/48 VUs, 568 complete and 0 interrupted iterations
warmup_01_binance      ✓ [ 100% ] 0/2 VUs  30s
warmup_02_datadog      ✓ [ 100% ] 0/2 VUs  30s
warmup_03_ibm          ✓ [ 100% ] 0/2 VUs  30s
warmup_04_intel        ✓ [ 100% ] 0/2 VUs  30s
warmup_05_mongo        ✓ [ 100% ] 0/2 VUs  30s
warmup_06_oracle       ✓ [ 100% ] 0/2 VUs  30s
warmup_07_qualcomm     ✓ [ 100% ] 0/2 VUs  30s
warmup_08_salesforce   ✓ [ 100% ] 0/2 VUs  30s
warmup_09_sap          ✓ [ 100% ] 0/2 VUs  30s
warmup_10_shopify      ✓ [ 100% ] 0/2 VUs  30s
warmup_11_stripe       ✓ [ 100% ] 0/2 VUs  30s
warmup_12_twilio       ✓ [ 100% ] 0/2 VUs  30s
steady_01_binance        [   7% ] 2 VUs    0m08.9s/2m0s
steady_02_datadog        [   7% ] 2 VUs    0m08.9s/2m0s
steady_03_ibm            [   7% ] 2 VUs    0m08.9s/2m0s
steady_04_intel          [   7% ] 2 VUs    0m08.9s/2m0s
steady_05_mongo          [   7% ] 2 VUs    0m08.9s/2m0s
steady_06_oracle         [   7% ] 2 VUs    0m08.9s/2m0s
steady_07_qualcomm       [   7% ] 2 VUs    0m08.9s/2m0s
steady_08_salesforce     [   7% ] 2 VUs    0m08.9s/2m0s
steady_09_sap            [   7% ] 2 VUs    0m08.9s/2m0s
steady_10_shopify        [   7% ] 2 VUs    0m08.9s/2m0s
steady_11_stripe         [   7% ] 2 VUs    0m08.9s/2m0s
steady_12_twilio         [   7% ] 2 VUs    0m08.9s/2m0s
cooldown_01_binance    • [   0% ] waiting  1m51.1s
cooldown_02_datadog    • [   0% ] waiting  1m51.1s
cooldown_03_ibm        • [   0% ] waiting  1m51.1s
cooldown_04_intel      • [   0% ] waiting  1m51.1s
cooldown_05_mongo      • [   0% ] waiting  1m51.1s
cooldown_06_oracle     • [   0% ] waiting  1m51.1s
cooldown_07_qualcomm   • [   0% ] waiting  1m51.1s
cooldown_08_salesforce • [   0% ] waiting  1m51.1s
cooldown_09_sap        • [   0% ] waiting  1m51.1s
cooldown_10_shopify    • [   0% ] waiting  1m51.1s
cooldown_11_stripe     • [   0% ] waiting  1m51.1s
cooldown_12_twilio     • [   0% ] waiting  1m51.1s

running (0m39.9s), 24/48 VUs, 606 complete and 0 interrupted iterations
warmup_01_binance      ✓ [ 100% ] 0/2 VUs  30s
warmup_02_datadog      ✓ [ 100% ] 0/2 VUs  30s
warmup_03_ibm          ✓ [ 100% ] 0/2 VUs  30s
warmup_04_intel        ✓ [ 100% ] 0/2 VUs  30s
warmup_05_mongo        ✓ [ 100% ] 0/2 VUs  30s
warmup_06_oracle       ✓ [ 100% ] 0/2 VUs  30s
warmup_07_qualcomm     ✓ [ 100% ] 0/2 VUs  30s
warmup_08_salesforce   ✓ [ 100% ] 0/2 VUs  30s
warmup_09_sap          ✓ [ 100% ] 0/2 VUs  30s
warmup_10_shopify      ✓ [ 100% ] 0/2 VUs  30s
warmup_11_stripe       ✓ [ 100% ] 0/2 VUs  30s
warmup_12_twilio       ✓ [ 100% ] 0/2 VUs  30s
steady_01_binance        [   8% ] 2 VUs    0m09.9s/2m0s
steady_02_datadog        [   8% ] 2 VUs    0m09.9s/2m0s
steady_03_ibm            [   8% ] 2 VUs    0m09.9s/2m0s
steady_04_intel          [   8% ] 2 VUs    0m09.9s/2m0s
steady_05_mongo          [   8% ] 2 VUs    0m09.9s/2m0s
steady_06_oracle         [   8% ] 2 VUs    0m09.9s/2m0s
steady_07_qualcomm       [   8% ] 2 VUs    0m09.9s/2m0s
steady_08_salesforce     [   8% ] 2 VUs    0m09.9s/2m0s
steady_09_sap            [   8% ] 2 VUs    0m09.9s/2m0s
steady_10_shopify        [   8% ] 2 VUs    0m09.9s/2m0s
steady_11_stripe         [   8% ] 2 VUs    0m09.9s/2m0s
steady_12_twilio         [   8% ] 2 VUs    0m09.9s/2m0s
cooldown_01_binance    • [   0% ] waiting  1m50.1s
cooldown_02_datadog    • [   0% ] waiting  1m50.1s
cooldown_03_ibm        • [   0% ] waiting  1m50.1s
cooldown_04_intel      • [   0% ] waiting  1m50.1s
cooldown_05_mongo      • [   0% ] waiting  1m50.1s
cooldown_06_oracle     • [   0% ] waiting  1m50.1s
cooldown_07_qualcomm   • [   0% ] waiting  1m50.1s
cooldown_08_salesforce • [   0% ] waiting  1m50.1s
cooldown_09_sap        • [   0% ] waiting  1m50.1s
cooldown_10_shopify    • [   0% ] waiting  1m50.1s
cooldown_11_stripe     • [   0% ] waiting  1m50.1s
cooldown_12_twilio     • [   0% ] waiting  1m50.1s

running (0m40.9s), 24/48 VUs, 628 complete and 0 interrupted iterations
warmup_01_binance      ✓ [ 100% ] 0/2 VUs  30s
warmup_02_datadog      ✓ [ 100% ] 0/2 VUs  30s
warmup_03_ibm          ✓ [ 100% ] 0/2 VUs  30s
warmup_04_intel        ✓ [ 100% ] 0/2 VUs  30s
warmup_05_mongo        ✓ [ 100% ] 0/2 VUs  30s
warmup_06_oracle       ✓ [ 100% ] 0/2 VUs  30s
warmup_07_qualcomm     ✓ [ 100% ] 0/2 VUs  30s
warmup_08_salesforce   ✓ [ 100% ] 0/2 VUs  30s
warmup_09_sap          ✓ [ 100% ] 0/2 VUs  30s
warmup_10_shopify      ✓ [ 100% ] 0/2 VUs  30s
warmup_11_stripe       ✓ [ 100% ] 0/2 VUs  30s
warmup_12_twilio       ✓ [ 100% ] 0/2 VUs  30s
steady_01_binance        [   9% ] 2 VUs    0m10.9s/2m0s
steady_02_datadog        [   9% ] 2 VUs    0m10.9s/2m0s
steady_03_ibm            [   9% ] 2 VUs    0m10.9s/2m0s
steady_04_intel          [   9% ] 2 VUs    0m10.9s/2m0s
steady_05_mongo          [   9% ] 2 VUs    0m10.9s/2m0s
steady_06_oracle         [   9% ] 2 VUs    0m10.9s/2m0s
steady_07_qualcomm       [   9% ] 2 VUs    0m10.9s/2m0s
steady_08_salesforce     [   9% ] 2 VUs    0m10.9s/2m0s
steady_09_sap            [   9% ] 2 VUs    0m10.9s/2m0s
steady_10_shopify        [   9% ] 2 VUs    0m10.9s/2m0s
steady_11_stripe         [   9% ] 2 VUs    0m10.9s/2m0s
steady_12_twilio         [   9% ] 2 VUs    0m10.9s/2m0s
cooldown_01_binance    • [   0% ] waiting  1m49.1s
cooldown_02_datadog    • [   0% ] waiting  1m49.1s
cooldown_03_ibm        • [   0% ] waiting  1m49.1s
cooldown_04_intel      • [   0% ] waiting  1m49.1s
cooldown_05_mongo      • [   0% ] waiting  1m49.1s
cooldown_06_oracle     • [   0% ] waiting  1m49.1s
cooldown_07_qualcomm   • [   0% ] waiting  1m49.1s
cooldown_08_salesforce • [   0% ] waiting  1m49.1s
cooldown_09_sap        • [   0% ] waiting  1m49.1s
cooldown_10_shopify    • [   0% ] waiting  1m49.1s
cooldown_11_stripe     • [   0% ] waiting  1m49.1s
cooldown_12_twilio     • [   0% ] waiting  1m49.1s

running (0m41.9s), 24/48 VUs, 668 complete and 0 interrupted iterations
warmup_01_binance      ✓ [ 100% ] 0/2 VUs  30s
warmup_02_datadog      ✓ [ 100% ] 0/2 VUs  30s
warmup_03_ibm          ✓ [ 100% ] 0/2 VUs  30s
warmup_04_intel        ✓ [ 100% ] 0/2 VUs  30s
warmup_05_mongo        ✓ [ 100% ] 0/2 VUs  30s
warmup_06_oracle       ✓ [ 100% ] 0/2 VUs  30s
warmup_07_qualcomm     ✓ [ 100% ] 0/2 VUs  30s
warmup_08_salesforce   ✓ [ 100% ] 0/2 VUs  30s
warmup_09_sap          ✓ [ 100% ] 0/2 VUs  30s
warmup_10_shopify      ✓ [ 100% ] 0/2 VUs  30s
warmup_11_stripe       ✓ [ 100% ] 0/2 VUs  30s
warmup_12_twilio       ✓ [ 100% ] 0/2 VUs  30s
steady_01_binance        [  10% ] 2 VUs    0m11.9s/2m0s
steady_02_datadog        [  10% ] 2 VUs    0m11.9s/2m0s
steady_03_ibm            [  10% ] 2 VUs    0m11.9s/2m0s
steady_04_intel          [  10% ] 2 VUs    0m11.9s/2m0s
steady_05_mongo          [  10% ] 2 VUs    0m11.9s/2m0s
steady_06_oracle         [  10% ] 2 VUs    0m11.9s/2m0s
steady_07_qualcomm       [  10% ] 2 VUs    0m11.9s/2m0s
steady_08_salesforce     [  10% ] 2 VUs    0m11.9s/2m0s
steady_09_sap            [  10% ] 2 VUs    0m11.9s/2m0s
steady_10_shopify        [  10% ] 2 VUs    0m11.9s/2m0s
steady_11_stripe         [  10% ] 2 VUs    0m11.9s/2m0s
steady_12_twilio         [  10% ] 2 VUs    0m11.9s/2m0s
cooldown_01_binance    • [   0% ] waiting  1m48.1s
cooldown_02_datadog    • [   0% ] waiting  1m48.1s
cooldown_03_ibm        • [   0% ] waiting  1m48.1s
cooldown_04_intel      • [   0% ] waiting  1m48.1s
cooldown_05_mongo      • [   0% ] waiting  1m48.1s
cooldown_06_oracle     • [   0% ] waiting  1m48.1s
cooldown_07_qualcomm   • [   0% ] waiting  1m48.1s
cooldown_08_salesforce • [   0% ] waiting  1m48.1s
cooldown_09_sap        • [   0% ] waiting  1m48.1s
cooldown_10_shopify    • [   0% ] waiting  1m48.1s
cooldown_11_stripe     • [   0% ] waiting  1m48.1s
cooldown_12_twilio     • [   0% ] waiting  1m48.1s

running (0m42.9s), 24/48 VUs, 697 complete and 0 interrupted iterations
warmup_01_binance      ✓ [ 100% ] 0/2 VUs  30s
warmup_02_datadog      ✓ [ 100% ] 0/2 VUs  30s
warmup_03_ibm          ✓ [ 100% ] 0/2 VUs  30s
warmup_04_intel        ✓ [ 100% ] 0/2 VUs  30s
warmup_05_mongo        ✓ [ 100% ] 0/2 VUs  30s
warmup_06_oracle       ✓ [ 100% ] 0/2 VUs  30s
warmup_07_qualcomm     ✓ [ 100% ] 0/2 VUs  30s
warmup_08_salesforce   ✓ [ 100% ] 0/2 VUs  30s
warmup_09_sap          ✓ [ 100% ] 0/2 VUs  30s
warmup_10_shopify      ✓ [ 100% ] 0/2 VUs  30s
warmup_11_stripe       ✓ [ 100% ] 0/2 VUs  30s
warmup_12_twilio       ✓ [ 100% ] 0/2 VUs  30s
steady_01_binance        [  11% ] 2 VUs    0m12.9s/2m0s
steady_02_datadog        [  11% ] 2 VUs    0m12.9s/2m0s
steady_03_ibm            [  11% ] 2 VUs    0m12.9s/2m0s
steady_04_intel          [  11% ] 2 VUs    0m12.9s/2m0s
steady_05_mongo          [  11% ] 2 VUs    0m12.9s/2m0s
steady_06_oracle         [  11% ] 2 VUs    0m12.9s/2m0s
steady_07_qualcomm       [  11% ] 2 VUs    0m12.9s/2m0s
steady_08_salesforce     [  11% ] 2 VUs    0m12.9s/2m0s
steady_09_sap            [  11% ] 2 VUs    0m12.9s/2m0s
steady_10_shopify        [  11% ] 2 VUs    0m12.9s/2m0s
steady_11_stripe         [  11% ] 2 VUs    0m12.9s/2m0s
steady_12_twilio         [  11% ] 2 VUs    0m12.9s/2m0s
cooldown_01_binance    • [   0% ] waiting  1m47.1s
cooldown_02_datadog    • [   0% ] waiting  1m47.1s
cooldown_03_ibm        • [   0% ] waiting  1m47.1s
cooldown_04_intel      • [   0% ] waiting  1m47.1s
cooldown_05_mongo      • [   0% ] waiting  1m47.1s
cooldown_06_oracle     • [   0% ] waiting  1m47.1s
cooldown_07_qualcomm   • [   0% ] waiting  1m47.1s
cooldown_08_salesforce • [   0% ] waiting  1m47.1s
cooldown_09_sap        • [   0% ] waiting  1m47.1s
cooldown_10_shopify    • [   0% ] waiting  1m47.1s
cooldown_11_stripe     • [   0% ] waiting  1m47.1s
cooldown_12_twilio     • [   0% ] waiting  1m47.1s

running (0m43.9s), 24/48 VUs, 733 complete and 0 interrupted iterations
warmup_01_binance      ✓ [ 100% ] 0/2 VUs  30s
warmup_02_datadog      ✓ [ 100% ] 0/2 VUs  30s
warmup_03_ibm          ✓ [ 100% ] 0/2 VUs  30s
warmup_04_intel        ✓ [ 100% ] 0/2 VUs  30s
warmup_05_mongo        ✓ [ 100% ] 0/2 VUs  30s
warmup_06_oracle       ✓ [ 100% ] 0/2 VUs  30s
warmup_07_qualcomm     ✓ [ 100% ] 0/2 VUs  30s
warmup_08_salesforce   ✓ [ 100% ] 0/2 VUs  30s
warmup_09_sap          ✓ [ 100% ] 0/2 VUs  30s
warmup_10_shopify      ✓ [ 100% ] 0/2 VUs  30s
warmup_11_stripe       ✓ [ 100% ] 0/2 VUs  30s
warmup_12_twilio       ✓ [ 100% ] 0/2 VUs  30s
steady_01_binance        [  12% ] 2 VUs    0m13.9s/2m0s
steady_02_datadog        [  12% ] 2 VUs    0m13.9s/2m0s
steady_03_ibm            [  12% ] 2 VUs    0m13.9s/2m0s
steady_04_intel          [  12% ] 2 VUs    0m13.9s/2m0s
steady_05_mongo          [  12% ] 2 VUs    0m13.9s/2m0s
steady_06_oracle         [  12% ] 2 VUs    0m13.9s/2m0s
steady_07_qualcomm       [  12% ] 2 VUs    0m13.9s/2m0s
steady_08_salesforce     [  12% ] 2 VUs    0m13.9s/2m0s
steady_09_sap            [  12% ] 2 VUs    0m13.9s/2m0s
steady_10_shopify        [  12% ] 2 VUs    0m13.9s/2m0s
steady_11_stripe         [  12% ] 2 VUs    0m13.9s/2m0s
steady_12_twilio         [  12% ] 2 VUs    0m13.9s/2m0s
cooldown_01_binance    • [   0% ] waiting  1m46.1s
cooldown_02_datadog    • [   0% ] waiting  1m46.1s
cooldown_03_ibm        • [   0% ] waiting  1m46.1s
cooldown_04_intel      • [   0% ] waiting  1m46.1s
cooldown_05_mongo      • [   0% ] waiting  1m46.1s
cooldown_06_oracle     • [   0% ] waiting  1m46.1s
cooldown_07_qualcomm   • [   0% ] waiting  1m46.1s
cooldown_08_salesforce • [   0% ] waiting  1m46.1s
cooldown_09_sap        • [   0% ] waiting  1m46.1s
cooldown_10_shopify    • [   0% ] waiting  1m46.1s
cooldown_11_stripe     • [   0% ] waiting  1m46.1s
cooldown_12_twilio     • [   0% ] waiting  1m46.1s

running (0m44.9s), 24/48 VUs, 774 complete and 0 interrupted iterations
warmup_01_binance      ✓ [ 100% ] 0/2 VUs  30s
warmup_02_datadog      ✓ [ 100% ] 0/2 VUs  30s
warmup_03_ibm          ✓ [ 100% ] 0/2 VUs  30s
warmup_04_intel        ✓ [ 100% ] 0/2 VUs  30s
warmup_05_mongo        ✓ [ 100% ] 0/2 VUs  30s
warmup_06_oracle       ✓ [ 100% ] 0/2 VUs  30s
warmup_07_qualcomm     ✓ [ 100% ] 0/2 VUs  30s
warmup_08_salesforce   ✓ [ 100% ] 0/2 VUs  30s
warmup_09_sap          ✓ [ 100% ] 0/2 VUs  30s
warmup_10_shopify      ✓ [ 100% ] 0/2 VUs  30s
warmup_11_stripe       ✓ [ 100% ] 0/2 VUs  30s
warmup_12_twilio       ✓ [ 100% ] 0/2 VUs  30s
steady_01_binance        [  12% ] 2 VUs    0m14.9s/2m0s
steady_02_datadog        [  12% ] 2 VUs    0m14.9s/2m0s
steady_03_ibm            [  12% ] 2 VUs    0m14.9s/2m0s
steady_04_intel          [  12% ] 2 VUs    0m14.9s/2m0s
steady_05_mongo          [  12% ] 2 VUs    0m14.9s/2m0s
steady_06_oracle         [  12% ] 2 VUs    0m14.9s/2m0s
steady_07_qualcomm       [  12% ] 2 VUs    0m14.9s/2m0s
steady_08_salesforce     [  12% ] 2 VUs    0m14.9s/2m0s
steady_09_sap            [  12% ] 2 VUs    0m14.9s/2m0s
steady_10_shopify        [  12% ] 2 VUs    0m14.9s/2m0s
steady_11_stripe         [  12% ] 2 VUs    0m14.9s/2m0s
steady_12_twilio         [  12% ] 2 VUs    0m14.9s/2m0s
cooldown_01_binance    • [   0% ] waiting  1m45.1s
cooldown_02_datadog    • [   0% ] waiting  1m45.1s
cooldown_03_ibm        • [   0% ] waiting  1m45.1s
cooldown_04_intel      • [   0% ] waiting  1m45.1s
cooldown_05_mongo      • [   0% ] waiting  1m45.1s
cooldown_06_oracle     • [   0% ] waiting  1m45.1s
cooldown_07_qualcomm   • [   0% ] waiting  1m45.1s
cooldown_08_salesforce • [   0% ] waiting  1m45.1s
cooldown_09_sap        • [   0% ] waiting  1m45.1s
cooldown_10_shopify    • [   0% ] waiting  1m45.1s
cooldown_11_stripe     • [   0% ] waiting  1m45.1s
cooldown_12_twilio     • [   0% ] waiting  1m45.1s

running (0m45.9s), 24/48 VUs, 800 complete and 0 interrupted iterations
warmup_01_binance      ✓ [ 100% ] 0/2 VUs  30s
warmup_02_datadog      ✓ [ 100% ] 0/2 VUs  30s
warmup_03_ibm          ✓ [ 100% ] 0/2 VUs  30s
warmup_04_intel        ✓ [ 100% ] 0/2 VUs  30s
warmup_05_mongo        ✓ [ 100% ] 0/2 VUs  30s
warmup_06_oracle       ✓ [ 100% ] 0/2 VUs  30s
warmup_07_qualcomm     ✓ [ 100% ] 0/2 VUs  30s
warmup_08_salesforce   ✓ [ 100% ] 0/2 VUs  30s
warmup_09_sap          ✓ [ 100% ] 0/2 VUs  30s
warmup_10_shopify      ✓ [ 100% ] 0/2 VUs  30s
warmup_11_stripe       ✓ [ 100% ] 0/2 VUs  30s
warmup_12_twilio       ✓ [ 100% ] 0/2 VUs  30s
steady_01_binance        [  13% ] 2 VUs    0m15.9s/2m0s
steady_02_datadog        [  13% ] 2 VUs    0m15.9s/2m0s
steady_03_ibm            [  13% ] 2 VUs    0m15.9s/2m0s
steady_04_intel          [  13% ] 2 VUs    0m15.9s/2m0s
steady_05_mongo          [  13% ] 2 VUs    0m15.9s/2m0s
steady_06_oracle         [  13% ] 2 VUs    0m15.9s/2m0s
steady_07_qualcomm       [  13% ] 2 VUs    0m15.9s/2m0s
steady_08_salesforce     [  13% ] 2 VUs    0m15.9s/2m0s
steady_09_sap            [  13% ] 2 VUs    0m15.9s/2m0s
steady_10_shopify        [  13% ] 2 VUs    0m15.9s/2m0s
steady_11_stripe         [  13% ] 2 VUs    0m15.9s/2m0s
steady_12_twilio         [  13% ] 2 VUs    0m15.9s/2m0s
cooldown_01_binance    • [   0% ] waiting  1m44.1s
cooldown_02_datadog    • [   0% ] waiting  1m44.1s
cooldown_03_ibm        • [   0% ] waiting  1m44.1s
cooldown_04_intel      • [   0% ] waiting  1m44.1s
cooldown_05_mongo      • [   0% ] waiting  1m44.1s
cooldown_06_oracle     • [   0% ] waiting  1m44.1s
cooldown_07_qualcomm   • [   0% ] waiting  1m44.1s
cooldown_08_salesforce • [   0% ] waiting  1m44.1s
cooldown_09_sap        • [   0% ] waiting  1m44.1s
cooldown_10_shopify    • [   0% ] waiting  1m44.1s
cooldown_11_stripe     • [   0% ] waiting  1m44.1s
cooldown_12_twilio     • [   0% ] waiting  1m44.1s

running (0m46.9s), 24/48 VUs, 836 complete and 0 interrupted iterations
warmup_01_binance      ✓ [ 100% ] 0/2 VUs  30s
warmup_02_datadog      ✓ [ 100% ] 0/2 VUs  30s
warmup_03_ibm          ✓ [ 100% ] 0/2 VUs  30s
warmup_04_intel        ✓ [ 100% ] 0/2 VUs  30s
warmup_05_mongo        ✓ [ 100% ] 0/2 VUs  30s
warmup_06_oracle       ✓ [ 100% ] 0/2 VUs  30s
warmup_07_qualcomm     ✓ [ 100% ] 0/2 VUs  30s
warmup_08_salesforce   ✓ [ 100% ] 0/2 VUs  30s
warmup_09_sap          ✓ [ 100% ] 0/2 VUs  30s
warmup_10_shopify      ✓ [ 100% ] 0/2 VUs  30s
warmup_11_stripe       ✓ [ 100% ] 0/2 VUs  30s
warmup_12_twilio       ✓ [ 100% ] 0/2 VUs  30s
steady_01_binance        [  14% ] 2 VUs    0m16.9s/2m0s
steady_02_datadog        [  14% ] 2 VUs    0m16.9s/2m0s
steady_03_ibm            [  14% ] 2 VUs    0m16.9s/2m0s
steady_04_intel          [  14% ] 2 VUs    0m16.9s/2m0s
steady_05_mongo          [  14% ] 2 VUs    0m16.9s/2m0s
steady_06_oracle         [  14% ] 2 VUs    0m16.9s/2m0s
steady_07_qualcomm       [  14% ] 2 VUs    0m16.9s/2m0s
steady_08_salesforce     [  14% ] 2 VUs    0m16.9s/2m0s
steady_09_sap            [  14% ] 2 VUs    0m16.9s/2m0s
steady_10_shopify        [  14% ] 2 VUs    0m16.9s/2m0s
steady_11_stripe         [  14% ] 2 VUs    0m16.9s/2m0s
steady_12_twilio         [  14% ] 2 VUs    0m16.9s/2m0s
cooldown_01_binance    • [   0% ] waiting  1m43.1s
cooldown_02_datadog    • [   0% ] waiting  1m43.1s
cooldown_03_ibm        • [   0% ] waiting  1m43.1s
cooldown_04_intel      • [   0% ] waiting  1m43.1s
cooldown_05_mongo      • [   0% ] waiting  1m43.1s
cooldown_06_oracle     • [   0% ] waiting  1m43.1s
cooldown_07_qualcomm   • [   0% ] waiting  1m43.1s
cooldown_08_salesforce • [   0% ] waiting  1m43.1s
cooldown_09_sap        • [   0% ] waiting  1m43.1s
cooldown_10_shopify    • [   0% ] waiting  1m43.1s
cooldown_11_stripe     • [   0% ] waiting  1m43.1s
cooldown_12_twilio     • [   0% ] waiting  1m43.1s

running (0m47.9s), 24/48 VUs, 856 complete and 0 interrupted iterations
warmup_01_binance      ✓ [ 100% ] 0/2 VUs  30s
warmup_02_datadog      ✓ [ 100% ] 0/2 VUs  30s
warmup_03_ibm          ✓ [ 100% ] 0/2 VUs  30s
warmup_04_intel        ✓ [ 100% ] 0/2 VUs  30s
warmup_05_mongo        ✓ [ 100% ] 0/2 VUs  30s
warmup_06_oracle       ✓ [ 100% ] 0/2 VUs  30s
warmup_07_qualcomm     ✓ [ 100% ] 0/2 VUs  30s
warmup_08_salesforce   ✓ [ 100% ] 0/2 VUs  30s
warmup_09_sap          ✓ [ 100% ] 0/2 VUs  30s
warmup_10_shopify      ✓ [ 100% ] 0/2 VUs  30s
warmup_11_stripe       ✓ [ 100% ] 0/2 VUs  30s
warmup_12_twilio       ✓ [ 100% ] 0/2 VUs  30s
steady_01_binance        [  15% ] 2 VUs    0m17.9s/2m0s
steady_02_datadog        [  15% ] 2 VUs    0m17.9s/2m0s
steady_03_ibm            [  15% ] 2 VUs    0m17.9s/2m0s
steady_04_intel          [  15% ] 2 VUs    0m17.9s/2m0s
steady_05_mongo          [  15% ] 2 VUs    0m17.9s/2m0s
steady_06_oracle         [  15% ] 2 VUs    0m17.9s/2m0s
steady_07_qualcomm       [  15% ] 2 VUs    0m17.9s/2m0s
steady_08_salesforce     [  15% ] 2 VUs    0m17.9s/2m0s
steady_09_sap            [  15% ] 2 VUs    0m17.9s/2m0s
steady_10_shopify        [  15% ] 2 VUs    0m17.9s/2m0s
steady_11_stripe         [  15% ] 2 VUs    0m17.9s/2m0s
steady_12_twilio         [  15% ] 2 VUs    0m17.9s/2m0s
cooldown_01_binance    • [   0% ] waiting  1m42.1s
cooldown_02_datadog    • [   0% ] waiting  1m42.1s
cooldown_03_ibm        • [   0% ] waiting  1m42.1s
cooldown_04_intel      • [   0% ] waiting  1m42.1s
cooldown_05_mongo      • [   0% ] waiting  1m42.1s
cooldown_06_oracle     • [   0% ] waiting  1m42.1s
cooldown_07_qualcomm   • [   0% ] waiting  1m42.1s
cooldown_08_salesforce • [   0% ] waiting  1m42.1s
cooldown_09_sap        • [   0% ] waiting  1m42.1s
cooldown_10_shopify    • [   0% ] waiting  1m42.1s
cooldown_11_stripe     • [   0% ] waiting  1m42.1s
cooldown_12_twilio     • [   0% ] waiting  1m42.1s

running (0m48.9s), 24/48 VUs, 894 complete and 0 interrupted iterations
warmup_01_binance      ✓ [ 100% ] 0/2 VUs  30s
warmup_02_datadog      ✓ [ 100% ] 0/2 VUs  30s
warmup_03_ibm          ✓ [ 100% ] 0/2 VUs  30s
warmup_04_intel        ✓ [ 100% ] 0/2 VUs  30s
warmup_05_mongo        ✓ [ 100% ] 0/2 VUs  30s
warmup_06_oracle       ✓ [ 100% ] 0/2 VUs  30s
warmup_07_qualcomm     ✓ [ 100% ] 0/2 VUs  30s
warmup_08_salesforce   ✓ [ 100% ] 0/2 VUs  30s
warmup_09_sap          ✓ [ 100% ] 0/2 VUs  30s
warmup_10_shopify      ✓ [ 100% ] 0/2 VUs  30s
warmup_11_stripe       ✓ [ 100% ] 0/2 VUs  30s
warmup_12_twilio       ✓ [ 100% ] 0/2 VUs  30s
steady_01_binance        [  16% ] 2 VUs    0m18.9s/2m0s
steady_02_datadog        [  16% ] 2 VUs    0m18.9s/2m0s
steady_03_ibm            [  16% ] 2 VUs    0m18.9s/2m0s
steady_04_intel          [  16% ] 2 VUs    0m18.9s/2m0s
steady_05_mongo          [  16% ] 2 VUs    0m18.9s/2m0s
steady_06_oracle         [  16% ] 2 VUs    0m18.9s/2m0s
steady_07_qualcomm       [  16% ] 2 VUs    0m18.9s/2m0s
steady_08_salesforce     [  16% ] 2 VUs    0m18.9s/2m0s
steady_09_sap            [  16% ] 2 VUs    0m18.9s/2m0s
steady_10_shopify        [  16% ] 2 VUs    0m18.9s/2m0s
steady_11_stripe         [  16% ] 2 VUs    0m18.9s/2m0s
steady_12_twilio         [  16% ] 2 VUs    0m18.9s/2m0s
cooldown_01_binance    • [   0% ] waiting  1m41.1s
cooldown_02_datadog    • [   0% ] waiting  1m41.1s
cooldown_03_ibm        • [   0% ] waiting  1m41.1s
cooldown_04_intel      • [   0% ] waiting  1m41.1s
cooldown_05_mongo      • [   0% ] waiting  1m41.1s
cooldown_06_oracle     • [   0% ] waiting  1m41.1s
cooldown_07_qualcomm   • [   0% ] waiting  1m41.1s
cooldown_08_salesforce • [   0% ] waiting  1m41.1s
cooldown_09_sap        • [   0% ] waiting  1m41.1s
cooldown_10_shopify    • [   0% ] waiting  1m41.1s
cooldown_11_stripe     • [   0% ] waiting  1m41.1s
cooldown_12_twilio     • [   0% ] waiting  1m41.1s

running (0m49.9s), 24/48 VUs, 916 complete and 0 interrupted iterations
warmup_01_binance      ✓ [ 100% ] 0/2 VUs  30s
warmup_02_datadog      ✓ [ 100% ] 0/2 VUs  30s
warmup_03_ibm          ✓ [ 100% ] 0/2 VUs  30s
warmup_04_intel        ✓ [ 100% ] 0/2 VUs  30s
warmup_05_mongo        ✓ [ 100% ] 0/2 VUs  30s
warmup_06_oracle       ✓ [ 100% ] 0/2 VUs  30s
warmup_07_qualcomm     ✓ [ 100% ] 0/2 VUs  30s
warmup_08_salesforce   ✓ [ 100% ] 0/2 VUs  30s
warmup_09_sap          ✓ [ 100% ] 0/2 VUs  30s
warmup_10_shopify      ✓ [ 100% ] 0/2 VUs  30s
warmup_11_stripe       ✓ [ 100% ] 0/2 VUs  30s
warmup_12_twilio       ✓ [ 100% ] 0/2 VUs  30s
steady_01_binance        [  17% ] 2 VUs    0m19.9s/2m0s
steady_02_datadog        [  17% ] 2 VUs    0m19.9s/2m0s
steady_03_ibm            [  17% ] 2 VUs    0m19.9s/2m0s
steady_04_intel          [  17% ] 2 VUs    0m19.9s/2m0s
steady_05_mongo          [  17% ] 2 VUs    0m19.9s/2m0s
steady_06_oracle         [  17% ] 2 VUs    0m19.9s/2m0s
steady_07_qualcomm       [  17% ] 2 VUs    0m19.9s/2m0s
steady_08_salesforce     [  17% ] 2 VUs    0m19.9s/2m0s
steady_09_sap            [  17% ] 2 VUs    0m19.9s/2m0s
steady_10_shopify        [  17% ] 2 VUs    0m19.9s/2m0s
steady_11_stripe         [  17% ] 2 VUs    0m19.9s/2m0s
steady_12_twilio         [  17% ] 2 VUs    0m19.9s/2m0s
cooldown_01_binance    • [   0% ] waiting  1m40.1s
cooldown_02_datadog    • [   0% ] waiting  1m40.1s
cooldown_03_ibm        • [   0% ] waiting  1m40.1s
cooldown_04_intel      • [   0% ] waiting  1m40.1s
cooldown_05_mongo      • [   0% ] waiting  1m40.1s
cooldown_06_oracle     • [   0% ] waiting  1m40.1s
cooldown_07_qualcomm   • [   0% ] waiting  1m40.1s
cooldown_08_salesforce • [   0% ] waiting  1m40.1s
cooldown_09_sap        • [   0% ] waiting  1m40.1s
cooldown_10_shopify    • [   0% ] waiting  1m40.1s
cooldown_11_stripe     • [   0% ] waiting  1m40.1s
cooldown_12_twilio     • [   0% ] waiting  1m40.1s

running (0m50.9s), 24/48 VUs, 956 complete and 0 interrupted iterations
warmup_01_binance      ✓ [ 100% ] 0/2 VUs  30s
warmup_02_datadog      ✓ [ 100% ] 0/2 VUs  30s
warmup_03_ibm          ✓ [ 100% ] 0/2 VUs  30s
warmup_04_intel        ✓ [ 100% ] 0/2 VUs  30s
warmup_05_mongo        ✓ [ 100% ] 0/2 VUs  30s
warmup_06_oracle       ✓ [ 100% ] 0/2 VUs  30s
warmup_07_qualcomm     ✓ [ 100% ] 0/2 VUs  30s
warmup_08_salesforce   ✓ [ 100% ] 0/2 VUs  30s
warmup_09_sap          ✓ [ 100% ] 0/2 VUs  30s
warmup_10_shopify      ✓ [ 100% ] 0/2 VUs  30s
warmup_11_stripe       ✓ [ 100% ] 0/2 VUs  30s
warmup_12_twilio       ✓ [ 100% ] 0/2 VUs  30s
steady_01_binance        [  17% ] 2 VUs    0m20.9s/2m0s
steady_02_datadog        [  17% ] 2 VUs    0m20.9s/2m0s
steady_03_ibm            [  17% ] 2 VUs    0m20.9s/2m0s
steady_04_intel          [  17% ] 2 VUs    0m20.9s/2m0s
steady_05_mongo          [  17% ] 2 VUs    0m20.9s/2m0s
steady_06_oracle         [  17% ] 2 VUs    0m20.9s/2m0s
steady_07_qualcomm       [  17% ] 2 VUs    0m20.9s/2m0s
steady_08_salesforce     [  17% ] 2 VUs    0m20.9s/2m0s
steady_09_sap            [  17% ] 2 VUs    0m20.9s/2m0s
steady_10_shopify        [  17% ] 2 VUs    0m20.9s/2m0s
steady_11_stripe         [  17% ] 2 VUs    0m20.9s/2m0s
steady_12_twilio         [  17% ] 2 VUs    0m20.9s/2m0s
cooldown_01_binance    • [   0% ] waiting  1m39.1s
cooldown_02_datadog    • [   0% ] waiting  1m39.1s
cooldown_03_ibm        • [   0% ] waiting  1m39.1s
cooldown_04_intel      • [   0% ] waiting  1m39.1s
cooldown_05_mongo      • [   0% ] waiting  1m39.1s
cooldown_06_oracle     • [   0% ] waiting  1m39.1s
cooldown_07_qualcomm   • [   0% ] waiting  1m39.1s
cooldown_08_salesforce • [   0% ] waiting  1m39.1s
cooldown_09_sap        • [   0% ] waiting  1m39.1s
cooldown_10_shopify    • [   0% ] waiting  1m39.1s
cooldown_11_stripe     • [   0% ] waiting  1m39.1s
cooldown_12_twilio     • [   0% ] waiting  1m39.1s

running (0m51.9s), 24/48 VUs, 989 complete and 0 interrupted iterations
warmup_01_binance      ✓ [ 100% ] 0/2 VUs  30s
warmup_02_datadog      ✓ [ 100% ] 0/2 VUs  30s
warmup_03_ibm          ✓ [ 100% ] 0/2 VUs  30s
warmup_04_intel        ✓ [ 100% ] 0/2 VUs  30s
warmup_05_mongo        ✓ [ 100% ] 0/2 VUs  30s
warmup_06_oracle       ✓ [ 100% ] 0/2 VUs  30s
warmup_07_qualcomm     ✓ [ 100% ] 0/2 VUs  30s
warmup_08_salesforce   ✓ [ 100% ] 0/2 VUs  30s
warmup_09_sap          ✓ [ 100% ] 0/2 VUs  30s
warmup_10_shopify      ✓ [ 100% ] 0/2 VUs  30s
warmup_11_stripe       ✓ [ 100% ] 0/2 VUs  30s
warmup_12_twilio       ✓ [ 100% ] 0/2 VUs  30s
steady_01_binance        [  18% ] 2 VUs    0m21.9s/2m0s
steady_02_datadog        [  18% ] 2 VUs    0m21.9s/2m0s
steady_03_ibm            [  18% ] 2 VUs    0m21.9s/2m0s
steady_04_intel          [  18% ] 2 VUs    0m21.9s/2m0s
steady_05_mongo          [  18% ] 2 VUs    0m21.9s/2m0s
steady_06_oracle         [  18% ] 2 VUs    0m21.9s/2m0s
steady_07_qualcomm       [  18% ] 2 VUs    0m21.9s/2m0s
steady_08_salesforce     [  18% ] 2 VUs    0m21.9s/2m0s
steady_09_sap            [  18% ] 2 VUs    0m21.9s/2m0s
steady_10_shopify        [  18% ] 2 VUs    0m21.9s/2m0s
steady_11_stripe         [  18% ] 2 VUs    0m21.9s/2m0s
steady_12_twilio         [  18% ] 2 VUs    0m21.9s/2m0s
cooldown_01_binance    • [   0% ] waiting  1m38.1s
cooldown_02_datadog    • [   0% ] waiting  1m38.1s
cooldown_03_ibm        • [   0% ] waiting  1m38.1s
cooldown_04_intel      • [   0% ] waiting  1m38.1s
cooldown_05_mongo      • [   0% ] waiting  1m38.1s
cooldown_06_oracle     • [   0% ] waiting  1m38.1s
cooldown_07_qualcomm   • [   0% ] waiting  1m38.1s
cooldown_08_salesforce • [   0% ] waiting  1m38.1s
cooldown_09_sap        • [   0% ] waiting  1m38.1s
cooldown_10_shopify    • [   0% ] waiting  1m38.1s
cooldown_11_stripe     • [   0% ] waiting  1m38.1s
cooldown_12_twilio     • [   0% ] waiting  1m38.1s

running (0m52.9s), 24/48 VUs, 1016 complete and 0 interrupted iterations
warmup_01_binance      ✓ [ 100% ] 0/2 VUs  30s
warmup_02_datadog      ✓ [ 100% ] 0/2 VUs  30s
warmup_03_ibm          ✓ [ 100% ] 0/2 VUs  30s
warmup_04_intel        ✓ [ 100% ] 0/2 VUs  30s
warmup_05_mongo        ✓ [ 100% ] 0/2 VUs  30s
warmup_06_oracle       ✓ [ 100% ] 0/2 VUs  30s
warmup_07_qualcomm     ✓ [ 100% ] 0/2 VUs  30s
warmup_08_salesforce   ✓ [ 100% ] 0/2 VUs  30s
warmup_09_sap          ✓ [ 100% ] 0/2 VUs  30s
warmup_10_shopify      ✓ [ 100% ] 0/2 VUs  30s
warmup_11_stripe       ✓ [ 100% ] 0/2 VUs  30s
warmup_12_twilio       ✓ [ 100% ] 0/2 VUs  30s
steady_01_binance        [  19% ] 2 VUs    0m22.9s/2m0s
steady_02_datadog        [  19% ] 2 VUs    0m22.9s/2m0s
steady_03_ibm            [  19% ] 2 VUs    0m22.9s/2m0s
steady_04_intel          [  19% ] 2 VUs    0m22.9s/2m0s
steady_05_mongo          [  19% ] 2 VUs    0m22.9s/2m0s
steady_06_oracle         [  19% ] 2 VUs    0m22.9s/2m0s
steady_07_qualcomm       [  19% ] 2 VUs    0m22.9s/2m0s
steady_08_salesforce     [  19% ] 2 VUs    0m22.9s/2m0s
steady_09_sap            [  19% ] 2 VUs    0m22.9s/2m0s
steady_10_shopify        [  19% ] 2 VUs    0m22.9s/2m0s
steady_11_stripe         [  19% ] 2 VUs    0m22.9s/2m0s
steady_12_twilio         [  19% ] 2 VUs    0m22.9s/2m0s
cooldown_01_binance    • [   0% ] waiting  1m37.1s
cooldown_02_datadog    • [   0% ] waiting  1m37.1s
cooldown_03_ibm        • [   0% ] waiting  1m37.1s
cooldown_04_intel      • [   0% ] waiting  1m37.1s
cooldown_05_mongo      • [   0% ] waiting  1m37.1s
cooldown_06_oracle     • [   0% ] waiting  1m37.1s
cooldown_07_qualcomm   • [   0% ] waiting  1m37.1s
cooldown_08_salesforce • [   0% ] waiting  1m37.1s
cooldown_09_sap        • [   0% ] waiting  1m37.1s
cooldown_10_shopify    • [   0% ] waiting  1m37.1s
cooldown_11_stripe     • [   0% ] waiting  1m37.1s
cooldown_12_twilio     • [   0% ] waiting  1m37.1s

running (0m53.9s), 24/48 VUs, 1056 complete and 0 interrupted iterations
warmup_01_binance      ✓ [ 100% ] 0/2 VUs  30s
warmup_02_datadog      ✓ [ 100% ] 0/2 VUs  30s
warmup_03_ibm          ✓ [ 100% ] 0/2 VUs  30s
warmup_04_intel        ✓ [ 100% ] 0/2 VUs  30s
warmup_05_mongo        ✓ [ 100% ] 0/2 VUs  30s
warmup_06_oracle       ✓ [ 100% ] 0/2 VUs  30s
warmup_07_qualcomm     ✓ [ 100% ] 0/2 VUs  30s
warmup_08_salesforce   ✓ [ 100% ] 0/2 VUs  30s
warmup_09_sap          ✓ [ 100% ] 0/2 VUs  30s
warmup_10_shopify      ✓ [ 100% ] 0/2 VUs  30s
warmup_11_stripe       ✓ [ 100% ] 0/2 VUs  30s
warmup_12_twilio       ✓ [ 100% ] 0/2 VUs  30s
steady_01_binance        [  20% ] 2 VUs    0m23.9s/2m0s
steady_02_datadog        [  20% ] 2 VUs    0m23.9s/2m0s
steady_03_ibm            [  20% ] 2 VUs    0m23.9s/2m0s
steady_04_intel          [  20% ] 2 VUs    0m23.9s/2m0s
steady_05_mongo          [  20% ] 2 VUs    0m23.9s/2m0s
steady_06_oracle         [  20% ] 2 VUs    0m23.9s/2m0s
steady_07_qualcomm       [  20% ] 2 VUs    0m23.9s/2m0s
steady_08_salesforce     [  20% ] 2 VUs    0m23.9s/2m0s
steady_09_sap            [  20% ] 2 VUs    0m23.9s/2m0s
steady_10_shopify        [  20% ] 2 VUs    0m23.9s/2m0s
steady_11_stripe         [  20% ] 2 VUs    0m23.9s/2m0s
steady_12_twilio         [  20% ] 2 VUs    0m23.9s/2m0s
cooldown_01_binance    • [   0% ] waiting  1m36.1s
cooldown_02_datadog    • [   0% ] waiting  1m36.1s
cooldown_03_ibm        • [   0% ] waiting  1m36.1s
cooldown_04_intel      • [   0% ] waiting  1m36.1s
cooldown_05_mongo      • [   0% ] waiting  1m36.1s
cooldown_06_oracle     • [   0% ] waiting  1m36.1s
cooldown_07_qualcomm   • [   0% ] waiting  1m36.1s
cooldown_08_salesforce • [   0% ] waiting  1m36.1s
cooldown_09_sap        • [   0% ] waiting  1m36.1s
cooldown_10_shopify    • [   0% ] waiting  1m36.1s
cooldown_11_stripe     • [   0% ] waiting  1m36.1s
cooldown_12_twilio     • [   0% ] waiting  1m36.1s

running (0m54.9s), 24/48 VUs, 1078 complete and 0 interrupted iterations
warmup_01_binance      ✓ [ 100% ] 0/2 VUs  30s
warmup_02_datadog      ✓ [ 100% ] 0/2 VUs  30s
warmup_03_ibm          ✓ [ 100% ] 0/2 VUs  30s
warmup_04_intel        ✓ [ 100% ] 0/2 VUs  30s
warmup_05_mongo        ✓ [ 100% ] 0/2 VUs  30s
warmup_06_oracle       ✓ [ 100% ] 0/2 VUs  30s
warmup_07_qualcomm     ✓ [ 100% ] 0/2 VUs  30s
warmup_08_salesforce   ✓ [ 100% ] 0/2 VUs  30s
warmup_09_sap          ✓ [ 100% ] 0/2 VUs  30s
warmup_10_shopify      ✓ [ 100% ] 0/2 VUs  30s
warmup_11_stripe       ✓ [ 100% ] 0/2 VUs  30s
warmup_12_twilio       ✓ [ 100% ] 0/2 VUs  30s
steady_01_binance        [  21% ] 2 VUs    0m24.9s/2m0s
steady_02_datadog        [  21% ] 2 VUs    0m24.9s/2m0s
steady_03_ibm            [  21% ] 2 VUs    0m24.9s/2m0s
steady_04_intel          [  21% ] 2 VUs    0m24.9s/2m0s
steady_05_mongo          [  21% ] 2 VUs    0m24.9s/2m0s
steady_06_oracle         [  21% ] 2 VUs    0m24.9s/2m0s
steady_07_qualcomm       [  21% ] 2 VUs    0m24.9s/2m0s
steady_08_salesforce     [  21% ] 2 VUs    0m24.9s/2m0s
steady_09_sap            [  21% ] 2 VUs    0m24.9s/2m0s
steady_10_shopify        [  21% ] 2 VUs    0m24.9s/2m0s
steady_11_stripe         [  21% ] 2 VUs    0m24.9s/2m0s
steady_12_twilio         [  21% ] 2 VUs    0m24.9s/2m0s
cooldown_01_binance    • [   0% ] waiting  1m35.1s
cooldown_02_datadog    • [   0% ] waiting  1m35.1s
cooldown_03_ibm        • [   0% ] waiting  1m35.1s
cooldown_04_intel      • [   0% ] waiting  1m35.1s
cooldown_05_mongo      • [   0% ] waiting  1m35.1s
cooldown_06_oracle     • [   0% ] waiting  1m35.1s
cooldown_07_qualcomm   • [   0% ] waiting  1m35.1s
cooldown_08_salesforce • [   0% ] waiting  1m35.1s
cooldown_09_sap        • [   0% ] waiting  1m35.1s
cooldown_10_shopify    • [   0% ] waiting  1m35.1s
cooldown_11_stripe     • [   0% ] waiting  1m35.1s
cooldown_12_twilio     • [   0% ] waiting  1m35.1s

running (0m55.9s), 24/48 VUs, 1118 complete and 0 interrupted iterations
warmup_01_binance      ✓ [ 100% ] 0/2 VUs  30s
warmup_02_datadog      ✓ [ 100% ] 0/2 VUs  30s
warmup_03_ibm          ✓ [ 100% ] 0/2 VUs  30s
warmup_04_intel        ✓ [ 100% ] 0/2 VUs  30s
warmup_05_mongo        ✓ [ 100% ] 0/2 VUs  30s
warmup_06_oracle       ✓ [ 100% ] 0/2 VUs  30s
warmup_07_qualcomm     ✓ [ 100% ] 0/2 VUs  30s
warmup_08_salesforce   ✓ [ 100% ] 0/2 VUs  30s
warmup_09_sap          ✓ [ 100% ] 0/2 VUs  30s
warmup_10_shopify      ✓ [ 100% ] 0/2 VUs  30s
warmup_11_stripe       ✓ [ 100% ] 0/2 VUs  30s
warmup_12_twilio       ✓ [ 100% ] 0/2 VUs  30s
steady_01_binance        [  22% ] 2 VUs    0m25.9s/2m0s
steady_02_datadog        [  22% ] 2 VUs    0m25.9s/2m0s
steady_03_ibm            [  22% ] 2 VUs    0m25.9s/2m0s
steady_04_intel          [  22% ] 2 VUs    0m25.9s/2m0s
steady_05_mongo          [  22% ] 2 VUs    0m25.9s/2m0s
steady_06_oracle         [  22% ] 2 VUs    0m25.9s/2m0s
steady_07_qualcomm       [  22% ] 2 VUs    0m25.9s/2m0s
steady_08_salesforce     [  22% ] 2 VUs    0m25.9s/2m0s
steady_09_sap            [  22% ] 2 VUs    0m25.9s/2m0s
steady_10_shopify        [  22% ] 2 VUs    0m25.9s/2m0s
steady_11_stripe         [  22% ] 2 VUs    0m25.9s/2m0s
steady_12_twilio         [  22% ] 2 VUs    0m25.9s/2m0s
cooldown_01_binance    • [   0% ] waiting  1m34.1s
cooldown_02_datadog    • [   0% ] waiting  1m34.1s
cooldown_03_ibm        • [   0% ] waiting  1m34.1s
cooldown_04_intel      • [   0% ] waiting  1m34.1s
cooldown_05_mongo      • [   0% ] waiting  1m34.1s
cooldown_06_oracle     • [   0% ] waiting  1m34.1s
cooldown_07_qualcomm   • [   0% ] waiting  1m34.1s
cooldown_08_salesforce • [   0% ] waiting  1m34.1s
cooldown_09_sap        • [   0% ] waiting  1m34.1s
cooldown_10_shopify    • [   0% ] waiting  1m34.1s
cooldown_11_stripe     • [   0% ] waiting  1m34.1s
cooldown_12_twilio     • [   0% ] waiting  1m34.1s

running (0m56.9s), 24/48 VUs, 1138 complete and 0 interrupted iterations
warmup_01_binance      ✓ [ 100% ] 0/2 VUs  30s
warmup_02_datadog      ✓ [ 100% ] 0/2 VUs  30s
warmup_03_ibm          ✓ [ 100% ] 0/2 VUs  30s
warmup_04_intel        ✓ [ 100% ] 0/2 VUs  30s
warmup_05_mongo        ✓ [ 100% ] 0/2 VUs  30s
warmup_06_oracle       ✓ [ 100% ] 0/2 VUs  30s
warmup_07_qualcomm     ✓ [ 100% ] 0/2 VUs  30s
warmup_08_salesforce   ✓ [ 100% ] 0/2 VUs  30s
warmup_09_sap          ✓ [ 100% ] 0/2 VUs  30s
warmup_10_shopify      ✓ [ 100% ] 0/2 VUs  30s
warmup_11_stripe       ✓ [ 100% ] 0/2 VUs  30s
warmup_12_twilio       ✓ [ 100% ] 0/2 VUs  30s
steady_01_binance        [  22% ] 2 VUs    0m26.9s/2m0s
steady_02_datadog        [  22% ] 2 VUs    0m26.9s/2m0s
steady_03_ibm            [  22% ] 2 VUs    0m26.9s/2m0s
steady_04_intel          [  22% ] 2 VUs    0m26.9s/2m0s
steady_05_mongo          [  22% ] 2 VUs    0m26.9s/2m0s
steady_06_oracle         [  22% ] 2 VUs    0m26.9s/2m0s
steady_07_qualcomm       [  22% ] 2 VUs    0m26.9s/2m0s
steady_08_salesforce     [  22% ] 2 VUs    0m26.9s/2m0s
steady_09_sap            [  22% ] 2 VUs    0m26.9s/2m0s
steady_10_shopify        [  22% ] 2 VUs    0m26.9s/2m0s
steady_11_stripe         [  22% ] 2 VUs    0m26.9s/2m0s
steady_12_twilio         [  22% ] 2 VUs    0m26.9s/2m0s
cooldown_01_binance    • [   0% ] waiting  1m33.1s
cooldown_02_datadog    • [   0% ] waiting  1m33.1s
cooldown_03_ibm        • [   0% ] waiting  1m33.1s
cooldown_04_intel      • [   0% ] waiting  1m33.1s
cooldown_05_mongo      • [   0% ] waiting  1m33.1s
cooldown_06_oracle     • [   0% ] waiting  1m33.1s
cooldown_07_qualcomm   • [   0% ] waiting  1m33.1s
cooldown_08_salesforce • [   0% ] waiting  1m33.1s
cooldown_09_sap        • [   0% ] waiting  1m33.1s
cooldown_10_shopify    • [   0% ] waiting  1m33.1s
cooldown_11_stripe     • [   0% ] waiting  1m33.1s
cooldown_12_twilio     • [   0% ] waiting  1m33.1s

running (0m57.9s), 24/48 VUs, 1178 complete and 0 interrupted iterations
warmup_01_binance      ✓ [ 100% ] 0/2 VUs  30s
warmup_02_datadog      ✓ [ 100% ] 0/2 VUs  30s
warmup_03_ibm          ✓ [ 100% ] 0/2 VUs  30s
warmup_04_intel        ✓ [ 100% ] 0/2 VUs  30s
warmup_05_mongo        ✓ [ 100% ] 0/2 VUs  30s
warmup_06_oracle       ✓ [ 100% ] 0/2 VUs  30s
warmup_07_qualcomm     ✓ [ 100% ] 0/2 VUs  30s
warmup_08_salesforce   ✓ [ 100% ] 0/2 VUs  30s
warmup_09_sap          ✓ [ 100% ] 0/2 VUs  30s
warmup_10_shopify      ✓ [ 100% ] 0/2 VUs  30s
warmup_11_stripe       ✓ [ 100% ] 0/2 VUs  30s
warmup_12_twilio       ✓ [ 100% ] 0/2 VUs  30s
steady_01_binance        [  23% ] 2 VUs    0m27.9s/2m0s
steady_02_datadog        [  23% ] 2 VUs    0m27.9s/2m0s
steady_03_ibm            [  23% ] 2 VUs    0m27.9s/2m0s
steady_04_intel          [  23% ] 2 VUs    0m27.9s/2m0s
steady_05_mongo          [  23% ] 2 VUs    0m27.9s/2m0s
steady_06_oracle         [  23% ] 2 VUs    0m27.9s/2m0s
steady_07_qualcomm       [  23% ] 2 VUs    0m27.9s/2m0s
steady_08_salesforce     [  23% ] 2 VUs    0m27.9s/2m0s
steady_09_sap            [  23% ] 2 VUs    0m27.9s/2m0s
steady_10_shopify        [  23% ] 2 VUs    0m27.9s/2m0s
steady_11_stripe         [  23% ] 2 VUs    0m27.9s/2m0s
steady_12_twilio         [  23% ] 2 VUs    0m27.9s/2m0s
cooldown_01_binance    • [   0% ] waiting  1m32.1s
cooldown_02_datadog    • [   0% ] waiting  1m32.1s
cooldown_03_ibm        • [   0% ] waiting  1m32.1s
cooldown_04_intel      • [   0% ] waiting  1m32.1s
cooldown_05_mongo      • [   0% ] waiting  1m32.1s
cooldown_06_oracle     • [   0% ] waiting  1m32.1s
cooldown_07_qualcomm   • [   0% ] waiting  1m32.1s
cooldown_08_salesforce • [   0% ] waiting  1m32.1s
cooldown_09_sap        • [   0% ] waiting  1m32.1s
cooldown_10_shopify    • [   0% ] waiting  1m32.1s
cooldown_11_stripe     • [   0% ] waiting  1m32.1s
cooldown_12_twilio     • [   0% ] waiting  1m32.1s

running (0m58.9s), 24/48 VUs, 1198 complete and 0 interrupted iterations
warmup_01_binance      ✓ [ 100% ] 0/2 VUs  30s
warmup_02_datadog      ✓ [ 100% ] 0/2 VUs  30s
warmup_03_ibm          ✓ [ 100% ] 0/2 VUs  30s
warmup_04_intel        ✓ [ 100% ] 0/2 VUs  30s
warmup_05_mongo        ✓ [ 100% ] 0/2 VUs  30s
warmup_06_oracle       ✓ [ 100% ] 0/2 VUs  30s
warmup_07_qualcomm     ✓ [ 100% ] 0/2 VUs  30s
warmup_08_salesforce   ✓ [ 100% ] 0/2 VUs  30s
warmup_09_sap          ✓ [ 100% ] 0/2 VUs  30s
warmup_10_shopify      ✓ [ 100% ] 0/2 VUs  30s
warmup_11_stripe       ✓ [ 100% ] 0/2 VUs  30s
warmup_12_twilio       ✓ [ 100% ] 0/2 VUs  30s
steady_01_binance        [  24% ] 2 VUs    0m28.9s/2m0s
steady_02_datadog        [  24% ] 2 VUs    0m28.9s/2m0s
steady_03_ibm            [  24% ] 2 VUs    0m28.9s/2m0s
steady_04_intel          [  24% ] 2 VUs    0m28.9s/2m0s
steady_05_mongo          [  24% ] 2 VUs    0m28.9s/2m0s
steady_06_oracle         [  24% ] 2 VUs    0m28.9s/2m0s
steady_07_qualcomm       [  24% ] 2 VUs    0m28.9s/2m0s
steady_08_salesforce     [  24% ] 2 VUs    0m28.9s/2m0s
steady_09_sap            [  24% ] 2 VUs    0m28.9s/2m0s
steady_10_shopify        [  24% ] 2 VUs    0m28.9s/2m0s
steady_11_stripe         [  24% ] 2 VUs    0m28.9s/2m0s
steady_12_twilio         [  24% ] 2 VUs    0m28.9s/2m0s
cooldown_01_binance    • [   0% ] waiting  1m31.1s
cooldown_02_datadog    • [   0% ] waiting  1m31.1s
cooldown_03_ibm        • [   0% ] waiting  1m31.1s
cooldown_04_intel      • [   0% ] waiting  1m31.1s
cooldown_05_mongo      • [   0% ] waiting  1m31.1s
cooldown_06_oracle     • [   0% ] waiting  1m31.1s
cooldown_07_qualcomm   • [   0% ] waiting  1m31.1s
cooldown_08_salesforce • [   0% ] waiting  1m31.1s
cooldown_09_sap        • [   0% ] waiting  1m31.1s
cooldown_10_shopify    • [   0% ] waiting  1m31.1s
cooldown_11_stripe     • [   0% ] waiting  1m31.1s
cooldown_12_twilio     • [   0% ] waiting  1m31.1s

running (0m59.9s), 24/48 VUs, 1239 complete and 0 interrupted iterations
warmup_01_binance      ✓ [ 100% ] 0/2 VUs  30s
warmup_02_datadog      ✓ [ 100% ] 0/2 VUs  30s
warmup_03_ibm          ✓ [ 100% ] 0/2 VUs  30s
warmup_04_intel        ✓ [ 100% ] 0/2 VUs  30s
warmup_05_mongo        ✓ [ 100% ] 0/2 VUs  30s
warmup_06_oracle       ✓ [ 100% ] 0/2 VUs  30s
warmup_07_qualcomm     ✓ [ 100% ] 0/2 VUs  30s
warmup_08_salesforce   ✓ [ 100% ] 0/2 VUs  30s
warmup_09_sap          ✓ [ 100% ] 0/2 VUs  30s
warmup_10_shopify      ✓ [ 100% ] 0/2 VUs  30s
warmup_11_stripe       ✓ [ 100% ] 0/2 VUs  30s
warmup_12_twilio       ✓ [ 100% ] 0/2 VUs  30s
steady_01_binance        [  25% ] 2 VUs    0m29.9s/2m0s
steady_02_datadog        [  25% ] 2 VUs    0m29.9s/2m0s
steady_03_ibm            [  25% ] 2 VUs    0m29.9s/2m0s
steady_04_intel          [  25% ] 2 VUs    0m29.9s/2m0s
steady_05_mongo          [  25% ] 2 VUs    0m29.9s/2m0s
steady_06_oracle         [  25% ] 2 VUs    0m29.9s/2m0s
steady_07_qualcomm       [  25% ] 2 VUs    0m29.9s/2m0s
steady_08_salesforce     [  25% ] 2 VUs    0m29.9s/2m0s
steady_09_sap            [  25% ] 2 VUs    0m29.9s/2m0s
steady_10_shopify        [  25% ] 2 VUs    0m29.9s/2m0s
steady_11_stripe         [  25% ] 2 VUs    0m29.9s/2m0s
steady_12_twilio         [  25% ] 2 VUs    0m29.9s/2m0s
cooldown_01_binance    • [   0% ] waiting  1m30.1s
cooldown_02_datadog    • [   0% ] waiting  1m30.1s
cooldown_03_ibm        • [   0% ] waiting  1m30.1s
cooldown_04_intel      • [   0% ] waiting  1m30.1s
cooldown_05_mongo      • [   0% ] waiting  1m30.1s
cooldown_06_oracle     • [   0% ] waiting  1m30.1s
cooldown_07_qualcomm   • [   0% ] waiting  1m30.1s
cooldown_08_salesforce • [   0% ] waiting  1m30.1s
cooldown_09_sap        • [   0% ] waiting  1m30.1s
cooldown_10_shopify    • [   0% ] waiting  1m30.1s
cooldown_11_stripe     • [   0% ] waiting  1m30.1s
cooldown_12_twilio     • [   0% ] waiting  1m30.1s

running (1m00.9s), 24/48 VUs, 1276 complete and 0 interrupted iterations
warmup_01_binance      ✓ [ 100% ] 0/2 VUs  30s
warmup_02_datadog      ✓ [ 100% ] 0/2 VUs  30s
warmup_03_ibm          ✓ [ 100% ] 0/2 VUs  30s
warmup_04_intel        ✓ [ 100% ] 0/2 VUs  30s
warmup_05_mongo        ✓ [ 100% ] 0/2 VUs  30s
warmup_06_oracle       ✓ [ 100% ] 0/2 VUs  30s
warmup_07_qualcomm     ✓ [ 100% ] 0/2 VUs  30s
warmup_08_salesforce   ✓ [ 100% ] 0/2 VUs  30s
warmup_09_sap          ✓ [ 100% ] 0/2 VUs  30s
warmup_10_shopify      ✓ [ 100% ] 0/2 VUs  30s
warmup_11_stripe       ✓ [ 100% ] 0/2 VUs  30s
warmup_12_twilio       ✓ [ 100% ] 0/2 VUs  30s
steady_01_binance        [  26% ] 2 VUs    0m30.9s/2m0s
steady_02_datadog        [  26% ] 2 VUs    0m30.9s/2m0s
steady_03_ibm            [  26% ] 2 VUs    0m30.9s/2m0s
steady_04_intel          [  26% ] 2 VUs    0m30.9s/2m0s
steady_05_mongo          [  26% ] 2 VUs    0m30.9s/2m0s
steady_06_oracle         [  26% ] 2 VUs    0m30.9s/2m0s
steady_07_qualcomm       [  26% ] 2 VUs    0m30.9s/2m0s
steady_08_salesforce     [  26% ] 2 VUs    0m30.9s/2m0s
steady_09_sap            [  26% ] 2 VUs    0m30.9s/2m0s
steady_10_shopify        [  26% ] 2 VUs    0m30.9s/2m0s
steady_11_stripe         [  26% ] 2 VUs    0m30.9s/2m0s
steady_12_twilio         [  26% ] 2 VUs    0m30.9s/2m0s
cooldown_01_binance    • [   0% ] waiting  1m29.1s
cooldown_02_datadog    • [   0% ] waiting  1m29.1s
cooldown_03_ibm        • [   0% ] waiting  1m29.1s
cooldown_04_intel      • [   0% ] waiting  1m29.1s
cooldown_05_mongo      • [   0% ] waiting  1m29.1s
cooldown_06_oracle     • [   0% ] waiting  1m29.1s
cooldown_07_qualcomm   • [   0% ] waiting  1m29.1s
cooldown_08_salesforce • [   0% ] waiting  1m29.1s
cooldown_09_sap        • [   0% ] waiting  1m29.1s
cooldown_10_shopify    • [   0% ] waiting  1m29.1s
cooldown_11_stripe     • [   0% ] waiting  1m29.1s
cooldown_12_twilio     • [   0% ] waiting  1m29.1s

running (1m01.9s), 24/48 VUs, 1300 complete and 0 interrupted iterations
warmup_01_binance      ✓ [ 100% ] 0/2 VUs  30s
warmup_02_datadog      ✓ [ 100% ] 0/2 VUs  30s
warmup_03_ibm          ✓ [ 100% ] 0/2 VUs  30s
warmup_04_intel        ✓ [ 100% ] 0/2 VUs  30s
warmup_05_mongo        ✓ [ 100% ] 0/2 VUs  30s
warmup_06_oracle       ✓ [ 100% ] 0/2 VUs  30s
warmup_07_qualcomm     ✓ [ 100% ] 0/2 VUs  30s
warmup_08_salesforce   ✓ [ 100% ] 0/2 VUs  30s
warmup_09_sap          ✓ [ 100% ] 0/2 VUs  30s
warmup_10_shopify      ✓ [ 100% ] 0/2 VUs  30s
warmup_11_stripe       ✓ [ 100% ] 0/2 VUs  30s
warmup_12_twilio       ✓ [ 100% ] 0/2 VUs  30s
steady_01_binance        [  27% ] 2 VUs    0m31.9s/2m0s
steady_02_datadog        [  27% ] 2 VUs    0m31.9s/2m0s
steady_03_ibm            [  27% ] 2 VUs    0m31.9s/2m0s
steady_04_intel          [  27% ] 2 VUs    0m31.9s/2m0s
steady_05_mongo          [  27% ] 2 VUs    0m31.9s/2m0s
steady_06_oracle         [  27% ] 2 VUs    0m31.9s/2m0s
steady_07_qualcomm       [  27% ] 2 VUs    0m31.9s/2m0s
steady_08_salesforce     [  27% ] 2 VUs    0m31.9s/2m0s
steady_09_sap            [  27% ] 2 VUs    0m31.9s/2m0s
steady_10_shopify        [  27% ] 2 VUs    0m31.9s/2m0s
steady_11_stripe         [  27% ] 2 VUs    0m31.9s/2m0s
steady_12_twilio         [  27% ] 2 VUs    0m31.9s/2m0s
cooldown_01_binance    • [   0% ] waiting  1m28.1s
cooldown_02_datadog    • [   0% ] waiting  1m28.1s
cooldown_03_ibm        • [   0% ] waiting  1m28.1s
cooldown_04_intel      • [   0% ] waiting  1m28.1s
cooldown_05_mongo      • [   0% ] waiting  1m28.1s
cooldown_06_oracle     • [   0% ] waiting  1m28.1s
cooldown_07_qualcomm   • [   0% ] waiting  1m28.1s
cooldown_08_salesforce • [   0% ] waiting  1m28.1s
cooldown_09_sap        • [   0% ] waiting  1m28.1s
cooldown_10_shopify    • [   0% ] waiting  1m28.1s
cooldown_11_stripe     • [   0% ] waiting  1m28.1s
cooldown_12_twilio     • [   0% ] waiting  1m28.1s

running (1m02.9s), 24/48 VUs, 1336 complete and 0 interrupted iterations
warmup_01_binance      ✓ [ 100% ] 0/2 VUs  30s
warmup_02_datadog      ✓ [ 100% ] 0/2 VUs  30s
warmup_03_ibm          ✓ [ 100% ] 0/2 VUs  30s
warmup_04_intel        ✓ [ 100% ] 0/2 VUs  30s
warmup_05_mongo        ✓ [ 100% ] 0/2 VUs  30s
warmup_06_oracle       ✓ [ 100% ] 0/2 VUs  30s
warmup_07_qualcomm     ✓ [ 100% ] 0/2 VUs  30s
warmup_08_salesforce   ✓ [ 100% ] 0/2 VUs  30s
warmup_09_sap          ✓ [ 100% ] 0/2 VUs  30s
warmup_10_shopify      ✓ [ 100% ] 0/2 VUs  30s
warmup_11_stripe       ✓ [ 100% ] 0/2 VUs  30s
warmup_12_twilio       ✓ [ 100% ] 0/2 VUs  30s
steady_01_binance        [  27% ] 2 VUs    0m32.9s/2m0s
steady_02_datadog        [  27% ] 2 VUs    0m32.9s/2m0s
steady_03_ibm            [  27% ] 2 VUs    0m32.9s/2m0s
steady_04_intel          [  27% ] 2 VUs    0m32.9s/2m0s
steady_05_mongo          [  27% ] 2 VUs    0m32.9s/2m0s
steady_06_oracle         [  27% ] 2 VUs    0m32.9s/2m0s
steady_07_qualcomm       [  27% ] 2 VUs    0m32.9s/2m0s
steady_08_salesforce     [  27% ] 2 VUs    0m32.9s/2m0s
steady_09_sap            [  27% ] 2 VUs    0m32.9s/2m0s
steady_10_shopify        [  27% ] 2 VUs    0m32.9s/2m0s
steady_11_stripe         [  27% ] 2 VUs    0m32.9s/2m0s
steady_12_twilio         [  27% ] 2 VUs    0m32.9s/2m0s
cooldown_01_binance    • [   0% ] waiting  1m27.1s
cooldown_02_datadog    • [   0% ] waiting  1m27.1s
cooldown_03_ibm        • [   0% ] waiting  1m27.1s
cooldown_04_intel      • [   0% ] waiting  1m27.1s
cooldown_05_mongo      • [   0% ] waiting  1m27.1s
cooldown_06_oracle     • [   0% ] waiting  1m27.1s
cooldown_07_qualcomm   • [   0% ] waiting  1m27.1s
cooldown_08_salesforce • [   0% ] waiting  1m27.1s
cooldown_09_sap        • [   0% ] waiting  1m27.1s
cooldown_10_shopify    • [   0% ] waiting  1m27.1s
cooldown_11_stripe     • [   0% ] waiting  1m27.1s
cooldown_12_twilio     • [   0% ] waiting  1m27.1s

running (1m03.9s), 24/48 VUs, 1358 complete and 0 interrupted iterations
warmup_01_binance      ✓ [ 100% ] 0/2 VUs  30s
warmup_02_datadog      ✓ [ 100% ] 0/2 VUs  30s
warmup_03_ibm          ✓ [ 100% ] 0/2 VUs  30s
warmup_04_intel        ✓ [ 100% ] 0/2 VUs  30s
warmup_05_mongo        ✓ [ 100% ] 0/2 VUs  30s
warmup_06_oracle       ✓ [ 100% ] 0/2 VUs  30s
warmup_07_qualcomm     ✓ [ 100% ] 0/2 VUs  30s
warmup_08_salesforce   ✓ [ 100% ] 0/2 VUs  30s
warmup_09_sap          ✓ [ 100% ] 0/2 VUs  30s
warmup_10_shopify      ✓ [ 100% ] 0/2 VUs  30s
warmup_11_stripe       ✓ [ 100% ] 0/2 VUs  30s
warmup_12_twilio       ✓ [ 100% ] 0/2 VUs  30s
steady_01_binance        [  28% ] 2 VUs    0m33.9s/2m0s
steady_02_datadog        [  28% ] 2 VUs    0m33.9s/2m0s
steady_03_ibm            [  28% ] 2 VUs    0m33.9s/2m0s
steady_04_intel          [  28% ] 2 VUs    0m33.9s/2m0s
steady_05_mongo          [  28% ] 2 VUs    0m33.9s/2m0s
steady_06_oracle         [  28% ] 2 VUs    0m33.9s/2m0s
steady_07_qualcomm       [  28% ] 2 VUs    0m33.9s/2m0s
steady_08_salesforce     [  28% ] 2 VUs    0m33.9s/2m0s
steady_09_sap            [  28% ] 2 VUs    0m33.9s/2m0s
steady_10_shopify        [  28% ] 2 VUs    0m33.9s/2m0s
steady_11_stripe         [  28% ] 2 VUs    0m33.9s/2m0s
steady_12_twilio         [  28% ] 2 VUs    0m33.9s/2m0s
cooldown_01_binance    • [   0% ] waiting  1m26.1s
cooldown_02_datadog    • [   0% ] waiting  1m26.1s
cooldown_03_ibm        • [   0% ] waiting  1m26.1s
cooldown_04_intel      • [   0% ] waiting  1m26.1s
cooldown_05_mongo      • [   0% ] waiting  1m26.1s
cooldown_06_oracle     • [   0% ] waiting  1m26.1s
cooldown_07_qualcomm   • [   0% ] waiting  1m26.1s
cooldown_08_salesforce • [   0% ] waiting  1m26.1s
cooldown_09_sap        • [   0% ] waiting  1m26.1s
cooldown_10_shopify    • [   0% ] waiting  1m26.1s
cooldown_11_stripe     • [   0% ] waiting  1m26.1s
cooldown_12_twilio     • [   0% ] waiting  1m26.1s

running (1m04.9s), 24/48 VUs, 1396 complete and 0 interrupted iterations
warmup_01_binance      ✓ [ 100% ] 0/2 VUs  30s
warmup_02_datadog      ✓ [ 100% ] 0/2 VUs  30s
warmup_03_ibm          ✓ [ 100% ] 0/2 VUs  30s
warmup_04_intel        ✓ [ 100% ] 0/2 VUs  30s
warmup_05_mongo        ✓ [ 100% ] 0/2 VUs  30s
warmup_06_oracle       ✓ [ 100% ] 0/2 VUs  30s
warmup_07_qualcomm     ✓ [ 100% ] 0/2 VUs  30s
warmup_08_salesforce   ✓ [ 100% ] 0/2 VUs  30s
warmup_09_sap          ✓ [ 100% ] 0/2 VUs  30s
warmup_10_shopify      ✓ [ 100% ] 0/2 VUs  30s
warmup_11_stripe       ✓ [ 100% ] 0/2 VUs  30s
warmup_12_twilio       ✓ [ 100% ] 0/2 VUs  30s
steady_01_binance        [  29% ] 2 VUs    0m34.9s/2m0s
steady_02_datadog        [  29% ] 2 VUs    0m34.9s/2m0s
steady_03_ibm            [  29% ] 2 VUs    0m34.9s/2m0s
steady_04_intel          [  29% ] 2 VUs    0m34.9s/2m0s
steady_05_mongo          [  29% ] 2 VUs    0m34.9s/2m0s
steady_06_oracle         [  29% ] 2 VUs    0m34.9s/2m0s
steady_07_qualcomm       [  29% ] 2 VUs    0m34.9s/2m0s
steady_08_salesforce     [  29% ] 2 VUs    0m34.9s/2m0s
steady_09_sap            [  29% ] 2 VUs    0m34.9s/2m0s
steady_10_shopify        [  29% ] 2 VUs    0m34.9s/2m0s
steady_11_stripe         [  29% ] 2 VUs    0m34.9s/2m0s
steady_12_twilio         [  29% ] 2 VUs    0m34.9s/2m0s
cooldown_01_binance    • [   0% ] waiting  1m25.1s
cooldown_02_datadog    • [   0% ] waiting  1m25.1s
cooldown_03_ibm        • [   0% ] waiting  1m25.1s
cooldown_04_intel      • [   0% ] waiting  1m25.1s
cooldown_05_mongo      • [   0% ] waiting  1m25.1s
cooldown_06_oracle     • [   0% ] waiting  1m25.1s
cooldown_07_qualcomm   • [   0% ] waiting  1m25.1s
cooldown_08_salesforce • [   0% ] waiting  1m25.1s
cooldown_09_sap        • [   0% ] waiting  1m25.1s
cooldown_10_shopify    • [   0% ] waiting  1m25.1s
cooldown_11_stripe     • [   0% ] waiting  1m25.1s
cooldown_12_twilio     • [   0% ] waiting  1m25.1s

running (1m05.9s), 24/48 VUs, 1418 complete and 0 interrupted iterations
warmup_01_binance      ✓ [ 100% ] 0/2 VUs  30s
warmup_02_datadog      ✓ [ 100% ] 0/2 VUs  30s
warmup_03_ibm          ✓ [ 100% ] 0/2 VUs  30s
warmup_04_intel        ✓ [ 100% ] 0/2 VUs  30s
warmup_05_mongo        ✓ [ 100% ] 0/2 VUs  30s
warmup_06_oracle       ✓ [ 100% ] 0/2 VUs  30s
warmup_07_qualcomm     ✓ [ 100% ] 0/2 VUs  30s
warmup_08_salesforce   ✓ [ 100% ] 0/2 VUs  30s
warmup_09_sap          ✓ [ 100% ] 0/2 VUs  30s
warmup_10_shopify      ✓ [ 100% ] 0/2 VUs  30s
warmup_11_stripe       ✓ [ 100% ] 0/2 VUs  30s
warmup_12_twilio       ✓ [ 100% ] 0/2 VUs  30s
steady_01_binance        [  30% ] 2 VUs    0m35.9s/2m0s
steady_02_datadog        [  30% ] 2 VUs    0m35.9s/2m0s
steady_03_ibm            [  30% ] 2 VUs    0m35.9s/2m0s
steady_04_intel          [  30% ] 2 VUs    0m35.9s/2m0s
steady_05_mongo          [  30% ] 2 VUs    0m35.9s/2m0s
steady_06_oracle         [  30% ] 2 VUs    0m35.9s/2m0s
steady_07_qualcomm       [  30% ] 2 VUs    0m35.9s/2m0s
steady_08_salesforce     [  30% ] 2 VUs    0m35.9s/2m0s
steady_09_sap            [  30% ] 2 VUs    0m35.9s/2m0s
steady_10_shopify        [  30% ] 2 VUs    0m35.9s/2m0s
steady_11_stripe         [  30% ] 2 VUs    0m35.9s/2m0s
steady_12_twilio         [  30% ] 2 VUs    0m35.9s/2m0s
cooldown_01_binance    • [   0% ] waiting  1m24.1s
cooldown_02_datadog    • [   0% ] waiting  1m24.1s
cooldown_03_ibm        • [   0% ] waiting  1m24.1s
cooldown_04_intel      • [   0% ] waiting  1m24.1s
cooldown_05_mongo      • [   0% ] waiting  1m24.1s
cooldown_06_oracle     • [   0% ] waiting  1m24.1s
cooldown_07_qualcomm   • [   0% ] waiting  1m24.1s
cooldown_08_salesforce • [   0% ] waiting  1m24.1s
cooldown_09_sap        • [   0% ] waiting  1m24.1s
cooldown_10_shopify    • [   0% ] waiting  1m24.1s
cooldown_11_stripe     • [   0% ] waiting  1m24.1s
cooldown_12_twilio     • [   0% ] waiting  1m24.1s

running (1m06.9s), 24/48 VUs, 1453 complete and 0 interrupted iterations
warmup_01_binance      ✓ [ 100% ] 0/2 VUs  30s
warmup_02_datadog      ✓ [ 100% ] 0/2 VUs  30s
warmup_03_ibm          ✓ [ 100% ] 0/2 VUs  30s
warmup_04_intel        ✓ [ 100% ] 0/2 VUs  30s
warmup_05_mongo        ✓ [ 100% ] 0/2 VUs  30s
warmup_06_oracle       ✓ [ 100% ] 0/2 VUs  30s
warmup_07_qualcomm     ✓ [ 100% ] 0/2 VUs  30s
warmup_08_salesforce   ✓ [ 100% ] 0/2 VUs  30s
warmup_09_sap          ✓ [ 100% ] 0/2 VUs  30s
warmup_10_shopify      ✓ [ 100% ] 0/2 VUs  30s
warmup_11_stripe       ✓ [ 100% ] 0/2 VUs  30s
warmup_12_twilio       ✓ [ 100% ] 0/2 VUs  30s
steady_01_binance        [  31% ] 2 VUs    0m36.9s/2m0s
steady_02_datadog        [  31% ] 2 VUs    0m36.9s/2m0s
steady_03_ibm            [  31% ] 2 VUs    0m36.9s/2m0s
steady_04_intel          [  31% ] 2 VUs    0m36.9s/2m0s
steady_05_mongo          [  31% ] 2 VUs    0m36.9s/2m0s
steady_06_oracle         [  31% ] 2 VUs    0m36.9s/2m0s
steady_07_qualcomm       [  31% ] 2 VUs    0m36.9s/2m0s
steady_08_salesforce     [  31% ] 2 VUs    0m36.9s/2m0s
steady_09_sap            [  31% ] 2 VUs    0m36.9s/2m0s
steady_10_shopify        [  31% ] 2 VUs    0m36.9s/2m0s
steady_11_stripe         [  31% ] 2 VUs    0m36.9s/2m0s
steady_12_twilio         [  31% ] 2 VUs    0m36.9s/2m0s
cooldown_01_binance    • [   0% ] waiting  1m23.1s
cooldown_02_datadog    • [   0% ] waiting  1m23.1s
cooldown_03_ibm        • [   0% ] waiting  1m23.1s
cooldown_04_intel      • [   0% ] waiting  1m23.1s
cooldown_05_mongo      • [   0% ] waiting  1m23.1s
cooldown_06_oracle     • [   0% ] waiting  1m23.1s
cooldown_07_qualcomm   • [   0% ] waiting  1m23.1s
cooldown_08_salesforce • [   0% ] waiting  1m23.1s
cooldown_09_sap        • [   0% ] waiting  1m23.1s
cooldown_10_shopify    • [   0% ] waiting  1m23.1s
cooldown_11_stripe     • [   0% ] waiting  1m23.1s
cooldown_12_twilio     • [   0% ] waiting  1m23.1s

running (1m07.9s), 24/48 VUs, 1469 complete and 0 interrupted iterations
warmup_01_binance      ✓ [ 100% ] 0/2 VUs  30s
warmup_02_datadog      ✓ [ 100% ] 0/2 VUs  30s
warmup_03_ibm          ✓ [ 100% ] 0/2 VUs  30s
warmup_04_intel        ✓ [ 100% ] 0/2 VUs  30s
warmup_05_mongo        ✓ [ 100% ] 0/2 VUs  30s
warmup_06_oracle       ✓ [ 100% ] 0/2 VUs  30s
warmup_07_qualcomm     ✓ [ 100% ] 0/2 VUs  30s
warmup_08_salesforce   ✓ [ 100% ] 0/2 VUs  30s
warmup_09_sap          ✓ [ 100% ] 0/2 VUs  30s
warmup_10_shopify      ✓ [ 100% ] 0/2 VUs  30s
warmup_11_stripe       ✓ [ 100% ] 0/2 VUs  30s
warmup_12_twilio       ✓ [ 100% ] 0/2 VUs  30s
steady_01_binance        [  32% ] 2 VUs    0m37.9s/2m0s
steady_02_datadog        [  32% ] 2 VUs    0m37.9s/2m0s
steady_03_ibm            [  32% ] 2 VUs    0m37.9s/2m0s
steady_04_intel          [  32% ] 2 VUs    0m37.9s/2m0s
steady_05_mongo          [  32% ] 2 VUs    0m37.9s/2m0s
steady_06_oracle         [  32% ] 2 VUs    0m37.9s/2m0s
steady_07_qualcomm       [  32% ] 2 VUs    0m37.9s/2m0s
steady_08_salesforce     [  32% ] 2 VUs    0m37.9s/2m0s
steady_09_sap            [  32% ] 2 VUs    0m37.9s/2m0s
steady_10_shopify        [  32% ] 2 VUs    0m37.9s/2m0s
steady_11_stripe         [  32% ] 2 VUs    0m37.9s/2m0s
steady_12_twilio         [  32% ] 2 VUs    0m37.9s/2m0s
cooldown_01_binance    • [   0% ] waiting  1m22.1s
cooldown_02_datadog    • [   0% ] waiting  1m22.1s
cooldown_03_ibm        • [   0% ] waiting  1m22.1s
cooldown_04_intel      • [   0% ] waiting  1m22.1s
cooldown_05_mongo      • [   0% ] waiting  1m22.1s
cooldown_06_oracle     • [   0% ] waiting  1m22.1s
cooldown_07_qualcomm   • [   0% ] waiting  1m22.1s
cooldown_08_salesforce • [   0% ] waiting  1m22.1s
cooldown_09_sap        • [   0% ] waiting  1m22.1s
cooldown_10_shopify    • [   0% ] waiting  1m22.1s
cooldown_11_stripe     • [   0% ] waiting  1m22.1s
cooldown_12_twilio     • [   0% ] waiting  1m22.1s

running (1m08.9s), 24/48 VUs, 1509 complete and 0 interrupted iterations
warmup_01_binance      ✓ [ 100% ] 0/2 VUs  30s
warmup_02_datadog      ✓ [ 100% ] 0/2 VUs  30s
warmup_03_ibm          ✓ [ 100% ] 0/2 VUs  30s
warmup_04_intel        ✓ [ 100% ] 0/2 VUs  30s
warmup_05_mongo        ✓ [ 100% ] 0/2 VUs  30s
warmup_06_oracle       ✓ [ 100% ] 0/2 VUs  30s
warmup_07_qualcomm     ✓ [ 100% ] 0/2 VUs  30s
warmup_08_salesforce   ✓ [ 100% ] 0/2 VUs  30s
warmup_09_sap          ✓ [ 100% ] 0/2 VUs  30s
warmup_10_shopify      ✓ [ 100% ] 0/2 VUs  30s
warmup_11_stripe       ✓ [ 100% ] 0/2 VUs  30s
warmup_12_twilio       ✓ [ 100% ] 0/2 VUs  30s
steady_01_binance        [  32% ] 2 VUs    0m38.9s/2m0s
steady_02_datadog        [  32% ] 2 VUs    0m38.9s/2m0s
steady_03_ibm            [  32% ] 2 VUs    0m38.9s/2m0s
steady_04_intel          [  32% ] 2 VUs    0m38.9s/2m0s
steady_05_mongo          [  32% ] 2 VUs    0m38.9s/2m0s
steady_06_oracle         [  32% ] 2 VUs    0m38.9s/2m0s
steady_07_qualcomm       [  32% ] 2 VUs    0m38.9s/2m0s
steady_08_salesforce     [  32% ] 2 VUs    0m38.9s/2m0s
steady_09_sap            [  32% ] 2 VUs    0m38.9s/2m0s
steady_10_shopify        [  32% ] 2 VUs    0m38.9s/2m0s
steady_11_stripe         [  32% ] 2 VUs    0m38.9s/2m0s
steady_12_twilio         [  32% ] 2 VUs    0m38.9s/2m0s
cooldown_01_binance    • [   0% ] waiting  1m21.1s
cooldown_02_datadog    • [   0% ] waiting  1m21.1s
cooldown_03_ibm        • [   0% ] waiting  1m21.1s
cooldown_04_intel      • [   0% ] waiting  1m21.1s
cooldown_05_mongo      • [   0% ] waiting  1m21.1s
cooldown_06_oracle     • [   0% ] waiting  1m21.1s
cooldown_07_qualcomm   • [   0% ] waiting  1m21.1s
cooldown_08_salesforce • [   0% ] waiting  1m21.1s
cooldown_09_sap        • [   0% ] waiting  1m21.1s
cooldown_10_shopify    • [   0% ] waiting  1m21.1s
cooldown_11_stripe     • [   0% ] waiting  1m21.1s
cooldown_12_twilio     • [   0% ] waiting  1m21.1s

running (1m09.9s), 24/48 VUs, 1541 complete and 0 interrupted iterations
warmup_01_binance      ✓ [ 100% ] 0/2 VUs  30s
warmup_02_datadog      ✓ [ 100% ] 0/2 VUs  30s
warmup_03_ibm          ✓ [ 100% ] 0/2 VUs  30s
warmup_04_intel        ✓ [ 100% ] 0/2 VUs  30s
warmup_05_mongo        ✓ [ 100% ] 0/2 VUs  30s
warmup_06_oracle       ✓ [ 100% ] 0/2 VUs  30s
warmup_07_qualcomm     ✓ [ 100% ] 0/2 VUs  30s
warmup_08_salesforce   ✓ [ 100% ] 0/2 VUs  30s
warmup_09_sap          ✓ [ 100% ] 0/2 VUs  30s
warmup_10_shopify      ✓ [ 100% ] 0/2 VUs  30s
warmup_11_stripe       ✓ [ 100% ] 0/2 VUs  30s
warmup_12_twilio       ✓ [ 100% ] 0/2 VUs  30s
steady_01_binance        [  33% ] 2 VUs    0m39.9s/2m0s
steady_02_datadog        [  33% ] 2 VUs    0m39.9s/2m0s
steady_03_ibm            [  33% ] 2 VUs    0m39.9s/2m0s
steady_04_intel          [  33% ] 2 VUs    0m39.9s/2m0s
steady_05_mongo          [  33% ] 2 VUs    0m39.9s/2m0s
steady_06_oracle         [  33% ] 2 VUs    0m39.9s/2m0s
steady_07_qualcomm       [  33% ] 2 VUs    0m39.9s/2m0s
steady_08_salesforce     [  33% ] 2 VUs    0m39.9s/2m0s
steady_09_sap            [  33% ] 2 VUs    0m39.9s/2m0s
steady_10_shopify        [  33% ] 2 VUs    0m39.9s/2m0s
steady_11_stripe         [  33% ] 2 VUs    0m39.9s/2m0s
steady_12_twilio         [  33% ] 2 VUs    0m39.9s/2m0s
cooldown_01_binance    • [   0% ] waiting  1m20.1s
cooldown_02_datadog    • [   0% ] waiting  1m20.1s
cooldown_03_ibm        • [   0% ] waiting  1m20.1s
cooldown_04_intel      • [   0% ] waiting  1m20.1s
cooldown_05_mongo      • [   0% ] waiting  1m20.1s
cooldown_06_oracle     • [   0% ] waiting  1m20.1s
cooldown_07_qualcomm   • [   0% ] waiting  1m20.1s
cooldown_08_salesforce • [   0% ] waiting  1m20.1s
cooldown_09_sap        • [   0% ] waiting  1m20.1s
cooldown_10_shopify    • [   0% ] waiting  1m20.1s
cooldown_11_stripe     • [   0% ] waiting  1m20.1s
cooldown_12_twilio     • [   0% ] waiting  1m20.1s

running (1m10.9s), 24/48 VUs, 1566 complete and 0 interrupted iterations
warmup_01_binance      ✓ [ 100% ] 0/2 VUs  30s
warmup_02_datadog      ✓ [ 100% ] 0/2 VUs  30s
warmup_03_ibm          ✓ [ 100% ] 0/2 VUs  30s
warmup_04_intel        ✓ [ 100% ] 0/2 VUs  30s
warmup_05_mongo        ✓ [ 100% ] 0/2 VUs  30s
warmup_06_oracle       ✓ [ 100% ] 0/2 VUs  30s
warmup_07_qualcomm     ✓ [ 100% ] 0/2 VUs  30s
warmup_08_salesforce   ✓ [ 100% ] 0/2 VUs  30s
warmup_09_sap          ✓ [ 100% ] 0/2 VUs  30s
warmup_10_shopify      ✓ [ 100% ] 0/2 VUs  30s
warmup_11_stripe       ✓ [ 100% ] 0/2 VUs  30s
warmup_12_twilio       ✓ [ 100% ] 0/2 VUs  30s
steady_01_binance        [  34% ] 2 VUs    0m40.9s/2m0s
steady_02_datadog        [  34% ] 2 VUs    0m40.9s/2m0s
steady_03_ibm            [  34% ] 2 VUs    0m40.9s/2m0s
steady_04_intel          [  34% ] 2 VUs    0m40.9s/2m0s
steady_05_mongo          [  34% ] 2 VUs    0m40.9s/2m0s
steady_06_oracle         [  34% ] 2 VUs    0m40.9s/2m0s
steady_07_qualcomm       [  34% ] 2 VUs    0m40.9s/2m0s
steady_08_salesforce     [  34% ] 2 VUs    0m40.9s/2m0s
steady_09_sap            [  34% ] 2 VUs    0m40.9s/2m0s
steady_10_shopify        [  34% ] 2 VUs    0m40.9s/2m0s
steady_11_stripe         [  34% ] 2 VUs    0m40.9s/2m0s
steady_12_twilio         [  34% ] 2 VUs    0m40.9s/2m0s
cooldown_01_binance    • [   0% ] waiting  1m19.1s
cooldown_02_datadog    • [   0% ] waiting  1m19.1s
cooldown_03_ibm        • [   0% ] waiting  1m19.1s
cooldown_04_intel      • [   0% ] waiting  1m19.1s
cooldown_05_mongo      • [   0% ] waiting  1m19.1s
cooldown_06_oracle     • [   0% ] waiting  1m19.1s
cooldown_07_qualcomm   • [   0% ] waiting  1m19.1s
cooldown_08_salesforce • [   0% ] waiting  1m19.1s
cooldown_09_sap        • [   0% ] waiting  1m19.1s
cooldown_10_shopify    • [   0% ] waiting  1m19.1s
cooldown_11_stripe     • [   0% ] waiting  1m19.1s
cooldown_12_twilio     • [   0% ] waiting  1m19.1s

running (1m11.9s), 24/48 VUs, 1600 complete and 0 interrupted iterations
warmup_01_binance      ✓ [ 100% ] 0/2 VUs  30s
warmup_02_datadog      ✓ [ 100% ] 0/2 VUs  30s
warmup_03_ibm          ✓ [ 100% ] 0/2 VUs  30s
warmup_04_intel        ✓ [ 100% ] 0/2 VUs  30s
warmup_05_mongo        ✓ [ 100% ] 0/2 VUs  30s
warmup_06_oracle       ✓ [ 100% ] 0/2 VUs  30s
warmup_07_qualcomm     ✓ [ 100% ] 0/2 VUs  30s
warmup_08_salesforce   ✓ [ 100% ] 0/2 VUs  30s
warmup_09_sap          ✓ [ 100% ] 0/2 VUs  30s
warmup_10_shopify      ✓ [ 100% ] 0/2 VUs  30s
warmup_11_stripe       ✓ [ 100% ] 0/2 VUs  30s
warmup_12_twilio       ✓ [ 100% ] 0/2 VUs  30s
steady_01_binance        [  35% ] 2 VUs    0m41.9s/2m0s
steady_02_datadog        [  35% ] 2 VUs    0m41.9s/2m0s
steady_03_ibm            [  35% ] 2 VUs    0m41.9s/2m0s
steady_04_intel          [  35% ] 2 VUs    0m41.9s/2m0s
steady_05_mongo          [  35% ] 2 VUs    0m41.9s/2m0s
steady_06_oracle         [  35% ] 2 VUs    0m41.9s/2m0s
steady_07_qualcomm       [  35% ] 2 VUs    0m41.9s/2m0s
steady_08_salesforce     [  35% ] 2 VUs    0m41.9s/2m0s
steady_09_sap            [  35% ] 2 VUs    0m41.9s/2m0s
steady_10_shopify        [  35% ] 2 VUs    0m41.9s/2m0s
steady_11_stripe         [  35% ] 2 VUs    0m41.9s/2m0s
steady_12_twilio         [  35% ] 2 VUs    0m41.9s/2m0s
cooldown_01_binance    • [   0% ] waiting  1m18.1s
cooldown_02_datadog    • [   0% ] waiting  1m18.1s
cooldown_03_ibm        • [   0% ] waiting  1m18.1s
cooldown_04_intel      • [   0% ] waiting  1m18.1s
cooldown_05_mongo      • [   0% ] waiting  1m18.1s
cooldown_06_oracle     • [   0% ] waiting  1m18.1s
cooldown_07_qualcomm   • [   0% ] waiting  1m18.1s
cooldown_08_salesforce • [   0% ] waiting  1m18.1s
cooldown_09_sap        • [   0% ] waiting  1m18.1s
cooldown_10_shopify    • [   0% ] waiting  1m18.1s
cooldown_11_stripe     • [   0% ] waiting  1m18.1s
cooldown_12_twilio     • [   0% ] waiting  1m18.1s

running (1m12.9s), 24/48 VUs, 1620 complete and 0 interrupted iterations
warmup_01_binance      ✓ [ 100% ] 0/2 VUs  30s
warmup_02_datadog      ✓ [ 100% ] 0/2 VUs  30s
warmup_03_ibm          ✓ [ 100% ] 0/2 VUs  30s
warmup_04_intel        ✓ [ 100% ] 0/2 VUs  30s
warmup_05_mongo        ✓ [ 100% ] 0/2 VUs  30s
warmup_06_oracle       ✓ [ 100% ] 0/2 VUs  30s
warmup_07_qualcomm     ✓ [ 100% ] 0/2 VUs  30s
warmup_08_salesforce   ✓ [ 100% ] 0/2 VUs  30s
warmup_09_sap          ✓ [ 100% ] 0/2 VUs  30s
warmup_10_shopify      ✓ [ 100% ] 0/2 VUs  30s
warmup_11_stripe       ✓ [ 100% ] 0/2 VUs  30s
warmup_12_twilio       ✓ [ 100% ] 0/2 VUs  30s
steady_01_binance        [  36% ] 2 VUs    0m42.9s/2m0s
steady_02_datadog        [  36% ] 2 VUs    0m42.9s/2m0s
steady_03_ibm            [  36% ] 2 VUs    0m42.9s/2m0s
steady_04_intel          [  36% ] 2 VUs    0m42.9s/2m0s
steady_05_mongo          [  36% ] 2 VUs    0m42.9s/2m0s
steady_06_oracle         [  36% ] 2 VUs    0m42.9s/2m0s
steady_07_qualcomm       [  36% ] 2 VUs    0m42.9s/2m0s
steady_08_salesforce     [  36% ] 2 VUs    0m42.9s/2m0s
steady_09_sap            [  36% ] 2 VUs    0m42.9s/2m0s
steady_10_shopify        [  36% ] 2 VUs    0m42.9s/2m0s
steady_11_stripe         [  36% ] 2 VUs    0m42.9s/2m0s
steady_12_twilio         [  36% ] 2 VUs    0m42.9s/2m0s
cooldown_01_binance    • [   0% ] waiting  1m17.1s
cooldown_02_datadog    • [   0% ] waiting  1m17.1s
cooldown_03_ibm        • [   0% ] waiting  1m17.1s
cooldown_04_intel      • [   0% ] waiting  1m17.1s
cooldown_05_mongo      • [   0% ] waiting  1m17.1s
cooldown_06_oracle     • [   0% ] waiting  1m17.1s
cooldown_07_qualcomm   • [   0% ] waiting  1m17.1s
cooldown_08_salesforce • [   0% ] waiting  1m17.1s
cooldown_09_sap        • [   0% ] waiting  1m17.1s
cooldown_10_shopify    • [   0% ] waiting  1m17.1s
cooldown_11_stripe     • [   0% ] waiting  1m17.1s
cooldown_12_twilio     • [   0% ] waiting  1m17.1s

running (1m13.9s), 24/48 VUs, 1660 complete and 0 interrupted iterations
warmup_01_binance      ✓ [ 100% ] 0/2 VUs  30s
warmup_02_datadog      ✓ [ 100% ] 0/2 VUs  30s
warmup_03_ibm          ✓ [ 100% ] 0/2 VUs  30s
warmup_04_intel        ✓ [ 100% ] 0/2 VUs  30s
warmup_05_mongo        ✓ [ 100% ] 0/2 VUs  30s
warmup_06_oracle       ✓ [ 100% ] 0/2 VUs  30s
warmup_07_qualcomm     ✓ [ 100% ] 0/2 VUs  30s
warmup_08_salesforce   ✓ [ 100% ] 0/2 VUs  30s
warmup_09_sap          ✓ [ 100% ] 0/2 VUs  30s
warmup_10_shopify      ✓ [ 100% ] 0/2 VUs  30s
warmup_11_stripe       ✓ [ 100% ] 0/2 VUs  30s
warmup_12_twilio       ✓ [ 100% ] 0/2 VUs  30s
steady_01_binance        [  37% ] 2 VUs    0m43.9s/2m0s
steady_02_datadog        [  37% ] 2 VUs    0m43.9s/2m0s
steady_03_ibm            [  37% ] 2 VUs    0m43.9s/2m0s
steady_04_intel          [  37% ] 2 VUs    0m43.9s/2m0s
steady_05_mongo          [  37% ] 2 VUs    0m43.9s/2m0s
steady_06_oracle         [  37% ] 2 VUs    0m43.9s/2m0s
steady_07_qualcomm       [  37% ] 2 VUs    0m43.9s/2m0s
steady_08_salesforce     [  37% ] 2 VUs    0m43.9s/2m0s
steady_09_sap            [  37% ] 2 VUs    0m43.9s/2m0s
steady_10_shopify        [  37% ] 2 VUs    0m43.9s/2m0s
steady_11_stripe         [  37% ] 2 VUs    0m43.9s/2m0s
steady_12_twilio         [  37% ] 2 VUs    0m43.9s/2m0s
cooldown_01_binance    • [   0% ] waiting  1m16.1s
cooldown_02_datadog    • [   0% ] waiting  1m16.1s
cooldown_03_ibm        • [   0% ] waiting  1m16.1s
cooldown_04_intel      • [   0% ] waiting  1m16.1s
cooldown_05_mongo      • [   0% ] waiting  1m16.1s
cooldown_06_oracle     • [   0% ] waiting  1m16.1s
cooldown_07_qualcomm   • [   0% ] waiting  1m16.1s
cooldown_08_salesforce • [   0% ] waiting  1m16.1s
cooldown_09_sap        • [   0% ] waiting  1m16.1s
cooldown_10_shopify    • [   0% ] waiting  1m16.1s
cooldown_11_stripe     • [   0% ] waiting  1m16.1s
cooldown_12_twilio     • [   0% ] waiting  1m16.1s

running (1m14.9s), 24/48 VUs, 1680 complete and 0 interrupted iterations
warmup_01_binance      ✓ [ 100% ] 0/2 VUs  30s
warmup_02_datadog      ✓ [ 100% ] 0/2 VUs  30s
warmup_03_ibm          ✓ [ 100% ] 0/2 VUs  30s
warmup_04_intel        ✓ [ 100% ] 0/2 VUs  30s
warmup_05_mongo        ✓ [ 100% ] 0/2 VUs  30s
warmup_06_oracle       ✓ [ 100% ] 0/2 VUs  30s
warmup_07_qualcomm     ✓ [ 100% ] 0/2 VUs  30s
warmup_08_salesforce   ✓ [ 100% ] 0/2 VUs  30s
warmup_09_sap          ✓ [ 100% ] 0/2 VUs  30s
warmup_10_shopify      ✓ [ 100% ] 0/2 VUs  30s
warmup_11_stripe       ✓ [ 100% ] 0/2 VUs  30s
warmup_12_twilio       ✓ [ 100% ] 0/2 VUs  30s
steady_01_binance        [  37% ] 2 VUs    0m44.9s/2m0s
steady_02_datadog        [  37% ] 2 VUs    0m44.9s/2m0s
steady_03_ibm            [  37% ] 2 VUs    0m44.9s/2m0s
steady_04_intel          [  37% ] 2 VUs    0m44.9s/2m0s
steady_05_mongo          [  37% ] 2 VUs    0m44.9s/2m0s
steady_06_oracle         [  37% ] 2 VUs    0m44.9s/2m0s
steady_07_qualcomm       [  37% ] 2 VUs    0m44.9s/2m0s
steady_08_salesforce     [  37% ] 2 VUs    0m44.9s/2m0s
steady_09_sap            [  37% ] 2 VUs    0m44.9s/2m0s
steady_10_shopify        [  37% ] 2 VUs    0m44.9s/2m0s
steady_11_stripe         [  37% ] 2 VUs    0m44.9s/2m0s
steady_12_twilio         [  37% ] 2 VUs    0m44.9s/2m0s
cooldown_01_binance    • [   0% ] waiting  1m15.1s
cooldown_02_datadog    • [   0% ] waiting  1m15.1s
cooldown_03_ibm        • [   0% ] waiting  1m15.1s
cooldown_04_intel      • [   0% ] waiting  1m15.1s
cooldown_05_mongo      • [   0% ] waiting  1m15.1s
cooldown_06_oracle     • [   0% ] waiting  1m15.1s
cooldown_07_qualcomm   • [   0% ] waiting  1m15.1s
cooldown_08_salesforce • [   0% ] waiting  1m15.1s
cooldown_09_sap        • [   0% ] waiting  1m15.1s
cooldown_10_shopify    • [   0% ] waiting  1m15.1s
cooldown_11_stripe     • [   0% ] waiting  1m15.1s
cooldown_12_twilio     • [   0% ] waiting  1m15.1s

running (1m15.9s), 24/48 VUs, 1721 complete and 0 interrupted iterations
warmup_01_binance      ✓ [ 100% ] 0/2 VUs  30s
warmup_02_datadog      ✓ [ 100% ] 0/2 VUs  30s
warmup_03_ibm          ✓ [ 100% ] 0/2 VUs  30s
warmup_04_intel        ✓ [ 100% ] 0/2 VUs  30s
warmup_05_mongo        ✓ [ 100% ] 0/2 VUs  30s
warmup_06_oracle       ✓ [ 100% ] 0/2 VUs  30s
warmup_07_qualcomm     ✓ [ 100% ] 0/2 VUs  30s
warmup_08_salesforce   ✓ [ 100% ] 0/2 VUs  30s
warmup_09_sap          ✓ [ 100% ] 0/2 VUs  30s
warmup_10_shopify      ✓ [ 100% ] 0/2 VUs  30s
warmup_11_stripe       ✓ [ 100% ] 0/2 VUs  30s
warmup_12_twilio       ✓ [ 100% ] 0/2 VUs  30s
steady_01_binance        [  38% ] 2 VUs    0m45.9s/2m0s
steady_02_datadog        [  38% ] 2 VUs    0m45.9s/2m0s
steady_03_ibm            [  38% ] 2 VUs    0m45.9s/2m0s
steady_04_intel          [  38% ] 2 VUs    0m45.9s/2m0s
steady_05_mongo          [  38% ] 2 VUs    0m45.9s/2m0s
steady_06_oracle         [  38% ] 2 VUs    0m45.9s/2m0s
steady_07_qualcomm       [  38% ] 2 VUs    0m45.9s/2m0s
steady_08_salesforce     [  38% ] 2 VUs    0m45.9s/2m0s
steady_09_sap            [  38% ] 2 VUs    0m45.9s/2m0s
steady_10_shopify        [  38% ] 2 VUs    0m45.9s/2m0s
steady_11_stripe         [  38% ] 2 VUs    0m45.9s/2m0s
steady_12_twilio         [  38% ] 2 VUs    0m45.9s/2m0s
cooldown_01_binance    • [   0% ] waiting  1m14.1s
cooldown_02_datadog    • [   0% ] waiting  1m14.1s
cooldown_03_ibm        • [   0% ] waiting  1m14.1s
cooldown_04_intel      • [   0% ] waiting  1m14.1s
cooldown_05_mongo      • [   0% ] waiting  1m14.1s
cooldown_06_oracle     • [   0% ] waiting  1m14.1s
cooldown_07_qualcomm   • [   0% ] waiting  1m14.1s
cooldown_08_salesforce • [   0% ] waiting  1m14.1s
cooldown_09_sap        • [   0% ] waiting  1m14.1s
cooldown_10_shopify    • [   0% ] waiting  1m14.1s
cooldown_11_stripe     • [   0% ] waiting  1m14.1s
cooldown_12_twilio     • [   0% ] waiting  1m14.1s

running (1m16.9s), 24/48 VUs, 1740 complete and 0 interrupted iterations
warmup_01_binance      ✓ [ 100% ] 0/2 VUs  30s
warmup_02_datadog      ✓ [ 100% ] 0/2 VUs  30s
warmup_03_ibm          ✓ [ 100% ] 0/2 VUs  30s
warmup_04_intel        ✓ [ 100% ] 0/2 VUs  30s
warmup_05_mongo        ✓ [ 100% ] 0/2 VUs  30s
warmup_06_oracle       ✓ [ 100% ] 0/2 VUs  30s
warmup_07_qualcomm     ✓ [ 100% ] 0/2 VUs  30s
warmup_08_salesforce   ✓ [ 100% ] 0/2 VUs  30s
warmup_09_sap          ✓ [ 100% ] 0/2 VUs  30s
warmup_10_shopify      ✓ [ 100% ] 0/2 VUs  30s
warmup_11_stripe       ✓ [ 100% ] 0/2 VUs  30s
warmup_12_twilio       ✓ [ 100% ] 0/2 VUs  30s
steady_01_binance        [  39% ] 2 VUs    0m46.9s/2m0s
steady_02_datadog        [  39% ] 2 VUs    0m46.9s/2m0s
steady_03_ibm            [  39% ] 2 VUs    0m46.9s/2m0s
steady_04_intel          [  39% ] 2 VUs    0m46.9s/2m0s
steady_05_mongo          [  39% ] 2 VUs    0m46.9s/2m0s
steady_06_oracle         [  39% ] 2 VUs    0m46.9s/2m0s
steady_07_qualcomm       [  39% ] 2 VUs    0m46.9s/2m0s
steady_08_salesforce     [  39% ] 2 VUs    0m46.9s/2m0s
steady_09_sap            [  39% ] 2 VUs    0m46.9s/2m0s
steady_10_shopify        [  39% ] 2 VUs    0m46.9s/2m0s
steady_11_stripe         [  39% ] 2 VUs    0m46.9s/2m0s
steady_12_twilio         [  39% ] 2 VUs    0m46.9s/2m0s
cooldown_01_binance    • [   0% ] waiting  1m13.1s
cooldown_02_datadog    • [   0% ] waiting  1m13.1s
cooldown_03_ibm        • [   0% ] waiting  1m13.1s
cooldown_04_intel      • [   0% ] waiting  1m13.1s
cooldown_05_mongo      • [   0% ] waiting  1m13.1s
cooldown_06_oracle     • [   0% ] waiting  1m13.1s
cooldown_07_qualcomm   • [   0% ] waiting  1m13.1s
cooldown_08_salesforce • [   0% ] waiting  1m13.1s
cooldown_09_sap        • [   0% ] waiting  1m13.1s
cooldown_10_shopify    • [   0% ] waiting  1m13.1s
cooldown_11_stripe     • [   0% ] waiting  1m13.1s
cooldown_12_twilio     • [   0% ] waiting  1m13.1s

running (1m17.9s), 24/48 VUs, 1780 complete and 0 interrupted iterations
warmup_01_binance      ✓ [ 100% ] 0/2 VUs  30s
warmup_02_datadog      ✓ [ 100% ] 0/2 VUs  30s
warmup_03_ibm          ✓ [ 100% ] 0/2 VUs  30s
warmup_04_intel        ✓ [ 100% ] 0/2 VUs  30s
warmup_05_mongo        ✓ [ 100% ] 0/2 VUs  30s
warmup_06_oracle       ✓ [ 100% ] 0/2 VUs  30s
warmup_07_qualcomm     ✓ [ 100% ] 0/2 VUs  30s
warmup_08_salesforce   ✓ [ 100% ] 0/2 VUs  30s
warmup_09_sap          ✓ [ 100% ] 0/2 VUs  30s
warmup_10_shopify      ✓ [ 100% ] 0/2 VUs  30s
warmup_11_stripe       ✓ [ 100% ] 0/2 VUs  30s
warmup_12_twilio       ✓ [ 100% ] 0/2 VUs  30s
steady_01_binance        [  40% ] 2 VUs    0m47.9s/2m0s
steady_02_datadog        [  40% ] 2 VUs    0m47.9s/2m0s
steady_03_ibm            [  40% ] 2 VUs    0m47.9s/2m0s
steady_04_intel          [  40% ] 2 VUs    0m47.9s/2m0s
steady_05_mongo          [  40% ] 2 VUs    0m47.9s/2m0s
steady_06_oracle         [  40% ] 2 VUs    0m47.9s/2m0s
steady_07_qualcomm       [  40% ] 2 VUs    0m47.9s/2m0s
steady_08_salesforce     [  40% ] 2 VUs    0m47.9s/2m0s
steady_09_sap            [  40% ] 2 VUs    0m47.9s/2m0s
steady_10_shopify        [  40% ] 2 VUs    0m47.9s/2m0s
steady_11_stripe         [  40% ] 2 VUs    0m47.9s/2m0s
steady_12_twilio         [  40% ] 2 VUs    0m47.9s/2m0s
cooldown_01_binance    • [   0% ] waiting  1m12.1s
cooldown_02_datadog    • [   0% ] waiting  1m12.1s
cooldown_03_ibm        • [   0% ] waiting  1m12.1s
cooldown_04_intel      • [   0% ] waiting  1m12.1s
cooldown_05_mongo      • [   0% ] waiting  1m12.1s
cooldown_06_oracle     • [   0% ] waiting  1m12.1s
cooldown_07_qualcomm   • [   0% ] waiting  1m12.1s
cooldown_08_salesforce • [   0% ] waiting  1m12.1s
cooldown_09_sap        • [   0% ] waiting  1m12.1s
cooldown_10_shopify    • [   0% ] waiting  1m12.1s
cooldown_11_stripe     • [   0% ] waiting  1m12.1s
cooldown_12_twilio     • [   0% ] waiting  1m12.1s

running (1m18.9s), 24/48 VUs, 1807 complete and 0 interrupted iterations
warmup_01_binance      ✓ [ 100% ] 0/2 VUs  30s
warmup_02_datadog      ✓ [ 100% ] 0/2 VUs  30s
warmup_03_ibm          ✓ [ 100% ] 0/2 VUs  30s
warmup_04_intel        ✓ [ 100% ] 0/2 VUs  30s
warmup_05_mongo        ✓ [ 100% ] 0/2 VUs  30s
warmup_06_oracle       ✓ [ 100% ] 0/2 VUs  30s
warmup_07_qualcomm     ✓ [ 100% ] 0/2 VUs  30s
warmup_08_salesforce   ✓ [ 100% ] 0/2 VUs  30s
warmup_09_sap          ✓ [ 100% ] 0/2 VUs  30s
warmup_10_shopify      ✓ [ 100% ] 0/2 VUs  30s
warmup_11_stripe       ✓ [ 100% ] 0/2 VUs  30s
warmup_12_twilio       ✓ [ 100% ] 0/2 VUs  30s
steady_01_binance        [  41% ] 2 VUs    0m48.9s/2m0s
steady_02_datadog        [  41% ] 2 VUs    0m48.9s/2m0s
steady_03_ibm            [  41% ] 2 VUs    0m48.9s/2m0s
steady_04_intel          [  41% ] 2 VUs    0m48.9s/2m0s
steady_05_mongo          [  41% ] 2 VUs    0m48.9s/2m0s
steady_06_oracle         [  41% ] 2 VUs    0m48.9s/2m0s
steady_07_qualcomm       [  41% ] 2 VUs    0m48.9s/2m0s
steady_08_salesforce     [  41% ] 2 VUs    0m48.9s/2m0s
steady_09_sap            [  41% ] 2 VUs    0m48.9s/2m0s
steady_10_shopify        [  41% ] 2 VUs    0m48.9s/2m0s
steady_11_stripe         [  41% ] 2 VUs    0m48.9s/2m0s
steady_12_twilio         [  41% ] 2 VUs    0m48.9s/2m0s
cooldown_01_binance    • [   0% ] waiting  1m11.1s
cooldown_02_datadog    • [   0% ] waiting  1m11.1s
cooldown_03_ibm        • [   0% ] waiting  1m11.1s
cooldown_04_intel      • [   0% ] waiting  1m11.1s
cooldown_05_mongo      • [   0% ] waiting  1m11.1s
cooldown_06_oracle     • [   0% ] waiting  1m11.1s
cooldown_07_qualcomm   • [   0% ] waiting  1m11.1s
cooldown_08_salesforce • [   0% ] waiting  1m11.1s
cooldown_09_sap        • [   0% ] waiting  1m11.1s
cooldown_10_shopify    • [   0% ] waiting  1m11.1s
cooldown_11_stripe     • [   0% ] waiting  1m11.1s
cooldown_12_twilio     • [   0% ] waiting  1m11.1s

running (1m19.9s), 24/48 VUs, 1839 complete and 0 interrupted iterations
warmup_01_binance      ✓ [ 100% ] 0/2 VUs  30s
warmup_02_datadog      ✓ [ 100% ] 0/2 VUs  30s
warmup_03_ibm          ✓ [ 100% ] 0/2 VUs  30s
warmup_04_intel        ✓ [ 100% ] 0/2 VUs  30s
warmup_05_mongo        ✓ [ 100% ] 0/2 VUs  30s
warmup_06_oracle       ✓ [ 100% ] 0/2 VUs  30s
warmup_07_qualcomm     ✓ [ 100% ] 0/2 VUs  30s
warmup_08_salesforce   ✓ [ 100% ] 0/2 VUs  30s
warmup_09_sap          ✓ [ 100% ] 0/2 VUs  30s
warmup_10_shopify      ✓ [ 100% ] 0/2 VUs  30s
warmup_11_stripe       ✓ [ 100% ] 0/2 VUs  30s
warmup_12_twilio       ✓ [ 100% ] 0/2 VUs  30s
steady_01_binance        [  42% ] 2 VUs    0m49.9s/2m0s
steady_02_datadog        [  42% ] 2 VUs    0m49.9s/2m0s
steady_03_ibm            [  42% ] 2 VUs    0m49.9s/2m0s
steady_04_intel          [  42% ] 2 VUs    0m49.9s/2m0s
steady_05_mongo          [  42% ] 2 VUs    0m49.9s/2m0s
steady_06_oracle         [  42% ] 2 VUs    0m49.9s/2m0s
steady_07_qualcomm       [  42% ] 2 VUs    0m49.9s/2m0s
steady_08_salesforce     [  42% ] 2 VUs    0m49.9s/2m0s
steady_09_sap            [  42% ] 2 VUs    0m49.9s/2m0s
steady_10_shopify        [  42% ] 2 VUs    0m49.9s/2m0s
steady_11_stripe         [  42% ] 2 VUs    0m49.9s/2m0s
steady_12_twilio         [  42% ] 2 VUs    0m49.9s/2m0s
cooldown_01_binance    • [   0% ] waiting  1m10.1s
cooldown_02_datadog    • [   0% ] waiting  1m10.1s
cooldown_03_ibm        • [   0% ] waiting  1m10.1s
cooldown_04_intel      • [   0% ] waiting  1m10.1s
cooldown_05_mongo      • [   0% ] waiting  1m10.1s
cooldown_06_oracle     • [   0% ] waiting  1m10.1s
cooldown_07_qualcomm   • [   0% ] waiting  1m10.1s
cooldown_08_salesforce • [   0% ] waiting  1m10.1s
cooldown_09_sap        • [   0% ] waiting  1m10.1s
cooldown_10_shopify    • [   0% ] waiting  1m10.1s
cooldown_11_stripe     • [   0% ] waiting  1m10.1s
cooldown_12_twilio     • [   0% ] waiting  1m10.1s

running (1m20.9s), 24/48 VUs, 1873 complete and 0 interrupted iterations
warmup_01_binance      ✓ [ 100% ] 0/2 VUs  30s
warmup_02_datadog      ✓ [ 100% ] 0/2 VUs  30s
warmup_03_ibm          ✓ [ 100% ] 0/2 VUs  30s
warmup_04_intel        ✓ [ 100% ] 0/2 VUs  30s
warmup_05_mongo        ✓ [ 100% ] 0/2 VUs  30s
warmup_06_oracle       ✓ [ 100% ] 0/2 VUs  30s
warmup_07_qualcomm     ✓ [ 100% ] 0/2 VUs  30s
warmup_08_salesforce   ✓ [ 100% ] 0/2 VUs  30s
warmup_09_sap          ✓ [ 100% ] 0/2 VUs  30s
warmup_10_shopify      ✓ [ 100% ] 0/2 VUs  30s
warmup_11_stripe       ✓ [ 100% ] 0/2 VUs  30s
warmup_12_twilio       ✓ [ 100% ] 0/2 VUs  30s
steady_01_binance        [  42% ] 2 VUs    0m50.9s/2m0s
steady_02_datadog        [  42% ] 2 VUs    0m50.9s/2m0s
steady_03_ibm            [  42% ] 2 VUs    0m50.9s/2m0s
steady_04_intel          [  42% ] 2 VUs    0m50.9s/2m0s
steady_05_mongo          [  42% ] 2 VUs    0m50.9s/2m0s
steady_06_oracle         [  42% ] 2 VUs    0m50.9s/2m0s
steady_07_qualcomm       [  42% ] 2 VUs    0m50.9s/2m0s
steady_08_salesforce     [  42% ] 2 VUs    0m50.9s/2m0s
steady_09_sap            [  42% ] 2 VUs    0m50.9s/2m0s
steady_10_shopify        [  42% ] 2 VUs    0m50.9s/2m0s
steady_11_stripe         [  42% ] 2 VUs    0m50.9s/2m0s
steady_12_twilio         [  42% ] 2 VUs    0m50.9s/2m0s
cooldown_01_binance    • [   0% ] waiting  1m09.1s
cooldown_02_datadog    • [   0% ] waiting  1m09.1s
cooldown_03_ibm        • [   0% ] waiting  1m09.1s
cooldown_04_intel      • [   0% ] waiting  1m09.1s
cooldown_05_mongo      • [   0% ] waiting  1m09.1s
cooldown_06_oracle     • [   0% ] waiting  1m09.1s
cooldown_07_qualcomm   • [   0% ] waiting  1m09.1s
cooldown_08_salesforce • [   0% ] waiting  1m09.1s
cooldown_09_sap        • [   0% ] waiting  1m09.1s
cooldown_10_shopify    • [   0% ] waiting  1m09.1s
cooldown_11_stripe     • [   0% ] waiting  1m09.1s
cooldown_12_twilio     • [   0% ] waiting  1m09.1s

running (1m21.9s), 24/48 VUs, 1897 complete and 0 interrupted iterations
warmup_01_binance      ✓ [ 100% ] 0/2 VUs  30s
warmup_02_datadog      ✓ [ 100% ] 0/2 VUs  30s
warmup_03_ibm          ✓ [ 100% ] 0/2 VUs  30s
warmup_04_intel        ✓ [ 100% ] 0/2 VUs  30s
warmup_05_mongo        ✓ [ 100% ] 0/2 VUs  30s
warmup_06_oracle       ✓ [ 100% ] 0/2 VUs  30s
warmup_07_qualcomm     ✓ [ 100% ] 0/2 VUs  30s
warmup_08_salesforce   ✓ [ 100% ] 0/2 VUs  30s
warmup_09_sap          ✓ [ 100% ] 0/2 VUs  30s
warmup_10_shopify      ✓ [ 100% ] 0/2 VUs  30s
warmup_11_stripe       ✓ [ 100% ] 0/2 VUs  30s
warmup_12_twilio       ✓ [ 100% ] 0/2 VUs  30s
steady_01_binance        [  43% ] 2 VUs    0m51.9s/2m0s
steady_02_datadog        [  43% ] 2 VUs    0m51.9s/2m0s
steady_03_ibm            [  43% ] 2 VUs    0m51.9s/2m0s
steady_04_intel          [  43% ] 2 VUs    0m51.9s/2m0s
steady_05_mongo          [  43% ] 2 VUs    0m51.9s/2m0s
steady_06_oracle         [  43% ] 2 VUs    0m51.9s/2m0s
steady_07_qualcomm       [  43% ] 2 VUs    0m51.9s/2m0s
steady_08_salesforce     [  43% ] 2 VUs    0m51.9s/2m0s
steady_09_sap            [  43% ] 2 VUs    0m51.9s/2m0s
steady_10_shopify        [  43% ] 2 VUs    0m51.9s/2m0s
steady_11_stripe         [  43% ] 2 VUs    0m51.9s/2m0s
steady_12_twilio         [  43% ] 2 VUs    0m51.9s/2m0s
cooldown_01_binance    • [   0% ] waiting  1m08.1s
cooldown_02_datadog    • [   0% ] waiting  1m08.1s
cooldown_03_ibm        • [   0% ] waiting  1m08.1s
cooldown_04_intel      • [   0% ] waiting  1m08.1s
cooldown_05_mongo      • [   0% ] waiting  1m08.1s
cooldown_06_oracle     • [   0% ] waiting  1m08.1s
cooldown_07_qualcomm   • [   0% ] waiting  1m08.1s
cooldown_08_salesforce • [   0% ] waiting  1m08.1s
cooldown_09_sap        • [   0% ] waiting  1m08.1s
cooldown_10_shopify    • [   0% ] waiting  1m08.1s
cooldown_11_stripe     • [   0% ] waiting  1m08.1s
cooldown_12_twilio     • [   0% ] waiting  1m08.1s

running (1m22.9s), 24/48 VUs, 1935 complete and 0 interrupted iterations
warmup_01_binance      ✓ [ 100% ] 0/2 VUs  30s
warmup_02_datadog      ✓ [ 100% ] 0/2 VUs  30s
warmup_03_ibm          ✓ [ 100% ] 0/2 VUs  30s
warmup_04_intel        ✓ [ 100% ] 0/2 VUs  30s
warmup_05_mongo        ✓ [ 100% ] 0/2 VUs  30s
warmup_06_oracle       ✓ [ 100% ] 0/2 VUs  30s
warmup_07_qualcomm     ✓ [ 100% ] 0/2 VUs  30s
warmup_08_salesforce   ✓ [ 100% ] 0/2 VUs  30s
warmup_09_sap          ✓ [ 100% ] 0/2 VUs  30s
warmup_10_shopify      ✓ [ 100% ] 0/2 VUs  30s
warmup_11_stripe       ✓ [ 100% ] 0/2 VUs  30s
warmup_12_twilio       ✓ [ 100% ] 0/2 VUs  30s
steady_01_binance        [  44% ] 2 VUs    0m52.9s/2m0s
steady_02_datadog        [  44% ] 2 VUs    0m52.9s/2m0s
steady_03_ibm            [  44% ] 2 VUs    0m52.9s/2m0s
steady_04_intel          [  44% ] 2 VUs    0m52.9s/2m0s
steady_05_mongo          [  44% ] 2 VUs    0m52.9s/2m0s
steady_06_oracle         [  44% ] 2 VUs    0m52.9s/2m0s
steady_07_qualcomm       [  44% ] 2 VUs    0m52.9s/2m0s
steady_08_salesforce     [  44% ] 2 VUs    0m52.9s/2m0s
steady_09_sap            [  44% ] 2 VUs    0m52.9s/2m0s
steady_10_shopify        [  44% ] 2 VUs    0m52.9s/2m0s
steady_11_stripe         [  44% ] 2 VUs    0m52.9s/2m0s
steady_12_twilio         [  44% ] 2 VUs    0m52.9s/2m0s
cooldown_01_binance    • [   0% ] waiting  1m07.1s
cooldown_02_datadog    • [   0% ] waiting  1m07.1s
cooldown_03_ibm        • [   0% ] waiting  1m07.1s
cooldown_04_intel      • [   0% ] waiting  1m07.1s
cooldown_05_mongo      • [   0% ] waiting  1m07.1s
cooldown_06_oracle     • [   0% ] waiting  1m07.1s
cooldown_07_qualcomm   • [   0% ] waiting  1m07.1s
cooldown_08_salesforce • [   0% ] waiting  1m07.1s
cooldown_09_sap        • [   0% ] waiting  1m07.1s
cooldown_10_shopify    • [   0% ] waiting  1m07.1s
cooldown_11_stripe     • [   0% ] waiting  1m07.1s
cooldown_12_twilio     • [   0% ] waiting  1m07.1s

running (1m23.9s), 24/48 VUs, 1960 complete and 0 interrupted iterations
warmup_01_binance      ✓ [ 100% ] 0/2 VUs  30s
warmup_02_datadog      ✓ [ 100% ] 0/2 VUs  30s
warmup_03_ibm          ✓ [ 100% ] 0/2 VUs  30s
warmup_04_intel        ✓ [ 100% ] 0/2 VUs  30s
warmup_05_mongo        ✓ [ 100% ] 0/2 VUs  30s
warmup_06_oracle       ✓ [ 100% ] 0/2 VUs  30s
warmup_07_qualcomm     ✓ [ 100% ] 0/2 VUs  30s
warmup_08_salesforce   ✓ [ 100% ] 0/2 VUs  30s
warmup_09_sap          ✓ [ 100% ] 0/2 VUs  30s
warmup_10_shopify      ✓ [ 100% ] 0/2 VUs  30s
warmup_11_stripe       ✓ [ 100% ] 0/2 VUs  30s
warmup_12_twilio       ✓ [ 100% ] 0/2 VUs  30s
steady_01_binance        [  45% ] 2 VUs    0m53.9s/2m0s
steady_02_datadog        [  45% ] 2 VUs    0m53.9s/2m0s
steady_03_ibm            [  45% ] 2 VUs    0m53.9s/2m0s
steady_04_intel          [  45% ] 2 VUs    0m53.9s/2m0s
steady_05_mongo          [  45% ] 2 VUs    0m53.9s/2m0s
steady_06_oracle         [  45% ] 2 VUs    0m53.9s/2m0s
steady_07_qualcomm       [  45% ] 2 VUs    0m53.9s/2m0s
steady_08_salesforce     [  45% ] 2 VUs    0m53.9s/2m0s
steady_09_sap            [  45% ] 2 VUs    0m53.9s/2m0s
steady_10_shopify        [  45% ] 2 VUs    0m53.9s/2m0s
steady_11_stripe         [  45% ] 2 VUs    0m53.9s/2m0s
steady_12_twilio         [  45% ] 2 VUs    0m53.9s/2m0s
cooldown_01_binance    • [   0% ] waiting  1m06.1s
cooldown_02_datadog    • [   0% ] waiting  1m06.1s
cooldown_03_ibm        • [   0% ] waiting  1m06.1s
cooldown_04_intel      • [   0% ] waiting  1m06.1s
cooldown_05_mongo      • [   0% ] waiting  1m06.1s
cooldown_06_oracle     • [   0% ] waiting  1m06.1s
cooldown_07_qualcomm   • [   0% ] waiting  1m06.1s
cooldown_08_salesforce • [   0% ] waiting  1m06.1s
cooldown_09_sap        • [   0% ] waiting  1m06.1s
cooldown_10_shopify    • [   0% ] waiting  1m06.1s
cooldown_11_stripe     • [   0% ] waiting  1m06.1s
cooldown_12_twilio     • [   0% ] waiting  1m06.1s

running (1m24.9s), 24/48 VUs, 1996 complete and 0 interrupted iterations
warmup_01_binance      ✓ [ 100% ] 0/2 VUs  30s
warmup_02_datadog      ✓ [ 100% ] 0/2 VUs  30s
warmup_03_ibm          ✓ [ 100% ] 0/2 VUs  30s
warmup_04_intel        ✓ [ 100% ] 0/2 VUs  30s
warmup_05_mongo        ✓ [ 100% ] 0/2 VUs  30s
warmup_06_oracle       ✓ [ 100% ] 0/2 VUs  30s
warmup_07_qualcomm     ✓ [ 100% ] 0/2 VUs  30s
warmup_08_salesforce   ✓ [ 100% ] 0/2 VUs  30s
warmup_09_sap          ✓ [ 100% ] 0/2 VUs  30s
warmup_10_shopify      ✓ [ 100% ] 0/2 VUs  30s
warmup_11_stripe       ✓ [ 100% ] 0/2 VUs  30s
warmup_12_twilio       ✓ [ 100% ] 0/2 VUs  30s
steady_01_binance        [  46% ] 2 VUs    0m54.9s/2m0s
steady_02_datadog        [  46% ] 2 VUs    0m54.9s/2m0s
steady_03_ibm            [  46% ] 2 VUs    0m54.9s/2m0s
steady_04_intel          [  46% ] 2 VUs    0m54.9s/2m0s
steady_05_mongo          [  46% ] 2 VUs    0m54.9s/2m0s
steady_06_oracle         [  46% ] 2 VUs    0m54.9s/2m0s
steady_07_qualcomm       [  46% ] 2 VUs    0m54.9s/2m0s
steady_08_salesforce     [  46% ] 2 VUs    0m54.9s/2m0s
steady_09_sap            [  46% ] 2 VUs    0m54.9s/2m0s
steady_10_shopify        [  46% ] 2 VUs    0m54.9s/2m0s
steady_11_stripe         [  46% ] 2 VUs    0m54.9s/2m0s
steady_12_twilio         [  46% ] 2 VUs    0m54.9s/2m0s
cooldown_01_binance    • [   0% ] waiting  1m05.1s
cooldown_02_datadog    • [   0% ] waiting  1m05.1s
cooldown_03_ibm        • [   0% ] waiting  1m05.1s
cooldown_04_intel      • [   0% ] waiting  1m05.1s
cooldown_05_mongo      • [   0% ] waiting  1m05.1s
cooldown_06_oracle     • [   0% ] waiting  1m05.1s
cooldown_07_qualcomm   • [   0% ] waiting  1m05.1s
cooldown_08_salesforce • [   0% ] waiting  1m05.1s
cooldown_09_sap        • [   0% ] waiting  1m05.1s
cooldown_10_shopify    • [   0% ] waiting  1m05.1s
cooldown_11_stripe     • [   0% ] waiting  1m05.1s
cooldown_12_twilio     • [   0% ] waiting  1m05.1s

running (1m25.9s), 24/48 VUs, 2020 complete and 0 interrupted iterations
warmup_01_binance      ✓ [ 100% ] 0/2 VUs  30s
warmup_02_datadog      ✓ [ 100% ] 0/2 VUs  30s
warmup_03_ibm          ✓ [ 100% ] 0/2 VUs  30s
warmup_04_intel        ✓ [ 100% ] 0/2 VUs  30s
warmup_05_mongo        ✓ [ 100% ] 0/2 VUs  30s
warmup_06_oracle       ✓ [ 100% ] 0/2 VUs  30s
warmup_07_qualcomm     ✓ [ 100% ] 0/2 VUs  30s
warmup_08_salesforce   ✓ [ 100% ] 0/2 VUs  30s
warmup_09_sap          ✓ [ 100% ] 0/2 VUs  30s
warmup_10_shopify      ✓ [ 100% ] 0/2 VUs  30s
warmup_11_stripe       ✓ [ 100% ] 0/2 VUs  30s
warmup_12_twilio       ✓ [ 100% ] 0/2 VUs  30s
steady_01_binance        [  47% ] 2 VUs    0m55.9s/2m0s
steady_02_datadog        [  47% ] 2 VUs    0m55.9s/2m0s
steady_03_ibm            [  47% ] 2 VUs    0m55.9s/2m0s
steady_04_intel          [  47% ] 2 VUs    0m55.9s/2m0s
steady_05_mongo          [  47% ] 2 VUs    0m55.9s/2m0s
steady_06_oracle         [  47% ] 2 VUs    0m55.9s/2m0s
steady_07_qualcomm       [  47% ] 2 VUs    0m55.9s/2m0s
steady_08_salesforce     [  47% ] 2 VUs    0m55.9s/2m0s
steady_09_sap            [  47% ] 2 VUs    0m55.9s/2m0s
steady_10_shopify        [  47% ] 2 VUs    0m55.9s/2m0s
steady_11_stripe         [  47% ] 2 VUs    0m55.9s/2m0s
steady_12_twilio         [  47% ] 2 VUs    0m55.9s/2m0s
cooldown_01_binance    • [   0% ] waiting  1m04.1s
cooldown_02_datadog    • [   0% ] waiting  1m04.1s
cooldown_03_ibm        • [   0% ] waiting  1m04.1s
cooldown_04_intel      • [   0% ] waiting  1m04.1s
cooldown_05_mongo      • [   0% ] waiting  1m04.1s
cooldown_06_oracle     • [   0% ] waiting  1m04.1s
cooldown_07_qualcomm   • [   0% ] waiting  1m04.1s
cooldown_08_salesforce • [   0% ] waiting  1m04.1s
cooldown_09_sap        • [   0% ] waiting  1m04.1s
cooldown_10_shopify    • [   0% ] waiting  1m04.1s
cooldown_11_stripe     • [   0% ] waiting  1m04.1s
cooldown_12_twilio     • [   0% ] waiting  1m04.1s

running (1m26.9s), 24/48 VUs, 2056 complete and 0 interrupted iterations
warmup_01_binance      ✓ [ 100% ] 0/2 VUs  30s
warmup_02_datadog      ✓ [ 100% ] 0/2 VUs  30s
warmup_03_ibm          ✓ [ 100% ] 0/2 VUs  30s
warmup_04_intel        ✓ [ 100% ] 0/2 VUs  30s
warmup_05_mongo        ✓ [ 100% ] 0/2 VUs  30s
warmup_06_oracle       ✓ [ 100% ] 0/2 VUs  30s
warmup_07_qualcomm     ✓ [ 100% ] 0/2 VUs  30s
warmup_08_salesforce   ✓ [ 100% ] 0/2 VUs  30s
warmup_09_sap          ✓ [ 100% ] 0/2 VUs  30s
warmup_10_shopify      ✓ [ 100% ] 0/2 VUs  30s
warmup_11_stripe       ✓ [ 100% ] 0/2 VUs  30s
warmup_12_twilio       ✓ [ 100% ] 0/2 VUs  30s
steady_01_binance        [  47% ] 2 VUs    0m56.9s/2m0s
steady_02_datadog        [  47% ] 2 VUs    0m56.9s/2m0s
steady_03_ibm            [  47% ] 2 VUs    0m56.9s/2m0s
steady_04_intel          [  47% ] 2 VUs    0m56.9s/2m0s
steady_05_mongo          [  47% ] 2 VUs    0m56.9s/2m0s
steady_06_oracle         [  47% ] 2 VUs    0m56.9s/2m0s
steady_07_qualcomm       [  47% ] 2 VUs    0m56.9s/2m0s
steady_08_salesforce     [  47% ] 2 VUs    0m56.9s/2m0s
steady_09_sap            [  47% ] 2 VUs    0m56.9s/2m0s
steady_10_shopify        [  47% ] 2 VUs    0m56.9s/2m0s
steady_11_stripe         [  47% ] 2 VUs    0m56.9s/2m0s
steady_12_twilio         [  47% ] 2 VUs    0m56.9s/2m0s
cooldown_01_binance    • [   0% ] waiting  1m03.1s
cooldown_02_datadog    • [   0% ] waiting  1m03.1s
cooldown_03_ibm        • [   0% ] waiting  1m03.1s
cooldown_04_intel      • [   0% ] waiting  1m03.1s
cooldown_05_mongo      • [   0% ] waiting  1m03.1s
cooldown_06_oracle     • [   0% ] waiting  1m03.1s
cooldown_07_qualcomm   • [   0% ] waiting  1m03.1s
cooldown_08_salesforce • [   0% ] waiting  1m03.1s
cooldown_09_sap        • [   0% ] waiting  1m03.1s
cooldown_10_shopify    • [   0% ] waiting  1m03.1s
cooldown_11_stripe     • [   0% ] waiting  1m03.1s
cooldown_12_twilio     • [   0% ] waiting  1m03.1s

running (1m27.9s), 24/48 VUs, 2098 complete and 0 interrupted iterations
warmup_01_binance      ✓ [ 100% ] 0/2 VUs  30s
warmup_02_datadog      ✓ [ 100% ] 0/2 VUs  30s
warmup_03_ibm          ✓ [ 100% ] 0/2 VUs  30s
warmup_04_intel        ✓ [ 100% ] 0/2 VUs  30s
warmup_05_mongo        ✓ [ 100% ] 0/2 VUs  30s
warmup_06_oracle       ✓ [ 100% ] 0/2 VUs  30s
warmup_07_qualcomm     ✓ [ 100% ] 0/2 VUs  30s
warmup_08_salesforce   ✓ [ 100% ] 0/2 VUs  30s
warmup_09_sap          ✓ [ 100% ] 0/2 VUs  30s
warmup_10_shopify      ✓ [ 100% ] 0/2 VUs  30s
warmup_11_stripe       ✓ [ 100% ] 0/2 VUs  30s
warmup_12_twilio       ✓ [ 100% ] 0/2 VUs  30s
steady_01_binance        [  48% ] 2 VUs    0m57.9s/2m0s
steady_02_datadog        [  48% ] 2 VUs    0m57.9s/2m0s
steady_03_ibm            [  48% ] 2 VUs    0m57.9s/2m0s
steady_04_intel          [  48% ] 2 VUs    0m57.9s/2m0s
steady_05_mongo          [  48% ] 2 VUs    0m57.9s/2m0s
steady_06_oracle         [  48% ] 2 VUs    0m57.9s/2m0s
steady_07_qualcomm       [  48% ] 2 VUs    0m57.9s/2m0s
steady_08_salesforce     [  48% ] 2 VUs    0m57.9s/2m0s
steady_09_sap            [  48% ] 2 VUs    0m57.9s/2m0s
steady_10_shopify        [  48% ] 2 VUs    0m57.9s/2m0s
steady_11_stripe         [  48% ] 2 VUs    0m57.9s/2m0s
steady_12_twilio         [  48% ] 2 VUs    0m57.9s/2m0s
cooldown_01_binance    • [   0% ] waiting  1m02.1s
cooldown_02_datadog    • [   0% ] waiting  1m02.1s
cooldown_03_ibm        • [   0% ] waiting  1m02.1s
cooldown_04_intel      • [   0% ] waiting  1m02.1s
cooldown_05_mongo      • [   0% ] waiting  1m02.1s
cooldown_06_oracle     • [   0% ] waiting  1m02.1s
cooldown_07_qualcomm   • [   0% ] waiting  1m02.1s
cooldown_08_salesforce • [   0% ] waiting  1m02.1s
cooldown_09_sap        • [   0% ] waiting  1m02.1s
cooldown_10_shopify    • [   0% ] waiting  1m02.1s
cooldown_11_stripe     • [   0% ] waiting  1m02.1s
cooldown_12_twilio     • [   0% ] waiting  1m02.1s

running (1m28.9s), 24/48 VUs, 2118 complete and 0 interrupted iterations
warmup_01_binance      ✓ [ 100% ] 0/2 VUs  30s
warmup_02_datadog      ✓ [ 100% ] 0/2 VUs  30s
warmup_03_ibm          ✓ [ 100% ] 0/2 VUs  30s
warmup_04_intel        ✓ [ 100% ] 0/2 VUs  30s
warmup_05_mongo        ✓ [ 100% ] 0/2 VUs  30s
warmup_06_oracle       ✓ [ 100% ] 0/2 VUs  30s
warmup_07_qualcomm     ✓ [ 100% ] 0/2 VUs  30s
warmup_08_salesforce   ✓ [ 100% ] 0/2 VUs  30s
warmup_09_sap          ✓ [ 100% ] 0/2 VUs  30s
warmup_10_shopify      ✓ [ 100% ] 0/2 VUs  30s
warmup_11_stripe       ✓ [ 100% ] 0/2 VUs  30s
warmup_12_twilio       ✓ [ 100% ] 0/2 VUs  30s
steady_01_binance        [  49% ] 2 VUs    0m58.9s/2m0s
steady_02_datadog        [  49% ] 2 VUs    0m58.9s/2m0s
steady_03_ibm            [  49% ] 2 VUs    0m58.9s/2m0s
steady_04_intel          [  49% ] 2 VUs    0m58.9s/2m0s
steady_05_mongo          [  49% ] 2 VUs    0m58.9s/2m0s
steady_06_oracle         [  49% ] 2 VUs    0m58.9s/2m0s
steady_07_qualcomm       [  49% ] 2 VUs    0m58.9s/2m0s
steady_08_salesforce     [  49% ] 2 VUs    0m58.9s/2m0s
steady_09_sap            [  49% ] 2 VUs    0m58.9s/2m0s
steady_10_shopify        [  49% ] 2 VUs    0m58.9s/2m0s
steady_11_stripe         [  49% ] 2 VUs    0m58.9s/2m0s
steady_12_twilio         [  49% ] 2 VUs    0m58.9s/2m0s
cooldown_01_binance    • [   0% ] waiting  1m01.1s
cooldown_02_datadog    • [   0% ] waiting  1m01.1s
cooldown_03_ibm        • [   0% ] waiting  1m01.1s
cooldown_04_intel      • [   0% ] waiting  1m01.1s
cooldown_05_mongo      • [   0% ] waiting  1m01.1s
cooldown_06_oracle     • [   0% ] waiting  1m01.1s
cooldown_07_qualcomm   • [   0% ] waiting  1m01.1s
cooldown_08_salesforce • [   0% ] waiting  1m01.1s
cooldown_09_sap        • [   0% ] waiting  1m01.1s
cooldown_10_shopify    • [   0% ] waiting  1m01.1s
cooldown_11_stripe     • [   0% ] waiting  1m01.1s
cooldown_12_twilio     • [   0% ] waiting  1m01.1s

running (1m29.9s), 24/48 VUs, 2160 complete and 0 interrupted iterations
warmup_01_binance      ✓ [ 100% ] 0/2 VUs  30s
warmup_02_datadog      ✓ [ 100% ] 0/2 VUs  30s
warmup_03_ibm          ✓ [ 100% ] 0/2 VUs  30s
warmup_04_intel        ✓ [ 100% ] 0/2 VUs  30s
warmup_05_mongo        ✓ [ 100% ] 0/2 VUs  30s
warmup_06_oracle       ✓ [ 100% ] 0/2 VUs  30s
warmup_07_qualcomm     ✓ [ 100% ] 0/2 VUs  30s
warmup_08_salesforce   ✓ [ 100% ] 0/2 VUs  30s
warmup_09_sap          ✓ [ 100% ] 0/2 VUs  30s
warmup_10_shopify      ✓ [ 100% ] 0/2 VUs  30s
warmup_11_stripe       ✓ [ 100% ] 0/2 VUs  30s
warmup_12_twilio       ✓ [ 100% ] 0/2 VUs  30s
steady_01_binance        [  50% ] 2 VUs    0m59.9s/2m0s
steady_02_datadog        [  50% ] 2 VUs    0m59.9s/2m0s
steady_03_ibm            [  50% ] 2 VUs    0m59.9s/2m0s
steady_04_intel          [  50% ] 2 VUs    0m59.9s/2m0s
steady_05_mongo          [  50% ] 2 VUs    0m59.9s/2m0s
steady_06_oracle         [  50% ] 2 VUs    0m59.9s/2m0s
steady_07_qualcomm       [  50% ] 2 VUs    0m59.9s/2m0s
steady_08_salesforce     [  50% ] 2 VUs    0m59.9s/2m0s
steady_09_sap            [  50% ] 2 VUs    0m59.9s/2m0s
steady_10_shopify        [  50% ] 2 VUs    0m59.9s/2m0s
steady_11_stripe         [  50% ] 2 VUs    0m59.9s/2m0s
steady_12_twilio         [  50% ] 2 VUs    0m59.9s/2m0s
cooldown_01_binance    • [   0% ] waiting  1m00.1s
cooldown_02_datadog    • [   0% ] waiting  1m00.1s
cooldown_03_ibm        • [   0% ] waiting  1m00.1s
cooldown_04_intel      • [   0% ] waiting  1m00.1s
cooldown_05_mongo      • [   0% ] waiting  1m00.1s
cooldown_06_oracle     • [   0% ] waiting  1m00.1s
cooldown_07_qualcomm   • [   0% ] waiting  1m00.1s
cooldown_08_salesforce • [   0% ] waiting  1m00.1s
cooldown_09_sap        • [   0% ] waiting  1m00.1s
cooldown_10_shopify    • [   0% ] waiting  1m00.1s
cooldown_11_stripe     • [   0% ] waiting  1m00.1s
cooldown_12_twilio     • [   0% ] waiting  1m00.1s

running (1m30.9s), 24/48 VUs, 2180 complete and 0 interrupted iterations
warmup_01_binance      ✓ [ 100% ] 0/2 VUs  30s
warmup_02_datadog      ✓ [ 100% ] 0/2 VUs  30s
warmup_03_ibm          ✓ [ 100% ] 0/2 VUs  30s
warmup_04_intel        ✓ [ 100% ] 0/2 VUs  30s
warmup_05_mongo        ✓ [ 100% ] 0/2 VUs  30s
warmup_06_oracle       ✓ [ 100% ] 0/2 VUs  30s
warmup_07_qualcomm     ✓ [ 100% ] 0/2 VUs  30s
warmup_08_salesforce   ✓ [ 100% ] 0/2 VUs  30s
warmup_09_sap          ✓ [ 100% ] 0/2 VUs  30s
warmup_10_shopify      ✓ [ 100% ] 0/2 VUs  30s
warmup_11_stripe       ✓ [ 100% ] 0/2 VUs  30s
warmup_12_twilio       ✓ [ 100% ] 0/2 VUs  30s
steady_01_binance        [  51% ] 2 VUs    1m00.9s/2m0s
steady_02_datadog        [  51% ] 2 VUs    1m00.9s/2m0s
steady_03_ibm            [  51% ] 2 VUs    1m00.9s/2m0s
steady_04_intel          [  51% ] 2 VUs    1m00.9s/2m0s
steady_05_mongo          [  51% ] 2 VUs    1m00.9s/2m0s
steady_06_oracle         [  51% ] 2 VUs    1m00.9s/2m0s
steady_07_qualcomm       [  51% ] 2 VUs    1m00.9s/2m0s
steady_08_salesforce     [  51% ] 2 VUs    1m00.9s/2m0s
steady_09_sap            [  51% ] 2 VUs    1m00.9s/2m0s
steady_10_shopify        [  51% ] 2 VUs    1m00.9s/2m0s
steady_11_stripe         [  51% ] 2 VUs    1m00.9s/2m0s
steady_12_twilio         [  51% ] 2 VUs    1m00.9s/2m0s
cooldown_01_binance    • [   0% ] waiting  0m59.1s
cooldown_02_datadog    • [   0% ] waiting  0m59.1s
cooldown_03_ibm        • [   0% ] waiting  0m59.1s
cooldown_04_intel      • [   0% ] waiting  0m59.1s
cooldown_05_mongo      • [   0% ] waiting  0m59.1s
cooldown_06_oracle     • [   0% ] waiting  0m59.1s
cooldown_07_qualcomm   • [   0% ] waiting  0m59.1s
cooldown_08_salesforce • [   0% ] waiting  0m59.1s
cooldown_09_sap        • [   0% ] waiting  0m59.1s
cooldown_10_shopify    • [   0% ] waiting  0m59.1s
cooldown_11_stripe     • [   0% ] waiting  0m59.1s
cooldown_12_twilio     • [   0% ] waiting  0m59.1s

running (1m31.9s), 24/48 VUs, 2220 complete and 0 interrupted iterations
warmup_01_binance      ✓ [ 100% ] 0/2 VUs  30s
warmup_02_datadog      ✓ [ 100% ] 0/2 VUs  30s
warmup_03_ibm          ✓ [ 100% ] 0/2 VUs  30s
warmup_04_intel        ✓ [ 100% ] 0/2 VUs  30s
warmup_05_mongo        ✓ [ 100% ] 0/2 VUs  30s
warmup_06_oracle       ✓ [ 100% ] 0/2 VUs  30s
warmup_07_qualcomm     ✓ [ 100% ] 0/2 VUs  30s
warmup_08_salesforce   ✓ [ 100% ] 0/2 VUs  30s
warmup_09_sap          ✓ [ 100% ] 0/2 VUs  30s
warmup_10_shopify      ✓ [ 100% ] 0/2 VUs  30s
warmup_11_stripe       ✓ [ 100% ] 0/2 VUs  30s
warmup_12_twilio       ✓ [ 100% ] 0/2 VUs  30s
steady_01_binance        [  52% ] 2 VUs    1m01.9s/2m0s
steady_02_datadog        [  52% ] 2 VUs    1m01.9s/2m0s
steady_03_ibm            [  52% ] 2 VUs    1m01.9s/2m0s
steady_04_intel          [  52% ] 2 VUs    1m01.9s/2m0s
steady_05_mongo          [  52% ] 2 VUs    1m01.9s/2m0s
steady_06_oracle         [  52% ] 2 VUs    1m01.9s/2m0s
steady_07_qualcomm       [  52% ] 2 VUs    1m01.9s/2m0s
steady_08_salesforce     [  52% ] 2 VUs    1m01.9s/2m0s
steady_09_sap            [  52% ] 2 VUs    1m01.9s/2m0s
steady_10_shopify        [  52% ] 2 VUs    1m01.9s/2m0s
steady_11_stripe         [  52% ] 2 VUs    1m01.9s/2m0s
steady_12_twilio         [  52% ] 2 VUs    1m01.9s/2m0s
cooldown_01_binance    • [   0% ] waiting  0m58.1s
cooldown_02_datadog    • [   0% ] waiting  0m58.1s
cooldown_03_ibm        • [   0% ] waiting  0m58.1s
cooldown_04_intel      • [   0% ] waiting  0m58.1s
cooldown_05_mongo      • [   0% ] waiting  0m58.1s
cooldown_06_oracle     • [   0% ] waiting  0m58.1s
cooldown_07_qualcomm   • [   0% ] waiting  0m58.1s
cooldown_08_salesforce • [   0% ] waiting  0m58.1s
cooldown_09_sap        • [   0% ] waiting  0m58.1s
cooldown_10_shopify    • [   0% ] waiting  0m58.1s
cooldown_11_stripe     • [   0% ] waiting  0m58.1s
cooldown_12_twilio     • [   0% ] waiting  0m58.1s

running (1m32.9s), 24/48 VUs, 2244 complete and 0 interrupted iterations
warmup_01_binance      ✓ [ 100% ] 0/2 VUs  30s
warmup_02_datadog      ✓ [ 100% ] 0/2 VUs  30s
warmup_03_ibm          ✓ [ 100% ] 0/2 VUs  30s
warmup_04_intel        ✓ [ 100% ] 0/2 VUs  30s
warmup_05_mongo        ✓ [ 100% ] 0/2 VUs  30s
warmup_06_oracle       ✓ [ 100% ] 0/2 VUs  30s
warmup_07_qualcomm     ✓ [ 100% ] 0/2 VUs  30s
warmup_08_salesforce   ✓ [ 100% ] 0/2 VUs  30s
warmup_09_sap          ✓ [ 100% ] 0/2 VUs  30s
warmup_10_shopify      ✓ [ 100% ] 0/2 VUs  30s
warmup_11_stripe       ✓ [ 100% ] 0/2 VUs  30s
warmup_12_twilio       ✓ [ 100% ] 0/2 VUs  30s
steady_01_binance        [  52% ] 2 VUs    1m02.9s/2m0s
steady_02_datadog        [  52% ] 2 VUs    1m02.9s/2m0s
steady_03_ibm            [  52% ] 2 VUs    1m02.9s/2m0s
steady_04_intel          [  52% ] 2 VUs    1m02.9s/2m0s
steady_05_mongo          [  52% ] 2 VUs    1m02.9s/2m0s
steady_06_oracle         [  52% ] 2 VUs    1m02.9s/2m0s
steady_07_qualcomm       [  52% ] 2 VUs    1m02.9s/2m0s
steady_08_salesforce     [  52% ] 2 VUs    1m02.9s/2m0s
steady_09_sap            [  52% ] 2 VUs    1m02.9s/2m0s
steady_10_shopify        [  52% ] 2 VUs    1m02.9s/2m0s
steady_11_stripe         [  52% ] 2 VUs    1m02.9s/2m0s
steady_12_twilio         [  52% ] 2 VUs    1m02.9s/2m0s
cooldown_01_binance    • [   0% ] waiting  0m57.1s
cooldown_02_datadog    • [   0% ] waiting  0m57.1s
cooldown_03_ibm        • [   0% ] waiting  0m57.1s
cooldown_04_intel      • [   0% ] waiting  0m57.1s
cooldown_05_mongo      • [   0% ] waiting  0m57.1s
cooldown_06_oracle     • [   0% ] waiting  0m57.1s
cooldown_07_qualcomm   • [   0% ] waiting  0m57.1s
cooldown_08_salesforce • [   0% ] waiting  0m57.1s
cooldown_09_sap        • [   0% ] waiting  0m57.1s
cooldown_10_shopify    • [   0% ] waiting  0m57.1s
cooldown_11_stripe     • [   0% ] waiting  0m57.1s
cooldown_12_twilio     • [   0% ] waiting  0m57.1s

running (1m33.9s), 24/48 VUs, 2282 complete and 0 interrupted iterations
warmup_01_binance      ✓ [ 100% ] 0/2 VUs  30s
warmup_02_datadog      ✓ [ 100% ] 0/2 VUs  30s
warmup_03_ibm          ✓ [ 100% ] 0/2 VUs  30s
warmup_04_intel        ✓ [ 100% ] 0/2 VUs  30s
warmup_05_mongo        ✓ [ 100% ] 0/2 VUs  30s
warmup_06_oracle       ✓ [ 100% ] 0/2 VUs  30s
warmup_07_qualcomm     ✓ [ 100% ] 0/2 VUs  30s
warmup_08_salesforce   ✓ [ 100% ] 0/2 VUs  30s
warmup_09_sap          ✓ [ 100% ] 0/2 VUs  30s
warmup_10_shopify      ✓ [ 100% ] 0/2 VUs  30s
warmup_11_stripe       ✓ [ 100% ] 0/2 VUs  30s
warmup_12_twilio       ✓ [ 100% ] 0/2 VUs  30s
steady_01_binance        [  53% ] 2 VUs    1m03.9s/2m0s
steady_02_datadog        [  53% ] 2 VUs    1m03.9s/2m0s
steady_03_ibm            [  53% ] 2 VUs    1m03.9s/2m0s
steady_04_intel          [  53% ] 2 VUs    1m03.9s/2m0s
steady_05_mongo          [  53% ] 2 VUs    1m03.9s/2m0s
steady_06_oracle         [  53% ] 2 VUs    1m03.9s/2m0s
steady_07_qualcomm       [  53% ] 2 VUs    1m03.9s/2m0s
steady_08_salesforce     [  53% ] 2 VUs    1m03.9s/2m0s
steady_09_sap            [  53% ] 2 VUs    1m03.9s/2m0s
steady_10_shopify        [  53% ] 2 VUs    1m03.9s/2m0s
steady_11_stripe         [  53% ] 2 VUs    1m03.9s/2m0s
steady_12_twilio         [  53% ] 2 VUs    1m03.9s/2m0s
cooldown_01_binance    • [   0% ] waiting  0m56.1s
cooldown_02_datadog    • [   0% ] waiting  0m56.1s
cooldown_03_ibm        • [   0% ] waiting  0m56.1s
cooldown_04_intel      • [   0% ] waiting  0m56.1s
cooldown_05_mongo      • [   0% ] waiting  0m56.1s
cooldown_06_oracle     • [   0% ] waiting  0m56.1s
cooldown_07_qualcomm   • [   0% ] waiting  0m56.1s
cooldown_08_salesforce • [   0% ] waiting  0m56.1s
cooldown_09_sap        • [   0% ] waiting  0m56.1s
cooldown_10_shopify    • [   0% ] waiting  0m56.1s
cooldown_11_stripe     • [   0% ] waiting  0m56.1s
cooldown_12_twilio     • [   0% ] waiting  0m56.1s

running (1m34.9s), 24/48 VUs, 2318 complete and 0 interrupted iterations
warmup_01_binance      ✓ [ 100% ] 0/2 VUs  30s
warmup_02_datadog      ✓ [ 100% ] 0/2 VUs  30s
warmup_03_ibm          ✓ [ 100% ] 0/2 VUs  30s
warmup_04_intel        ✓ [ 100% ] 0/2 VUs  30s
warmup_05_mongo        ✓ [ 100% ] 0/2 VUs  30s
warmup_06_oracle       ✓ [ 100% ] 0/2 VUs  30s
warmup_07_qualcomm     ✓ [ 100% ] 0/2 VUs  30s
warmup_08_salesforce   ✓ [ 100% ] 0/2 VUs  30s
warmup_09_sap          ✓ [ 100% ] 0/2 VUs  30s
warmup_10_shopify      ✓ [ 100% ] 0/2 VUs  30s
warmup_11_stripe       ✓ [ 100% ] 0/2 VUs  30s
warmup_12_twilio       ✓ [ 100% ] 0/2 VUs  30s
steady_01_binance        [  54% ] 2 VUs    1m04.9s/2m0s
steady_02_datadog        [  54% ] 2 VUs    1m04.9s/2m0s
steady_03_ibm            [  54% ] 2 VUs    1m04.9s/2m0s
steady_04_intel          [  54% ] 2 VUs    1m04.9s/2m0s
steady_05_mongo          [  54% ] 2 VUs    1m04.9s/2m0s
steady_06_oracle         [  54% ] 2 VUs    1m04.9s/2m0s
steady_07_qualcomm       [  54% ] 2 VUs    1m04.9s/2m0s
steady_08_salesforce     [  54% ] 2 VUs    1m04.9s/2m0s
steady_09_sap            [  54% ] 2 VUs    1m04.9s/2m0s
steady_10_shopify        [  54% ] 2 VUs    1m04.9s/2m0s
steady_11_stripe         [  54% ] 2 VUs    1m04.9s/2m0s
steady_12_twilio         [  54% ] 2 VUs    1m04.9s/2m0s
cooldown_01_binance    • [   0% ] waiting  0m55.1s
cooldown_02_datadog    • [   0% ] waiting  0m55.1s
cooldown_03_ibm        • [   0% ] waiting  0m55.1s
cooldown_04_intel      • [   0% ] waiting  0m55.1s
cooldown_05_mongo      • [   0% ] waiting  0m55.1s
cooldown_06_oracle     • [   0% ] waiting  0m55.1s
cooldown_07_qualcomm   • [   0% ] waiting  0m55.1s
cooldown_08_salesforce • [   0% ] waiting  0m55.1s
cooldown_09_sap        • [   0% ] waiting  0m55.1s
cooldown_10_shopify    • [   0% ] waiting  0m55.1s
cooldown_11_stripe     • [   0% ] waiting  0m55.1s
cooldown_12_twilio     • [   0% ] waiting  0m55.1s

running (1m35.9s), 24/48 VUs, 2340 complete and 0 interrupted iterations
warmup_01_binance      ✓ [ 100% ] 0/2 VUs  30s
warmup_02_datadog      ✓ [ 100% ] 0/2 VUs  30s
warmup_03_ibm          ✓ [ 100% ] 0/2 VUs  30s
warmup_04_intel        ✓ [ 100% ] 0/2 VUs  30s
warmup_05_mongo        ✓ [ 100% ] 0/2 VUs  30s
warmup_06_oracle       ✓ [ 100% ] 0/2 VUs  30s
warmup_07_qualcomm     ✓ [ 100% ] 0/2 VUs  30s
warmup_08_salesforce   ✓ [ 100% ] 0/2 VUs  30s
warmup_09_sap          ✓ [ 100% ] 0/2 VUs  30s
warmup_10_shopify      ✓ [ 100% ] 0/2 VUs  30s
warmup_11_stripe       ✓ [ 100% ] 0/2 VUs  30s
warmup_12_twilio       ✓ [ 100% ] 0/2 VUs  30s
steady_01_binance        [  55% ] 2 VUs    1m05.9s/2m0s
steady_02_datadog        [  55% ] 2 VUs    1m05.9s/2m0s
steady_03_ibm            [  55% ] 2 VUs    1m05.9s/2m0s
steady_04_intel          [  55% ] 2 VUs    1m05.9s/2m0s
steady_05_mongo          [  55% ] 2 VUs    1m05.9s/2m0s
steady_06_oracle         [  55% ] 2 VUs    1m05.9s/2m0s
steady_07_qualcomm       [  55% ] 2 VUs    1m05.9s/2m0s
steady_08_salesforce     [  55% ] 2 VUs    1m05.9s/2m0s
steady_09_sap            [  55% ] 2 VUs    1m05.9s/2m0s
steady_10_shopify        [  55% ] 2 VUs    1m05.9s/2m0s
steady_11_stripe         [  55% ] 2 VUs    1m05.9s/2m0s
steady_12_twilio         [  55% ] 2 VUs    1m05.9s/2m0s
cooldown_01_binance    • [   0% ] waiting  0m54.1s
cooldown_02_datadog    • [   0% ] waiting  0m54.1s
cooldown_03_ibm        • [   0% ] waiting  0m54.1s
cooldown_04_intel      • [   0% ] waiting  0m54.1s
cooldown_05_mongo      • [   0% ] waiting  0m54.1s
cooldown_06_oracle     • [   0% ] waiting  0m54.1s
cooldown_07_qualcomm   • [   0% ] waiting  0m54.1s
cooldown_08_salesforce • [   0% ] waiting  0m54.1s
cooldown_09_sap        • [   0% ] waiting  0m54.1s
cooldown_10_shopify    • [   0% ] waiting  0m54.1s
cooldown_11_stripe     • [   0% ] waiting  0m54.1s
cooldown_12_twilio     • [   0% ] waiting  0m54.1s

running (1m36.9s), 24/48 VUs, 2381 complete and 0 interrupted iterations
warmup_01_binance      ✓ [ 100% ] 0/2 VUs  30s
warmup_02_datadog      ✓ [ 100% ] 0/2 VUs  30s
warmup_03_ibm          ✓ [ 100% ] 0/2 VUs  30s
warmup_04_intel        ✓ [ 100% ] 0/2 VUs  30s
warmup_05_mongo        ✓ [ 100% ] 0/2 VUs  30s
warmup_06_oracle       ✓ [ 100% ] 0/2 VUs  30s
warmup_07_qualcomm     ✓ [ 100% ] 0/2 VUs  30s
warmup_08_salesforce   ✓ [ 100% ] 0/2 VUs  30s
warmup_09_sap          ✓ [ 100% ] 0/2 VUs  30s
warmup_10_shopify      ✓ [ 100% ] 0/2 VUs  30s
warmup_11_stripe       ✓ [ 100% ] 0/2 VUs  30s
warmup_12_twilio       ✓ [ 100% ] 0/2 VUs  30s
steady_01_binance        [  56% ] 2 VUs    1m06.9s/2m0s
steady_02_datadog        [  56% ] 2 VUs    1m06.9s/2m0s
steady_03_ibm            [  56% ] 2 VUs    1m06.9s/2m0s
steady_04_intel          [  56% ] 2 VUs    1m06.9s/2m0s
steady_05_mongo          [  56% ] 2 VUs    1m06.9s/2m0s
steady_06_oracle         [  56% ] 2 VUs    1m06.9s/2m0s
steady_07_qualcomm       [  56% ] 2 VUs    1m06.9s/2m0s
steady_08_salesforce     [  56% ] 2 VUs    1m06.9s/2m0s
steady_09_sap            [  56% ] 2 VUs    1m06.9s/2m0s
steady_10_shopify        [  56% ] 2 VUs    1m06.9s/2m0s
steady_11_stripe         [  56% ] 2 VUs    1m06.9s/2m0s
steady_12_twilio         [  56% ] 2 VUs    1m06.9s/2m0s
cooldown_01_binance    • [   0% ] waiting  0m53.1s
cooldown_02_datadog    • [   0% ] waiting  0m53.1s
cooldown_03_ibm        • [   0% ] waiting  0m53.1s
cooldown_04_intel      • [   0% ] waiting  0m53.1s
cooldown_05_mongo      • [   0% ] waiting  0m53.1s
cooldown_06_oracle     • [   0% ] waiting  0m53.1s
cooldown_07_qualcomm   • [   0% ] waiting  0m53.1s
cooldown_08_salesforce • [   0% ] waiting  0m53.1s
cooldown_09_sap        • [   0% ] waiting  0m53.1s
cooldown_10_shopify    • [   0% ] waiting  0m53.1s
cooldown_11_stripe     • [   0% ] waiting  0m53.1s
cooldown_12_twilio     • [   0% ] waiting  0m53.1s

running (1m37.9s), 24/48 VUs, 2407 complete and 0 interrupted iterations
warmup_01_binance      ✓ [ 100% ] 0/2 VUs  30s
warmup_02_datadog      ✓ [ 100% ] 0/2 VUs  30s
warmup_03_ibm          ✓ [ 100% ] 0/2 VUs  30s
warmup_04_intel        ✓ [ 100% ] 0/2 VUs  30s
warmup_05_mongo        ✓ [ 100% ] 0/2 VUs  30s
warmup_06_oracle       ✓ [ 100% ] 0/2 VUs  30s
warmup_07_qualcomm     ✓ [ 100% ] 0/2 VUs  30s
warmup_08_salesforce   ✓ [ 100% ] 0/2 VUs  30s
warmup_09_sap          ✓ [ 100% ] 0/2 VUs  30s
warmup_10_shopify      ✓ [ 100% ] 0/2 VUs  30s
warmup_11_stripe       ✓ [ 100% ] 0/2 VUs  30s
warmup_12_twilio       ✓ [ 100% ] 0/2 VUs  30s
steady_01_binance        [  57% ] 2 VUs    1m07.9s/2m0s
steady_02_datadog        [  57% ] 2 VUs    1m07.9s/2m0s
steady_03_ibm            [  57% ] 2 VUs    1m07.9s/2m0s
steady_04_intel          [  57% ] 2 VUs    1m07.9s/2m0s
steady_05_mongo          [  57% ] 2 VUs    1m07.9s/2m0s
steady_06_oracle         [  57% ] 2 VUs    1m07.9s/2m0s
steady_07_qualcomm       [  57% ] 2 VUs    1m07.9s/2m0s
steady_08_salesforce     [  57% ] 2 VUs    1m07.9s/2m0s
steady_09_sap            [  57% ] 2 VUs    1m07.9s/2m0s
steady_10_shopify        [  57% ] 2 VUs    1m07.9s/2m0s
steady_11_stripe         [  57% ] 2 VUs    1m07.9s/2m0s
steady_12_twilio         [  57% ] 2 VUs    1m07.9s/2m0s
cooldown_01_binance    • [   0% ] waiting  0m52.1s
cooldown_02_datadog    • [   0% ] waiting  0m52.1s
cooldown_03_ibm        • [   0% ] waiting  0m52.1s
cooldown_04_intel      • [   0% ] waiting  0m52.1s
cooldown_05_mongo      • [   0% ] waiting  0m52.1s
cooldown_06_oracle     • [   0% ] waiting  0m52.1s
cooldown_07_qualcomm   • [   0% ] waiting  0m52.1s
cooldown_08_salesforce • [   0% ] waiting  0m52.1s
cooldown_09_sap        • [   0% ] waiting  0m52.1s
cooldown_10_shopify    • [   0% ] waiting  0m52.1s
cooldown_11_stripe     • [   0% ] waiting  0m52.1s
cooldown_12_twilio     • [   0% ] waiting  0m52.1s

running (1m38.9s), 24/48 VUs, 2447 complete and 0 interrupted iterations
warmup_01_binance      ✓ [ 100% ] 0/2 VUs  30s
warmup_02_datadog      ✓ [ 100% ] 0/2 VUs  30s
warmup_03_ibm          ✓ [ 100% ] 0/2 VUs  30s
warmup_04_intel        ✓ [ 100% ] 0/2 VUs  30s
warmup_05_mongo        ✓ [ 100% ] 0/2 VUs  30s
warmup_06_oracle       ✓ [ 100% ] 0/2 VUs  30s
warmup_07_qualcomm     ✓ [ 100% ] 0/2 VUs  30s
warmup_08_salesforce   ✓ [ 100% ] 0/2 VUs  30s
warmup_09_sap          ✓ [ 100% ] 0/2 VUs  30s
warmup_10_shopify      ✓ [ 100% ] 0/2 VUs  30s
warmup_11_stripe       ✓ [ 100% ] 0/2 VUs  30s
warmup_12_twilio       ✓ [ 100% ] 0/2 VUs  30s
steady_01_binance        [  57% ] 2 VUs    1m08.9s/2m0s
steady_02_datadog        [  57% ] 2 VUs    1m08.9s/2m0s
steady_03_ibm            [  57% ] 2 VUs    1m08.9s/2m0s
steady_04_intel          [  57% ] 2 VUs    1m08.9s/2m0s
steady_05_mongo          [  57% ] 2 VUs    1m08.9s/2m0s
steady_06_oracle         [  57% ] 2 VUs    1m08.9s/2m0s
steady_07_qualcomm       [  57% ] 2 VUs    1m08.9s/2m0s
steady_08_salesforce     [  57% ] 2 VUs    1m08.9s/2m0s
steady_09_sap            [  57% ] 2 VUs    1m08.9s/2m0s
steady_10_shopify        [  57% ] 2 VUs    1m08.9s/2m0s
steady_11_stripe         [  57% ] 2 VUs    1m08.9s/2m0s
steady_12_twilio         [  57% ] 2 VUs    1m08.9s/2m0s
cooldown_01_binance    • [   0% ] waiting  0m51.1s
cooldown_02_datadog    • [   0% ] waiting  0m51.1s
cooldown_03_ibm        • [   0% ] waiting  0m51.1s
cooldown_04_intel      • [   0% ] waiting  0m51.1s
cooldown_05_mongo      • [   0% ] waiting  0m51.1s
cooldown_06_oracle     • [   0% ] waiting  0m51.1s
cooldown_07_qualcomm   • [   0% ] waiting  0m51.1s
cooldown_08_salesforce • [   0% ] waiting  0m51.1s
cooldown_09_sap        • [   0% ] waiting  0m51.1s
cooldown_10_shopify    • [   0% ] waiting  0m51.1s
cooldown_11_stripe     • [   0% ] waiting  0m51.1s
cooldown_12_twilio     • [   0% ] waiting  0m51.1s

running (1m39.9s), 24/48 VUs, 2472 complete and 0 interrupted iterations
warmup_01_binance      ✓ [ 100% ] 0/2 VUs  30s
warmup_02_datadog      ✓ [ 100% ] 0/2 VUs  30s
warmup_03_ibm          ✓ [ 100% ] 0/2 VUs  30s
warmup_04_intel        ✓ [ 100% ] 0/2 VUs  30s
warmup_05_mongo        ✓ [ 100% ] 0/2 VUs  30s
warmup_06_oracle       ✓ [ 100% ] 0/2 VUs  30s
warmup_07_qualcomm     ✓ [ 100% ] 0/2 VUs  30s
warmup_08_salesforce   ✓ [ 100% ] 0/2 VUs  30s
warmup_09_sap          ✓ [ 100% ] 0/2 VUs  30s
warmup_10_shopify      ✓ [ 100% ] 0/2 VUs  30s
warmup_11_stripe       ✓ [ 100% ] 0/2 VUs  30s
warmup_12_twilio       ✓ [ 100% ] 0/2 VUs  30s
steady_01_binance        [  58% ] 2 VUs    1m09.9s/2m0s
steady_02_datadog        [  58% ] 2 VUs    1m09.9s/2m0s
steady_03_ibm            [  58% ] 2 VUs    1m09.9s/2m0s
steady_04_intel          [  58% ] 2 VUs    1m09.9s/2m0s
steady_05_mongo          [  58% ] 2 VUs    1m09.9s/2m0s
steady_06_oracle         [  58% ] 2 VUs    1m09.9s/2m0s
steady_07_qualcomm       [  58% ] 2 VUs    1m09.9s/2m0s
steady_08_salesforce     [  58% ] 2 VUs    1m09.9s/2m0s
steady_09_sap            [  58% ] 2 VUs    1m09.9s/2m0s
steady_10_shopify        [  58% ] 2 VUs    1m09.9s/2m0s
steady_11_stripe         [  58% ] 2 VUs    1m09.9s/2m0s
steady_12_twilio         [  58% ] 2 VUs    1m09.9s/2m0s
cooldown_01_binance    • [   0% ] waiting  0m50.1s
cooldown_02_datadog    • [   0% ] waiting  0m50.1s
cooldown_03_ibm        • [   0% ] waiting  0m50.1s
cooldown_04_intel      • [   0% ] waiting  0m50.1s
cooldown_05_mongo      • [   0% ] waiting  0m50.1s
cooldown_06_oracle     • [   0% ] waiting  0m50.1s
cooldown_07_qualcomm   • [   0% ] waiting  0m50.1s
cooldown_08_salesforce • [   0% ] waiting  0m50.1s
cooldown_09_sap        • [   0% ] waiting  0m50.1s
cooldown_10_shopify    • [   0% ] waiting  0m50.1s
cooldown_11_stripe     • [   0% ] waiting  0m50.1s
cooldown_12_twilio     • [   0% ] waiting  0m50.1s

running (1m40.9s), 24/48 VUs, 2510 complete and 0 interrupted iterations
warmup_01_binance      ✓ [ 100% ] 0/2 VUs  30s
warmup_02_datadog      ✓ [ 100% ] 0/2 VUs  30s
warmup_03_ibm          ✓ [ 100% ] 0/2 VUs  30s
warmup_04_intel        ✓ [ 100% ] 0/2 VUs  30s
warmup_05_mongo        ✓ [ 100% ] 0/2 VUs  30s
warmup_06_oracle       ✓ [ 100% ] 0/2 VUs  30s
warmup_07_qualcomm     ✓ [ 100% ] 0/2 VUs  30s
warmup_08_salesforce   ✓ [ 100% ] 0/2 VUs  30s
warmup_09_sap          ✓ [ 100% ] 0/2 VUs  30s
warmup_10_shopify      ✓ [ 100% ] 0/2 VUs  30s
warmup_11_stripe       ✓ [ 100% ] 0/2 VUs  30s
warmup_12_twilio       ✓ [ 100% ] 0/2 VUs  30s
steady_01_binance        [  59% ] 2 VUs    1m10.9s/2m0s
steady_02_datadog        [  59% ] 2 VUs    1m10.9s/2m0s
steady_03_ibm            [  59% ] 2 VUs    1m10.9s/2m0s
steady_04_intel          [  59% ] 2 VUs    1m10.9s/2m0s
steady_05_mongo          [  59% ] 2 VUs    1m10.9s/2m0s
steady_06_oracle         [  59% ] 2 VUs    1m10.9s/2m0s
steady_07_qualcomm       [  59% ] 2 VUs    1m10.9s/2m0s
steady_08_salesforce     [  59% ] 2 VUs    1m10.9s/2m0s
steady_09_sap            [  59% ] 2 VUs    1m10.9s/2m0s
steady_10_shopify        [  59% ] 2 VUs    1m10.9s/2m0s
steady_11_stripe         [  59% ] 2 VUs    1m10.9s/2m0s
steady_12_twilio         [  59% ] 2 VUs    1m10.9s/2m0s
cooldown_01_binance    • [   0% ] waiting  0m49.1s
cooldown_02_datadog    • [   0% ] waiting  0m49.1s
cooldown_03_ibm        • [   0% ] waiting  0m49.1s
cooldown_04_intel      • [   0% ] waiting  0m49.1s
cooldown_05_mongo      • [   0% ] waiting  0m49.1s
cooldown_06_oracle     • [   0% ] waiting  0m49.1s
cooldown_07_qualcomm   • [   0% ] waiting  0m49.1s
cooldown_08_salesforce • [   0% ] waiting  0m49.1s
cooldown_09_sap        • [   0% ] waiting  0m49.1s
cooldown_10_shopify    • [   0% ] waiting  0m49.1s
cooldown_11_stripe     • [   0% ] waiting  0m49.1s
cooldown_12_twilio     • [   0% ] waiting  0m49.1s

running (1m41.9s), 24/48 VUs, 2540 complete and 0 interrupted iterations
warmup_01_binance      ✓ [ 100% ] 0/2 VUs  30s
warmup_02_datadog      ✓ [ 100% ] 0/2 VUs  30s
warmup_03_ibm          ✓ [ 100% ] 0/2 VUs  30s
warmup_04_intel        ✓ [ 100% ] 0/2 VUs  30s
warmup_05_mongo        ✓ [ 100% ] 0/2 VUs  30s
warmup_06_oracle       ✓ [ 100% ] 0/2 VUs  30s
warmup_07_qualcomm     ✓ [ 100% ] 0/2 VUs  30s
warmup_08_salesforce   ✓ [ 100% ] 0/2 VUs  30s
warmup_09_sap          ✓ [ 100% ] 0/2 VUs  30s
warmup_10_shopify      ✓ [ 100% ] 0/2 VUs  30s
warmup_11_stripe       ✓ [ 100% ] 0/2 VUs  30s
warmup_12_twilio       ✓ [ 100% ] 0/2 VUs  30s
steady_01_binance        [  60% ] 2 VUs    1m11.9s/2m0s
steady_02_datadog        [  60% ] 2 VUs    1m11.9s/2m0s
steady_03_ibm            [  60% ] 2 VUs    1m11.9s/2m0s
steady_04_intel          [  60% ] 2 VUs    1m11.9s/2m0s
steady_05_mongo          [  60% ] 2 VUs    1m11.9s/2m0s
steady_06_oracle         [  60% ] 2 VUs    1m11.9s/2m0s
steady_07_qualcomm       [  60% ] 2 VUs    1m11.9s/2m0s
steady_08_salesforce     [  60% ] 2 VUs    1m11.9s/2m0s
steady_09_sap            [  60% ] 2 VUs    1m11.9s/2m0s
steady_10_shopify        [  60% ] 2 VUs    1m11.9s/2m0s
steady_11_stripe         [  60% ] 2 VUs    1m11.9s/2m0s
steady_12_twilio         [  60% ] 2 VUs    1m11.9s/2m0s
cooldown_01_binance    • [   0% ] waiting  0m48.1s
cooldown_02_datadog    • [   0% ] waiting  0m48.1s
cooldown_03_ibm        • [   0% ] waiting  0m48.1s
cooldown_04_intel      • [   0% ] waiting  0m48.1s
cooldown_05_mongo      • [   0% ] waiting  0m48.1s
cooldown_06_oracle     • [   0% ] waiting  0m48.1s
cooldown_07_qualcomm   • [   0% ] waiting  0m48.1s
cooldown_08_salesforce • [   0% ] waiting  0m48.1s
cooldown_09_sap        • [   0% ] waiting  0m48.1s
cooldown_10_shopify    • [   0% ] waiting  0m48.1s
cooldown_11_stripe     • [   0% ] waiting  0m48.1s
cooldown_12_twilio     • [   0% ] waiting  0m48.1s

running (1m42.9s), 24/48 VUs, 2575 complete and 0 interrupted iterations
warmup_01_binance      ✓ [ 100% ] 0/2 VUs  30s
warmup_02_datadog      ✓ [ 100% ] 0/2 VUs  30s
warmup_03_ibm          ✓ [ 100% ] 0/2 VUs  30s
warmup_04_intel        ✓ [ 100% ] 0/2 VUs  30s
warmup_05_mongo        ✓ [ 100% ] 0/2 VUs  30s
warmup_06_oracle       ✓ [ 100% ] 0/2 VUs  30s
warmup_07_qualcomm     ✓ [ 100% ] 0/2 VUs  30s
warmup_08_salesforce   ✓ [ 100% ] 0/2 VUs  30s
warmup_09_sap          ✓ [ 100% ] 0/2 VUs  30s
warmup_10_shopify      ✓ [ 100% ] 0/2 VUs  30s
warmup_11_stripe       ✓ [ 100% ] 0/2 VUs  30s
warmup_12_twilio       ✓ [ 100% ] 0/2 VUs  30s
steady_01_binance        [  61% ] 2 VUs    1m12.9s/2m0s
steady_02_datadog        [  61% ] 2 VUs    1m12.9s/2m0s
steady_03_ibm            [  61% ] 2 VUs    1m12.9s/2m0s
steady_04_intel          [  61% ] 2 VUs    1m12.9s/2m0s
steady_05_mongo          [  61% ] 2 VUs    1m12.9s/2m0s
steady_06_oracle         [  61% ] 2 VUs    1m12.9s/2m0s
steady_07_qualcomm       [  61% ] 2 VUs    1m12.9s/2m0s
steady_08_salesforce     [  61% ] 2 VUs    1m12.9s/2m0s
steady_09_sap            [  61% ] 2 VUs    1m12.9s/2m0s
steady_10_shopify        [  61% ] 2 VUs    1m12.9s/2m0s
steady_11_stripe         [  61% ] 2 VUs    1m12.9s/2m0s
steady_12_twilio         [  61% ] 2 VUs    1m12.9s/2m0s
cooldown_01_binance    • [   0% ] waiting  0m47.1s
cooldown_02_datadog    • [   0% ] waiting  0m47.1s
cooldown_03_ibm        • [   0% ] waiting  0m47.1s
cooldown_04_intel      • [   0% ] waiting  0m47.1s
cooldown_05_mongo      • [   0% ] waiting  0m47.1s
cooldown_06_oracle     • [   0% ] waiting  0m47.1s
cooldown_07_qualcomm   • [   0% ] waiting  0m47.1s
cooldown_08_salesforce • [   0% ] waiting  0m47.1s
cooldown_09_sap        • [   0% ] waiting  0m47.1s
cooldown_10_shopify    • [   0% ] waiting  0m47.1s
cooldown_11_stripe     • [   0% ] waiting  0m47.1s
cooldown_12_twilio     • [   0% ] waiting  0m47.1s

running (1m43.9s), 24/48 VUs, 2617 complete and 0 interrupted iterations
warmup_01_binance      ✓ [ 100% ] 0/2 VUs  30s
warmup_02_datadog      ✓ [ 100% ] 0/2 VUs  30s
warmup_03_ibm          ✓ [ 100% ] 0/2 VUs  30s
warmup_04_intel        ✓ [ 100% ] 0/2 VUs  30s
warmup_05_mongo        ✓ [ 100% ] 0/2 VUs  30s
warmup_06_oracle       ✓ [ 100% ] 0/2 VUs  30s
warmup_07_qualcomm     ✓ [ 100% ] 0/2 VUs  30s
warmup_08_salesforce   ✓ [ 100% ] 0/2 VUs  30s
warmup_09_sap          ✓ [ 100% ] 0/2 VUs  30s
warmup_10_shopify      ✓ [ 100% ] 0/2 VUs  30s
warmup_11_stripe       ✓ [ 100% ] 0/2 VUs  30s
warmup_12_twilio       ✓ [ 100% ] 0/2 VUs  30s
steady_01_binance        [  62% ] 2 VUs    1m13.9s/2m0s
steady_02_datadog        [  62% ] 2 VUs    1m13.9s/2m0s
steady_03_ibm            [  62% ] 2 VUs    1m13.9s/2m0s
steady_04_intel          [  62% ] 2 VUs    1m13.9s/2m0s
steady_05_mongo          [  62% ] 2 VUs    1m13.9s/2m0s
steady_06_oracle         [  62% ] 2 VUs    1m13.9s/2m0s
steady_07_qualcomm       [  62% ] 2 VUs    1m13.9s/2m0s
steady_08_salesforce     [  62% ] 2 VUs    1m13.9s/2m0s
steady_09_sap            [  62% ] 2 VUs    1m13.9s/2m0s
steady_10_shopify        [  62% ] 2 VUs    1m13.9s/2m0s
steady_11_stripe         [  62% ] 2 VUs    1m13.9s/2m0s
steady_12_twilio         [  62% ] 2 VUs    1m13.9s/2m0s
cooldown_01_binance    • [   0% ] waiting  0m46.1s
cooldown_02_datadog    • [   0% ] waiting  0m46.1s
cooldown_03_ibm        • [   0% ] waiting  0m46.1s
cooldown_04_intel      • [   0% ] waiting  0m46.1s
cooldown_05_mongo      • [   0% ] waiting  0m46.1s
cooldown_06_oracle     • [   0% ] waiting  0m46.1s
cooldown_07_qualcomm   • [   0% ] waiting  0m46.1s
cooldown_08_salesforce • [   0% ] waiting  0m46.1s
cooldown_09_sap        • [   0% ] waiting  0m46.1s
cooldown_10_shopify    • [   0% ] waiting  0m46.1s
cooldown_11_stripe     • [   0% ] waiting  0m46.1s
cooldown_12_twilio     • [   0% ] waiting  0m46.1s

running (1m44.9s), 24/48 VUs, 2640 complete and 0 interrupted iterations
warmup_01_binance      ✓ [ 100% ] 0/2 VUs  30s
warmup_02_datadog      ✓ [ 100% ] 0/2 VUs  30s
warmup_03_ibm          ✓ [ 100% ] 0/2 VUs  30s
warmup_04_intel        ✓ [ 100% ] 0/2 VUs  30s
warmup_05_mongo        ✓ [ 100% ] 0/2 VUs  30s
warmup_06_oracle       ✓ [ 100% ] 0/2 VUs  30s
warmup_07_qualcomm     ✓ [ 100% ] 0/2 VUs  30s
warmup_08_salesforce   ✓ [ 100% ] 0/2 VUs  30s
warmup_09_sap          ✓ [ 100% ] 0/2 VUs  30s
warmup_10_shopify      ✓ [ 100% ] 0/2 VUs  30s
warmup_11_stripe       ✓ [ 100% ] 0/2 VUs  30s
warmup_12_twilio       ✓ [ 100% ] 0/2 VUs  30s
steady_01_binance        [  62% ] 2 VUs    1m14.9s/2m0s
steady_02_datadog        [  62% ] 2 VUs    1m14.9s/2m0s
steady_03_ibm            [  62% ] 2 VUs    1m14.9s/2m0s
steady_04_intel          [  62% ] 2 VUs    1m14.9s/2m0s
steady_05_mongo          [  62% ] 2 VUs    1m14.9s/2m0s
steady_06_oracle         [  62% ] 2 VUs    1m14.9s/2m0s
steady_07_qualcomm       [  62% ] 2 VUs    1m14.9s/2m0s
steady_08_salesforce     [  62% ] 2 VUs    1m14.9s/2m0s
steady_09_sap            [  62% ] 2 VUs    1m14.9s/2m0s
steady_10_shopify        [  62% ] 2 VUs    1m14.9s/2m0s
steady_11_stripe         [  62% ] 2 VUs    1m14.9s/2m0s
steady_12_twilio         [  62% ] 2 VUs    1m14.9s/2m0s
cooldown_01_binance    • [   0% ] waiting  0m45.1s
cooldown_02_datadog    • [   0% ] waiting  0m45.1s
cooldown_03_ibm        • [   0% ] waiting  0m45.1s
cooldown_04_intel      • [   0% ] waiting  0m45.1s
cooldown_05_mongo      • [   0% ] waiting  0m45.1s
cooldown_06_oracle     • [   0% ] waiting  0m45.1s
cooldown_07_qualcomm   • [   0% ] waiting  0m45.1s
cooldown_08_salesforce • [   0% ] waiting  0m45.1s
cooldown_09_sap        • [   0% ] waiting  0m45.1s
cooldown_10_shopify    • [   0% ] waiting  0m45.1s
cooldown_11_stripe     • [   0% ] waiting  0m45.1s
cooldown_12_twilio     • [   0% ] waiting  0m45.1s

running (1m45.9s), 24/48 VUs, 2682 complete and 0 interrupted iterations
warmup_01_binance      ✓ [ 100% ] 0/2 VUs  30s
warmup_02_datadog      ✓ [ 100% ] 0/2 VUs  30s
warmup_03_ibm          ✓ [ 100% ] 0/2 VUs  30s
warmup_04_intel        ✓ [ 100% ] 0/2 VUs  30s
warmup_05_mongo        ✓ [ 100% ] 0/2 VUs  30s
warmup_06_oracle       ✓ [ 100% ] 0/2 VUs  30s
warmup_07_qualcomm     ✓ [ 100% ] 0/2 VUs  30s
warmup_08_salesforce   ✓ [ 100% ] 0/2 VUs  30s
warmup_09_sap          ✓ [ 100% ] 0/2 VUs  30s
warmup_10_shopify      ✓ [ 100% ] 0/2 VUs  30s
warmup_11_stripe       ✓ [ 100% ] 0/2 VUs  30s
warmup_12_twilio       ✓ [ 100% ] 0/2 VUs  30s
steady_01_binance        [  63% ] 2 VUs    1m15.9s/2m0s
steady_02_datadog        [  63% ] 2 VUs    1m15.9s/2m0s
steady_03_ibm            [  63% ] 2 VUs    1m15.9s/2m0s
steady_04_intel          [  63% ] 2 VUs    1m15.9s/2m0s
steady_05_mongo          [  63% ] 2 VUs    1m15.9s/2m0s
steady_06_oracle         [  63% ] 2 VUs    1m15.9s/2m0s
steady_07_qualcomm       [  63% ] 2 VUs    1m15.9s/2m0s
steady_08_salesforce     [  63% ] 2 VUs    1m15.9s/2m0s
steady_09_sap            [  63% ] 2 VUs    1m15.9s/2m0s
steady_10_shopify        [  63% ] 2 VUs    1m15.9s/2m0s
steady_11_stripe         [  63% ] 2 VUs    1m15.9s/2m0s
steady_12_twilio         [  63% ] 2 VUs    1m15.9s/2m0s
cooldown_01_binance    • [   0% ] waiting  0m44.1s
cooldown_02_datadog    • [   0% ] waiting  0m44.1s
cooldown_03_ibm        • [   0% ] waiting  0m44.1s
cooldown_04_intel      • [   0% ] waiting  0m44.1s
cooldown_05_mongo      • [   0% ] waiting  0m44.1s
cooldown_06_oracle     • [   0% ] waiting  0m44.1s
cooldown_07_qualcomm   • [   0% ] waiting  0m44.1s
cooldown_08_salesforce • [   0% ] waiting  0m44.1s
cooldown_09_sap        • [   0% ] waiting  0m44.1s
cooldown_10_shopify    • [   0% ] waiting  0m44.1s
cooldown_11_stripe     • [   0% ] waiting  0m44.1s
cooldown_12_twilio     • [   0% ] waiting  0m44.1s

running (1m46.9s), 24/48 VUs, 2701 complete and 0 interrupted iterations
warmup_01_binance      ✓ [ 100% ] 0/2 VUs  30s
warmup_02_datadog      ✓ [ 100% ] 0/2 VUs  30s
warmup_03_ibm          ✓ [ 100% ] 0/2 VUs  30s
warmup_04_intel        ✓ [ 100% ] 0/2 VUs  30s
warmup_05_mongo        ✓ [ 100% ] 0/2 VUs  30s
warmup_06_oracle       ✓ [ 100% ] 0/2 VUs  30s
warmup_07_qualcomm     ✓ [ 100% ] 0/2 VUs  30s
warmup_08_salesforce   ✓ [ 100% ] 0/2 VUs  30s
warmup_09_sap          ✓ [ 100% ] 0/2 VUs  30s
warmup_10_shopify      ✓ [ 100% ] 0/2 VUs  30s
warmup_11_stripe       ✓ [ 100% ] 0/2 VUs  30s
warmup_12_twilio       ✓ [ 100% ] 0/2 VUs  30s
steady_01_binance        [  64% ] 2 VUs    1m16.9s/2m0s
steady_02_datadog        [  64% ] 2 VUs    1m16.9s/2m0s
steady_03_ibm            [  64% ] 2 VUs    1m16.9s/2m0s
steady_04_intel          [  64% ] 2 VUs    1m16.9s/2m0s
steady_05_mongo          [  64% ] 2 VUs    1m16.9s/2m0s
steady_06_oracle         [  64% ] 2 VUs    1m16.9s/2m0s
steady_07_qualcomm       [  64% ] 2 VUs    1m16.9s/2m0s
steady_08_salesforce     [  64% ] 2 VUs    1m16.9s/2m0s
steady_09_sap            [  64% ] 2 VUs    1m16.9s/2m0s
steady_10_shopify        [  64% ] 2 VUs    1m16.9s/2m0s
steady_11_stripe         [  64% ] 2 VUs    1m16.9s/2m0s
steady_12_twilio         [  64% ] 2 VUs    1m16.9s/2m0s
cooldown_01_binance    • [   0% ] waiting  0m43.1s
cooldown_02_datadog    • [   0% ] waiting  0m43.1s
cooldown_03_ibm        • [   0% ] waiting  0m43.1s
cooldown_04_intel      • [   0% ] waiting  0m43.1s
cooldown_05_mongo      • [   0% ] waiting  0m43.1s
cooldown_06_oracle     • [   0% ] waiting  0m43.1s
cooldown_07_qualcomm   • [   0% ] waiting  0m43.1s
cooldown_08_salesforce • [   0% ] waiting  0m43.1s
cooldown_09_sap        • [   0% ] waiting  0m43.1s
cooldown_10_shopify    • [   0% ] waiting  0m43.1s
cooldown_11_stripe     • [   0% ] waiting  0m43.1s
cooldown_12_twilio     • [   0% ] waiting  0m43.1s

running (1m47.9s), 24/48 VUs, 2737 complete and 0 interrupted iterations
warmup_01_binance      ✓ [ 100% ] 0/2 VUs  30s
warmup_02_datadog      ✓ [ 100% ] 0/2 VUs  30s
warmup_03_ibm          ✓ [ 100% ] 0/2 VUs  30s
warmup_04_intel        ✓ [ 100% ] 0/2 VUs  30s
warmup_05_mongo        ✓ [ 100% ] 0/2 VUs  30s
warmup_06_oracle       ✓ [ 100% ] 0/2 VUs  30s
warmup_07_qualcomm     ✓ [ 100% ] 0/2 VUs  30s
warmup_08_salesforce   ✓ [ 100% ] 0/2 VUs  30s
warmup_09_sap          ✓ [ 100% ] 0/2 VUs  30s
warmup_10_shopify      ✓ [ 100% ] 0/2 VUs  30s
warmup_11_stripe       ✓ [ 100% ] 0/2 VUs  30s
warmup_12_twilio       ✓ [ 100% ] 0/2 VUs  30s
steady_01_binance        [  65% ] 2 VUs    1m17.9s/2m0s
steady_02_datadog        [  65% ] 2 VUs    1m17.9s/2m0s
steady_03_ibm            [  65% ] 2 VUs    1m17.9s/2m0s
steady_04_intel          [  65% ] 2 VUs    1m17.9s/2m0s
steady_05_mongo          [  65% ] 2 VUs    1m17.9s/2m0s
steady_06_oracle         [  65% ] 2 VUs    1m17.9s/2m0s
steady_07_qualcomm       [  65% ] 2 VUs    1m17.9s/2m0s
steady_08_salesforce     [  65% ] 2 VUs    1m17.9s/2m0s
steady_09_sap            [  65% ] 2 VUs    1m17.9s/2m0s
steady_10_shopify        [  65% ] 2 VUs    1m17.9s/2m0s
steady_11_stripe         [  65% ] 2 VUs    1m17.9s/2m0s
steady_12_twilio         [  65% ] 2 VUs    1m17.9s/2m0s
cooldown_01_binance    • [   0% ] waiting  0m42.1s
cooldown_02_datadog    • [   0% ] waiting  0m42.1s
cooldown_03_ibm        • [   0% ] waiting  0m42.1s
cooldown_04_intel      • [   0% ] waiting  0m42.1s
cooldown_05_mongo      • [   0% ] waiting  0m42.1s
cooldown_06_oracle     • [   0% ] waiting  0m42.1s
cooldown_07_qualcomm   • [   0% ] waiting  0m42.1s
cooldown_08_salesforce • [   0% ] waiting  0m42.1s
cooldown_09_sap        • [   0% ] waiting  0m42.1s
cooldown_10_shopify    • [   0% ] waiting  0m42.1s
cooldown_11_stripe     • [   0% ] waiting  0m42.1s
cooldown_12_twilio     • [   0% ] waiting  0m42.1s

running (1m48.9s), 24/48 VUs, 2762 complete and 0 interrupted iterations
warmup_01_binance      ✓ [ 100% ] 0/2 VUs  30s
warmup_02_datadog      ✓ [ 100% ] 0/2 VUs  30s
warmup_03_ibm          ✓ [ 100% ] 0/2 VUs  30s
warmup_04_intel        ✓ [ 100% ] 0/2 VUs  30s
warmup_05_mongo        ✓ [ 100% ] 0/2 VUs  30s
warmup_06_oracle       ✓ [ 100% ] 0/2 VUs  30s
warmup_07_qualcomm     ✓ [ 100% ] 0/2 VUs  30s
warmup_08_salesforce   ✓ [ 100% ] 0/2 VUs  30s
warmup_09_sap          ✓ [ 100% ] 0/2 VUs  30s
warmup_10_shopify      ✓ [ 100% ] 0/2 VUs  30s
warmup_11_stripe       ✓ [ 100% ] 0/2 VUs  30s
warmup_12_twilio       ✓ [ 100% ] 0/2 VUs  30s
steady_01_binance        [  66% ] 2 VUs    1m18.9s/2m0s
steady_02_datadog        [  66% ] 2 VUs    1m18.9s/2m0s
steady_03_ibm            [  66% ] 2 VUs    1m18.9s/2m0s
steady_04_intel          [  66% ] 2 VUs    1m18.9s/2m0s
steady_05_mongo          [  66% ] 2 VUs    1m18.9s/2m0s
steady_06_oracle         [  66% ] 2 VUs    1m18.9s/2m0s
steady_07_qualcomm       [  66% ] 2 VUs    1m18.9s/2m0s
steady_08_salesforce     [  66% ] 2 VUs    1m18.9s/2m0s
steady_09_sap            [  66% ] 2 VUs    1m18.9s/2m0s
steady_10_shopify        [  66% ] 2 VUs    1m18.9s/2m0s
steady_11_stripe         [  66% ] 2 VUs    1m18.9s/2m0s
steady_12_twilio         [  66% ] 2 VUs    1m18.9s/2m0s
cooldown_01_binance    • [   0% ] waiting  0m41.1s
cooldown_02_datadog    • [   0% ] waiting  0m41.1s
cooldown_03_ibm        • [   0% ] waiting  0m41.1s
cooldown_04_intel      • [   0% ] waiting  0m41.1s
cooldown_05_mongo      • [   0% ] waiting  0m41.1s
cooldown_06_oracle     • [   0% ] waiting  0m41.1s
cooldown_07_qualcomm   • [   0% ] waiting  0m41.1s
cooldown_08_salesforce • [   0% ] waiting  0m41.1s
cooldown_09_sap        • [   0% ] waiting  0m41.1s
cooldown_10_shopify    • [   0% ] waiting  0m41.1s
cooldown_11_stripe     • [   0% ] waiting  0m41.1s
cooldown_12_twilio     • [   0% ] waiting  0m41.1s

running (1m49.9s), 24/48 VUs, 2800 complete and 0 interrupted iterations
warmup_01_binance      ✓ [ 100% ] 0/2 VUs  30s
warmup_02_datadog      ✓ [ 100% ] 0/2 VUs  30s
warmup_03_ibm          ✓ [ 100% ] 0/2 VUs  30s
warmup_04_intel        ✓ [ 100% ] 0/2 VUs  30s
warmup_05_mongo        ✓ [ 100% ] 0/2 VUs  30s
warmup_06_oracle       ✓ [ 100% ] 0/2 VUs  30s
warmup_07_qualcomm     ✓ [ 100% ] 0/2 VUs  30s
warmup_08_salesforce   ✓ [ 100% ] 0/2 VUs  30s
warmup_09_sap          ✓ [ 100% ] 0/2 VUs  30s
warmup_10_shopify      ✓ [ 100% ] 0/2 VUs  30s
warmup_11_stripe       ✓ [ 100% ] 0/2 VUs  30s
warmup_12_twilio       ✓ [ 100% ] 0/2 VUs  30s
steady_01_binance        [  67% ] 2 VUs    1m19.9s/2m0s
steady_02_datadog        [  67% ] 2 VUs    1m19.9s/2m0s
steady_03_ibm            [  67% ] 2 VUs    1m19.9s/2m0s
steady_04_intel          [  67% ] 2 VUs    1m19.9s/2m0s
steady_05_mongo          [  67% ] 2 VUs    1m19.9s/2m0s
steady_06_oracle         [  67% ] 2 VUs    1m19.9s/2m0s
steady_07_qualcomm       [  67% ] 2 VUs    1m19.9s/2m0s
steady_08_salesforce     [  67% ] 2 VUs    1m19.9s/2m0s
steady_09_sap            [  67% ] 2 VUs    1m19.9s/2m0s
steady_10_shopify        [  67% ] 2 VUs    1m19.9s/2m0s
steady_11_stripe         [  67% ] 2 VUs    1m19.9s/2m0s
steady_12_twilio         [  67% ] 2 VUs    1m19.9s/2m0s
cooldown_01_binance    • [   0% ] waiting  0m40.1s
cooldown_02_datadog    • [   0% ] waiting  0m40.1s
cooldown_03_ibm        • [   0% ] waiting  0m40.1s
cooldown_04_intel      • [   0% ] waiting  0m40.1s
cooldown_05_mongo      • [   0% ] waiting  0m40.1s
cooldown_06_oracle     • [   0% ] waiting  0m40.1s
cooldown_07_qualcomm   • [   0% ] waiting  0m40.1s
cooldown_08_salesforce • [   0% ] waiting  0m40.1s
cooldown_09_sap        • [   0% ] waiting  0m40.1s
cooldown_10_shopify    • [   0% ] waiting  0m40.1s
cooldown_11_stripe     • [   0% ] waiting  0m40.1s
cooldown_12_twilio     • [   0% ] waiting  0m40.1s

running (1m50.9s), 24/48 VUs, 2829 complete and 0 interrupted iterations
warmup_01_binance      ✓ [ 100% ] 0/2 VUs  30s
warmup_02_datadog      ✓ [ 100% ] 0/2 VUs  30s
warmup_03_ibm          ✓ [ 100% ] 0/2 VUs  30s
warmup_04_intel        ✓ [ 100% ] 0/2 VUs  30s
warmup_05_mongo        ✓ [ 100% ] 0/2 VUs  30s
warmup_06_oracle       ✓ [ 100% ] 0/2 VUs  30s
warmup_07_qualcomm     ✓ [ 100% ] 0/2 VUs  30s
warmup_08_salesforce   ✓ [ 100% ] 0/2 VUs  30s
warmup_09_sap          ✓ [ 100% ] 0/2 VUs  30s
warmup_10_shopify      ✓ [ 100% ] 0/2 VUs  30s
warmup_11_stripe       ✓ [ 100% ] 0/2 VUs  30s
warmup_12_twilio       ✓ [ 100% ] 0/2 VUs  30s
steady_01_binance        [  67% ] 2 VUs    1m20.9s/2m0s
steady_02_datadog        [  67% ] 2 VUs    1m20.9s/2m0s
steady_03_ibm            [  67% ] 2 VUs    1m20.9s/2m0s
steady_04_intel          [  67% ] 2 VUs    1m20.9s/2m0s
steady_05_mongo          [  67% ] 2 VUs    1m20.9s/2m0s
steady_06_oracle         [  67% ] 2 VUs    1m20.9s/2m0s
steady_07_qualcomm       [  67% ] 2 VUs    1m20.9s/2m0s
steady_08_salesforce     [  67% ] 2 VUs    1m20.9s/2m0s
steady_09_sap            [  67% ] 2 VUs    1m20.9s/2m0s
steady_10_shopify        [  67% ] 2 VUs    1m20.9s/2m0s
steady_11_stripe         [  67% ] 2 VUs    1m20.9s/2m0s
steady_12_twilio         [  67% ] 2 VUs    1m20.9s/2m0s
cooldown_01_binance    • [   0% ] waiting  0m39.1s
cooldown_02_datadog    • [   0% ] waiting  0m39.1s
cooldown_03_ibm        • [   0% ] waiting  0m39.1s
cooldown_04_intel      • [   0% ] waiting  0m39.1s
cooldown_05_mongo      • [   0% ] waiting  0m39.1s
cooldown_06_oracle     • [   0% ] waiting  0m39.1s
cooldown_07_qualcomm   • [   0% ] waiting  0m39.1s
cooldown_08_salesforce • [   0% ] waiting  0m39.1s
cooldown_09_sap        • [   0% ] waiting  0m39.1s
cooldown_10_shopify    • [   0% ] waiting  0m39.1s
cooldown_11_stripe     • [   0% ] waiting  0m39.1s
cooldown_12_twilio     • [   0% ] waiting  0m39.1s

running (1m51.9s), 24/48 VUs, 2861 complete and 0 interrupted iterations
warmup_01_binance      ✓ [ 100% ] 0/2 VUs  30s
warmup_02_datadog      ✓ [ 100% ] 0/2 VUs  30s
warmup_03_ibm          ✓ [ 100% ] 0/2 VUs  30s
warmup_04_intel        ✓ [ 100% ] 0/2 VUs  30s
warmup_05_mongo        ✓ [ 100% ] 0/2 VUs  30s
warmup_06_oracle       ✓ [ 100% ] 0/2 VUs  30s
warmup_07_qualcomm     ✓ [ 100% ] 0/2 VUs  30s
warmup_08_salesforce   ✓ [ 100% ] 0/2 VUs  30s
warmup_09_sap          ✓ [ 100% ] 0/2 VUs  30s
warmup_10_shopify      ✓ [ 100% ] 0/2 VUs  30s
warmup_11_stripe       ✓ [ 100% ] 0/2 VUs  30s
warmup_12_twilio       ✓ [ 100% ] 0/2 VUs  30s
steady_01_binance        [  68% ] 2 VUs    1m21.9s/2m0s
steady_02_datadog        [  68% ] 2 VUs    1m21.9s/2m0s
steady_03_ibm            [  68% ] 2 VUs    1m21.9s/2m0s
steady_04_intel          [  68% ] 2 VUs    1m21.9s/2m0s
steady_05_mongo          [  68% ] 2 VUs    1m21.9s/2m0s
steady_06_oracle         [  68% ] 2 VUs    1m21.9s/2m0s
steady_07_qualcomm       [  68% ] 2 VUs    1m21.9s/2m0s
steady_08_salesforce     [  68% ] 2 VUs    1m21.9s/2m0s
steady_09_sap            [  68% ] 2 VUs    1m21.9s/2m0s
steady_10_shopify        [  68% ] 2 VUs    1m21.9s/2m0s
steady_11_stripe         [  68% ] 2 VUs    1m21.9s/2m0s
steady_12_twilio         [  68% ] 2 VUs    1m21.9s/2m0s
cooldown_01_binance    • [   0% ] waiting  0m38.1s
cooldown_02_datadog    • [   0% ] waiting  0m38.1s
cooldown_03_ibm        • [   0% ] waiting  0m38.1s
cooldown_04_intel      • [   0% ] waiting  0m38.1s
cooldown_05_mongo      • [   0% ] waiting  0m38.1s
cooldown_06_oracle     • [   0% ] waiting  0m38.1s
cooldown_07_qualcomm   • [   0% ] waiting  0m38.1s
cooldown_08_salesforce • [   0% ] waiting  0m38.1s
cooldown_09_sap        • [   0% ] waiting  0m38.1s
cooldown_10_shopify    • [   0% ] waiting  0m38.1s
cooldown_11_stripe     • [   0% ] waiting  0m38.1s
cooldown_12_twilio     • [   0% ] waiting  0m38.1s

running (1m52.9s), 24/48 VUs, 2901 complete and 0 interrupted iterations
warmup_01_binance      ✓ [ 100% ] 0/2 VUs  30s
warmup_02_datadog      ✓ [ 100% ] 0/2 VUs  30s
warmup_03_ibm          ✓ [ 100% ] 0/2 VUs  30s
warmup_04_intel        ✓ [ 100% ] 0/2 VUs  30s
warmup_05_mongo        ✓ [ 100% ] 0/2 VUs  30s
warmup_06_oracle       ✓ [ 100% ] 0/2 VUs  30s
warmup_07_qualcomm     ✓ [ 100% ] 0/2 VUs  30s
warmup_08_salesforce   ✓ [ 100% ] 0/2 VUs  30s
warmup_09_sap          ✓ [ 100% ] 0/2 VUs  30s
warmup_10_shopify      ✓ [ 100% ] 0/2 VUs  30s
warmup_11_stripe       ✓ [ 100% ] 0/2 VUs  30s
warmup_12_twilio       ✓ [ 100% ] 0/2 VUs  30s
steady_01_binance        [  69% ] 2 VUs    1m22.9s/2m0s
steady_02_datadog        [  69% ] 2 VUs    1m22.9s/2m0s
steady_03_ibm            [  69% ] 2 VUs    1m22.9s/2m0s
steady_04_intel          [  69% ] 2 VUs    1m22.9s/2m0s
steady_05_mongo          [  69% ] 2 VUs    1m22.9s/2m0s
steady_06_oracle         [  69% ] 2 VUs    1m22.9s/2m0s
steady_07_qualcomm       [  69% ] 2 VUs    1m22.9s/2m0s
steady_08_salesforce     [  69% ] 2 VUs    1m22.9s/2m0s
steady_09_sap            [  69% ] 2 VUs    1m22.9s/2m0s
steady_10_shopify        [  69% ] 2 VUs    1m22.9s/2m0s
steady_11_stripe         [  69% ] 2 VUs    1m22.9s/2m0s
steady_12_twilio         [  69% ] 2 VUs    1m22.9s/2m0s
cooldown_01_binance    • [   0% ] waiting  0m37.1s
cooldown_02_datadog    • [   0% ] waiting  0m37.1s
cooldown_03_ibm        • [   0% ] waiting  0m37.1s
cooldown_04_intel      • [   0% ] waiting  0m37.1s
cooldown_05_mongo      • [   0% ] waiting  0m37.1s
cooldown_06_oracle     • [   0% ] waiting  0m37.1s
cooldown_07_qualcomm   • [   0% ] waiting  0m37.1s
cooldown_08_salesforce • [   0% ] waiting  0m37.1s
cooldown_09_sap        • [   0% ] waiting  0m37.1s
cooldown_10_shopify    • [   0% ] waiting  0m37.1s
cooldown_11_stripe     • [   0% ] waiting  0m37.1s
cooldown_12_twilio     • [   0% ] waiting  0m37.1s

running (1m53.9s), 24/48 VUs, 2925 complete and 0 interrupted iterations
warmup_01_binance      ✓ [ 100% ] 0/2 VUs  30s
warmup_02_datadog      ✓ [ 100% ] 0/2 VUs  30s
warmup_03_ibm          ✓ [ 100% ] 0/2 VUs  30s
warmup_04_intel        ✓ [ 100% ] 0/2 VUs  30s
warmup_05_mongo        ✓ [ 100% ] 0/2 VUs  30s
warmup_06_oracle       ✓ [ 100% ] 0/2 VUs  30s
warmup_07_qualcomm     ✓ [ 100% ] 0/2 VUs  30s
warmup_08_salesforce   ✓ [ 100% ] 0/2 VUs  30s
warmup_09_sap          ✓ [ 100% ] 0/2 VUs  30s
warmup_10_shopify      ✓ [ 100% ] 0/2 VUs  30s
warmup_11_stripe       ✓ [ 100% ] 0/2 VUs  30s
warmup_12_twilio       ✓ [ 100% ] 0/2 VUs  30s
steady_01_binance        [  70% ] 2 VUs    1m23.9s/2m0s
steady_02_datadog        [  70% ] 2 VUs    1m23.9s/2m0s
steady_03_ibm            [  70% ] 2 VUs    1m23.9s/2m0s
steady_04_intel          [  70% ] 2 VUs    1m23.9s/2m0s
steady_05_mongo          [  70% ] 2 VUs    1m23.9s/2m0s
steady_06_oracle         [  70% ] 2 VUs    1m23.9s/2m0s
steady_07_qualcomm       [  70% ] 2 VUs    1m23.9s/2m0s
steady_08_salesforce     [  70% ] 2 VUs    1m23.9s/2m0s
steady_09_sap            [  70% ] 2 VUs    1m23.9s/2m0s
steady_10_shopify        [  70% ] 2 VUs    1m23.9s/2m0s
steady_11_stripe         [  70% ] 2 VUs    1m23.9s/2m0s
steady_12_twilio         [  70% ] 2 VUs    1m23.9s/2m0s
cooldown_01_binance    • [   0% ] waiting  0m36.1s
cooldown_02_datadog    • [   0% ] waiting  0m36.1s
cooldown_03_ibm        • [   0% ] waiting  0m36.1s
cooldown_04_intel      • [   0% ] waiting  0m36.1s
cooldown_05_mongo      • [   0% ] waiting  0m36.1s
cooldown_06_oracle     • [   0% ] waiting  0m36.1s
cooldown_07_qualcomm   • [   0% ] waiting  0m36.1s
cooldown_08_salesforce • [   0% ] waiting  0m36.1s
cooldown_09_sap        • [   0% ] waiting  0m36.1s
cooldown_10_shopify    • [   0% ] waiting  0m36.1s
cooldown_11_stripe     • [   0% ] waiting  0m36.1s
cooldown_12_twilio     • [   0% ] waiting  0m36.1s

running (1m54.9s), 24/48 VUs, 2966 complete and 0 interrupted iterations
warmup_01_binance      ✓ [ 100% ] 0/2 VUs  30s
warmup_02_datadog      ✓ [ 100% ] 0/2 VUs  30s
warmup_03_ibm          ✓ [ 100% ] 0/2 VUs  30s
warmup_04_intel        ✓ [ 100% ] 0/2 VUs  30s
warmup_05_mongo        ✓ [ 100% ] 0/2 VUs  30s
warmup_06_oracle       ✓ [ 100% ] 0/2 VUs  30s
warmup_07_qualcomm     ✓ [ 100% ] 0/2 VUs  30s
warmup_08_salesforce   ✓ [ 100% ] 0/2 VUs  30s
warmup_09_sap          ✓ [ 100% ] 0/2 VUs  30s
warmup_10_shopify      ✓ [ 100% ] 0/2 VUs  30s
warmup_11_stripe       ✓ [ 100% ] 0/2 VUs  30s
warmup_12_twilio       ✓ [ 100% ] 0/2 VUs  30s
steady_01_binance        [  71% ] 2 VUs    1m24.9s/2m0s
steady_02_datadog        [  71% ] 2 VUs    1m24.9s/2m0s
steady_03_ibm            [  71% ] 2 VUs    1m24.9s/2m0s
steady_04_intel          [  71% ] 2 VUs    1m24.9s/2m0s
steady_05_mongo          [  71% ] 2 VUs    1m24.9s/2m0s
steady_06_oracle         [  71% ] 2 VUs    1m24.9s/2m0s
steady_07_qualcomm       [  71% ] 2 VUs    1m24.9s/2m0s
steady_08_salesforce     [  71% ] 2 VUs    1m24.9s/2m0s
steady_09_sap            [  71% ] 2 VUs    1m24.9s/2m0s
steady_10_shopify        [  71% ] 2 VUs    1m24.9s/2m0s
steady_11_stripe         [  71% ] 2 VUs    1m24.9s/2m0s
steady_12_twilio         [  71% ] 2 VUs    1m24.9s/2m0s
cooldown_01_binance    • [   0% ] waiting  0m35.1s
cooldown_02_datadog    • [   0% ] waiting  0m35.1s
cooldown_03_ibm        • [   0% ] waiting  0m35.1s
cooldown_04_intel      • [   0% ] waiting  0m35.1s
cooldown_05_mongo      • [   0% ] waiting  0m35.1s
cooldown_06_oracle     • [   0% ] waiting  0m35.1s
cooldown_07_qualcomm   • [   0% ] waiting  0m35.1s
cooldown_08_salesforce • [   0% ] waiting  0m35.1s
cooldown_09_sap        • [   0% ] waiting  0m35.1s
cooldown_10_shopify    • [   0% ] waiting  0m35.1s
cooldown_11_stripe     • [   0% ] waiting  0m35.1s
cooldown_12_twilio     • [   0% ] waiting  0m35.1s

running (1m55.9s), 24/48 VUs, 2991 complete and 0 interrupted iterations
warmup_01_binance      ✓ [ 100% ] 0/2 VUs  30s
warmup_02_datadog      ✓ [ 100% ] 0/2 VUs  30s
warmup_03_ibm          ✓ [ 100% ] 0/2 VUs  30s
warmup_04_intel        ✓ [ 100% ] 0/2 VUs  30s
warmup_05_mongo        ✓ [ 100% ] 0/2 VUs  30s
warmup_06_oracle       ✓ [ 100% ] 0/2 VUs  30s
warmup_07_qualcomm     ✓ [ 100% ] 0/2 VUs  30s
warmup_08_salesforce   ✓ [ 100% ] 0/2 VUs  30s
warmup_09_sap          ✓ [ 100% ] 0/2 VUs  30s
warmup_10_shopify      ✓ [ 100% ] 0/2 VUs  30s
warmup_11_stripe       ✓ [ 100% ] 0/2 VUs  30s
warmup_12_twilio       ✓ [ 100% ] 0/2 VUs  30s
steady_01_binance        [  72% ] 2 VUs    1m25.9s/2m0s
steady_02_datadog        [  72% ] 2 VUs    1m25.9s/2m0s
steady_03_ibm            [  72% ] 2 VUs    1m25.9s/2m0s
steady_04_intel          [  72% ] 2 VUs    1m25.9s/2m0s
steady_05_mongo          [  72% ] 2 VUs    1m25.9s/2m0s
steady_06_oracle         [  72% ] 2 VUs    1m25.9s/2m0s
steady_07_qualcomm       [  72% ] 2 VUs    1m25.9s/2m0s
steady_08_salesforce     [  72% ] 2 VUs    1m25.9s/2m0s
steady_09_sap            [  72% ] 2 VUs    1m25.9s/2m0s
steady_10_shopify        [  72% ] 2 VUs    1m25.9s/2m0s
steady_11_stripe         [  72% ] 2 VUs    1m25.9s/2m0s
steady_12_twilio         [  72% ] 2 VUs    1m25.9s/2m0s
cooldown_01_binance    • [   0% ] waiting  0m34.1s
cooldown_02_datadog    • [   0% ] waiting  0m34.1s
cooldown_03_ibm        • [   0% ] waiting  0m34.1s
cooldown_04_intel      • [   0% ] waiting  0m34.1s
cooldown_05_mongo      • [   0% ] waiting  0m34.1s
cooldown_06_oracle     • [   0% ] waiting  0m34.1s
cooldown_07_qualcomm   • [   0% ] waiting  0m34.1s
cooldown_08_salesforce • [   0% ] waiting  0m34.1s
cooldown_09_sap        • [   0% ] waiting  0m34.1s
cooldown_10_shopify    • [   0% ] waiting  0m34.1s
cooldown_11_stripe     • [   0% ] waiting  0m34.1s
cooldown_12_twilio     • [   0% ] waiting  0m34.1s

running (1m56.9s), 24/48 VUs, 3030 complete and 0 interrupted iterations
warmup_01_binance      ✓ [ 100% ] 0/2 VUs  30s
warmup_02_datadog      ✓ [ 100% ] 0/2 VUs  30s
warmup_03_ibm          ✓ [ 100% ] 0/2 VUs  30s
warmup_04_intel        ✓ [ 100% ] 0/2 VUs  30s
warmup_05_mongo        ✓ [ 100% ] 0/2 VUs  30s
warmup_06_oracle       ✓ [ 100% ] 0/2 VUs  30s
warmup_07_qualcomm     ✓ [ 100% ] 0/2 VUs  30s
warmup_08_salesforce   ✓ [ 100% ] 0/2 VUs  30s
warmup_09_sap          ✓ [ 100% ] 0/2 VUs  30s
warmup_10_shopify      ✓ [ 100% ] 0/2 VUs  30s
warmup_11_stripe       ✓ [ 100% ] 0/2 VUs  30s
warmup_12_twilio       ✓ [ 100% ] 0/2 VUs  30s
steady_01_binance        [  72% ] 2 VUs    1m26.9s/2m0s
steady_02_datadog        [  72% ] 2 VUs    1m26.9s/2m0s
steady_03_ibm            [  72% ] 2 VUs    1m26.9s/2m0s
steady_04_intel          [  72% ] 2 VUs    1m26.9s/2m0s
steady_05_mongo          [  72% ] 2 VUs    1m26.9s/2m0s
steady_06_oracle         [  72% ] 2 VUs    1m26.9s/2m0s
steady_07_qualcomm       [  72% ] 2 VUs    1m26.9s/2m0s
steady_08_salesforce     [  72% ] 2 VUs    1m26.9s/2m0s
steady_09_sap            [  72% ] 2 VUs    1m26.9s/2m0s
steady_10_shopify        [  72% ] 2 VUs    1m26.9s/2m0s
steady_11_stripe         [  72% ] 2 VUs    1m26.9s/2m0s
steady_12_twilio         [  72% ] 2 VUs    1m26.9s/2m0s
cooldown_01_binance    • [   0% ] waiting  0m33.1s
cooldown_02_datadog    • [   0% ] waiting  0m33.1s
cooldown_03_ibm        • [   0% ] waiting  0m33.1s
cooldown_04_intel      • [   0% ] waiting  0m33.1s
cooldown_05_mongo      • [   0% ] waiting  0m33.1s
cooldown_06_oracle     • [   0% ] waiting  0m33.1s
cooldown_07_qualcomm   • [   0% ] waiting  0m33.1s
cooldown_08_salesforce • [   0% ] waiting  0m33.1s
cooldown_09_sap        • [   0% ] waiting  0m33.1s
cooldown_10_shopify    • [   0% ] waiting  0m33.1s
cooldown_11_stripe     • [   0% ] waiting  0m33.1s
cooldown_12_twilio     • [   0% ] waiting  0m33.1s

running (1m57.9s), 24/48 VUs, 3056 complete and 0 interrupted iterations
warmup_01_binance      ✓ [ 100% ] 0/2 VUs  30s
warmup_02_datadog      ✓ [ 100% ] 0/2 VUs  30s
warmup_03_ibm          ✓ [ 100% ] 0/2 VUs  30s
warmup_04_intel        ✓ [ 100% ] 0/2 VUs  30s
warmup_05_mongo        ✓ [ 100% ] 0/2 VUs  30s
warmup_06_oracle       ✓ [ 100% ] 0/2 VUs  30s
warmup_07_qualcomm     ✓ [ 100% ] 0/2 VUs  30s
warmup_08_salesforce   ✓ [ 100% ] 0/2 VUs  30s
warmup_09_sap          ✓ [ 100% ] 0/2 VUs  30s
warmup_10_shopify      ✓ [ 100% ] 0/2 VUs  30s
warmup_11_stripe       ✓ [ 100% ] 0/2 VUs  30s
warmup_12_twilio       ✓ [ 100% ] 0/2 VUs  30s
steady_01_binance        [  73% ] 2 VUs    1m27.9s/2m0s
steady_02_datadog        [  73% ] 2 VUs    1m27.9s/2m0s
steady_03_ibm            [  73% ] 2 VUs    1m27.9s/2m0s
steady_04_intel          [  73% ] 2 VUs    1m27.9s/2m0s
steady_05_mongo          [  73% ] 2 VUs    1m27.9s/2m0s
steady_06_oracle         [  73% ] 2 VUs    1m27.9s/2m0s
steady_07_qualcomm       [  73% ] 2 VUs    1m27.9s/2m0s
steady_08_salesforce     [  73% ] 2 VUs    1m27.9s/2m0s
steady_09_sap            [  73% ] 2 VUs    1m27.9s/2m0s
steady_10_shopify        [  73% ] 2 VUs    1m27.9s/2m0s
steady_11_stripe         [  73% ] 2 VUs    1m27.9s/2m0s
steady_12_twilio         [  73% ] 2 VUs    1m27.9s/2m0s
cooldown_01_binance    • [   0% ] waiting  0m32.1s
cooldown_02_datadog    • [   0% ] waiting  0m32.1s
cooldown_03_ibm        • [   0% ] waiting  0m32.1s
cooldown_04_intel      • [   0% ] waiting  0m32.1s
cooldown_05_mongo      • [   0% ] waiting  0m32.1s
cooldown_06_oracle     • [   0% ] waiting  0m32.1s
cooldown_07_qualcomm   • [   0% ] waiting  0m32.1s
cooldown_08_salesforce • [   0% ] waiting  0m32.1s
cooldown_09_sap        • [   0% ] waiting  0m32.1s
cooldown_10_shopify    • [   0% ] waiting  0m32.1s
cooldown_11_stripe     • [   0% ] waiting  0m32.1s
cooldown_12_twilio     • [   0% ] waiting  0m32.1s

running (1m58.9s), 24/48 VUs, 3094 complete and 0 interrupted iterations
warmup_01_binance      ✓ [ 100% ] 0/2 VUs  30s
warmup_02_datadog      ✓ [ 100% ] 0/2 VUs  30s
warmup_03_ibm          ✓ [ 100% ] 0/2 VUs  30s
warmup_04_intel        ✓ [ 100% ] 0/2 VUs  30s
warmup_05_mongo        ✓ [ 100% ] 0/2 VUs  30s
warmup_06_oracle       ✓ [ 100% ] 0/2 VUs  30s
warmup_07_qualcomm     ✓ [ 100% ] 0/2 VUs  30s
warmup_08_salesforce   ✓ [ 100% ] 0/2 VUs  30s
warmup_09_sap          ✓ [ 100% ] 0/2 VUs  30s
warmup_10_shopify      ✓ [ 100% ] 0/2 VUs  30s
warmup_11_stripe       ✓ [ 100% ] 0/2 VUs  30s
warmup_12_twilio       ✓ [ 100% ] 0/2 VUs  30s
steady_01_binance        [  74% ] 2 VUs    1m28.9s/2m0s
steady_02_datadog        [  74% ] 2 VUs    1m28.9s/2m0s
steady_03_ibm            [  74% ] 2 VUs    1m28.9s/2m0s
steady_04_intel          [  74% ] 2 VUs    1m28.9s/2m0s
steady_05_mongo          [  74% ] 2 VUs    1m28.9s/2m0s
steady_06_oracle         [  74% ] 2 VUs    1m28.9s/2m0s
steady_07_qualcomm       [  74% ] 2 VUs    1m28.9s/2m0s
steady_08_salesforce     [  74% ] 2 VUs    1m28.9s/2m0s
steady_09_sap            [  74% ] 2 VUs    1m28.9s/2m0s
steady_10_shopify        [  74% ] 2 VUs    1m28.9s/2m0s
steady_11_stripe         [  74% ] 2 VUs    1m28.9s/2m0s
steady_12_twilio         [  74% ] 2 VUs    1m28.9s/2m0s
cooldown_01_binance    • [   0% ] waiting  0m31.1s
cooldown_02_datadog    • [   0% ] waiting  0m31.1s
cooldown_03_ibm        • [   0% ] waiting  0m31.1s
cooldown_04_intel      • [   0% ] waiting  0m31.1s
cooldown_05_mongo      • [   0% ] waiting  0m31.1s
cooldown_06_oracle     • [   0% ] waiting  0m31.1s
cooldown_07_qualcomm   • [   0% ] waiting  0m31.1s
cooldown_08_salesforce • [   0% ] waiting  0m31.1s
cooldown_09_sap        • [   0% ] waiting  0m31.1s
cooldown_10_shopify    • [   0% ] waiting  0m31.1s
cooldown_11_stripe     • [   0% ] waiting  0m31.1s
cooldown_12_twilio     • [   0% ] waiting  0m31.1s

running (1m59.9s), 24/48 VUs, 3127 complete and 0 interrupted iterations
warmup_01_binance      ✓ [ 100% ] 0/2 VUs  30s
warmup_02_datadog      ✓ [ 100% ] 0/2 VUs  30s
warmup_03_ibm          ✓ [ 100% ] 0/2 VUs  30s
warmup_04_intel        ✓ [ 100% ] 0/2 VUs  30s
warmup_05_mongo        ✓ [ 100% ] 0/2 VUs  30s
warmup_06_oracle       ✓ [ 100% ] 0/2 VUs  30s
warmup_07_qualcomm     ✓ [ 100% ] 0/2 VUs  30s
warmup_08_salesforce   ✓ [ 100% ] 0/2 VUs  30s
warmup_09_sap          ✓ [ 100% ] 0/2 VUs  30s
warmup_10_shopify      ✓ [ 100% ] 0/2 VUs  30s
warmup_11_stripe       ✓ [ 100% ] 0/2 VUs  30s
warmup_12_twilio       ✓ [ 100% ] 0/2 VUs  30s
steady_01_binance        [  75% ] 2 VUs    1m29.9s/2m0s
steady_02_datadog        [  75% ] 2 VUs    1m29.9s/2m0s
steady_03_ibm            [  75% ] 2 VUs    1m29.9s/2m0s
steady_04_intel          [  75% ] 2 VUs    1m29.9s/2m0s
steady_05_mongo          [  75% ] 2 VUs    1m29.9s/2m0s
steady_06_oracle         [  75% ] 2 VUs    1m29.9s/2m0s
steady_07_qualcomm       [  75% ] 2 VUs    1m29.9s/2m0s
steady_08_salesforce     [  75% ] 2 VUs    1m29.9s/2m0s
steady_09_sap            [  75% ] 2 VUs    1m29.9s/2m0s
steady_10_shopify        [  75% ] 2 VUs    1m29.9s/2m0s
steady_11_stripe         [  75% ] 2 VUs    1m29.9s/2m0s
steady_12_twilio         [  75% ] 2 VUs    1m29.9s/2m0s
cooldown_01_binance    • [   0% ] waiting  0m30.1s
cooldown_02_datadog    • [   0% ] waiting  0m30.1s
cooldown_03_ibm        • [   0% ] waiting  0m30.1s
cooldown_04_intel      • [   0% ] waiting  0m30.1s
cooldown_05_mongo      • [   0% ] waiting  0m30.1s
cooldown_06_oracle     • [   0% ] waiting  0m30.1s
cooldown_07_qualcomm   • [   0% ] waiting  0m30.1s
cooldown_08_salesforce • [   0% ] waiting  0m30.1s
cooldown_09_sap        • [   0% ] waiting  0m30.1s
cooldown_10_shopify    • [   0% ] waiting  0m30.1s
cooldown_11_stripe     • [   0% ] waiting  0m30.1s
cooldown_12_twilio     • [   0% ] waiting  0m30.1s

running (2m00.9s), 24/48 VUs, 3158 complete and 0 interrupted iterations
warmup_01_binance      ✓ [ 100% ] 0/2 VUs  30s
warmup_02_datadog      ✓ [ 100% ] 0/2 VUs  30s
warmup_03_ibm          ✓ [ 100% ] 0/2 VUs  30s
warmup_04_intel        ✓ [ 100% ] 0/2 VUs  30s
warmup_05_mongo        ✓ [ 100% ] 0/2 VUs  30s
warmup_06_oracle       ✓ [ 100% ] 0/2 VUs  30s
warmup_07_qualcomm     ✓ [ 100% ] 0/2 VUs  30s
warmup_08_salesforce   ✓ [ 100% ] 0/2 VUs  30s
warmup_09_sap          ✓ [ 100% ] 0/2 VUs  30s
warmup_10_shopify      ✓ [ 100% ] 0/2 VUs  30s
warmup_11_stripe       ✓ [ 100% ] 0/2 VUs  30s
warmup_12_twilio       ✓ [ 100% ] 0/2 VUs  30s
steady_01_binance        [  76% ] 2 VUs    1m30.9s/2m0s
steady_02_datadog        [  76% ] 2 VUs    1m30.9s/2m0s
steady_03_ibm            [  76% ] 2 VUs    1m30.9s/2m0s
steady_04_intel          [  76% ] 2 VUs    1m30.9s/2m0s
steady_05_mongo          [  76% ] 2 VUs    1m30.9s/2m0s
steady_06_oracle         [  76% ] 2 VUs    1m30.9s/2m0s
steady_07_qualcomm       [  76% ] 2 VUs    1m30.9s/2m0s
steady_08_salesforce     [  76% ] 2 VUs    1m30.9s/2m0s
steady_09_sap            [  76% ] 2 VUs    1m30.9s/2m0s
steady_10_shopify        [  76% ] 2 VUs    1m30.9s/2m0s
steady_11_stripe         [  76% ] 2 VUs    1m30.9s/2m0s
steady_12_twilio         [  76% ] 2 VUs    1m30.9s/2m0s
cooldown_01_binance    • [   0% ] waiting  0m29.1s
cooldown_02_datadog    • [   0% ] waiting  0m29.1s
cooldown_03_ibm        • [   0% ] waiting  0m29.1s
cooldown_04_intel      • [   0% ] waiting  0m29.1s
cooldown_05_mongo      • [   0% ] waiting  0m29.1s
cooldown_06_oracle     • [   0% ] waiting  0m29.1s
cooldown_07_qualcomm   • [   0% ] waiting  0m29.1s
cooldown_08_salesforce • [   0% ] waiting  0m29.1s
cooldown_09_sap        • [   0% ] waiting  0m29.1s
cooldown_10_shopify    • [   0% ] waiting  0m29.1s
cooldown_11_stripe     • [   0% ] waiting  0m29.1s
cooldown_12_twilio     • [   0% ] waiting  0m29.1s

running (2m01.9s), 24/48 VUs, 3200 complete and 0 interrupted iterations
warmup_01_binance      ✓ [ 100% ] 0/2 VUs  30s
warmup_02_datadog      ✓ [ 100% ] 0/2 VUs  30s
warmup_03_ibm          ✓ [ 100% ] 0/2 VUs  30s
warmup_04_intel        ✓ [ 100% ] 0/2 VUs  30s
warmup_05_mongo        ✓ [ 100% ] 0/2 VUs  30s
warmup_06_oracle       ✓ [ 100% ] 0/2 VUs  30s
warmup_07_qualcomm     ✓ [ 100% ] 0/2 VUs  30s
warmup_08_salesforce   ✓ [ 100% ] 0/2 VUs  30s
warmup_09_sap          ✓ [ 100% ] 0/2 VUs  30s
warmup_10_shopify      ✓ [ 100% ] 0/2 VUs  30s
warmup_11_stripe       ✓ [ 100% ] 0/2 VUs  30s
warmup_12_twilio       ✓ [ 100% ] 0/2 VUs  30s
steady_01_binance        [  77% ] 2 VUs    1m31.9s/2m0s
steady_02_datadog        [  77% ] 2 VUs    1m31.9s/2m0s
steady_03_ibm            [  77% ] 2 VUs    1m31.9s/2m0s
steady_04_intel          [  77% ] 2 VUs    1m31.9s/2m0s
steady_05_mongo          [  77% ] 2 VUs    1m31.9s/2m0s
steady_06_oracle         [  77% ] 2 VUs    1m31.9s/2m0s
steady_07_qualcomm       [  77% ] 2 VUs    1m31.9s/2m0s
steady_08_salesforce     [  77% ] 2 VUs    1m31.9s/2m0s
steady_09_sap            [  77% ] 2 VUs    1m31.9s/2m0s
steady_10_shopify        [  77% ] 2 VUs    1m31.9s/2m0s
steady_11_stripe         [  77% ] 2 VUs    1m31.9s/2m0s
steady_12_twilio         [  77% ] 2 VUs    1m31.9s/2m0s
cooldown_01_binance    • [   0% ] waiting  0m28.1s
cooldown_02_datadog    • [   0% ] waiting  0m28.1s
cooldown_03_ibm        • [   0% ] waiting  0m28.1s
cooldown_04_intel      • [   0% ] waiting  0m28.1s
cooldown_05_mongo      • [   0% ] waiting  0m28.1s
cooldown_06_oracle     • [   0% ] waiting  0m28.1s
cooldown_07_qualcomm   • [   0% ] waiting  0m28.1s
cooldown_08_salesforce • [   0% ] waiting  0m28.1s
cooldown_09_sap        • [   0% ] waiting  0m28.1s
cooldown_10_shopify    • [   0% ] waiting  0m28.1s
cooldown_11_stripe     • [   0% ] waiting  0m28.1s
cooldown_12_twilio     • [   0% ] waiting  0m28.1s

running (2m02.9s), 24/48 VUs, 3223 complete and 0 interrupted iterations
warmup_01_binance      ✓ [ 100% ] 0/2 VUs  30s
warmup_02_datadog      ✓ [ 100% ] 0/2 VUs  30s
warmup_03_ibm          ✓ [ 100% ] 0/2 VUs  30s
warmup_04_intel        ✓ [ 100% ] 0/2 VUs  30s
warmup_05_mongo        ✓ [ 100% ] 0/2 VUs  30s
warmup_06_oracle       ✓ [ 100% ] 0/2 VUs  30s
warmup_07_qualcomm     ✓ [ 100% ] 0/2 VUs  30s
warmup_08_salesforce   ✓ [ 100% ] 0/2 VUs  30s
warmup_09_sap          ✓ [ 100% ] 0/2 VUs  30s
warmup_10_shopify      ✓ [ 100% ] 0/2 VUs  30s
warmup_11_stripe       ✓ [ 100% ] 0/2 VUs  30s
warmup_12_twilio       ✓ [ 100% ] 0/2 VUs  30s
steady_01_binance        [  77% ] 2 VUs    1m32.9s/2m0s
steady_02_datadog        [  77% ] 2 VUs    1m32.9s/2m0s
steady_03_ibm            [  77% ] 2 VUs    1m32.9s/2m0s
steady_04_intel          [  77% ] 2 VUs    1m32.9s/2m0s
steady_05_mongo          [  77% ] 2 VUs    1m32.9s/2m0s
steady_06_oracle         [  77% ] 2 VUs    1m32.9s/2m0s
steady_07_qualcomm       [  77% ] 2 VUs    1m32.9s/2m0s
steady_08_salesforce     [  77% ] 2 VUs    1m32.9s/2m0s
steady_09_sap            [  77% ] 2 VUs    1m32.9s/2m0s
steady_10_shopify        [  77% ] 2 VUs    1m32.9s/2m0s
steady_11_stripe         [  77% ] 2 VUs    1m32.9s/2m0s
steady_12_twilio         [  77% ] 2 VUs    1m32.9s/2m0s
cooldown_01_binance    • [   0% ] waiting  0m27.1s
cooldown_02_datadog    • [   0% ] waiting  0m27.1s
cooldown_03_ibm        • [   0% ] waiting  0m27.1s
cooldown_04_intel      • [   0% ] waiting  0m27.1s
cooldown_05_mongo      • [   0% ] waiting  0m27.1s
cooldown_06_oracle     • [   0% ] waiting  0m27.1s
cooldown_07_qualcomm   • [   0% ] waiting  0m27.1s
cooldown_08_salesforce • [   0% ] waiting  0m27.1s
cooldown_09_sap        • [   0% ] waiting  0m27.1s
cooldown_10_shopify    • [   0% ] waiting  0m27.1s
cooldown_11_stripe     • [   0% ] waiting  0m27.1s
cooldown_12_twilio     • [   0% ] waiting  0m27.1s

running (2m03.9s), 24/48 VUs, 3245 complete and 0 interrupted iterations
warmup_01_binance      ✓ [ 100% ] 0/2 VUs  30s
warmup_02_datadog      ✓ [ 100% ] 0/2 VUs  30s
warmup_03_ibm          ✓ [ 100% ] 0/2 VUs  30s
warmup_04_intel        ✓ [ 100% ] 0/2 VUs  30s
warmup_05_mongo        ✓ [ 100% ] 0/2 VUs  30s
warmup_06_oracle       ✓ [ 100% ] 0/2 VUs  30s
warmup_07_qualcomm     ✓ [ 100% ] 0/2 VUs  30s
warmup_08_salesforce   ✓ [ 100% ] 0/2 VUs  30s
warmup_09_sap          ✓ [ 100% ] 0/2 VUs  30s
warmup_10_shopify      ✓ [ 100% ] 0/2 VUs  30s
warmup_11_stripe       ✓ [ 100% ] 0/2 VUs  30s
warmup_12_twilio       ✓ [ 100% ] 0/2 VUs  30s
steady_01_binance        [  78% ] 2 VUs    1m33.9s/2m0s
steady_02_datadog        [  78% ] 2 VUs    1m33.9s/2m0s
steady_03_ibm            [  78% ] 2 VUs    1m33.9s/2m0s
steady_04_intel          [  78% ] 2 VUs    1m33.9s/2m0s
steady_05_mongo          [  78% ] 2 VUs    1m33.9s/2m0s
steady_06_oracle         [  78% ] 2 VUs    1m33.9s/2m0s
steady_07_qualcomm       [  78% ] 2 VUs    1m33.9s/2m0s
steady_08_salesforce     [  78% ] 2 VUs    1m33.9s/2m0s
steady_09_sap            [  78% ] 2 VUs    1m33.9s/2m0s
steady_10_shopify        [  78% ] 2 VUs    1m33.9s/2m0s
steady_11_stripe         [  78% ] 2 VUs    1m33.9s/2m0s
steady_12_twilio         [  78% ] 2 VUs    1m33.9s/2m0s
cooldown_01_binance    • [   0% ] waiting  0m26.1s
cooldown_02_datadog    • [   0% ] waiting  0m26.1s
cooldown_03_ibm        • [   0% ] waiting  0m26.1s
cooldown_04_intel      • [   0% ] waiting  0m26.1s
cooldown_05_mongo      • [   0% ] waiting  0m26.1s
cooldown_06_oracle     • [   0% ] waiting  0m26.1s
cooldown_07_qualcomm   • [   0% ] waiting  0m26.1s
cooldown_08_salesforce • [   0% ] waiting  0m26.1s
cooldown_09_sap        • [   0% ] waiting  0m26.1s
cooldown_10_shopify    • [   0% ] waiting  0m26.1s
cooldown_11_stripe     • [   0% ] waiting  0m26.1s
cooldown_12_twilio     • [   0% ] waiting  0m26.1s

running (2m04.9s), 24/48 VUs, 3271 complete and 0 interrupted iterations
warmup_01_binance      ✓ [ 100% ] 0/2 VUs  30s
warmup_02_datadog      ✓ [ 100% ] 0/2 VUs  30s
warmup_03_ibm          ✓ [ 100% ] 0/2 VUs  30s
warmup_04_intel        ✓ [ 100% ] 0/2 VUs  30s
warmup_05_mongo        ✓ [ 100% ] 0/2 VUs  30s
warmup_06_oracle       ✓ [ 100% ] 0/2 VUs  30s
warmup_07_qualcomm     ✓ [ 100% ] 0/2 VUs  30s
warmup_08_salesforce   ✓ [ 100% ] 0/2 VUs  30s
warmup_09_sap          ✓ [ 100% ] 0/2 VUs  30s
warmup_10_shopify      ✓ [ 100% ] 0/2 VUs  30s
warmup_11_stripe       ✓ [ 100% ] 0/2 VUs  30s
warmup_12_twilio       ✓ [ 100% ] 0/2 VUs  30s
steady_01_binance        [  79% ] 2 VUs    1m34.9s/2m0s
steady_02_datadog        [  79% ] 2 VUs    1m34.9s/2m0s
steady_03_ibm            [  79% ] 2 VUs    1m34.9s/2m0s
steady_04_intel          [  79% ] 2 VUs    1m34.9s/2m0s
steady_05_mongo          [  79% ] 2 VUs    1m34.9s/2m0s
steady_06_oracle         [  79% ] 2 VUs    1m34.9s/2m0s
steady_07_qualcomm       [  79% ] 2 VUs    1m34.9s/2m0s
steady_08_salesforce     [  79% ] 2 VUs    1m34.9s/2m0s
steady_09_sap            [  79% ] 2 VUs    1m34.9s/2m0s
steady_10_shopify        [  79% ] 2 VUs    1m34.9s/2m0s
steady_11_stripe         [  79% ] 2 VUs    1m34.9s/2m0s
steady_12_twilio         [  79% ] 2 VUs    1m34.9s/2m0s
cooldown_01_binance    • [   0% ] waiting  0m25.1s
cooldown_02_datadog    • [   0% ] waiting  0m25.1s
cooldown_03_ibm        • [   0% ] waiting  0m25.1s
cooldown_04_intel      • [   0% ] waiting  0m25.1s
cooldown_05_mongo      • [   0% ] waiting  0m25.1s
cooldown_06_oracle     • [   0% ] waiting  0m25.1s
cooldown_07_qualcomm   • [   0% ] waiting  0m25.1s
cooldown_08_salesforce • [   0% ] waiting  0m25.1s
cooldown_09_sap        • [   0% ] waiting  0m25.1s
cooldown_10_shopify    • [   0% ] waiting  0m25.1s
cooldown_11_stripe     • [   0% ] waiting  0m25.1s
cooldown_12_twilio     • [   0% ] waiting  0m25.1s

running (2m05.9s), 24/48 VUs, 3311 complete and 0 interrupted iterations
warmup_01_binance      ✓ [ 100% ] 0/2 VUs  30s
warmup_02_datadog      ✓ [ 100% ] 0/2 VUs  30s
warmup_03_ibm          ✓ [ 100% ] 0/2 VUs  30s
warmup_04_intel        ✓ [ 100% ] 0/2 VUs  30s
warmup_05_mongo        ✓ [ 100% ] 0/2 VUs  30s
warmup_06_oracle       ✓ [ 100% ] 0/2 VUs  30s
warmup_07_qualcomm     ✓ [ 100% ] 0/2 VUs  30s
warmup_08_salesforce   ✓ [ 100% ] 0/2 VUs  30s
warmup_09_sap          ✓ [ 100% ] 0/2 VUs  30s
warmup_10_shopify      ✓ [ 100% ] 0/2 VUs  30s
warmup_11_stripe       ✓ [ 100% ] 0/2 VUs  30s
warmup_12_twilio       ✓ [ 100% ] 0/2 VUs  30s
steady_01_binance        [  80% ] 2 VUs    1m35.9s/2m0s
steady_02_datadog        [  80% ] 2 VUs    1m35.9s/2m0s
steady_03_ibm            [  80% ] 2 VUs    1m35.9s/2m0s
steady_04_intel          [  80% ] 2 VUs    1m35.9s/2m0s
steady_05_mongo          [  80% ] 2 VUs    1m35.9s/2m0s
steady_06_oracle         [  80% ] 2 VUs    1m35.9s/2m0s
steady_07_qualcomm       [  80% ] 2 VUs    1m35.9s/2m0s
steady_08_salesforce     [  80% ] 2 VUs    1m35.9s/2m0s
steady_09_sap            [  80% ] 2 VUs    1m35.9s/2m0s
steady_10_shopify        [  80% ] 2 VUs    1m35.9s/2m0s
steady_11_stripe         [  80% ] 2 VUs    1m35.9s/2m0s
steady_12_twilio         [  80% ] 2 VUs    1m35.9s/2m0s
cooldown_01_binance    • [   0% ] waiting  0m24.1s
cooldown_02_datadog    • [   0% ] waiting  0m24.1s
cooldown_03_ibm        • [   0% ] waiting  0m24.1s
cooldown_04_intel      • [   0% ] waiting  0m24.1s
cooldown_05_mongo      • [   0% ] waiting  0m24.1s
cooldown_06_oracle     • [   0% ] waiting  0m24.1s
cooldown_07_qualcomm   • [   0% ] waiting  0m24.1s
cooldown_08_salesforce • [   0% ] waiting  0m24.1s
cooldown_09_sap        • [   0% ] waiting  0m24.1s
cooldown_10_shopify    • [   0% ] waiting  0m24.1s
cooldown_11_stripe     • [   0% ] waiting  0m24.1s
cooldown_12_twilio     • [   0% ] waiting  0m24.1s

running (2m06.9s), 24/48 VUs, 3333 complete and 0 interrupted iterations
warmup_01_binance      ✓ [ 100% ] 0/2 VUs  30s
warmup_02_datadog      ✓ [ 100% ] 0/2 VUs  30s
warmup_03_ibm          ✓ [ 100% ] 0/2 VUs  30s
warmup_04_intel        ✓ [ 100% ] 0/2 VUs  30s
warmup_05_mongo        ✓ [ 100% ] 0/2 VUs  30s
warmup_06_oracle       ✓ [ 100% ] 0/2 VUs  30s
warmup_07_qualcomm     ✓ [ 100% ] 0/2 VUs  30s
warmup_08_salesforce   ✓ [ 100% ] 0/2 VUs  30s
warmup_09_sap          ✓ [ 100% ] 0/2 VUs  30s
warmup_10_shopify      ✓ [ 100% ] 0/2 VUs  30s
warmup_11_stripe       ✓ [ 100% ] 0/2 VUs  30s
warmup_12_twilio       ✓ [ 100% ] 0/2 VUs  30s
steady_01_binance        [  81% ] 2 VUs    1m36.9s/2m0s
steady_02_datadog        [  81% ] 2 VUs    1m36.9s/2m0s
steady_03_ibm            [  81% ] 2 VUs    1m36.9s/2m0s
steady_04_intel          [  81% ] 2 VUs    1m36.9s/2m0s
steady_05_mongo          [  81% ] 2 VUs    1m36.9s/2m0s
steady_06_oracle         [  81% ] 2 VUs    1m36.9s/2m0s
steady_07_qualcomm       [  81% ] 2 VUs    1m36.9s/2m0s
steady_08_salesforce     [  81% ] 2 VUs    1m36.9s/2m0s
steady_09_sap            [  81% ] 2 VUs    1m36.9s/2m0s
steady_10_shopify        [  81% ] 2 VUs    1m36.9s/2m0s
steady_11_stripe         [  81% ] 2 VUs    1m36.9s/2m0s
steady_12_twilio         [  81% ] 2 VUs    1m36.9s/2m0s
cooldown_01_binance    • [   0% ] waiting  0m23.1s
cooldown_02_datadog    • [   0% ] waiting  0m23.1s
cooldown_03_ibm        • [   0% ] waiting  0m23.1s
cooldown_04_intel      • [   0% ] waiting  0m23.1s
cooldown_05_mongo      • [   0% ] waiting  0m23.1s
cooldown_06_oracle     • [   0% ] waiting  0m23.1s
cooldown_07_qualcomm   • [   0% ] waiting  0m23.1s
cooldown_08_salesforce • [   0% ] waiting  0m23.1s
cooldown_09_sap        • [   0% ] waiting  0m23.1s
cooldown_10_shopify    • [   0% ] waiting  0m23.1s
cooldown_11_stripe     • [   0% ] waiting  0m23.1s
cooldown_12_twilio     • [   0% ] waiting  0m23.1s

running (2m07.9s), 24/48 VUs, 3341 complete and 0 interrupted iterations
warmup_01_binance      ✓ [ 100% ] 0/2 VUs  30s
warmup_02_datadog      ✓ [ 100% ] 0/2 VUs  30s
warmup_03_ibm          ✓ [ 100% ] 0/2 VUs  30s
warmup_04_intel        ✓ [ 100% ] 0/2 VUs  30s
warmup_05_mongo        ✓ [ 100% ] 0/2 VUs  30s
warmup_06_oracle       ✓ [ 100% ] 0/2 VUs  30s
warmup_07_qualcomm     ✓ [ 100% ] 0/2 VUs  30s
warmup_08_salesforce   ✓ [ 100% ] 0/2 VUs  30s
warmup_09_sap          ✓ [ 100% ] 0/2 VUs  30s
warmup_10_shopify      ✓ [ 100% ] 0/2 VUs  30s
warmup_11_stripe       ✓ [ 100% ] 0/2 VUs  30s
warmup_12_twilio       ✓ [ 100% ] 0/2 VUs  30s
steady_01_binance        [  82% ] 2 VUs    1m37.9s/2m0s
steady_02_datadog        [  82% ] 2 VUs    1m37.9s/2m0s
steady_03_ibm            [  82% ] 2 VUs    1m37.9s/2m0s
steady_04_intel          [  82% ] 2 VUs    1m37.9s/2m0s
steady_05_mongo          [  82% ] 2 VUs    1m37.9s/2m0s
steady_06_oracle         [  82% ] 2 VUs    1m37.9s/2m0s
steady_07_qualcomm       [  82% ] 2 VUs    1m37.9s/2m0s
steady_08_salesforce     [  82% ] 2 VUs    1m37.9s/2m0s
steady_09_sap            [  82% ] 2 VUs    1m37.9s/2m0s
steady_10_shopify        [  82% ] 2 VUs    1m37.9s/2m0s
steady_11_stripe         [  82% ] 2 VUs    1m37.9s/2m0s
steady_12_twilio         [  82% ] 2 VUs    1m37.9s/2m0s
cooldown_01_binance    • [   0% ] waiting  0m22.1s
cooldown_02_datadog    • [   0% ] waiting  0m22.1s
cooldown_03_ibm        • [   0% ] waiting  0m22.1s
cooldown_04_intel      • [   0% ] waiting  0m22.1s
cooldown_05_mongo      • [   0% ] waiting  0m22.1s
cooldown_06_oracle     • [   0% ] waiting  0m22.1s
cooldown_07_qualcomm   • [   0% ] waiting  0m22.1s
cooldown_08_salesforce • [   0% ] waiting  0m22.1s
cooldown_09_sap        • [   0% ] waiting  0m22.1s
cooldown_10_shopify    • [   0% ] waiting  0m22.1s
cooldown_11_stripe     • [   0% ] waiting  0m22.1s
cooldown_12_twilio     • [   0% ] waiting  0m22.1s

running (2m08.9s), 24/48 VUs, 3365 complete and 0 interrupted iterations
warmup_01_binance      ✓ [ 100% ] 0/2 VUs  30s
warmup_02_datadog      ✓ [ 100% ] 0/2 VUs  30s
warmup_03_ibm          ✓ [ 100% ] 0/2 VUs  30s
warmup_04_intel        ✓ [ 100% ] 0/2 VUs  30s
warmup_05_mongo        ✓ [ 100% ] 0/2 VUs  30s
warmup_06_oracle       ✓ [ 100% ] 0/2 VUs  30s
warmup_07_qualcomm     ✓ [ 100% ] 0/2 VUs  30s
warmup_08_salesforce   ✓ [ 100% ] 0/2 VUs  30s
warmup_09_sap          ✓ [ 100% ] 0/2 VUs  30s
warmup_10_shopify      ✓ [ 100% ] 0/2 VUs  30s
warmup_11_stripe       ✓ [ 100% ] 0/2 VUs  30s
warmup_12_twilio       ✓ [ 100% ] 0/2 VUs  30s
steady_01_binance        [  82% ] 2 VUs    1m38.9s/2m0s
steady_02_datadog        [  82% ] 2 VUs    1m38.9s/2m0s
steady_03_ibm            [  82% ] 2 VUs    1m38.9s/2m0s
steady_04_intel          [  82% ] 2 VUs    1m38.9s/2m0s
steady_05_mongo          [  82% ] 2 VUs    1m38.9s/2m0s
steady_06_oracle         [  82% ] 2 VUs    1m38.9s/2m0s
steady_07_qualcomm       [  82% ] 2 VUs    1m38.9s/2m0s
steady_08_salesforce     [  82% ] 2 VUs    1m38.9s/2m0s
steady_09_sap            [  82% ] 2 VUs    1m38.9s/2m0s
steady_10_shopify        [  82% ] 2 VUs    1m38.9s/2m0s
steady_11_stripe         [  82% ] 2 VUs    1m38.9s/2m0s
steady_12_twilio         [  82% ] 2 VUs    1m38.9s/2m0s
cooldown_01_binance    • [   0% ] waiting  0m21.1s
cooldown_02_datadog    • [   0% ] waiting  0m21.1s
cooldown_03_ibm        • [   0% ] waiting  0m21.1s
cooldown_04_intel      • [   0% ] waiting  0m21.1s
cooldown_05_mongo      • [   0% ] waiting  0m21.1s
cooldown_06_oracle     • [   0% ] waiting  0m21.1s
cooldown_07_qualcomm   • [   0% ] waiting  0m21.1s
cooldown_08_salesforce • [   0% ] waiting  0m21.1s
cooldown_09_sap        • [   0% ] waiting  0m21.1s
cooldown_10_shopify    • [   0% ] waiting  0m21.1s
cooldown_11_stripe     • [   0% ] waiting  0m21.1s
cooldown_12_twilio     • [   0% ] waiting  0m21.1s

running (2m09.9s), 24/48 VUs, 3385 complete and 0 interrupted iterations
warmup_01_binance      ✓ [ 100% ] 0/2 VUs  30s
warmup_02_datadog      ✓ [ 100% ] 0/2 VUs  30s
warmup_03_ibm          ✓ [ 100% ] 0/2 VUs  30s
warmup_04_intel        ✓ [ 100% ] 0/2 VUs  30s
warmup_05_mongo        ✓ [ 100% ] 0/2 VUs  30s
warmup_06_oracle       ✓ [ 100% ] 0/2 VUs  30s
warmup_07_qualcomm     ✓ [ 100% ] 0/2 VUs  30s
warmup_08_salesforce   ✓ [ 100% ] 0/2 VUs  30s
warmup_09_sap          ✓ [ 100% ] 0/2 VUs  30s
warmup_10_shopify      ✓ [ 100% ] 0/2 VUs  30s
warmup_11_stripe       ✓ [ 100% ] 0/2 VUs  30s
warmup_12_twilio       ✓ [ 100% ] 0/2 VUs  30s
steady_01_binance        [  83% ] 2 VUs    1m39.9s/2m0s
steady_02_datadog        [  83% ] 2 VUs    1m39.9s/2m0s
steady_03_ibm            [  83% ] 2 VUs    1m39.9s/2m0s
steady_04_intel          [  83% ] 2 VUs    1m39.9s/2m0s
steady_05_mongo          [  83% ] 2 VUs    1m39.9s/2m0s
steady_06_oracle         [  83% ] 2 VUs    1m39.9s/2m0s
steady_07_qualcomm       [  83% ] 2 VUs    1m39.9s/2m0s
steady_08_salesforce     [  83% ] 2 VUs    1m39.9s/2m0s
steady_09_sap            [  83% ] 2 VUs    1m39.9s/2m0s
steady_10_shopify        [  83% ] 2 VUs    1m39.9s/2m0s
steady_11_stripe         [  83% ] 2 VUs    1m39.9s/2m0s
steady_12_twilio         [  83% ] 2 VUs    1m39.9s/2m0s
cooldown_01_binance    • [   0% ] waiting  0m20.1s
cooldown_02_datadog    • [   0% ] waiting  0m20.1s
cooldown_03_ibm        • [   0% ] waiting  0m20.1s
cooldown_04_intel      • [   0% ] waiting  0m20.1s
cooldown_05_mongo      • [   0% ] waiting  0m20.1s
cooldown_06_oracle     • [   0% ] waiting  0m20.1s
cooldown_07_qualcomm   • [   0% ] waiting  0m20.1s
cooldown_08_salesforce • [   0% ] waiting  0m20.1s
cooldown_09_sap        • [   0% ] waiting  0m20.1s
cooldown_10_shopify    • [   0% ] waiting  0m20.1s
cooldown_11_stripe     • [   0% ] waiting  0m20.1s
cooldown_12_twilio     • [   0% ] waiting  0m20.1s

running (2m10.9s), 24/48 VUs, 3422 complete and 0 interrupted iterations
warmup_01_binance      ✓ [ 100% ] 0/2 VUs  30s
warmup_02_datadog      ✓ [ 100% ] 0/2 VUs  30s
warmup_03_ibm          ✓ [ 100% ] 0/2 VUs  30s
warmup_04_intel        ✓ [ 100% ] 0/2 VUs  30s
warmup_05_mongo        ✓ [ 100% ] 0/2 VUs  30s
warmup_06_oracle       ✓ [ 100% ] 0/2 VUs  30s
warmup_07_qualcomm     ✓ [ 100% ] 0/2 VUs  30s
warmup_08_salesforce   ✓ [ 100% ] 0/2 VUs  30s
warmup_09_sap          ✓ [ 100% ] 0/2 VUs  30s
warmup_10_shopify      ✓ [ 100% ] 0/2 VUs  30s
warmup_11_stripe       ✓ [ 100% ] 0/2 VUs  30s
warmup_12_twilio       ✓ [ 100% ] 0/2 VUs  30s
steady_01_binance        [  84% ] 2 VUs    1m40.9s/2m0s
steady_02_datadog        [  84% ] 2 VUs    1m40.9s/2m0s
steady_03_ibm            [  84% ] 2 VUs    1m40.9s/2m0s
steady_04_intel          [  84% ] 2 VUs    1m40.9s/2m0s
steady_05_mongo          [  84% ] 2 VUs    1m40.9s/2m0s
steady_06_oracle         [  84% ] 2 VUs    1m40.9s/2m0s
steady_07_qualcomm       [  84% ] 2 VUs    1m40.9s/2m0s
steady_08_salesforce     [  84% ] 2 VUs    1m40.9s/2m0s
steady_09_sap            [  84% ] 2 VUs    1m40.9s/2m0s
steady_10_shopify        [  84% ] 2 VUs    1m40.9s/2m0s
steady_11_stripe         [  84% ] 2 VUs    1m40.9s/2m0s
steady_12_twilio         [  84% ] 2 VUs    1m40.9s/2m0s
cooldown_01_binance    • [   0% ] waiting  0m19.1s
cooldown_02_datadog    • [   0% ] waiting  0m19.1s
cooldown_03_ibm        • [   0% ] waiting  0m19.1s
cooldown_04_intel      • [   0% ] waiting  0m19.1s
cooldown_05_mongo      • [   0% ] waiting  0m19.1s
cooldown_06_oracle     • [   0% ] waiting  0m19.1s
cooldown_07_qualcomm   • [   0% ] waiting  0m19.1s
cooldown_08_salesforce • [   0% ] waiting  0m19.1s
cooldown_09_sap        • [   0% ] waiting  0m19.1s
cooldown_10_shopify    • [   0% ] waiting  0m19.1s
cooldown_11_stripe     • [   0% ] waiting  0m19.1s
cooldown_12_twilio     • [   0% ] waiting  0m19.1s

running (2m11.9s), 24/48 VUs, 3440 complete and 0 interrupted iterations
warmup_01_binance      ✓ [ 100% ] 0/2 VUs  30s
warmup_02_datadog      ✓ [ 100% ] 0/2 VUs  30s
warmup_03_ibm          ✓ [ 100% ] 0/2 VUs  30s
warmup_04_intel        ✓ [ 100% ] 0/2 VUs  30s
warmup_05_mongo        ✓ [ 100% ] 0/2 VUs  30s
warmup_06_oracle       ✓ [ 100% ] 0/2 VUs  30s
warmup_07_qualcomm     ✓ [ 100% ] 0/2 VUs  30s
warmup_08_salesforce   ✓ [ 100% ] 0/2 VUs  30s
warmup_09_sap          ✓ [ 100% ] 0/2 VUs  30s
warmup_10_shopify      ✓ [ 100% ] 0/2 VUs  30s
warmup_11_stripe       ✓ [ 100% ] 0/2 VUs  30s
warmup_12_twilio       ✓ [ 100% ] 0/2 VUs  30s
steady_01_binance        [  85% ] 2 VUs    1m41.9s/2m0s
steady_02_datadog        [  85% ] 2 VUs    1m41.9s/2m0s
steady_03_ibm            [  85% ] 2 VUs    1m41.9s/2m0s
steady_04_intel          [  85% ] 2 VUs    1m41.9s/2m0s
steady_05_mongo          [  85% ] 2 VUs    1m41.9s/2m0s
steady_06_oracle         [  85% ] 2 VUs    1m41.9s/2m0s
steady_07_qualcomm       [  85% ] 2 VUs    1m41.9s/2m0s
steady_08_salesforce     [  85% ] 2 VUs    1m41.9s/2m0s
steady_09_sap            [  85% ] 2 VUs    1m41.9s/2m0s
steady_10_shopify        [  85% ] 2 VUs    1m41.9s/2m0s
steady_11_stripe         [  85% ] 2 VUs    1m41.9s/2m0s
steady_12_twilio         [  85% ] 2 VUs    1m41.9s/2m0s
cooldown_01_binance    • [   0% ] waiting  0m18.1s
cooldown_02_datadog    • [   0% ] waiting  0m18.1s
cooldown_03_ibm        • [   0% ] waiting  0m18.1s
cooldown_04_intel      • [   0% ] waiting  0m18.1s
cooldown_05_mongo      • [   0% ] waiting  0m18.1s
cooldown_06_oracle     • [   0% ] waiting  0m18.1s
cooldown_07_qualcomm   • [   0% ] waiting  0m18.1s
cooldown_08_salesforce • [   0% ] waiting  0m18.1s
cooldown_09_sap        • [   0% ] waiting  0m18.1s
cooldown_10_shopify    • [   0% ] waiting  0m18.1s
cooldown_11_stripe     • [   0% ] waiting  0m18.1s
cooldown_12_twilio     • [   0% ] waiting  0m18.1s

running (2m12.9s), 24/48 VUs, 3478 complete and 0 interrupted iterations
warmup_01_binance      ✓ [ 100% ] 0/2 VUs  30s
warmup_02_datadog      ✓ [ 100% ] 0/2 VUs  30s
warmup_03_ibm          ✓ [ 100% ] 0/2 VUs  30s
warmup_04_intel        ✓ [ 100% ] 0/2 VUs  30s
warmup_05_mongo        ✓ [ 100% ] 0/2 VUs  30s
warmup_06_oracle       ✓ [ 100% ] 0/2 VUs  30s
warmup_07_qualcomm     ✓ [ 100% ] 0/2 VUs  30s
warmup_08_salesforce   ✓ [ 100% ] 0/2 VUs  30s
warmup_09_sap          ✓ [ 100% ] 0/2 VUs  30s
warmup_10_shopify      ✓ [ 100% ] 0/2 VUs  30s
warmup_11_stripe       ✓ [ 100% ] 0/2 VUs  30s
warmup_12_twilio       ✓ [ 100% ] 0/2 VUs  30s
steady_01_binance        [  86% ] 2 VUs    1m42.9s/2m0s
steady_02_datadog        [  86% ] 2 VUs    1m42.9s/2m0s
steady_03_ibm            [  86% ] 2 VUs    1m42.9s/2m0s
steady_04_intel          [  86% ] 2 VUs    1m42.9s/2m0s
steady_05_mongo          [  86% ] 2 VUs    1m42.9s/2m0s
steady_06_oracle         [  86% ] 2 VUs    1m42.9s/2m0s
steady_07_qualcomm       [  86% ] 2 VUs    1m42.9s/2m0s
steady_08_salesforce     [  86% ] 2 VUs    1m42.9s/2m0s
steady_09_sap            [  86% ] 2 VUs    1m42.9s/2m0s
steady_10_shopify        [  86% ] 2 VUs    1m42.9s/2m0s
steady_11_stripe         [  86% ] 2 VUs    1m42.9s/2m0s
steady_12_twilio         [  86% ] 2 VUs    1m42.9s/2m0s
cooldown_01_binance    • [   0% ] waiting  0m17.1s
cooldown_02_datadog    • [   0% ] waiting  0m17.1s
cooldown_03_ibm        • [   0% ] waiting  0m17.1s
cooldown_04_intel      • [   0% ] waiting  0m17.1s
cooldown_05_mongo      • [   0% ] waiting  0m17.1s
cooldown_06_oracle     • [   0% ] waiting  0m17.1s
cooldown_07_qualcomm   • [   0% ] waiting  0m17.1s
cooldown_08_salesforce • [   0% ] waiting  0m17.1s
cooldown_09_sap        • [   0% ] waiting  0m17.1s
cooldown_10_shopify    • [   0% ] waiting  0m17.1s
cooldown_11_stripe     • [   0% ] waiting  0m17.1s
cooldown_12_twilio     • [   0% ] waiting  0m17.1s

running (2m13.9s), 24/48 VUs, 3496 complete and 0 interrupted iterations
warmup_01_binance      ✓ [ 100% ] 0/2 VUs  30s
warmup_02_datadog      ✓ [ 100% ] 0/2 VUs  30s
warmup_03_ibm          ✓ [ 100% ] 0/2 VUs  30s
warmup_04_intel        ✓ [ 100% ] 0/2 VUs  30s
warmup_05_mongo        ✓ [ 100% ] 0/2 VUs  30s
warmup_06_oracle       ✓ [ 100% ] 0/2 VUs  30s
warmup_07_qualcomm     ✓ [ 100% ] 0/2 VUs  30s
warmup_08_salesforce   ✓ [ 100% ] 0/2 VUs  30s
warmup_09_sap          ✓ [ 100% ] 0/2 VUs  30s
warmup_10_shopify      ✓ [ 100% ] 0/2 VUs  30s
warmup_11_stripe       ✓ [ 100% ] 0/2 VUs  30s
warmup_12_twilio       ✓ [ 100% ] 0/2 VUs  30s
steady_01_binance        [  87% ] 2 VUs    1m43.9s/2m0s
steady_02_datadog        [  87% ] 2 VUs    1m43.9s/2m0s
steady_03_ibm            [  87% ] 2 VUs    1m43.9s/2m0s
steady_04_intel          [  87% ] 2 VUs    1m43.9s/2m0s
steady_05_mongo          [  87% ] 2 VUs    1m43.9s/2m0s
steady_06_oracle         [  87% ] 2 VUs    1m43.9s/2m0s
steady_07_qualcomm       [  87% ] 2 VUs    1m43.9s/2m0s
steady_08_salesforce     [  87% ] 2 VUs    1m43.9s/2m0s
steady_09_sap            [  87% ] 2 VUs    1m43.9s/2m0s
steady_10_shopify        [  87% ] 2 VUs    1m43.9s/2m0s
steady_11_stripe         [  87% ] 2 VUs    1m43.9s/2m0s
steady_12_twilio         [  87% ] 2 VUs    1m43.9s/2m0s
cooldown_01_binance    • [   0% ] waiting  0m16.1s
cooldown_02_datadog    • [   0% ] waiting  0m16.1s
cooldown_03_ibm        • [   0% ] waiting  0m16.1s
cooldown_04_intel      • [   0% ] waiting  0m16.1s
cooldown_05_mongo      • [   0% ] waiting  0m16.1s
cooldown_06_oracle     • [   0% ] waiting  0m16.1s
cooldown_07_qualcomm   • [   0% ] waiting  0m16.1s
cooldown_08_salesforce • [   0% ] waiting  0m16.1s
cooldown_09_sap        • [   0% ] waiting  0m16.1s
cooldown_10_shopify    • [   0% ] waiting  0m16.1s
cooldown_11_stripe     • [   0% ] waiting  0m16.1s
cooldown_12_twilio     • [   0% ] waiting  0m16.1s

running (2m14.9s), 24/48 VUs, 3534 complete and 0 interrupted iterations
warmup_01_binance      ✓ [ 100% ] 0/2 VUs  30s
warmup_02_datadog      ✓ [ 100% ] 0/2 VUs  30s
warmup_03_ibm          ✓ [ 100% ] 0/2 VUs  30s
warmup_04_intel        ✓ [ 100% ] 0/2 VUs  30s
warmup_05_mongo        ✓ [ 100% ] 0/2 VUs  30s
warmup_06_oracle       ✓ [ 100% ] 0/2 VUs  30s
warmup_07_qualcomm     ✓ [ 100% ] 0/2 VUs  30s
warmup_08_salesforce   ✓ [ 100% ] 0/2 VUs  30s
warmup_09_sap          ✓ [ 100% ] 0/2 VUs  30s
warmup_10_shopify      ✓ [ 100% ] 0/2 VUs  30s
warmup_11_stripe       ✓ [ 100% ] 0/2 VUs  30s
warmup_12_twilio       ✓ [ 100% ] 0/2 VUs  30s
steady_01_binance        [  87% ] 2 VUs    1m44.9s/2m0s
steady_02_datadog        [  87% ] 2 VUs    1m44.9s/2m0s
steady_03_ibm            [  87% ] 2 VUs    1m44.9s/2m0s
steady_04_intel          [  87% ] 2 VUs    1m44.9s/2m0s
steady_05_mongo          [  87% ] 2 VUs    1m44.9s/2m0s
steady_06_oracle         [  87% ] 2 VUs    1m44.9s/2m0s
steady_07_qualcomm       [  87% ] 2 VUs    1m44.9s/2m0s
steady_08_salesforce     [  87% ] 2 VUs    1m44.9s/2m0s
steady_09_sap            [  87% ] 2 VUs    1m44.9s/2m0s
steady_10_shopify        [  87% ] 2 VUs    1m44.9s/2m0s
steady_11_stripe         [  87% ] 2 VUs    1m44.9s/2m0s
steady_12_twilio         [  87% ] 2 VUs    1m44.9s/2m0s
cooldown_01_binance    • [   0% ] waiting  0m15.1s
cooldown_02_datadog    • [   0% ] waiting  0m15.1s
cooldown_03_ibm        • [   0% ] waiting  0m15.1s
cooldown_04_intel      • [   0% ] waiting  0m15.1s
cooldown_05_mongo      • [   0% ] waiting  0m15.1s
cooldown_06_oracle     • [   0% ] waiting  0m15.1s
cooldown_07_qualcomm   • [   0% ] waiting  0m15.1s
cooldown_08_salesforce • [   0% ] waiting  0m15.1s
cooldown_09_sap        • [   0% ] waiting  0m15.1s
cooldown_10_shopify    • [   0% ] waiting  0m15.1s
cooldown_11_stripe     • [   0% ] waiting  0m15.1s
cooldown_12_twilio     • [   0% ] waiting  0m15.1s

running (2m15.9s), 24/48 VUs, 3556 complete and 0 interrupted iterations
warmup_01_binance      ✓ [ 100% ] 0/2 VUs  30s
warmup_02_datadog      ✓ [ 100% ] 0/2 VUs  30s
warmup_03_ibm          ✓ [ 100% ] 0/2 VUs  30s
warmup_04_intel        ✓ [ 100% ] 0/2 VUs  30s
warmup_05_mongo        ✓ [ 100% ] 0/2 VUs  30s
warmup_06_oracle       ✓ [ 100% ] 0/2 VUs  30s
warmup_07_qualcomm     ✓ [ 100% ] 0/2 VUs  30s
warmup_08_salesforce   ✓ [ 100% ] 0/2 VUs  30s
warmup_09_sap          ✓ [ 100% ] 0/2 VUs  30s
warmup_10_shopify      ✓ [ 100% ] 0/2 VUs  30s
warmup_11_stripe       ✓ [ 100% ] 0/2 VUs  30s
warmup_12_twilio       ✓ [ 100% ] 0/2 VUs  30s
steady_01_binance        [  88% ] 2 VUs    1m45.9s/2m0s
steady_02_datadog        [  88% ] 2 VUs    1m45.9s/2m0s
steady_03_ibm            [  88% ] 2 VUs    1m45.9s/2m0s
steady_04_intel          [  88% ] 2 VUs    1m45.9s/2m0s
steady_05_mongo          [  88% ] 2 VUs    1m45.9s/2m0s
steady_06_oracle         [  88% ] 2 VUs    1m45.9s/2m0s
steady_07_qualcomm       [  88% ] 2 VUs    1m45.9s/2m0s
steady_08_salesforce     [  88% ] 2 VUs    1m45.9s/2m0s
steady_09_sap            [  88% ] 2 VUs    1m45.9s/2m0s
steady_10_shopify        [  88% ] 2 VUs    1m45.9s/2m0s
steady_11_stripe         [  88% ] 2 VUs    1m45.9s/2m0s
steady_12_twilio         [  88% ] 2 VUs    1m45.9s/2m0s
cooldown_01_binance    • [   0% ] waiting  0m14.1s
cooldown_02_datadog    • [   0% ] waiting  0m14.1s
cooldown_03_ibm        • [   0% ] waiting  0m14.1s
cooldown_04_intel      • [   0% ] waiting  0m14.1s
cooldown_05_mongo      • [   0% ] waiting  0m14.1s
cooldown_06_oracle     • [   0% ] waiting  0m14.1s
cooldown_07_qualcomm   • [   0% ] waiting  0m14.1s
cooldown_08_salesforce • [   0% ] waiting  0m14.1s
cooldown_09_sap        • [   0% ] waiting  0m14.1s
cooldown_10_shopify    • [   0% ] waiting  0m14.1s
cooldown_11_stripe     • [   0% ] waiting  0m14.1s
cooldown_12_twilio     • [   0% ] waiting  0m14.1s

running (2m16.9s), 24/48 VUs, 3588 complete and 0 interrupted iterations
warmup_01_binance      ✓ [ 100% ] 0/2 VUs  30s
warmup_02_datadog      ✓ [ 100% ] 0/2 VUs  30s
warmup_03_ibm          ✓ [ 100% ] 0/2 VUs  30s
warmup_04_intel        ✓ [ 100% ] 0/2 VUs  30s
warmup_05_mongo        ✓ [ 100% ] 0/2 VUs  30s
warmup_06_oracle       ✓ [ 100% ] 0/2 VUs  30s
warmup_07_qualcomm     ✓ [ 100% ] 0/2 VUs  30s
warmup_08_salesforce   ✓ [ 100% ] 0/2 VUs  30s
warmup_09_sap          ✓ [ 100% ] 0/2 VUs  30s
warmup_10_shopify      ✓ [ 100% ] 0/2 VUs  30s
warmup_11_stripe       ✓ [ 100% ] 0/2 VUs  30s
warmup_12_twilio       ✓ [ 100% ] 0/2 VUs  30s
steady_01_binance        [  89% ] 2 VUs    1m46.9s/2m0s
steady_02_datadog        [  89% ] 2 VUs    1m46.9s/2m0s
steady_03_ibm            [  89% ] 2 VUs    1m46.9s/2m0s
steady_04_intel          [  89% ] 2 VUs    1m46.9s/2m0s
steady_05_mongo          [  89% ] 2 VUs    1m46.9s/2m0s
steady_06_oracle         [  89% ] 2 VUs    1m46.9s/2m0s
steady_07_qualcomm       [  89% ] 2 VUs    1m46.9s/2m0s
steady_08_salesforce     [  89% ] 2 VUs    1m46.9s/2m0s
steady_09_sap            [  89% ] 2 VUs    1m46.9s/2m0s
steady_10_shopify        [  89% ] 2 VUs    1m46.9s/2m0s
steady_11_stripe         [  89% ] 2 VUs    1m46.9s/2m0s
steady_12_twilio         [  89% ] 2 VUs    1m46.9s/2m0s
cooldown_01_binance    • [   0% ] waiting  0m13.1s
cooldown_02_datadog    • [   0% ] waiting  0m13.1s
cooldown_03_ibm        • [   0% ] waiting  0m13.1s
cooldown_04_intel      • [   0% ] waiting  0m13.1s
cooldown_05_mongo      • [   0% ] waiting  0m13.1s
cooldown_06_oracle     • [   0% ] waiting  0m13.1s
cooldown_07_qualcomm   • [   0% ] waiting  0m13.1s
cooldown_08_salesforce • [   0% ] waiting  0m13.1s
cooldown_09_sap        • [   0% ] waiting  0m13.1s
cooldown_10_shopify    • [   0% ] waiting  0m13.1s
cooldown_11_stripe     • [   0% ] waiting  0m13.1s
cooldown_12_twilio     • [   0% ] waiting  0m13.1s

running (2m17.9s), 24/48 VUs, 3622 complete and 0 interrupted iterations
warmup_01_binance      ✓ [ 100% ] 0/2 VUs  30s
warmup_02_datadog      ✓ [ 100% ] 0/2 VUs  30s
warmup_03_ibm          ✓ [ 100% ] 0/2 VUs  30s
warmup_04_intel        ✓ [ 100% ] 0/2 VUs  30s
warmup_05_mongo        ✓ [ 100% ] 0/2 VUs  30s
warmup_06_oracle       ✓ [ 100% ] 0/2 VUs  30s
warmup_07_qualcomm     ✓ [ 100% ] 0/2 VUs  30s
warmup_08_salesforce   ✓ [ 100% ] 0/2 VUs  30s
warmup_09_sap          ✓ [ 100% ] 0/2 VUs  30s
warmup_10_shopify      ✓ [ 100% ] 0/2 VUs  30s
warmup_11_stripe       ✓ [ 100% ] 0/2 VUs  30s
warmup_12_twilio       ✓ [ 100% ] 0/2 VUs  30s
steady_01_binance        [  90% ] 2 VUs    1m47.9s/2m0s
steady_02_datadog        [  90% ] 2 VUs    1m47.9s/2m0s
steady_03_ibm            [  90% ] 2 VUs    1m47.9s/2m0s
steady_04_intel          [  90% ] 2 VUs    1m47.9s/2m0s
steady_05_mongo          [  90% ] 2 VUs    1m47.9s/2m0s
steady_06_oracle         [  90% ] 2 VUs    1m47.9s/2m0s
steady_07_qualcomm       [  90% ] 2 VUs    1m47.9s/2m0s
steady_08_salesforce     [  90% ] 2 VUs    1m47.9s/2m0s
steady_09_sap            [  90% ] 2 VUs    1m47.9s/2m0s
steady_10_shopify        [  90% ] 2 VUs    1m47.9s/2m0s
steady_11_stripe         [  90% ] 2 VUs    1m47.9s/2m0s
steady_12_twilio         [  90% ] 2 VUs    1m47.9s/2m0s
cooldown_01_binance    • [   0% ] waiting  0m12.1s
cooldown_02_datadog    • [   0% ] waiting  0m12.1s
cooldown_03_ibm        • [   0% ] waiting  0m12.1s
cooldown_04_intel      • [   0% ] waiting  0m12.1s
cooldown_05_mongo      • [   0% ] waiting  0m12.1s
cooldown_06_oracle     • [   0% ] waiting  0m12.1s
cooldown_07_qualcomm   • [   0% ] waiting  0m12.1s
cooldown_08_salesforce • [   0% ] waiting  0m12.1s
cooldown_09_sap        • [   0% ] waiting  0m12.1s
cooldown_10_shopify    • [   0% ] waiting  0m12.1s
cooldown_11_stripe     • [   0% ] waiting  0m12.1s
cooldown_12_twilio     • [   0% ] waiting  0m12.1s

running (2m18.9s), 24/48 VUs, 3646 complete and 0 interrupted iterations
warmup_01_binance      ✓ [ 100% ] 0/2 VUs  30s
warmup_02_datadog      ✓ [ 100% ] 0/2 VUs  30s
warmup_03_ibm          ✓ [ 100% ] 0/2 VUs  30s
warmup_04_intel        ✓ [ 100% ] 0/2 VUs  30s
warmup_05_mongo        ✓ [ 100% ] 0/2 VUs  30s
warmup_06_oracle       ✓ [ 100% ] 0/2 VUs  30s
warmup_07_qualcomm     ✓ [ 100% ] 0/2 VUs  30s
warmup_08_salesforce   ✓ [ 100% ] 0/2 VUs  30s
warmup_09_sap          ✓ [ 100% ] 0/2 VUs  30s
warmup_10_shopify      ✓ [ 100% ] 0/2 VUs  30s
warmup_11_stripe       ✓ [ 100% ] 0/2 VUs  30s
warmup_12_twilio       ✓ [ 100% ] 0/2 VUs  30s
steady_01_binance        [  91% ] 2 VUs    1m48.9s/2m0s
steady_02_datadog        [  91% ] 2 VUs    1m48.9s/2m0s
steady_03_ibm            [  91% ] 2 VUs    1m48.9s/2m0s
steady_04_intel          [  91% ] 2 VUs    1m48.9s/2m0s
steady_05_mongo          [  91% ] 2 VUs    1m48.9s/2m0s
steady_06_oracle         [  91% ] 2 VUs    1m48.9s/2m0s
steady_07_qualcomm       [  91% ] 2 VUs    1m48.9s/2m0s
steady_08_salesforce     [  91% ] 2 VUs    1m48.9s/2m0s
steady_09_sap            [  91% ] 2 VUs    1m48.9s/2m0s
steady_10_shopify        [  91% ] 2 VUs    1m48.9s/2m0s
steady_11_stripe         [  91% ] 2 VUs    1m48.9s/2m0s
steady_12_twilio         [  91% ] 2 VUs    1m48.9s/2m0s
cooldown_01_binance    • [   0% ] waiting  0m11.1s
cooldown_02_datadog    • [   0% ] waiting  0m11.1s
cooldown_03_ibm        • [   0% ] waiting  0m11.1s
cooldown_04_intel      • [   0% ] waiting  0m11.1s
cooldown_05_mongo      • [   0% ] waiting  0m11.1s
cooldown_06_oracle     • [   0% ] waiting  0m11.1s
cooldown_07_qualcomm   • [   0% ] waiting  0m11.1s
cooldown_08_salesforce • [   0% ] waiting  0m11.1s
cooldown_09_sap        • [   0% ] waiting  0m11.1s
cooldown_10_shopify    • [   0% ] waiting  0m11.1s
cooldown_11_stripe     • [   0% ] waiting  0m11.1s
cooldown_12_twilio     • [   0% ] waiting  0m11.1s

running (2m19.9s), 24/48 VUs, 3687 complete and 0 interrupted iterations
warmup_01_binance      ✓ [ 100% ] 0/2 VUs  30s
warmup_02_datadog      ✓ [ 100% ] 0/2 VUs  30s
warmup_03_ibm          ✓ [ 100% ] 0/2 VUs  30s
warmup_04_intel        ✓ [ 100% ] 0/2 VUs  30s
warmup_05_mongo        ✓ [ 100% ] 0/2 VUs  30s
warmup_06_oracle       ✓ [ 100% ] 0/2 VUs  30s
warmup_07_qualcomm     ✓ [ 100% ] 0/2 VUs  30s
warmup_08_salesforce   ✓ [ 100% ] 0/2 VUs  30s
warmup_09_sap          ✓ [ 100% ] 0/2 VUs  30s
warmup_10_shopify      ✓ [ 100% ] 0/2 VUs  30s
warmup_11_stripe       ✓ [ 100% ] 0/2 VUs  30s
warmup_12_twilio       ✓ [ 100% ] 0/2 VUs  30s
steady_01_binance        [  92% ] 2 VUs    1m49.9s/2m0s
steady_02_datadog        [  92% ] 2 VUs    1m49.9s/2m0s
steady_03_ibm            [  92% ] 2 VUs    1m49.9s/2m0s
steady_04_intel          [  92% ] 2 VUs    1m49.9s/2m0s
steady_05_mongo          [  92% ] 2 VUs    1m49.9s/2m0s
steady_06_oracle         [  92% ] 2 VUs    1m49.9s/2m0s
steady_07_qualcomm       [  92% ] 2 VUs    1m49.9s/2m0s
steady_08_salesforce     [  92% ] 2 VUs    1m49.9s/2m0s
steady_09_sap            [  92% ] 2 VUs    1m49.9s/2m0s
steady_10_shopify        [  92% ] 2 VUs    1m49.9s/2m0s
steady_11_stripe         [  92% ] 2 VUs    1m49.9s/2m0s
steady_12_twilio         [  92% ] 2 VUs    1m49.9s/2m0s
cooldown_01_binance    • [   0% ] waiting  0m10.1s
cooldown_02_datadog    • [   0% ] waiting  0m10.1s
cooldown_03_ibm        • [   0% ] waiting  0m10.1s
cooldown_04_intel      • [   0% ] waiting  0m10.1s
cooldown_05_mongo      • [   0% ] waiting  0m10.1s
cooldown_06_oracle     • [   0% ] waiting  0m10.1s
cooldown_07_qualcomm   • [   0% ] waiting  0m10.1s
cooldown_08_salesforce • [   0% ] waiting  0m10.1s
cooldown_09_sap        • [   0% ] waiting  0m10.1s
cooldown_10_shopify    • [   0% ] waiting  0m10.1s
cooldown_11_stripe     • [   0% ] waiting  0m10.1s
cooldown_12_twilio     • [   0% ] waiting  0m10.1s

running (2m20.9s), 24/48 VUs, 3710 complete and 0 interrupted iterations
warmup_01_binance      ✓ [ 100% ] 0/2 VUs  30s
warmup_02_datadog      ✓ [ 100% ] 0/2 VUs  30s
warmup_03_ibm          ✓ [ 100% ] 0/2 VUs  30s
warmup_04_intel        ✓ [ 100% ] 0/2 VUs  30s
warmup_05_mongo        ✓ [ 100% ] 0/2 VUs  30s
warmup_06_oracle       ✓ [ 100% ] 0/2 VUs  30s
warmup_07_qualcomm     ✓ [ 100% ] 0/2 VUs  30s
warmup_08_salesforce   ✓ [ 100% ] 0/2 VUs  30s
warmup_09_sap          ✓ [ 100% ] 0/2 VUs  30s
warmup_10_shopify      ✓ [ 100% ] 0/2 VUs  30s
warmup_11_stripe       ✓ [ 100% ] 0/2 VUs  30s
warmup_12_twilio       ✓ [ 100% ] 0/2 VUs  30s
steady_01_binance        [  92% ] 2 VUs    1m50.9s/2m0s
steady_02_datadog        [  92% ] 2 VUs    1m50.9s/2m0s
steady_03_ibm            [  92% ] 2 VUs    1m50.9s/2m0s
steady_04_intel          [  92% ] 2 VUs    1m50.9s/2m0s
steady_05_mongo          [  92% ] 2 VUs    1m50.9s/2m0s
steady_06_oracle         [  92% ] 2 VUs    1m50.9s/2m0s
steady_07_qualcomm       [  92% ] 2 VUs    1m50.9s/2m0s
steady_08_salesforce     [  92% ] 2 VUs    1m50.9s/2m0s
steady_09_sap            [  92% ] 2 VUs    1m50.9s/2m0s
steady_10_shopify        [  92% ] 2 VUs    1m50.9s/2m0s
steady_11_stripe         [  92% ] 2 VUs    1m50.9s/2m0s
steady_12_twilio         [  92% ] 2 VUs    1m50.9s/2m0s
cooldown_01_binance    • [   0% ] waiting  0m09.1s
cooldown_02_datadog    • [   0% ] waiting  0m09.1s
cooldown_03_ibm        • [   0% ] waiting  0m09.1s
cooldown_04_intel      • [   0% ] waiting  0m09.1s
cooldown_05_mongo      • [   0% ] waiting  0m09.1s
cooldown_06_oracle     • [   0% ] waiting  0m09.1s
cooldown_07_qualcomm   • [   0% ] waiting  0m09.1s
cooldown_08_salesforce • [   0% ] waiting  0m09.1s
cooldown_09_sap        • [   0% ] waiting  0m09.1s
cooldown_10_shopify    • [   0% ] waiting  0m09.1s
cooldown_11_stripe     • [   0% ] waiting  0m09.1s
cooldown_12_twilio     • [   0% ] waiting  0m09.1s

running (2m21.9s), 24/48 VUs, 3754 complete and 0 interrupted iterations
warmup_01_binance      ✓ [ 100% ] 0/2 VUs  30s
warmup_02_datadog      ✓ [ 100% ] 0/2 VUs  30s
warmup_03_ibm          ✓ [ 100% ] 0/2 VUs  30s
warmup_04_intel        ✓ [ 100% ] 0/2 VUs  30s
warmup_05_mongo        ✓ [ 100% ] 0/2 VUs  30s
warmup_06_oracle       ✓ [ 100% ] 0/2 VUs  30s
warmup_07_qualcomm     ✓ [ 100% ] 0/2 VUs  30s
warmup_08_salesforce   ✓ [ 100% ] 0/2 VUs  30s
warmup_09_sap          ✓ [ 100% ] 0/2 VUs  30s
warmup_10_shopify      ✓ [ 100% ] 0/2 VUs  30s
warmup_11_stripe       ✓ [ 100% ] 0/2 VUs  30s
warmup_12_twilio       ✓ [ 100% ] 0/2 VUs  30s
steady_01_binance        [  93% ] 2 VUs    1m51.9s/2m0s
steady_02_datadog        [  93% ] 2 VUs    1m51.9s/2m0s
steady_03_ibm            [  93% ] 2 VUs    1m51.9s/2m0s
steady_04_intel          [  93% ] 2 VUs    1m51.9s/2m0s
steady_05_mongo          [  93% ] 2 VUs    1m51.9s/2m0s
steady_06_oracle         [  93% ] 2 VUs    1m51.9s/2m0s
steady_07_qualcomm       [  93% ] 2 VUs    1m51.9s/2m0s
steady_08_salesforce     [  93% ] 2 VUs    1m51.9s/2m0s
steady_09_sap            [  93% ] 2 VUs    1m51.9s/2m0s
steady_10_shopify        [  93% ] 2 VUs    1m51.9s/2m0s
steady_11_stripe         [  93% ] 2 VUs    1m51.9s/2m0s
steady_12_twilio         [  93% ] 2 VUs    1m51.9s/2m0s
cooldown_01_binance    • [   0% ] waiting  0m08.1s
cooldown_02_datadog    • [   0% ] waiting  0m08.1s
cooldown_03_ibm        • [   0% ] waiting  0m08.1s
cooldown_04_intel      • [   0% ] waiting  0m08.1s
cooldown_05_mongo      • [   0% ] waiting  0m08.1s
cooldown_06_oracle     • [   0% ] waiting  0m08.1s
cooldown_07_qualcomm   • [   0% ] waiting  0m08.1s
cooldown_08_salesforce • [   0% ] waiting  0m08.1s
cooldown_09_sap        • [   0% ] waiting  0m08.1s
cooldown_10_shopify    • [   0% ] waiting  0m08.1s
cooldown_11_stripe     • [   0% ] waiting  0m08.1s
cooldown_12_twilio     • [   0% ] waiting  0m08.1s

running (2m22.9s), 24/48 VUs, 3779 complete and 0 interrupted iterations
warmup_01_binance      ✓ [ 100% ] 0/2 VUs  30s
warmup_02_datadog      ✓ [ 100% ] 0/2 VUs  30s
warmup_03_ibm          ✓ [ 100% ] 0/2 VUs  30s
warmup_04_intel        ✓ [ 100% ] 0/2 VUs  30s
warmup_05_mongo        ✓ [ 100% ] 0/2 VUs  30s
warmup_06_oracle       ✓ [ 100% ] 0/2 VUs  30s
warmup_07_qualcomm     ✓ [ 100% ] 0/2 VUs  30s
warmup_08_salesforce   ✓ [ 100% ] 0/2 VUs  30s
warmup_09_sap          ✓ [ 100% ] 0/2 VUs  30s
warmup_10_shopify      ✓ [ 100% ] 0/2 VUs  30s
warmup_11_stripe       ✓ [ 100% ] 0/2 VUs  30s
warmup_12_twilio       ✓ [ 100% ] 0/2 VUs  30s
steady_01_binance        [  94% ] 2 VUs    1m52.9s/2m0s
steady_02_datadog        [  94% ] 2 VUs    1m52.9s/2m0s
steady_03_ibm            [  94% ] 2 VUs    1m52.9s/2m0s
steady_04_intel          [  94% ] 2 VUs    1m52.9s/2m0s
steady_05_mongo          [  94% ] 2 VUs    1m52.9s/2m0s
steady_06_oracle         [  94% ] 2 VUs    1m52.9s/2m0s
steady_07_qualcomm       [  94% ] 2 VUs    1m52.9s/2m0s
steady_08_salesforce     [  94% ] 2 VUs    1m52.9s/2m0s
steady_09_sap            [  94% ] 2 VUs    1m52.9s/2m0s
steady_10_shopify        [  94% ] 2 VUs    1m52.9s/2m0s
steady_11_stripe         [  94% ] 2 VUs    1m52.9s/2m0s
steady_12_twilio         [  94% ] 2 VUs    1m52.9s/2m0s
cooldown_01_binance    • [   0% ] waiting  0m07.1s
cooldown_02_datadog    • [   0% ] waiting  0m07.1s
cooldown_03_ibm        • [   0% ] waiting  0m07.1s
cooldown_04_intel      • [   0% ] waiting  0m07.1s
cooldown_05_mongo      • [   0% ] waiting  0m07.1s
cooldown_06_oracle     • [   0% ] waiting  0m07.1s
cooldown_07_qualcomm   • [   0% ] waiting  0m07.1s
cooldown_08_salesforce • [   0% ] waiting  0m07.1s
cooldown_09_sap        • [   0% ] waiting  0m07.1s
cooldown_10_shopify    • [   0% ] waiting  0m07.1s
cooldown_11_stripe     • [   0% ] waiting  0m07.1s
cooldown_12_twilio     • [   0% ] waiting  0m07.1s

running (2m23.9s), 24/48 VUs, 3821 complete and 0 interrupted iterations
warmup_01_binance      ✓ [ 100% ] 0/2 VUs  30s
warmup_02_datadog      ✓ [ 100% ] 0/2 VUs  30s
warmup_03_ibm          ✓ [ 100% ] 0/2 VUs  30s
warmup_04_intel        ✓ [ 100% ] 0/2 VUs  30s
warmup_05_mongo        ✓ [ 100% ] 0/2 VUs  30s
warmup_06_oracle       ✓ [ 100% ] 0/2 VUs  30s
warmup_07_qualcomm     ✓ [ 100% ] 0/2 VUs  30s
warmup_08_salesforce   ✓ [ 100% ] 0/2 VUs  30s
warmup_09_sap          ✓ [ 100% ] 0/2 VUs  30s
warmup_10_shopify      ✓ [ 100% ] 0/2 VUs  30s
warmup_11_stripe       ✓ [ 100% ] 0/2 VUs  30s
warmup_12_twilio       ✓ [ 100% ] 0/2 VUs  30s
steady_01_binance        [  95% ] 2 VUs    1m53.9s/2m0s
steady_02_datadog        [  95% ] 2 VUs    1m53.9s/2m0s
steady_03_ibm            [  95% ] 2 VUs    1m53.9s/2m0s
steady_04_intel          [  95% ] 2 VUs    1m53.9s/2m0s
steady_05_mongo          [  95% ] 2 VUs    1m53.9s/2m0s
steady_06_oracle         [  95% ] 2 VUs    1m53.9s/2m0s
steady_07_qualcomm       [  95% ] 2 VUs    1m53.9s/2m0s
steady_08_salesforce     [  95% ] 2 VUs    1m53.9s/2m0s
steady_09_sap            [  95% ] 2 VUs    1m53.9s/2m0s
steady_10_shopify        [  95% ] 2 VUs    1m53.9s/2m0s
steady_11_stripe         [  95% ] 2 VUs    1m53.9s/2m0s
steady_12_twilio         [  95% ] 2 VUs    1m53.9s/2m0s
cooldown_01_binance    • [   0% ] waiting  0m06.1s
cooldown_02_datadog    • [   0% ] waiting  0m06.1s
cooldown_03_ibm        • [   0% ] waiting  0m06.1s
cooldown_04_intel      • [   0% ] waiting  0m06.1s
cooldown_05_mongo      • [   0% ] waiting  0m06.1s
cooldown_06_oracle     • [   0% ] waiting  0m06.1s
cooldown_07_qualcomm   • [   0% ] waiting  0m06.1s
cooldown_08_salesforce • [   0% ] waiting  0m06.1s
cooldown_09_sap        • [   0% ] waiting  0m06.1s
cooldown_10_shopify    • [   0% ] waiting  0m06.1s
cooldown_11_stripe     • [   0% ] waiting  0m06.1s
cooldown_12_twilio     • [   0% ] waiting  0m06.1s

running (2m24.9s), 24/48 VUs, 3863 complete and 0 interrupted iterations
warmup_01_binance      ✓ [ 100% ] 0/2 VUs  30s
warmup_02_datadog      ✓ [ 100% ] 0/2 VUs  30s
warmup_03_ibm          ✓ [ 100% ] 0/2 VUs  30s
warmup_04_intel        ✓ [ 100% ] 0/2 VUs  30s
warmup_05_mongo        ✓ [ 100% ] 0/2 VUs  30s
warmup_06_oracle       ✓ [ 100% ] 0/2 VUs  30s
warmup_07_qualcomm     ✓ [ 100% ] 0/2 VUs  30s
warmup_08_salesforce   ✓ [ 100% ] 0/2 VUs  30s
warmup_09_sap          ✓ [ 100% ] 0/2 VUs  30s
warmup_10_shopify      ✓ [ 100% ] 0/2 VUs  30s
warmup_11_stripe       ✓ [ 100% ] 0/2 VUs  30s
warmup_12_twilio       ✓ [ 100% ] 0/2 VUs  30s
steady_01_binance        [  96% ] 2 VUs    1m54.9s/2m0s
steady_02_datadog        [  96% ] 2 VUs    1m54.9s/2m0s
steady_03_ibm            [  96% ] 2 VUs    1m54.9s/2m0s
steady_04_intel          [  96% ] 2 VUs    1m54.9s/2m0s
steady_05_mongo          [  96% ] 2 VUs    1m54.9s/2m0s
steady_06_oracle         [  96% ] 2 VUs    1m54.9s/2m0s
steady_07_qualcomm       [  96% ] 2 VUs    1m54.9s/2m0s
steady_08_salesforce     [  96% ] 2 VUs    1m54.9s/2m0s
steady_09_sap            [  96% ] 2 VUs    1m54.9s/2m0s
steady_10_shopify        [  96% ] 2 VUs    1m54.9s/2m0s
steady_11_stripe         [  96% ] 2 VUs    1m54.9s/2m0s
steady_12_twilio         [  96% ] 2 VUs    1m54.9s/2m0s
cooldown_01_binance    • [   0% ] waiting  0m05.1s
cooldown_02_datadog    • [   0% ] waiting  0m05.1s
cooldown_03_ibm        • [   0% ] waiting  0m05.1s
cooldown_04_intel      • [   0% ] waiting  0m05.1s
cooldown_05_mongo      • [   0% ] waiting  0m05.1s
cooldown_06_oracle     • [   0% ] waiting  0m05.1s
cooldown_07_qualcomm   • [   0% ] waiting  0m05.1s
cooldown_08_salesforce • [   0% ] waiting  0m05.1s
cooldown_09_sap        • [   0% ] waiting  0m05.1s
cooldown_10_shopify    • [   0% ] waiting  0m05.1s
cooldown_11_stripe     • [   0% ] waiting  0m05.1s
cooldown_12_twilio     • [   0% ] waiting  0m05.1s

running (2m25.9s), 24/48 VUs, 3890 complete and 0 interrupted iterations
warmup_01_binance      ✓ [ 100% ] 0/2 VUs  30s
warmup_02_datadog      ✓ [ 100% ] 0/2 VUs  30s
warmup_03_ibm          ✓ [ 100% ] 0/2 VUs  30s
warmup_04_intel        ✓ [ 100% ] 0/2 VUs  30s
warmup_05_mongo        ✓ [ 100% ] 0/2 VUs  30s
warmup_06_oracle       ✓ [ 100% ] 0/2 VUs  30s
warmup_07_qualcomm     ✓ [ 100% ] 0/2 VUs  30s
warmup_08_salesforce   ✓ [ 100% ] 0/2 VUs  30s
warmup_09_sap          ✓ [ 100% ] 0/2 VUs  30s
warmup_10_shopify      ✓ [ 100% ] 0/2 VUs  30s
warmup_11_stripe       ✓ [ 100% ] 0/2 VUs  30s
warmup_12_twilio       ✓ [ 100% ] 0/2 VUs  30s
steady_01_binance        [  97% ] 2 VUs    1m55.9s/2m0s
steady_02_datadog        [  97% ] 2 VUs    1m55.9s/2m0s
steady_03_ibm            [  97% ] 2 VUs    1m55.9s/2m0s
steady_04_intel          [  97% ] 2 VUs    1m55.9s/2m0s
steady_05_mongo          [  97% ] 2 VUs    1m55.9s/2m0s
steady_06_oracle         [  97% ] 2 VUs    1m55.9s/2m0s
steady_07_qualcomm       [  97% ] 2 VUs    1m55.9s/2m0s
steady_08_salesforce     [  97% ] 2 VUs    1m55.9s/2m0s
steady_09_sap            [  97% ] 2 VUs    1m55.9s/2m0s
steady_10_shopify        [  97% ] 2 VUs    1m55.9s/2m0s
steady_11_stripe         [  97% ] 2 VUs    1m55.9s/2m0s
steady_12_twilio         [  97% ] 2 VUs    1m55.9s/2m0s
cooldown_01_binance    • [   0% ] waiting  0m04.1s
cooldown_02_datadog    • [   0% ] waiting  0m04.1s
cooldown_03_ibm        • [   0% ] waiting  0m04.1s
cooldown_04_intel      • [   0% ] waiting  0m04.1s
cooldown_05_mongo      • [   0% ] waiting  0m04.1s
cooldown_06_oracle     • [   0% ] waiting  0m04.1s
cooldown_07_qualcomm   • [   0% ] waiting  0m04.1s
cooldown_08_salesforce • [   0% ] waiting  0m04.1s
cooldown_09_sap        • [   0% ] waiting  0m04.1s
cooldown_10_shopify    • [   0% ] waiting  0m04.1s
cooldown_11_stripe     • [   0% ] waiting  0m04.1s
cooldown_12_twilio     • [   0% ] waiting  0m04.1s

running (2m26.9s), 24/48 VUs, 3931 complete and 0 interrupted iterations
warmup_01_binance      ✓ [ 100% ] 0/2 VUs  30s
warmup_02_datadog      ✓ [ 100% ] 0/2 VUs  30s
warmup_03_ibm          ✓ [ 100% ] 0/2 VUs  30s
warmup_04_intel        ✓ [ 100% ] 0/2 VUs  30s
warmup_05_mongo        ✓ [ 100% ] 0/2 VUs  30s
warmup_06_oracle       ✓ [ 100% ] 0/2 VUs  30s
warmup_07_qualcomm     ✓ [ 100% ] 0/2 VUs  30s
warmup_08_salesforce   ✓ [ 100% ] 0/2 VUs  30s
warmup_09_sap          ✓ [ 100% ] 0/2 VUs  30s
warmup_10_shopify      ✓ [ 100% ] 0/2 VUs  30s
warmup_11_stripe       ✓ [ 100% ] 0/2 VUs  30s
warmup_12_twilio       ✓ [ 100% ] 0/2 VUs  30s
steady_01_binance        [  97% ] 2 VUs    1m56.9s/2m0s
steady_02_datadog        [  97% ] 2 VUs    1m56.9s/2m0s
steady_03_ibm            [  97% ] 2 VUs    1m56.9s/2m0s
steady_04_intel          [  97% ] 2 VUs    1m56.9s/2m0s
steady_05_mongo          [  97% ] 2 VUs    1m56.9s/2m0s
steady_06_oracle         [  97% ] 2 VUs    1m56.9s/2m0s
steady_07_qualcomm       [  97% ] 2 VUs    1m56.9s/2m0s
steady_08_salesforce     [  97% ] 2 VUs    1m56.9s/2m0s
steady_09_sap            [  97% ] 2 VUs    1m56.9s/2m0s
steady_10_shopify        [  97% ] 2 VUs    1m56.9s/2m0s
steady_11_stripe         [  97% ] 2 VUs    1m56.9s/2m0s
steady_12_twilio         [  97% ] 2 VUs    1m56.9s/2m0s
cooldown_01_binance    • [   0% ] waiting  0m03.1s
cooldown_02_datadog    • [   0% ] waiting  0m03.1s
cooldown_03_ibm        • [   0% ] waiting  0m03.1s
cooldown_04_intel      • [   0% ] waiting  0m03.1s
cooldown_05_mongo      • [   0% ] waiting  0m03.1s
cooldown_06_oracle     • [   0% ] waiting  0m03.1s
cooldown_07_qualcomm   • [   0% ] waiting  0m03.1s
cooldown_08_salesforce • [   0% ] waiting  0m03.1s
cooldown_09_sap        • [   0% ] waiting  0m03.1s
cooldown_10_shopify    • [   0% ] waiting  0m03.1s
cooldown_11_stripe     • [   0% ] waiting  0m03.1s
cooldown_12_twilio     • [   0% ] waiting  0m03.1s

running (2m27.9s), 24/48 VUs, 3957 complete and 0 interrupted iterations
warmup_01_binance      ✓ [ 100% ] 0/2 VUs  30s
warmup_02_datadog      ✓ [ 100% ] 0/2 VUs  30s
warmup_03_ibm          ✓ [ 100% ] 0/2 VUs  30s
warmup_04_intel        ✓ [ 100% ] 0/2 VUs  30s
warmup_05_mongo        ✓ [ 100% ] 0/2 VUs  30s
warmup_06_oracle       ✓ [ 100% ] 0/2 VUs  30s
warmup_07_qualcomm     ✓ [ 100% ] 0/2 VUs  30s
warmup_08_salesforce   ✓ [ 100% ] 0/2 VUs  30s
warmup_09_sap          ✓ [ 100% ] 0/2 VUs  30s
warmup_10_shopify      ✓ [ 100% ] 0/2 VUs  30s
warmup_11_stripe       ✓ [ 100% ] 0/2 VUs  30s
warmup_12_twilio       ✓ [ 100% ] 0/2 VUs  30s
steady_01_binance        [  98% ] 2 VUs    1m57.9s/2m0s
steady_02_datadog        [  98% ] 2 VUs    1m57.9s/2m0s
steady_03_ibm            [  98% ] 2 VUs    1m57.9s/2m0s
steady_04_intel          [  98% ] 2 VUs    1m57.9s/2m0s
steady_05_mongo          [  98% ] 2 VUs    1m57.9s/2m0s
steady_06_oracle         [  98% ] 2 VUs    1m57.9s/2m0s
steady_07_qualcomm       [  98% ] 2 VUs    1m57.9s/2m0s
steady_08_salesforce     [  98% ] 2 VUs    1m57.9s/2m0s
steady_09_sap            [  98% ] 2 VUs    1m57.9s/2m0s
steady_10_shopify        [  98% ] 2 VUs    1m57.9s/2m0s
steady_11_stripe         [  98% ] 2 VUs    1m57.9s/2m0s
steady_12_twilio         [  98% ] 2 VUs    1m57.9s/2m0s
cooldown_01_binance    • [   0% ] waiting  0m02.1s
cooldown_02_datadog    • [   0% ] waiting  0m02.1s
cooldown_03_ibm        • [   0% ] waiting  0m02.1s
cooldown_04_intel      • [   0% ] waiting  0m02.1s
cooldown_05_mongo      • [   0% ] waiting  0m02.1s
cooldown_06_oracle     • [   0% ] waiting  0m02.1s
cooldown_07_qualcomm   • [   0% ] waiting  0m02.1s
cooldown_08_salesforce • [   0% ] waiting  0m02.1s
cooldown_09_sap        • [   0% ] waiting  0m02.1s
cooldown_10_shopify    • [   0% ] waiting  0m02.1s
cooldown_11_stripe     • [   0% ] waiting  0m02.1s
cooldown_12_twilio     • [   0% ] waiting  0m02.1s

running (2m28.9s), 24/48 VUs, 4000 complete and 0 interrupted iterations
warmup_01_binance      ✓ [ 100% ] 0/2 VUs  30s
warmup_02_datadog      ✓ [ 100% ] 0/2 VUs  30s
warmup_03_ibm          ✓ [ 100% ] 0/2 VUs  30s
warmup_04_intel        ✓ [ 100% ] 0/2 VUs  30s
warmup_05_mongo        ✓ [ 100% ] 0/2 VUs  30s
warmup_06_oracle       ✓ [ 100% ] 0/2 VUs  30s
warmup_07_qualcomm     ✓ [ 100% ] 0/2 VUs  30s
warmup_08_salesforce   ✓ [ 100% ] 0/2 VUs  30s
warmup_09_sap          ✓ [ 100% ] 0/2 VUs  30s
warmup_10_shopify      ✓ [ 100% ] 0/2 VUs  30s
warmup_11_stripe       ✓ [ 100% ] 0/2 VUs  30s
warmup_12_twilio       ✓ [ 100% ] 0/2 VUs  30s
steady_01_binance        [  99% ] 2 VUs    1m58.9s/2m0s
steady_02_datadog        [  99% ] 2 VUs    1m58.9s/2m0s
steady_03_ibm            [  99% ] 2 VUs    1m58.9s/2m0s
steady_04_intel          [  99% ] 2 VUs    1m58.9s/2m0s
steady_05_mongo          [  99% ] 2 VUs    1m58.9s/2m0s
steady_06_oracle         [  99% ] 2 VUs    1m58.9s/2m0s
steady_07_qualcomm       [  99% ] 2 VUs    1m58.9s/2m0s
steady_08_salesforce     [  99% ] 2 VUs    1m58.9s/2m0s
steady_09_sap            [  99% ] 2 VUs    1m58.9s/2m0s
steady_10_shopify        [  99% ] 2 VUs    1m58.9s/2m0s
steady_11_stripe         [  99% ] 2 VUs    1m58.9s/2m0s
steady_12_twilio         [  99% ] 2 VUs    1m58.9s/2m0s
cooldown_01_binance    • [   0% ] waiting  0m01.1s
cooldown_02_datadog    • [   0% ] waiting  0m01.1s
cooldown_03_ibm        • [   0% ] waiting  0m01.1s
cooldown_04_intel      • [   0% ] waiting  0m01.1s
cooldown_05_mongo      • [   0% ] waiting  0m01.1s
cooldown_06_oracle     • [   0% ] waiting  0m01.1s
cooldown_07_qualcomm   • [   0% ] waiting  0m01.1s
cooldown_08_salesforce • [   0% ] waiting  0m01.1s
cooldown_09_sap        • [   0% ] waiting  0m01.1s
cooldown_10_shopify    • [   0% ] waiting  0m01.1s
cooldown_11_stripe     • [   0% ] waiting  0m01.1s
cooldown_12_twilio     • [   0% ] waiting  0m01.1s

running (2m29.9s), 24/48 VUs, 4030 complete and 0 interrupted iterations
warmup_01_binance      ✓ [ 100% ] 0/2 VUs  30s
warmup_02_datadog      ✓ [ 100% ] 0/2 VUs  30s
warmup_03_ibm          ✓ [ 100% ] 0/2 VUs  30s
warmup_04_intel        ✓ [ 100% ] 0/2 VUs  30s
warmup_05_mongo        ✓ [ 100% ] 0/2 VUs  30s
warmup_06_oracle       ✓ [ 100% ] 0/2 VUs  30s
warmup_07_qualcomm     ✓ [ 100% ] 0/2 VUs  30s
warmup_08_salesforce   ✓ [ 100% ] 0/2 VUs  30s
warmup_09_sap          ✓ [ 100% ] 0/2 VUs  30s
warmup_10_shopify      ✓ [ 100% ] 0/2 VUs  30s
warmup_11_stripe       ✓ [ 100% ] 0/2 VUs  30s
warmup_12_twilio       ✓ [ 100% ] 0/2 VUs  30s
steady_01_binance        [ 100% ] 2 VUs    1m59.9s/2m0s
steady_02_datadog        [ 100% ] 2 VUs    1m59.9s/2m0s
steady_03_ibm            [ 100% ] 2 VUs    1m59.9s/2m0s
steady_04_intel          [ 100% ] 2 VUs    1m59.9s/2m0s
steady_05_mongo          [ 100% ] 2 VUs    1m59.9s/2m0s
steady_06_oracle         [ 100% ] 2 VUs    1m59.9s/2m0s
steady_07_qualcomm       [ 100% ] 2 VUs    1m59.9s/2m0s
steady_08_salesforce     [ 100% ] 2 VUs    1m59.9s/2m0s
steady_09_sap            [ 100% ] 2 VUs    1m59.9s/2m0s
steady_10_shopify        [ 100% ] 2 VUs    1m59.9s/2m0s
steady_11_stripe         [ 100% ] 2 VUs    1m59.9s/2m0s
steady_12_twilio         [ 100% ] 2 VUs    1m59.9s/2m0s
cooldown_01_binance    • [   0% ] waiting  0m00.1s
cooldown_02_datadog    • [   0% ] waiting  0m00.1s
cooldown_03_ibm        • [   0% ] waiting  0m00.1s
cooldown_04_intel      • [   0% ] waiting  0m00.1s
cooldown_05_mongo      • [   0% ] waiting  0m00.1s
cooldown_06_oracle     • [   0% ] waiting  0m00.1s
cooldown_07_qualcomm   • [   0% ] waiting  0m00.1s
cooldown_08_salesforce • [   0% ] waiting  0m00.1s
cooldown_09_sap        • [   0% ] waiting  0m00.1s
cooldown_10_shopify    • [   0% ] waiting  0m00.1s
cooldown_11_stripe     • [   0% ] waiting  0m00.1s
cooldown_12_twilio     • [   0% ] waiting  0m00.1s

running (2m30.9s), 40/48 VUs, 4068 complete and 0 interrupted iterations
warmup_01_binance      ✓ [ 100% ] 0/2 VUs  30s
warmup_02_datadog      ✓ [ 100% ] 0/2 VUs  30s
warmup_03_ibm          ✓ [ 100% ] 0/2 VUs  30s
warmup_04_intel        ✓ [ 100% ] 0/2 VUs  30s
warmup_05_mongo        ✓ [ 100% ] 0/2 VUs  30s
warmup_06_oracle       ✓ [ 100% ] 0/2 VUs  30s
warmup_07_qualcomm     ✓ [ 100% ] 0/2 VUs  30s
warmup_08_salesforce   ✓ [ 100% ] 0/2 VUs  30s
warmup_09_sap          ✓ [ 100% ] 0/2 VUs  30s
warmup_10_shopify      ✓ [ 100% ] 0/2 VUs  30s
warmup_11_stripe       ✓ [ 100% ] 0/2 VUs  30s
warmup_12_twilio       ✓ [ 100% ] 0/2 VUs  30s
steady_01_binance      ✓ [ 100% ] 2 VUs    2m0s
steady_02_datadog      ✓ [ 100% ] 2 VUs    2m0s
steady_03_ibm          ✓ [ 100% ] 2 VUs    2m0s
steady_04_intel        ✓ [ 100% ] 2 VUs    2m0s
steady_05_mongo        ↓ [ 100% ] 2 VUs    2m0s
steady_06_oracle       ↓ [ 100% ] 2 VUs    2m0s
steady_07_qualcomm     ↓ [ 100% ] 2 VUs    2m0s
steady_08_salesforce   ↓ [ 100% ] 2 VUs    2m0s
steady_09_sap          ↓ [ 100% ] 2 VUs    2m0s
steady_10_shopify      ↓ [ 100% ] 2 VUs    2m0s
steady_11_stripe       ↓ [ 100% ] 2 VUs    2m0s
steady_12_twilio       ↓ [ 100% ] 2 VUs    2m0s
cooldown_01_binance      [   3% ] 2/2 VUs  00.9s/30.0s
cooldown_02_datadog      [   3% ] 2/2 VUs  00.9s/30.0s
cooldown_03_ibm          [   3% ] 2/2 VUs  00.9s/30.0s
cooldown_04_intel        [   3% ] 2/2 VUs  00.9s/30.0s
cooldown_05_mongo        [   3% ] 2/2 VUs  00.9s/30.0s
cooldown_06_oracle       [   3% ] 2/2 VUs  00.9s/30.0s
cooldown_07_qualcomm     [   3% ] 2/2 VUs  00.9s/30.0s
cooldown_08_salesforce   [   3% ] 2/2 VUs  00.9s/30.0s
cooldown_09_sap          [   3% ] 2/2 VUs  00.9s/30.0s
cooldown_10_shopify      [   3% ] 2/2 VUs  00.9s/30.0s
cooldown_11_stripe       [   3% ] 2/2 VUs  00.9s/30.0s
cooldown_12_twilio       [   3% ] 2/2 VUs  00.9s/30.0s

running (2m31.9s), 40/48 VUs, 4084 complete and 0 interrupted iterations
warmup_01_binance      ✓ [ 100% ] 0/2 VUs  30s
warmup_02_datadog      ✓ [ 100% ] 0/2 VUs  30s
warmup_03_ibm          ✓ [ 100% ] 0/2 VUs  30s
warmup_04_intel        ✓ [ 100% ] 0/2 VUs  30s
warmup_05_mongo        ✓ [ 100% ] 0/2 VUs  30s
warmup_06_oracle       ✓ [ 100% ] 0/2 VUs  30s
warmup_07_qualcomm     ✓ [ 100% ] 0/2 VUs  30s
warmup_08_salesforce   ✓ [ 100% ] 0/2 VUs  30s
warmup_09_sap          ✓ [ 100% ] 0/2 VUs  30s
warmup_10_shopify      ✓ [ 100% ] 0/2 VUs  30s
warmup_11_stripe       ✓ [ 100% ] 0/2 VUs  30s
warmup_12_twilio       ✓ [ 100% ] 0/2 VUs  30s
steady_01_binance      ✓ [ 100% ] 2 VUs    2m0s
steady_02_datadog      ✓ [ 100% ] 2 VUs    2m0s
steady_03_ibm          ✓ [ 100% ] 2 VUs    2m0s
steady_04_intel        ✓ [ 100% ] 2 VUs    2m0s
steady_05_mongo        ↓ [ 100% ] 2 VUs    2m0s
steady_06_oracle       ↓ [ 100% ] 2 VUs    2m0s
steady_07_qualcomm     ↓ [ 100% ] 2 VUs    2m0s
steady_08_salesforce   ↓ [ 100% ] 2 VUs    2m0s
steady_09_sap          ↓ [ 100% ] 2 VUs    2m0s
steady_10_shopify      ↓ [ 100% ] 2 VUs    2m0s
steady_11_stripe       ↓ [ 100% ] 2 VUs    2m0s
steady_12_twilio       ↓ [ 100% ] 2 VUs    2m0s
cooldown_01_binance      [   6% ] 2/2 VUs  01.9s/30.0s
cooldown_02_datadog      [   6% ] 2/2 VUs  01.9s/30.0s
cooldown_03_ibm          [   6% ] 2/2 VUs  01.9s/30.0s
cooldown_04_intel        [   6% ] 2/2 VUs  01.9s/30.0s
cooldown_05_mongo        [   6% ] 2/2 VUs  01.9s/30.0s
cooldown_06_oracle       [   6% ] 2/2 VUs  01.9s/30.0s
cooldown_07_qualcomm     [   6% ] 2/2 VUs  01.9s/30.0s
cooldown_08_salesforce   [   6% ] 2/2 VUs  01.9s/30.0s
cooldown_09_sap          [   6% ] 2/2 VUs  01.9s/30.0s
cooldown_10_shopify      [   6% ] 2/2 VUs  01.9s/30.0s
cooldown_11_stripe       [   6% ] 2/2 VUs  01.9s/30.0s
cooldown_12_twilio       [   6% ] 2/2 VUs  01.9s/30.0s

running (2m32.9s), 40/48 VUs, 4104 complete and 0 interrupted iterations
warmup_01_binance      ✓ [ 100% ] 0/2 VUs  30s
warmup_02_datadog      ✓ [ 100% ] 0/2 VUs  30s
warmup_03_ibm          ✓ [ 100% ] 0/2 VUs  30s
warmup_04_intel        ✓ [ 100% ] 0/2 VUs  30s
warmup_05_mongo        ✓ [ 100% ] 0/2 VUs  30s
warmup_06_oracle       ✓ [ 100% ] 0/2 VUs  30s
warmup_07_qualcomm     ✓ [ 100% ] 0/2 VUs  30s
warmup_08_salesforce   ✓ [ 100% ] 0/2 VUs  30s
warmup_09_sap          ✓ [ 100% ] 0/2 VUs  30s
warmup_10_shopify      ✓ [ 100% ] 0/2 VUs  30s
warmup_11_stripe       ✓ [ 100% ] 0/2 VUs  30s
warmup_12_twilio       ✓ [ 100% ] 0/2 VUs  30s
steady_01_binance      ✓ [ 100% ] 2 VUs    2m0s
steady_02_datadog      ✓ [ 100% ] 2 VUs    2m0s
steady_03_ibm          ✓ [ 100% ] 2 VUs    2m0s
steady_04_intel        ✓ [ 100% ] 2 VUs    2m0s
steady_05_mongo        ↓ [ 100% ] 2 VUs    2m0s
steady_06_oracle       ↓ [ 100% ] 2 VUs    2m0s
steady_07_qualcomm     ↓ [ 100% ] 2 VUs    2m0s
steady_08_salesforce   ↓ [ 100% ] 2 VUs    2m0s
steady_09_sap          ↓ [ 100% ] 2 VUs    2m0s
steady_10_shopify      ↓ [ 100% ] 2 VUs    2m0s
steady_11_stripe       ↓ [ 100% ] 2 VUs    2m0s
steady_12_twilio       ↓ [ 100% ] 2 VUs    2m0s
cooldown_01_binance      [  10% ] 2/2 VUs  02.9s/30.0s
cooldown_02_datadog      [  10% ] 2/2 VUs  02.9s/30.0s
cooldown_03_ibm          [  10% ] 2/2 VUs  02.9s/30.0s
cooldown_04_intel        [  10% ] 2/2 VUs  02.9s/30.0s
cooldown_05_mongo        [  10% ] 2/2 VUs  02.9s/30.0s
cooldown_06_oracle       [  10% ] 2/2 VUs  02.9s/30.0s
cooldown_07_qualcomm     [  10% ] 2/2 VUs  02.9s/30.0s
cooldown_08_salesforce   [  10% ] 2/2 VUs  02.9s/30.0s
cooldown_09_sap          [  10% ] 2/2 VUs  02.9s/30.0s
cooldown_10_shopify      [  10% ] 2/2 VUs  02.9s/30.0s
cooldown_11_stripe       [  10% ] 2/2 VUs  02.9s/30.0s
cooldown_12_twilio       [  10% ] 2/2 VUs  02.9s/30.0s

running (2m33.9s), 24/48 VUs, 4157 complete and 0 interrupted iterations
warmup_01_binance      ✓ [ 100% ] 0/2 VUs  30s
warmup_02_datadog      ✓ [ 100% ] 0/2 VUs  30s
warmup_03_ibm          ✓ [ 100% ] 0/2 VUs  30s
warmup_04_intel        ✓ [ 100% ] 0/2 VUs  30s
warmup_05_mongo        ✓ [ 100% ] 0/2 VUs  30s
warmup_06_oracle       ✓ [ 100% ] 0/2 VUs  30s
warmup_07_qualcomm     ✓ [ 100% ] 0/2 VUs  30s
warmup_08_salesforce   ✓ [ 100% ] 0/2 VUs  30s
warmup_09_sap          ✓ [ 100% ] 0/2 VUs  30s
warmup_10_shopify      ✓ [ 100% ] 0/2 VUs  30s
warmup_11_stripe       ✓ [ 100% ] 0/2 VUs  30s
warmup_12_twilio       ✓ [ 100% ] 0/2 VUs  30s
steady_01_binance      ✓ [ 100% ] 2 VUs    2m0s
steady_02_datadog      ✓ [ 100% ] 2 VUs    2m0s
steady_03_ibm          ✓ [ 100% ] 2 VUs    2m0s
steady_04_intel        ✓ [ 100% ] 2 VUs    2m0s
steady_05_mongo        ✓ [ 100% ] 2 VUs    2m0s
steady_06_oracle       ✓ [ 100% ] 2 VUs    2m0s
steady_07_qualcomm     ✓ [ 100% ] 2 VUs    2m0s
steady_08_salesforce   ✓ [ 100% ] 2 VUs    2m0s
steady_09_sap          ✓ [ 100% ] 2 VUs    2m0s
steady_10_shopify      ✓ [ 100% ] 2 VUs    2m0s
steady_11_stripe       ✓ [ 100% ] 2 VUs    2m0s
steady_12_twilio       ✓ [ 100% ] 2 VUs    2m0s
cooldown_01_binance      [  13% ] 2/2 VUs  03.9s/30.0s
cooldown_02_datadog      [  13% ] 2/2 VUs  03.9s/30.0s
cooldown_03_ibm          [  13% ] 2/2 VUs  03.9s/30.0s
cooldown_04_intel        [  13% ] 2/2 VUs  03.9s/30.0s
cooldown_05_mongo        [  13% ] 2/2 VUs  03.9s/30.0s
cooldown_06_oracle       [  13% ] 2/2 VUs  03.9s/30.0s
cooldown_07_qualcomm     [  13% ] 2/2 VUs  03.9s/30.0s
cooldown_08_salesforce   [  13% ] 2/2 VUs  03.9s/30.0s
cooldown_09_sap          [  13% ] 2/2 VUs  03.9s/30.0s
cooldown_10_shopify      [  13% ] 2/2 VUs  03.9s/30.0s
cooldown_11_stripe       [  13% ] 2/2 VUs  03.9s/30.0s
cooldown_12_twilio       [  13% ] 2/2 VUs  03.9s/30.0s

running (2m34.9s), 24/48 VUs, 4181 complete and 0 interrupted iterations
warmup_01_binance      ✓ [ 100% ] 0/2 VUs  30s
warmup_02_datadog      ✓ [ 100% ] 0/2 VUs  30s
warmup_03_ibm          ✓ [ 100% ] 0/2 VUs  30s
warmup_04_intel        ✓ [ 100% ] 0/2 VUs  30s
warmup_05_mongo        ✓ [ 100% ] 0/2 VUs  30s
warmup_06_oracle       ✓ [ 100% ] 0/2 VUs  30s
warmup_07_qualcomm     ✓ [ 100% ] 0/2 VUs  30s
warmup_08_salesforce   ✓ [ 100% ] 0/2 VUs  30s
warmup_09_sap          ✓ [ 100% ] 0/2 VUs  30s
warmup_10_shopify      ✓ [ 100% ] 0/2 VUs  30s
warmup_11_stripe       ✓ [ 100% ] 0/2 VUs  30s
warmup_12_twilio       ✓ [ 100% ] 0/2 VUs  30s
steady_01_binance      ✓ [ 100% ] 2 VUs    2m0s
steady_02_datadog      ✓ [ 100% ] 2 VUs    2m0s
steady_03_ibm          ✓ [ 100% ] 2 VUs    2m0s
steady_04_intel        ✓ [ 100% ] 2 VUs    2m0s
steady_05_mongo        ✓ [ 100% ] 2 VUs    2m0s
steady_06_oracle       ✓ [ 100% ] 2 VUs    2m0s
steady_07_qualcomm     ✓ [ 100% ] 2 VUs    2m0s
steady_08_salesforce   ✓ [ 100% ] 2 VUs    2m0s
steady_09_sap          ✓ [ 100% ] 2 VUs    2m0s
steady_10_shopify      ✓ [ 100% ] 2 VUs    2m0s
steady_11_stripe       ✓ [ 100% ] 2 VUs    2m0s
steady_12_twilio       ✓ [ 100% ] 2 VUs    2m0s
cooldown_01_binance      [  16% ] 2/2 VUs  04.9s/30.0s
cooldown_02_datadog      [  16% ] 2/2 VUs  04.9s/30.0s
cooldown_03_ibm          [  16% ] 2/2 VUs  04.9s/30.0s
cooldown_04_intel        [  16% ] 2/2 VUs  04.9s/30.0s
cooldown_05_mongo        [  16% ] 2/2 VUs  04.9s/30.0s
cooldown_06_oracle       [  16% ] 2/2 VUs  04.9s/30.0s
cooldown_07_qualcomm     [  16% ] 2/2 VUs  04.9s/30.0s
cooldown_08_salesforce   [  16% ] 2/2 VUs  04.9s/30.0s
cooldown_09_sap          [  16% ] 2/2 VUs  04.9s/30.0s
cooldown_10_shopify      [  16% ] 2/2 VUs  04.9s/30.0s
cooldown_11_stripe       [  16% ] 2/2 VUs  04.9s/30.0s
cooldown_12_twilio       [  16% ] 2/2 VUs  04.9s/30.0s

running (2m35.9s), 24/48 VUs, 4213 complete and 0 interrupted iterations
warmup_01_binance      ✓ [ 100% ] 0/2 VUs  30s
warmup_02_datadog      ✓ [ 100% ] 0/2 VUs  30s
warmup_03_ibm          ✓ [ 100% ] 0/2 VUs  30s
warmup_04_intel        ✓ [ 100% ] 0/2 VUs  30s
warmup_05_mongo        ✓ [ 100% ] 0/2 VUs  30s
warmup_06_oracle       ✓ [ 100% ] 0/2 VUs  30s
warmup_07_qualcomm     ✓ [ 100% ] 0/2 VUs  30s
warmup_08_salesforce   ✓ [ 100% ] 0/2 VUs  30s
warmup_09_sap          ✓ [ 100% ] 0/2 VUs  30s
warmup_10_shopify      ✓ [ 100% ] 0/2 VUs  30s
warmup_11_stripe       ✓ [ 100% ] 0/2 VUs  30s
warmup_12_twilio       ✓ [ 100% ] 0/2 VUs  30s
steady_01_binance      ✓ [ 100% ] 2 VUs    2m0s
steady_02_datadog      ✓ [ 100% ] 2 VUs    2m0s
steady_03_ibm          ✓ [ 100% ] 2 VUs    2m0s
steady_04_intel        ✓ [ 100% ] 2 VUs    2m0s
steady_05_mongo        ✓ [ 100% ] 2 VUs    2m0s
steady_06_oracle       ✓ [ 100% ] 2 VUs    2m0s
steady_07_qualcomm     ✓ [ 100% ] 2 VUs    2m0s
steady_08_salesforce   ✓ [ 100% ] 2 VUs    2m0s
steady_09_sap          ✓ [ 100% ] 2 VUs    2m0s
steady_10_shopify      ✓ [ 100% ] 2 VUs    2m0s
steady_11_stripe       ✓ [ 100% ] 2 VUs    2m0s
steady_12_twilio       ✓ [ 100% ] 2 VUs    2m0s
cooldown_01_binance      [  20% ] 2/2 VUs  05.9s/30.0s
cooldown_02_datadog      [  20% ] 2/2 VUs  05.9s/30.0s
cooldown_03_ibm          [  20% ] 2/2 VUs  05.9s/30.0s
cooldown_04_intel        [  20% ] 2/2 VUs  05.9s/30.0s
cooldown_05_mongo        [  20% ] 2/2 VUs  05.9s/30.0s
cooldown_06_oracle       [  20% ] 2/2 VUs  05.9s/30.0s
cooldown_07_qualcomm     [  20% ] 2/2 VUs  05.9s/30.0s
cooldown_08_salesforce   [  20% ] 2/2 VUs  05.9s/30.0s
cooldown_09_sap          [  20% ] 2/2 VUs  05.9s/30.0s
cooldown_10_shopify      [  20% ] 2/2 VUs  05.9s/30.0s
cooldown_11_stripe       [  20% ] 2/2 VUs  05.9s/30.0s
cooldown_12_twilio       [  20% ] 2/2 VUs  05.9s/30.0s

running (2m36.9s), 24/48 VUs, 4247 complete and 0 interrupted iterations
warmup_01_binance      ✓ [ 100% ] 0/2 VUs  30s
warmup_02_datadog      ✓ [ 100% ] 0/2 VUs  30s
warmup_03_ibm          ✓ [ 100% ] 0/2 VUs  30s
warmup_04_intel        ✓ [ 100% ] 0/2 VUs  30s
warmup_05_mongo        ✓ [ 100% ] 0/2 VUs  30s
warmup_06_oracle       ✓ [ 100% ] 0/2 VUs  30s
warmup_07_qualcomm     ✓ [ 100% ] 0/2 VUs  30s
warmup_08_salesforce   ✓ [ 100% ] 0/2 VUs  30s
warmup_09_sap          ✓ [ 100% ] 0/2 VUs  30s
warmup_10_shopify      ✓ [ 100% ] 0/2 VUs  30s
warmup_11_stripe       ✓ [ 100% ] 0/2 VUs  30s
warmup_12_twilio       ✓ [ 100% ] 0/2 VUs  30s
steady_01_binance      ✓ [ 100% ] 2 VUs    2m0s
steady_02_datadog      ✓ [ 100% ] 2 VUs    2m0s
steady_03_ibm          ✓ [ 100% ] 2 VUs    2m0s
steady_04_intel        ✓ [ 100% ] 2 VUs    2m0s
steady_05_mongo        ✓ [ 100% ] 2 VUs    2m0s
steady_06_oracle       ✓ [ 100% ] 2 VUs    2m0s
steady_07_qualcomm     ✓ [ 100% ] 2 VUs    2m0s
steady_08_salesforce   ✓ [ 100% ] 2 VUs    2m0s
steady_09_sap          ✓ [ 100% ] 2 VUs    2m0s
steady_10_shopify      ✓ [ 100% ] 2 VUs    2m0s
steady_11_stripe       ✓ [ 100% ] 2 VUs    2m0s
steady_12_twilio       ✓ [ 100% ] 2 VUs    2m0s
cooldown_01_binance      [  23% ] 2/2 VUs  06.9s/30.0s
cooldown_02_datadog      [  23% ] 2/2 VUs  06.9s/30.0s
cooldown_03_ibm          [  23% ] 2/2 VUs  06.9s/30.0s
cooldown_04_intel        [  23% ] 2/2 VUs  06.9s/30.0s
cooldown_05_mongo        [  23% ] 2/2 VUs  06.9s/30.0s
cooldown_06_oracle       [  23% ] 2/2 VUs  06.9s/30.0s
cooldown_07_qualcomm     [  23% ] 2/2 VUs  06.9s/30.0s
cooldown_08_salesforce   [  23% ] 2/2 VUs  06.9s/30.0s
cooldown_09_sap          [  23% ] 2/2 VUs  06.9s/30.0s
cooldown_10_shopify      [  23% ] 2/2 VUs  06.9s/30.0s
cooldown_11_stripe       [  23% ] 2/2 VUs  06.9s/30.0s
cooldown_12_twilio       [  23% ] 2/2 VUs  06.9s/30.0s

running (2m37.9s), 24/48 VUs, 4271 complete and 0 interrupted iterations
warmup_01_binance      ✓ [ 100% ] 0/2 VUs  30s
warmup_02_datadog      ✓ [ 100% ] 0/2 VUs  30s
warmup_03_ibm          ✓ [ 100% ] 0/2 VUs  30s
warmup_04_intel        ✓ [ 100% ] 0/2 VUs  30s
warmup_05_mongo        ✓ [ 100% ] 0/2 VUs  30s
warmup_06_oracle       ✓ [ 100% ] 0/2 VUs  30s
warmup_07_qualcomm     ✓ [ 100% ] 0/2 VUs  30s
warmup_08_salesforce   ✓ [ 100% ] 0/2 VUs  30s
warmup_09_sap          ✓ [ 100% ] 0/2 VUs  30s
warmup_10_shopify      ✓ [ 100% ] 0/2 VUs  30s
warmup_11_stripe       ✓ [ 100% ] 0/2 VUs  30s
warmup_12_twilio       ✓ [ 100% ] 0/2 VUs  30s
steady_01_binance      ✓ [ 100% ] 2 VUs    2m0s
steady_02_datadog      ✓ [ 100% ] 2 VUs    2m0s
steady_03_ibm          ✓ [ 100% ] 2 VUs    2m0s
steady_04_intel        ✓ [ 100% ] 2 VUs    2m0s
steady_05_mongo        ✓ [ 100% ] 2 VUs    2m0s
steady_06_oracle       ✓ [ 100% ] 2 VUs    2m0s
steady_07_qualcomm     ✓ [ 100% ] 2 VUs    2m0s
steady_08_salesforce   ✓ [ 100% ] 2 VUs    2m0s
steady_09_sap          ✓ [ 100% ] 2 VUs    2m0s
steady_10_shopify      ✓ [ 100% ] 2 VUs    2m0s
steady_11_stripe       ✓ [ 100% ] 2 VUs    2m0s
steady_12_twilio       ✓ [ 100% ] 2 VUs    2m0s
cooldown_01_binance      [  26% ] 2/2 VUs  07.9s/30.0s
cooldown_02_datadog      [  26% ] 2/2 VUs  07.9s/30.0s
cooldown_03_ibm          [  26% ] 2/2 VUs  07.9s/30.0s
cooldown_04_intel        [  26% ] 2/2 VUs  07.9s/30.0s
cooldown_05_mongo        [  26% ] 2/2 VUs  07.9s/30.0s
cooldown_06_oracle       [  26% ] 2/2 VUs  07.9s/30.0s
cooldown_07_qualcomm     [  26% ] 2/2 VUs  07.9s/30.0s
cooldown_08_salesforce   [  26% ] 2/2 VUs  07.9s/30.0s
cooldown_09_sap          [  26% ] 2/2 VUs  07.9s/30.0s
cooldown_10_shopify      [  26% ] 2/2 VUs  07.9s/30.0s
cooldown_11_stripe       [  26% ] 2/2 VUs  07.9s/30.0s
cooldown_12_twilio       [  26% ] 2/2 VUs  07.9s/30.0s

running (2m38.9s), 24/48 VUs, 4307 complete and 0 interrupted iterations
warmup_01_binance      ✓ [ 100% ] 0/2 VUs  30s
warmup_02_datadog      ✓ [ 100% ] 0/2 VUs  30s
warmup_03_ibm          ✓ [ 100% ] 0/2 VUs  30s
warmup_04_intel        ✓ [ 100% ] 0/2 VUs  30s
warmup_05_mongo        ✓ [ 100% ] 0/2 VUs  30s
warmup_06_oracle       ✓ [ 100% ] 0/2 VUs  30s
warmup_07_qualcomm     ✓ [ 100% ] 0/2 VUs  30s
warmup_08_salesforce   ✓ [ 100% ] 0/2 VUs  30s
warmup_09_sap          ✓ [ 100% ] 0/2 VUs  30s
warmup_10_shopify      ✓ [ 100% ] 0/2 VUs  30s
warmup_11_stripe       ✓ [ 100% ] 0/2 VUs  30s
warmup_12_twilio       ✓ [ 100% ] 0/2 VUs  30s
steady_01_binance      ✓ [ 100% ] 2 VUs    2m0s
steady_02_datadog      ✓ [ 100% ] 2 VUs    2m0s
steady_03_ibm          ✓ [ 100% ] 2 VUs    2m0s
steady_04_intel        ✓ [ 100% ] 2 VUs    2m0s
steady_05_mongo        ✓ [ 100% ] 2 VUs    2m0s
steady_06_oracle       ✓ [ 100% ] 2 VUs    2m0s
steady_07_qualcomm     ✓ [ 100% ] 2 VUs    2m0s
steady_08_salesforce   ✓ [ 100% ] 2 VUs    2m0s
steady_09_sap          ✓ [ 100% ] 2 VUs    2m0s
steady_10_shopify      ✓ [ 100% ] 2 VUs    2m0s
steady_11_stripe       ✓ [ 100% ] 2 VUs    2m0s
steady_12_twilio       ✓ [ 100% ] 2 VUs    2m0s
cooldown_01_binance      [  30% ] 2/2 VUs  08.9s/30.0s
cooldown_02_datadog      [  30% ] 2/2 VUs  08.9s/30.0s
cooldown_03_ibm          [  30% ] 2/2 VUs  08.9s/30.0s
cooldown_04_intel        [  30% ] 2/2 VUs  08.9s/30.0s
cooldown_05_mongo        [  30% ] 2/2 VUs  08.9s/30.0s
cooldown_06_oracle       [  30% ] 2/2 VUs  08.9s/30.0s
cooldown_07_qualcomm     [  30% ] 2/2 VUs  08.9s/30.0s
cooldown_08_salesforce   [  30% ] 2/2 VUs  08.9s/30.0s
cooldown_09_sap          [  30% ] 2/2 VUs  08.9s/30.0s
cooldown_10_shopify      [  30% ] 2/2 VUs  08.9s/30.0s
cooldown_11_stripe       [  30% ] 2/2 VUs  08.9s/30.0s
cooldown_12_twilio       [  30% ] 2/2 VUs  08.9s/30.0s

running (2m39.9s), 24/48 VUs, 4332 complete and 0 interrupted iterations
warmup_01_binance      ✓ [ 100% ] 0/2 VUs  30s
warmup_02_datadog      ✓ [ 100% ] 0/2 VUs  30s
warmup_03_ibm          ✓ [ 100% ] 0/2 VUs  30s
warmup_04_intel        ✓ [ 100% ] 0/2 VUs  30s
warmup_05_mongo        ✓ [ 100% ] 0/2 VUs  30s
warmup_06_oracle       ✓ [ 100% ] 0/2 VUs  30s
warmup_07_qualcomm     ✓ [ 100% ] 0/2 VUs  30s
warmup_08_salesforce   ✓ [ 100% ] 0/2 VUs  30s
warmup_09_sap          ✓ [ 100% ] 0/2 VUs  30s
warmup_10_shopify      ✓ [ 100% ] 0/2 VUs  30s
warmup_11_stripe       ✓ [ 100% ] 0/2 VUs  30s
warmup_12_twilio       ✓ [ 100% ] 0/2 VUs  30s
steady_01_binance      ✓ [ 100% ] 2 VUs    2m0s
steady_02_datadog      ✓ [ 100% ] 2 VUs    2m0s
steady_03_ibm          ✓ [ 100% ] 2 VUs    2m0s
steady_04_intel        ✓ [ 100% ] 2 VUs    2m0s
steady_05_mongo        ✓ [ 100% ] 2 VUs    2m0s
steady_06_oracle       ✓ [ 100% ] 2 VUs    2m0s
steady_07_qualcomm     ✓ [ 100% ] 2 VUs    2m0s
steady_08_salesforce   ✓ [ 100% ] 2 VUs    2m0s
steady_09_sap          ✓ [ 100% ] 2 VUs    2m0s
steady_10_shopify      ✓ [ 100% ] 2 VUs    2m0s
steady_11_stripe       ✓ [ 100% ] 2 VUs    2m0s
steady_12_twilio       ✓ [ 100% ] 2 VUs    2m0s
cooldown_01_binance      [  33% ] 2/2 VUs  09.9s/30.0s
cooldown_02_datadog      [  33% ] 2/2 VUs  09.9s/30.0s
cooldown_03_ibm          [  33% ] 2/2 VUs  09.9s/30.0s
cooldown_04_intel        [  33% ] 2/2 VUs  09.9s/30.0s
cooldown_05_mongo        [  33% ] 2/2 VUs  09.9s/30.0s
cooldown_06_oracle       [  33% ] 2/2 VUs  09.9s/30.0s
cooldown_07_qualcomm     [  33% ] 2/2 VUs  09.9s/30.0s
cooldown_08_salesforce   [  33% ] 2/2 VUs  09.9s/30.0s
cooldown_09_sap          [  33% ] 2/2 VUs  09.9s/30.0s
cooldown_10_shopify      [  33% ] 2/2 VUs  09.9s/30.0s
cooldown_11_stripe       [  33% ] 2/2 VUs  09.9s/30.0s
cooldown_12_twilio       [  33% ] 2/2 VUs  09.9s/30.0s

running (2m40.9s), 24/48 VUs, 4369 complete and 0 interrupted iterations
warmup_01_binance      ✓ [ 100% ] 0/2 VUs  30s
warmup_02_datadog      ✓ [ 100% ] 0/2 VUs  30s
warmup_03_ibm          ✓ [ 100% ] 0/2 VUs  30s
warmup_04_intel        ✓ [ 100% ] 0/2 VUs  30s
warmup_05_mongo        ✓ [ 100% ] 0/2 VUs  30s
warmup_06_oracle       ✓ [ 100% ] 0/2 VUs  30s
warmup_07_qualcomm     ✓ [ 100% ] 0/2 VUs  30s
warmup_08_salesforce   ✓ [ 100% ] 0/2 VUs  30s
warmup_09_sap          ✓ [ 100% ] 0/2 VUs  30s
warmup_10_shopify      ✓ [ 100% ] 0/2 VUs  30s
warmup_11_stripe       ✓ [ 100% ] 0/2 VUs  30s
warmup_12_twilio       ✓ [ 100% ] 0/2 VUs  30s
steady_01_binance      ✓ [ 100% ] 2 VUs    2m0s
steady_02_datadog      ✓ [ 100% ] 2 VUs    2m0s
steady_03_ibm          ✓ [ 100% ] 2 VUs    2m0s
steady_04_intel        ✓ [ 100% ] 2 VUs    2m0s
steady_05_mongo        ✓ [ 100% ] 2 VUs    2m0s
steady_06_oracle       ✓ [ 100% ] 2 VUs    2m0s
steady_07_qualcomm     ✓ [ 100% ] 2 VUs    2m0s
steady_08_salesforce   ✓ [ 100% ] 2 VUs    2m0s
steady_09_sap          ✓ [ 100% ] 2 VUs    2m0s
steady_10_shopify      ✓ [ 100% ] 2 VUs    2m0s
steady_11_stripe       ✓ [ 100% ] 2 VUs    2m0s
steady_12_twilio       ✓ [ 100% ] 2 VUs    2m0s
cooldown_01_binance      [  36% ] 2/2 VUs  10.9s/30.0s
cooldown_02_datadog      [  36% ] 2/2 VUs  10.9s/30.0s
cooldown_03_ibm          [  36% ] 2/2 VUs  10.9s/30.0s
cooldown_04_intel        [  36% ] 2/2 VUs  10.9s/30.0s
cooldown_05_mongo        [  36% ] 2/2 VUs  10.9s/30.0s
cooldown_06_oracle       [  36% ] 2/2 VUs  10.9s/30.0s
cooldown_07_qualcomm     [  36% ] 2/2 VUs  10.9s/30.0s
cooldown_08_salesforce   [  36% ] 2/2 VUs  10.9s/30.0s
cooldown_09_sap          [  36% ] 2/2 VUs  10.9s/30.0s
cooldown_10_shopify      [  36% ] 2/2 VUs  10.9s/30.0s
cooldown_11_stripe       [  36% ] 2/2 VUs  10.9s/30.0s
cooldown_12_twilio       [  36% ] 2/2 VUs  10.9s/30.0s

running (2m41.9s), 24/48 VUs, 4410 complete and 0 interrupted iterations
warmup_01_binance      ✓ [ 100% ] 0/2 VUs  30s
warmup_02_datadog      ✓ [ 100% ] 0/2 VUs  30s
warmup_03_ibm          ✓ [ 100% ] 0/2 VUs  30s
warmup_04_intel        ✓ [ 100% ] 0/2 VUs  30s
warmup_05_mongo        ✓ [ 100% ] 0/2 VUs  30s
warmup_06_oracle       ✓ [ 100% ] 0/2 VUs  30s
warmup_07_qualcomm     ✓ [ 100% ] 0/2 VUs  30s
warmup_08_salesforce   ✓ [ 100% ] 0/2 VUs  30s
warmup_09_sap          ✓ [ 100% ] 0/2 VUs  30s
warmup_10_shopify      ✓ [ 100% ] 0/2 VUs  30s
warmup_11_stripe       ✓ [ 100% ] 0/2 VUs  30s
warmup_12_twilio       ✓ [ 100% ] 0/2 VUs  30s
steady_01_binance      ✓ [ 100% ] 2 VUs    2m0s
steady_02_datadog      ✓ [ 100% ] 2 VUs    2m0s
steady_03_ibm          ✓ [ 100% ] 2 VUs    2m0s
steady_04_intel        ✓ [ 100% ] 2 VUs    2m0s
steady_05_mongo        ✓ [ 100% ] 2 VUs    2m0s
steady_06_oracle       ✓ [ 100% ] 2 VUs    2m0s
steady_07_qualcomm     ✓ [ 100% ] 2 VUs    2m0s
steady_08_salesforce   ✓ [ 100% ] 2 VUs    2m0s
steady_09_sap          ✓ [ 100% ] 2 VUs    2m0s
steady_10_shopify      ✓ [ 100% ] 2 VUs    2m0s
steady_11_stripe       ✓ [ 100% ] 2 VUs    2m0s
steady_12_twilio       ✓ [ 100% ] 2 VUs    2m0s
cooldown_01_binance      [  40% ] 2/2 VUs  11.9s/30.0s
cooldown_02_datadog      [  40% ] 2/2 VUs  11.9s/30.0s
cooldown_03_ibm          [  40% ] 2/2 VUs  11.9s/30.0s
cooldown_04_intel        [  40% ] 2/2 VUs  11.9s/30.0s
cooldown_05_mongo        [  40% ] 2/2 VUs  11.9s/30.0s
cooldown_06_oracle       [  40% ] 2/2 VUs  11.9s/30.0s
cooldown_07_qualcomm     [  40% ] 2/2 VUs  11.9s/30.0s
cooldown_08_salesforce   [  40% ] 2/2 VUs  11.9s/30.0s
cooldown_09_sap          [  40% ] 2/2 VUs  11.9s/30.0s
cooldown_10_shopify      [  40% ] 2/2 VUs  11.9s/30.0s
cooldown_11_stripe       [  40% ] 2/2 VUs  11.9s/30.0s
cooldown_12_twilio       [  40% ] 2/2 VUs  11.9s/30.0s

running (2m42.9s), 24/48 VUs, 4432 complete and 0 interrupted iterations
warmup_01_binance      ✓ [ 100% ] 0/2 VUs  30s
warmup_02_datadog      ✓ [ 100% ] 0/2 VUs  30s
warmup_03_ibm          ✓ [ 100% ] 0/2 VUs  30s
warmup_04_intel        ✓ [ 100% ] 0/2 VUs  30s
warmup_05_mongo        ✓ [ 100% ] 0/2 VUs  30s
warmup_06_oracle       ✓ [ 100% ] 0/2 VUs  30s
warmup_07_qualcomm     ✓ [ 100% ] 0/2 VUs  30s
warmup_08_salesforce   ✓ [ 100% ] 0/2 VUs  30s
warmup_09_sap          ✓ [ 100% ] 0/2 VUs  30s
warmup_10_shopify      ✓ [ 100% ] 0/2 VUs  30s
warmup_11_stripe       ✓ [ 100% ] 0/2 VUs  30s
warmup_12_twilio       ✓ [ 100% ] 0/2 VUs  30s
steady_01_binance      ✓ [ 100% ] 2 VUs    2m0s
steady_02_datadog      ✓ [ 100% ] 2 VUs    2m0s
steady_03_ibm          ✓ [ 100% ] 2 VUs    2m0s
steady_04_intel        ✓ [ 100% ] 2 VUs    2m0s
steady_05_mongo        ✓ [ 100% ] 2 VUs    2m0s
steady_06_oracle       ✓ [ 100% ] 2 VUs    2m0s
steady_07_qualcomm     ✓ [ 100% ] 2 VUs    2m0s
steady_08_salesforce   ✓ [ 100% ] 2 VUs    2m0s
steady_09_sap          ✓ [ 100% ] 2 VUs    2m0s
steady_10_shopify      ✓ [ 100% ] 2 VUs    2m0s
steady_11_stripe       ✓ [ 100% ] 2 VUs    2m0s
steady_12_twilio       ✓ [ 100% ] 2 VUs    2m0s
cooldown_01_binance      [  43% ] 2/2 VUs  12.9s/30.0s
cooldown_02_datadog      [  43% ] 2/2 VUs  12.9s/30.0s
cooldown_03_ibm          [  43% ] 2/2 VUs  12.9s/30.0s
cooldown_04_intel        [  43% ] 2/2 VUs  12.9s/30.0s
cooldown_05_mongo        [  43% ] 2/2 VUs  12.9s/30.0s
cooldown_06_oracle       [  43% ] 2/2 VUs  12.9s/30.0s
cooldown_07_qualcomm     [  43% ] 2/2 VUs  12.9s/30.0s
cooldown_08_salesforce   [  43% ] 2/2 VUs  12.9s/30.0s
cooldown_09_sap          [  43% ] 2/2 VUs  12.9s/30.0s
cooldown_10_shopify      [  43% ] 2/2 VUs  12.9s/30.0s
cooldown_11_stripe       [  43% ] 2/2 VUs  12.9s/30.0s
cooldown_12_twilio       [  43% ] 2/2 VUs  12.9s/30.0s

running (2m43.9s), 24/48 VUs, 4472 complete and 0 interrupted iterations
warmup_01_binance      ✓ [ 100% ] 0/2 VUs  30s
warmup_02_datadog      ✓ [ 100% ] 0/2 VUs  30s
warmup_03_ibm          ✓ [ 100% ] 0/2 VUs  30s
warmup_04_intel        ✓ [ 100% ] 0/2 VUs  30s
warmup_05_mongo        ✓ [ 100% ] 0/2 VUs  30s
warmup_06_oracle       ✓ [ 100% ] 0/2 VUs  30s
warmup_07_qualcomm     ✓ [ 100% ] 0/2 VUs  30s
warmup_08_salesforce   ✓ [ 100% ] 0/2 VUs  30s
warmup_09_sap          ✓ [ 100% ] 0/2 VUs  30s
warmup_10_shopify      ✓ [ 100% ] 0/2 VUs  30s
warmup_11_stripe       ✓ [ 100% ] 0/2 VUs  30s
warmup_12_twilio       ✓ [ 100% ] 0/2 VUs  30s
steady_01_binance      ✓ [ 100% ] 2 VUs    2m0s
steady_02_datadog      ✓ [ 100% ] 2 VUs    2m0s
steady_03_ibm          ✓ [ 100% ] 2 VUs    2m0s
steady_04_intel        ✓ [ 100% ] 2 VUs    2m0s
steady_05_mongo        ✓ [ 100% ] 2 VUs    2m0s
steady_06_oracle       ✓ [ 100% ] 2 VUs    2m0s
steady_07_qualcomm     ✓ [ 100% ] 2 VUs    2m0s
steady_08_salesforce   ✓ [ 100% ] 2 VUs    2m0s
steady_09_sap          ✓ [ 100% ] 2 VUs    2m0s
steady_10_shopify      ✓ [ 100% ] 2 VUs    2m0s
steady_11_stripe       ✓ [ 100% ] 2 VUs    2m0s
steady_12_twilio       ✓ [ 100% ] 2 VUs    2m0s
cooldown_01_binance      [  46% ] 2/2 VUs  13.9s/30.0s
cooldown_02_datadog      [  46% ] 2/2 VUs  13.9s/30.0s
cooldown_03_ibm          [  46% ] 2/2 VUs  13.9s/30.0s
cooldown_04_intel        [  46% ] 2/2 VUs  13.9s/30.0s
cooldown_05_mongo        [  46% ] 2/2 VUs  13.9s/30.0s
cooldown_06_oracle       [  46% ] 2/2 VUs  13.9s/30.0s
cooldown_07_qualcomm     [  46% ] 2/2 VUs  13.9s/30.0s
cooldown_08_salesforce   [  46% ] 2/2 VUs  13.9s/30.0s
cooldown_09_sap          [  46% ] 2/2 VUs  13.9s/30.0s
cooldown_10_shopify      [  46% ] 2/2 VUs  13.9s/30.0s
cooldown_11_stripe       [  46% ] 2/2 VUs  13.9s/30.0s
cooldown_12_twilio       [  46% ] 2/2 VUs  13.9s/30.0s

running (2m44.9s), 24/48 VUs, 4494 complete and 0 interrupted iterations
warmup_01_binance      ✓ [ 100% ] 0/2 VUs  30s
warmup_02_datadog      ✓ [ 100% ] 0/2 VUs  30s
warmup_03_ibm          ✓ [ 100% ] 0/2 VUs  30s
warmup_04_intel        ✓ [ 100% ] 0/2 VUs  30s
warmup_05_mongo        ✓ [ 100% ] 0/2 VUs  30s
warmup_06_oracle       ✓ [ 100% ] 0/2 VUs  30s
warmup_07_qualcomm     ✓ [ 100% ] 0/2 VUs  30s
warmup_08_salesforce   ✓ [ 100% ] 0/2 VUs  30s
warmup_09_sap          ✓ [ 100% ] 0/2 VUs  30s
warmup_10_shopify      ✓ [ 100% ] 0/2 VUs  30s
warmup_11_stripe       ✓ [ 100% ] 0/2 VUs  30s
warmup_12_twilio       ✓ [ 100% ] 0/2 VUs  30s
steady_01_binance      ✓ [ 100% ] 2 VUs    2m0s
steady_02_datadog      ✓ [ 100% ] 2 VUs    2m0s
steady_03_ibm          ✓ [ 100% ] 2 VUs    2m0s
steady_04_intel        ✓ [ 100% ] 2 VUs    2m0s
steady_05_mongo        ✓ [ 100% ] 2 VUs    2m0s
steady_06_oracle       ✓ [ 100% ] 2 VUs    2m0s
steady_07_qualcomm     ✓ [ 100% ] 2 VUs    2m0s
steady_08_salesforce   ✓ [ 100% ] 2 VUs    2m0s
steady_09_sap          ✓ [ 100% ] 2 VUs    2m0s
steady_10_shopify      ✓ [ 100% ] 2 VUs    2m0s
steady_11_stripe       ✓ [ 100% ] 2 VUs    2m0s
steady_12_twilio       ✓ [ 100% ] 2 VUs    2m0s
cooldown_01_binance      [  50% ] 2/2 VUs  14.9s/30.0s
cooldown_02_datadog      [  50% ] 2/2 VUs  14.9s/30.0s
cooldown_03_ibm          [  50% ] 2/2 VUs  14.9s/30.0s
cooldown_04_intel        [  50% ] 2/2 VUs  14.9s/30.0s
cooldown_05_mongo        [  50% ] 2/2 VUs  14.9s/30.0s
cooldown_06_oracle       [  50% ] 2/2 VUs  14.9s/30.0s
cooldown_07_qualcomm     [  50% ] 2/2 VUs  14.9s/30.0s
cooldown_08_salesforce   [  50% ] 2/2 VUs  14.9s/30.0s
cooldown_09_sap          [  50% ] 2/2 VUs  14.9s/30.0s
cooldown_10_shopify      [  50% ] 2/2 VUs  14.9s/30.0s
cooldown_11_stripe       [  50% ] 2/2 VUs  14.9s/30.0s
cooldown_12_twilio       [  50% ] 2/2 VUs  14.9s/30.0s

running (2m45.9s), 12/48 VUs, 4529 complete and 0 interrupted iterations
warmup_01_binance      ✓ [ 100% ] 0/2 VUs  30s
warmup_02_datadog      ✓ [ 100% ] 0/2 VUs  30s
warmup_03_ibm          ✓ [ 100% ] 0/2 VUs  30s
warmup_04_intel        ✓ [ 100% ] 0/2 VUs  30s
warmup_05_mongo        ✓ [ 100% ] 0/2 VUs  30s
warmup_06_oracle       ✓ [ 100% ] 0/2 VUs  30s
warmup_07_qualcomm     ✓ [ 100% ] 0/2 VUs  30s
warmup_08_salesforce   ✓ [ 100% ] 0/2 VUs  30s
warmup_09_sap          ✓ [ 100% ] 0/2 VUs  30s
warmup_10_shopify      ✓ [ 100% ] 0/2 VUs  30s
warmup_11_stripe       ✓ [ 100% ] 0/2 VUs  30s
warmup_12_twilio       ✓ [ 100% ] 0/2 VUs  30s
steady_01_binance      ✓ [ 100% ] 2 VUs    2m0s
steady_02_datadog      ✓ [ 100% ] 2 VUs    2m0s
steady_03_ibm          ✓ [ 100% ] 2 VUs    2m0s
steady_04_intel        ✓ [ 100% ] 2 VUs    2m0s
steady_05_mongo        ✓ [ 100% ] 2 VUs    2m0s
steady_06_oracle       ✓ [ 100% ] 2 VUs    2m0s
steady_07_qualcomm     ✓ [ 100% ] 2 VUs    2m0s
steady_08_salesforce   ✓ [ 100% ] 2 VUs    2m0s
steady_09_sap          ✓ [ 100% ] 2 VUs    2m0s
steady_10_shopify      ✓ [ 100% ] 2 VUs    2m0s
steady_11_stripe       ✓ [ 100% ] 2 VUs    2m0s
steady_12_twilio       ✓ [ 100% ] 2 VUs    2m0s
cooldown_01_binance      [  53% ] 1/2 VUs  15.9s/30.0s
cooldown_02_datadog      [  53% ] 1/2 VUs  15.9s/30.0s
cooldown_03_ibm          [  53% ] 1/2 VUs  15.9s/30.0s
cooldown_04_intel        [  53% ] 1/2 VUs  15.9s/30.0s
cooldown_05_mongo        [  53% ] 1/2 VUs  15.9s/30.0s
cooldown_06_oracle       [  53% ] 1/2 VUs  15.9s/30.0s
cooldown_07_qualcomm     [  53% ] 1/2 VUs  15.9s/30.0s
cooldown_08_salesforce   [  53% ] 1/2 VUs  15.9s/30.0s
cooldown_09_sap          [  53% ] 1/2 VUs  15.9s/30.0s
cooldown_10_shopify      [  53% ] 1/2 VUs  15.9s/30.0s
cooldown_11_stripe       [  53% ] 1/2 VUs  15.9s/30.0s
cooldown_12_twilio       [  53% ] 1/2 VUs  15.9s/30.0s

running (2m46.9s), 12/48 VUs, 4550 complete and 0 interrupted iterations
warmup_01_binance      ✓ [ 100% ] 0/2 VUs  30s
warmup_02_datadog      ✓ [ 100% ] 0/2 VUs  30s
warmup_03_ibm          ✓ [ 100% ] 0/2 VUs  30s
warmup_04_intel        ✓ [ 100% ] 0/2 VUs  30s
warmup_05_mongo        ✓ [ 100% ] 0/2 VUs  30s
warmup_06_oracle       ✓ [ 100% ] 0/2 VUs  30s
warmup_07_qualcomm     ✓ [ 100% ] 0/2 VUs  30s
warmup_08_salesforce   ✓ [ 100% ] 0/2 VUs  30s
warmup_09_sap          ✓ [ 100% ] 0/2 VUs  30s
warmup_10_shopify      ✓ [ 100% ] 0/2 VUs  30s
warmup_11_stripe       ✓ [ 100% ] 0/2 VUs  30s
warmup_12_twilio       ✓ [ 100% ] 0/2 VUs  30s
steady_01_binance      ✓ [ 100% ] 2 VUs    2m0s
steady_02_datadog      ✓ [ 100% ] 2 VUs    2m0s
steady_03_ibm          ✓ [ 100% ] 2 VUs    2m0s
steady_04_intel        ✓ [ 100% ] 2 VUs    2m0s
steady_05_mongo        ✓ [ 100% ] 2 VUs    2m0s
steady_06_oracle       ✓ [ 100% ] 2 VUs    2m0s
steady_07_qualcomm     ✓ [ 100% ] 2 VUs    2m0s
steady_08_salesforce   ✓ [ 100% ] 2 VUs    2m0s
steady_09_sap          ✓ [ 100% ] 2 VUs    2m0s
steady_10_shopify      ✓ [ 100% ] 2 VUs    2m0s
steady_11_stripe       ✓ [ 100% ] 2 VUs    2m0s
steady_12_twilio       ✓ [ 100% ] 2 VUs    2m0s
cooldown_01_binance      [  56% ] 1/2 VUs  16.9s/30.0s
cooldown_02_datadog      [  56% ] 1/2 VUs  16.9s/30.0s
cooldown_03_ibm          [  56% ] 1/2 VUs  16.9s/30.0s
cooldown_04_intel        [  56% ] 1/2 VUs  16.9s/30.0s
cooldown_05_mongo        [  56% ] 1/2 VUs  16.9s/30.0s
cooldown_06_oracle       [  56% ] 1/2 VUs  16.9s/30.0s
cooldown_07_qualcomm     [  56% ] 1/2 VUs  16.9s/30.0s
cooldown_08_salesforce   [  56% ] 1/2 VUs  16.9s/30.0s
cooldown_09_sap          [  56% ] 1/2 VUs  16.9s/30.0s
cooldown_10_shopify      [  56% ] 1/2 VUs  16.9s/30.0s
cooldown_11_stripe       [  56% ] 1/2 VUs  16.9s/30.0s
cooldown_12_twilio       [  56% ] 1/2 VUs  16.9s/30.0s

running (2m47.9s), 12/48 VUs, 4571 complete and 0 interrupted iterations
warmup_01_binance      ✓ [ 100% ] 0/2 VUs  30s
warmup_02_datadog      ✓ [ 100% ] 0/2 VUs  30s
warmup_03_ibm          ✓ [ 100% ] 0/2 VUs  30s
warmup_04_intel        ✓ [ 100% ] 0/2 VUs  30s
warmup_05_mongo        ✓ [ 100% ] 0/2 VUs  30s
warmup_06_oracle       ✓ [ 100% ] 0/2 VUs  30s
warmup_07_qualcomm     ✓ [ 100% ] 0/2 VUs  30s
warmup_08_salesforce   ✓ [ 100% ] 0/2 VUs  30s
warmup_09_sap          ✓ [ 100% ] 0/2 VUs  30s
warmup_10_shopify      ✓ [ 100% ] 0/2 VUs  30s
warmup_11_stripe       ✓ [ 100% ] 0/2 VUs  30s
warmup_12_twilio       ✓ [ 100% ] 0/2 VUs  30s
steady_01_binance      ✓ [ 100% ] 2 VUs    2m0s
steady_02_datadog      ✓ [ 100% ] 2 VUs    2m0s
steady_03_ibm          ✓ [ 100% ] 2 VUs    2m0s
steady_04_intel        ✓ [ 100% ] 2 VUs    2m0s
steady_05_mongo        ✓ [ 100% ] 2 VUs    2m0s
steady_06_oracle       ✓ [ 100% ] 2 VUs    2m0s
steady_07_qualcomm     ✓ [ 100% ] 2 VUs    2m0s
steady_08_salesforce   ✓ [ 100% ] 2 VUs    2m0s
steady_09_sap          ✓ [ 100% ] 2 VUs    2m0s
steady_10_shopify      ✓ [ 100% ] 2 VUs    2m0s
steady_11_stripe       ✓ [ 100% ] 2 VUs    2m0s
steady_12_twilio       ✓ [ 100% ] 2 VUs    2m0s
cooldown_01_binance      [  60% ] 1/2 VUs  17.9s/30.0s
cooldown_02_datadog      [  60% ] 1/2 VUs  17.9s/30.0s
cooldown_03_ibm          [  60% ] 1/2 VUs  17.9s/30.0s
cooldown_04_intel        [  60% ] 1/2 VUs  17.9s/30.0s
cooldown_05_mongo        [  60% ] 1/2 VUs  17.9s/30.0s
cooldown_06_oracle       [  60% ] 1/2 VUs  17.9s/30.0s
cooldown_07_qualcomm     [  60% ] 1/2 VUs  17.9s/30.0s
cooldown_08_salesforce   [  60% ] 1/2 VUs  17.9s/30.0s
cooldown_09_sap          [  60% ] 1/2 VUs  17.9s/30.0s
cooldown_10_shopify      [  60% ] 1/2 VUs  17.9s/30.0s
cooldown_11_stripe       [  60% ] 1/2 VUs  17.9s/30.0s
cooldown_12_twilio       [  60% ] 1/2 VUs  17.9s/30.0s

running (2m48.9s), 12/48 VUs, 4591 complete and 0 interrupted iterations
warmup_01_binance      ✓ [ 100% ] 0/2 VUs  30s
warmup_02_datadog      ✓ [ 100% ] 0/2 VUs  30s
warmup_03_ibm          ✓ [ 100% ] 0/2 VUs  30s
warmup_04_intel        ✓ [ 100% ] 0/2 VUs  30s
warmup_05_mongo        ✓ [ 100% ] 0/2 VUs  30s
warmup_06_oracle       ✓ [ 100% ] 0/2 VUs  30s
warmup_07_qualcomm     ✓ [ 100% ] 0/2 VUs  30s
warmup_08_salesforce   ✓ [ 100% ] 0/2 VUs  30s
warmup_09_sap          ✓ [ 100% ] 0/2 VUs  30s
warmup_10_shopify      ✓ [ 100% ] 0/2 VUs  30s
warmup_11_stripe       ✓ [ 100% ] 0/2 VUs  30s
warmup_12_twilio       ✓ [ 100% ] 0/2 VUs  30s
steady_01_binance      ✓ [ 100% ] 2 VUs    2m0s
steady_02_datadog      ✓ [ 100% ] 2 VUs    2m0s
steady_03_ibm          ✓ [ 100% ] 2 VUs    2m0s
steady_04_intel        ✓ [ 100% ] 2 VUs    2m0s
steady_05_mongo        ✓ [ 100% ] 2 VUs    2m0s
steady_06_oracle       ✓ [ 100% ] 2 VUs    2m0s
steady_07_qualcomm     ✓ [ 100% ] 2 VUs    2m0s
steady_08_salesforce   ✓ [ 100% ] 2 VUs    2m0s
steady_09_sap          ✓ [ 100% ] 2 VUs    2m0s
steady_10_shopify      ✓ [ 100% ] 2 VUs    2m0s
steady_11_stripe       ✓ [ 100% ] 2 VUs    2m0s
steady_12_twilio       ✓ [ 100% ] 2 VUs    2m0s
cooldown_01_binance      [  63% ] 1/2 VUs  18.9s/30.0s
cooldown_02_datadog      [  63% ] 1/2 VUs  18.9s/30.0s
cooldown_03_ibm          [  63% ] 1/2 VUs  18.9s/30.0s
cooldown_04_intel        [  63% ] 1/2 VUs  18.9s/30.0s
cooldown_05_mongo        [  63% ] 1/2 VUs  18.9s/30.0s
cooldown_06_oracle       [  63% ] 1/2 VUs  18.9s/30.0s
cooldown_07_qualcomm     [  63% ] 1/2 VUs  18.9s/30.0s
cooldown_08_salesforce   [  63% ] 1/2 VUs  18.9s/30.0s
cooldown_09_sap          [  63% ] 1/2 VUs  18.9s/30.0s
cooldown_10_shopify      [  63% ] 1/2 VUs  18.9s/30.0s
cooldown_11_stripe       [  63% ] 1/2 VUs  18.9s/30.0s
cooldown_12_twilio       [  63% ] 1/2 VUs  18.9s/30.0s

running (2m49.9s), 12/48 VUs, 4611 complete and 0 interrupted iterations
warmup_01_binance      ✓ [ 100% ] 0/2 VUs  30s
warmup_02_datadog      ✓ [ 100% ] 0/2 VUs  30s
warmup_03_ibm          ✓ [ 100% ] 0/2 VUs  30s
warmup_04_intel        ✓ [ 100% ] 0/2 VUs  30s
warmup_05_mongo        ✓ [ 100% ] 0/2 VUs  30s
warmup_06_oracle       ✓ [ 100% ] 0/2 VUs  30s
warmup_07_qualcomm     ✓ [ 100% ] 0/2 VUs  30s
warmup_08_salesforce   ✓ [ 100% ] 0/2 VUs  30s
warmup_09_sap          ✓ [ 100% ] 0/2 VUs  30s
warmup_10_shopify      ✓ [ 100% ] 0/2 VUs  30s
warmup_11_stripe       ✓ [ 100% ] 0/2 VUs  30s
warmup_12_twilio       ✓ [ 100% ] 0/2 VUs  30s
steady_01_binance      ✓ [ 100% ] 2 VUs    2m0s
steady_02_datadog      ✓ [ 100% ] 2 VUs    2m0s
steady_03_ibm          ✓ [ 100% ] 2 VUs    2m0s
steady_04_intel        ✓ [ 100% ] 2 VUs    2m0s
steady_05_mongo        ✓ [ 100% ] 2 VUs    2m0s
steady_06_oracle       ✓ [ 100% ] 2 VUs    2m0s
steady_07_qualcomm     ✓ [ 100% ] 2 VUs    2m0s
steady_08_salesforce   ✓ [ 100% ] 2 VUs    2m0s
steady_09_sap          ✓ [ 100% ] 2 VUs    2m0s
steady_10_shopify      ✓ [ 100% ] 2 VUs    2m0s
steady_11_stripe       ✓ [ 100% ] 2 VUs    2m0s
steady_12_twilio       ✓ [ 100% ] 2 VUs    2m0s
cooldown_01_binance      [  66% ] 1/2 VUs  19.9s/30.0s
cooldown_02_datadog      [  66% ] 1/2 VUs  19.9s/30.0s
cooldown_03_ibm          [  66% ] 1/2 VUs  19.9s/30.0s
cooldown_04_intel        [  66% ] 1/2 VUs  19.9s/30.0s
cooldown_05_mongo        [  66% ] 1/2 VUs  19.9s/30.0s
cooldown_06_oracle       [  66% ] 1/2 VUs  19.9s/30.0s
cooldown_07_qualcomm     [  66% ] 1/2 VUs  19.9s/30.0s
cooldown_08_salesforce   [  66% ] 1/2 VUs  19.9s/30.0s
cooldown_09_sap          [  66% ] 1/2 VUs  19.9s/30.0s
cooldown_10_shopify      [  66% ] 1/2 VUs  19.9s/30.0s
cooldown_11_stripe       [  66% ] 1/2 VUs  19.9s/30.0s
cooldown_12_twilio       [  66% ] 1/2 VUs  19.9s/30.0s

running (2m50.9s), 12/48 VUs, 4631 complete and 0 interrupted iterations
warmup_01_binance      ✓ [ 100% ] 0/2 VUs  30s
warmup_02_datadog      ✓ [ 100% ] 0/2 VUs  30s
warmup_03_ibm          ✓ [ 100% ] 0/2 VUs  30s
warmup_04_intel        ✓ [ 100% ] 0/2 VUs  30s
warmup_05_mongo        ✓ [ 100% ] 0/2 VUs  30s
warmup_06_oracle       ✓ [ 100% ] 0/2 VUs  30s
warmup_07_qualcomm     ✓ [ 100% ] 0/2 VUs  30s
warmup_08_salesforce   ✓ [ 100% ] 0/2 VUs  30s
warmup_09_sap          ✓ [ 100% ] 0/2 VUs  30s
warmup_10_shopify      ✓ [ 100% ] 0/2 VUs  30s
warmup_11_stripe       ✓ [ 100% ] 0/2 VUs  30s
warmup_12_twilio       ✓ [ 100% ] 0/2 VUs  30s
steady_01_binance      ✓ [ 100% ] 2 VUs    2m0s
steady_02_datadog      ✓ [ 100% ] 2 VUs    2m0s
steady_03_ibm          ✓ [ 100% ] 2 VUs    2m0s
steady_04_intel        ✓ [ 100% ] 2 VUs    2m0s
steady_05_mongo        ✓ [ 100% ] 2 VUs    2m0s
steady_06_oracle       ✓ [ 100% ] 2 VUs    2m0s
steady_07_qualcomm     ✓ [ 100% ] 2 VUs    2m0s
steady_08_salesforce   ✓ [ 100% ] 2 VUs    2m0s
steady_09_sap          ✓ [ 100% ] 2 VUs    2m0s
steady_10_shopify      ✓ [ 100% ] 2 VUs    2m0s
steady_11_stripe       ✓ [ 100% ] 2 VUs    2m0s
steady_12_twilio       ✓ [ 100% ] 2 VUs    2m0s
cooldown_01_binance      [  70% ] 1/2 VUs  20.9s/30.0s
cooldown_02_datadog      [  70% ] 1/2 VUs  20.9s/30.0s
cooldown_03_ibm          [  70% ] 1/2 VUs  20.9s/30.0s
cooldown_04_intel        [  70% ] 1/2 VUs  20.9s/30.0s
cooldown_05_mongo        [  70% ] 1/2 VUs  20.9s/30.0s
cooldown_06_oracle       [  70% ] 1/2 VUs  20.9s/30.0s
cooldown_07_qualcomm     [  70% ] 1/2 VUs  20.9s/30.0s
cooldown_08_salesforce   [  70% ] 1/2 VUs  20.9s/30.0s
cooldown_09_sap          [  70% ] 1/2 VUs  20.9s/30.0s
cooldown_10_shopify      [  70% ] 1/2 VUs  20.9s/30.0s
cooldown_11_stripe       [  70% ] 1/2 VUs  20.9s/30.0s
cooldown_12_twilio       [  70% ] 1/2 VUs  20.9s/30.0s

running (2m51.9s), 12/48 VUs, 4651 complete and 0 interrupted iterations
warmup_01_binance      ✓ [ 100% ] 0/2 VUs  30s
warmup_02_datadog      ✓ [ 100% ] 0/2 VUs  30s
warmup_03_ibm          ✓ [ 100% ] 0/2 VUs  30s
warmup_04_intel        ✓ [ 100% ] 0/2 VUs  30s
warmup_05_mongo        ✓ [ 100% ] 0/2 VUs  30s
warmup_06_oracle       ✓ [ 100% ] 0/2 VUs  30s
warmup_07_qualcomm     ✓ [ 100% ] 0/2 VUs  30s
warmup_08_salesforce   ✓ [ 100% ] 0/2 VUs  30s
warmup_09_sap          ✓ [ 100% ] 0/2 VUs  30s
warmup_10_shopify      ✓ [ 100% ] 0/2 VUs  30s
warmup_11_stripe       ✓ [ 100% ] 0/2 VUs  30s
warmup_12_twilio       ✓ [ 100% ] 0/2 VUs  30s
steady_01_binance      ✓ [ 100% ] 2 VUs    2m0s
steady_02_datadog      ✓ [ 100% ] 2 VUs    2m0s
steady_03_ibm          ✓ [ 100% ] 2 VUs    2m0s
steady_04_intel        ✓ [ 100% ] 2 VUs    2m0s
steady_05_mongo        ✓ [ 100% ] 2 VUs    2m0s
steady_06_oracle       ✓ [ 100% ] 2 VUs    2m0s
steady_07_qualcomm     ✓ [ 100% ] 2 VUs    2m0s
steady_08_salesforce   ✓ [ 100% ] 2 VUs    2m0s
steady_09_sap          ✓ [ 100% ] 2 VUs    2m0s
steady_10_shopify      ✓ [ 100% ] 2 VUs    2m0s
steady_11_stripe       ✓ [ 100% ] 2 VUs    2m0s
steady_12_twilio       ✓ [ 100% ] 2 VUs    2m0s
cooldown_01_binance      [  73% ] 1/2 VUs  21.9s/30.0s
cooldown_02_datadog      [  73% ] 1/2 VUs  21.9s/30.0s
cooldown_03_ibm          [  73% ] 1/2 VUs  21.9s/30.0s
cooldown_04_intel        [  73% ] 1/2 VUs  21.9s/30.0s
cooldown_05_mongo        [  73% ] 1/2 VUs  21.9s/30.0s
cooldown_06_oracle       [  73% ] 1/2 VUs  21.9s/30.0s
cooldown_07_qualcomm     [  73% ] 1/2 VUs  21.9s/30.0s
cooldown_08_salesforce   [  73% ] 1/2 VUs  21.9s/30.0s
cooldown_09_sap          [  73% ] 1/2 VUs  21.9s/30.0s
cooldown_10_shopify      [  73% ] 1/2 VUs  21.9s/30.0s
cooldown_11_stripe       [  73% ] 1/2 VUs  21.9s/30.0s
cooldown_12_twilio       [  73% ] 1/2 VUs  21.9s/30.0s

running (2m52.9s), 12/48 VUs, 4671 complete and 0 interrupted iterations
warmup_01_binance      ✓ [ 100% ] 0/2 VUs  30s
warmup_02_datadog      ✓ [ 100% ] 0/2 VUs  30s
warmup_03_ibm          ✓ [ 100% ] 0/2 VUs  30s
warmup_04_intel        ✓ [ 100% ] 0/2 VUs  30s
warmup_05_mongo        ✓ [ 100% ] 0/2 VUs  30s
warmup_06_oracle       ✓ [ 100% ] 0/2 VUs  30s
warmup_07_qualcomm     ✓ [ 100% ] 0/2 VUs  30s
warmup_08_salesforce   ✓ [ 100% ] 0/2 VUs  30s
warmup_09_sap          ✓ [ 100% ] 0/2 VUs  30s
warmup_10_shopify      ✓ [ 100% ] 0/2 VUs  30s
warmup_11_stripe       ✓ [ 100% ] 0/2 VUs  30s
warmup_12_twilio       ✓ [ 100% ] 0/2 VUs  30s
steady_01_binance      ✓ [ 100% ] 2 VUs    2m0s
steady_02_datadog      ✓ [ 100% ] 2 VUs    2m0s
steady_03_ibm          ✓ [ 100% ] 2 VUs    2m0s
steady_04_intel        ✓ [ 100% ] 2 VUs    2m0s
steady_05_mongo        ✓ [ 100% ] 2 VUs    2m0s
steady_06_oracle       ✓ [ 100% ] 2 VUs    2m0s
steady_07_qualcomm     ✓ [ 100% ] 2 VUs    2m0s
steady_08_salesforce   ✓ [ 100% ] 2 VUs    2m0s
steady_09_sap          ✓ [ 100% ] 2 VUs    2m0s
steady_10_shopify      ✓ [ 100% ] 2 VUs    2m0s
steady_11_stripe       ✓ [ 100% ] 2 VUs    2m0s
steady_12_twilio       ✓ [ 100% ] 2 VUs    2m0s
cooldown_01_binance      [  76% ] 1/2 VUs  22.9s/30.0s
cooldown_02_datadog      [  76% ] 1/2 VUs  22.9s/30.0s
cooldown_03_ibm          [  76% ] 1/2 VUs  22.9s/30.0s
cooldown_04_intel        [  76% ] 1/2 VUs  22.9s/30.0s
cooldown_05_mongo        [  76% ] 1/2 VUs  22.9s/30.0s
cooldown_06_oracle       [  76% ] 1/2 VUs  22.9s/30.0s
cooldown_07_qualcomm     [  76% ] 1/2 VUs  22.9s/30.0s
cooldown_08_salesforce   [  76% ] 1/2 VUs  22.9s/30.0s
cooldown_09_sap          [  76% ] 1/2 VUs  22.9s/30.0s
cooldown_10_shopify      [  76% ] 1/2 VUs  22.9s/30.0s
cooldown_11_stripe       [  76% ] 1/2 VUs  22.9s/30.0s
cooldown_12_twilio       [  76% ] 1/2 VUs  22.9s/30.0s

running (2m53.9s), 12/48 VUs, 4691 complete and 0 interrupted iterations
warmup_01_binance      ✓ [ 100% ] 0/2 VUs  30s
warmup_02_datadog      ✓ [ 100% ] 0/2 VUs  30s
warmup_03_ibm          ✓ [ 100% ] 0/2 VUs  30s
warmup_04_intel        ✓ [ 100% ] 0/2 VUs  30s
warmup_05_mongo        ✓ [ 100% ] 0/2 VUs  30s
warmup_06_oracle       ✓ [ 100% ] 0/2 VUs  30s
warmup_07_qualcomm     ✓ [ 100% ] 0/2 VUs  30s
warmup_08_salesforce   ✓ [ 100% ] 0/2 VUs  30s
warmup_09_sap          ✓ [ 100% ] 0/2 VUs  30s
warmup_10_shopify      ✓ [ 100% ] 0/2 VUs  30s
warmup_11_stripe       ✓ [ 100% ] 0/2 VUs  30s
warmup_12_twilio       ✓ [ 100% ] 0/2 VUs  30s
steady_01_binance      ✓ [ 100% ] 2 VUs    2m0s
steady_02_datadog      ✓ [ 100% ] 2 VUs    2m0s
steady_03_ibm          ✓ [ 100% ] 2 VUs    2m0s
steady_04_intel        ✓ [ 100% ] 2 VUs    2m0s
steady_05_mongo        ✓ [ 100% ] 2 VUs    2m0s
steady_06_oracle       ✓ [ 100% ] 2 VUs    2m0s
steady_07_qualcomm     ✓ [ 100% ] 2 VUs    2m0s
steady_08_salesforce   ✓ [ 100% ] 2 VUs    2m0s
steady_09_sap          ✓ [ 100% ] 2 VUs    2m0s
steady_10_shopify      ✓ [ 100% ] 2 VUs    2m0s
steady_11_stripe       ✓ [ 100% ] 2 VUs    2m0s
steady_12_twilio       ✓ [ 100% ] 2 VUs    2m0s
cooldown_01_binance      [  80% ] 1/2 VUs  23.9s/30.0s
cooldown_02_datadog      [  80% ] 1/2 VUs  23.9s/30.0s
cooldown_03_ibm          [  80% ] 1/2 VUs  23.9s/30.0s
cooldown_04_intel        [  80% ] 1/2 VUs  23.9s/30.0s
cooldown_05_mongo        [  80% ] 1/2 VUs  23.9s/30.0s
cooldown_06_oracle       [  80% ] 1/2 VUs  23.9s/30.0s
cooldown_07_qualcomm     [  80% ] 1/2 VUs  23.9s/30.0s
cooldown_08_salesforce   [  80% ] 1/2 VUs  23.9s/30.0s
cooldown_09_sap          [  80% ] 1/2 VUs  23.9s/30.0s
cooldown_10_shopify      [  80% ] 1/2 VUs  23.9s/30.0s
cooldown_11_stripe       [  80% ] 1/2 VUs  23.9s/30.0s
cooldown_12_twilio       [  80% ] 1/2 VUs  23.9s/30.0s

running (2m54.9s), 12/48 VUs, 4715 complete and 0 interrupted iterations
warmup_01_binance      ✓ [ 100% ] 0/2 VUs  30s
warmup_02_datadog      ✓ [ 100% ] 0/2 VUs  30s
warmup_03_ibm          ✓ [ 100% ] 0/2 VUs  30s
warmup_04_intel        ✓ [ 100% ] 0/2 VUs  30s
warmup_05_mongo        ✓ [ 100% ] 0/2 VUs  30s
warmup_06_oracle       ✓ [ 100% ] 0/2 VUs  30s
warmup_07_qualcomm     ✓ [ 100% ] 0/2 VUs  30s
warmup_08_salesforce   ✓ [ 100% ] 0/2 VUs  30s
warmup_09_sap          ✓ [ 100% ] 0/2 VUs  30s
warmup_10_shopify      ✓ [ 100% ] 0/2 VUs  30s
warmup_11_stripe       ✓ [ 100% ] 0/2 VUs  30s
warmup_12_twilio       ✓ [ 100% ] 0/2 VUs  30s
steady_01_binance      ✓ [ 100% ] 2 VUs    2m0s
steady_02_datadog      ✓ [ 100% ] 2 VUs    2m0s
steady_03_ibm          ✓ [ 100% ] 2 VUs    2m0s
steady_04_intel        ✓ [ 100% ] 2 VUs    2m0s
steady_05_mongo        ✓ [ 100% ] 2 VUs    2m0s
steady_06_oracle       ✓ [ 100% ] 2 VUs    2m0s
steady_07_qualcomm     ✓ [ 100% ] 2 VUs    2m0s
steady_08_salesforce   ✓ [ 100% ] 2 VUs    2m0s
steady_09_sap          ✓ [ 100% ] 2 VUs    2m0s
steady_10_shopify      ✓ [ 100% ] 2 VUs    2m0s
steady_11_stripe       ✓ [ 100% ] 2 VUs    2m0s
steady_12_twilio       ✓ [ 100% ] 2 VUs    2m0s
cooldown_01_binance      [  83% ] 1/2 VUs  24.9s/30.0s
cooldown_02_datadog      [  83% ] 1/2 VUs  24.9s/30.0s
cooldown_03_ibm          [  83% ] 1/2 VUs  24.9s/30.0s
cooldown_04_intel        [  83% ] 1/2 VUs  24.9s/30.0s
cooldown_05_mongo        [  83% ] 1/2 VUs  24.9s/30.0s
cooldown_06_oracle       [  83% ] 1/2 VUs  24.9s/30.0s
cooldown_07_qualcomm     [  83% ] 1/2 VUs  24.9s/30.0s
cooldown_08_salesforce   [  83% ] 1/2 VUs  24.9s/30.0s
cooldown_09_sap          [  83% ] 1/2 VUs  24.9s/30.0s
cooldown_10_shopify      [  83% ] 1/2 VUs  24.9s/30.0s
cooldown_11_stripe       [  83% ] 1/2 VUs  24.9s/30.0s
cooldown_12_twilio       [  83% ] 1/2 VUs  24.9s/30.0s

running (2m55.9s), 12/48 VUs, 4735 complete and 0 interrupted iterations
warmup_01_binance      ✓ [ 100% ] 0/2 VUs  30s
warmup_02_datadog      ✓ [ 100% ] 0/2 VUs  30s
warmup_03_ibm          ✓ [ 100% ] 0/2 VUs  30s
warmup_04_intel        ✓ [ 100% ] 0/2 VUs  30s
warmup_05_mongo        ✓ [ 100% ] 0/2 VUs  30s
warmup_06_oracle       ✓ [ 100% ] 0/2 VUs  30s
warmup_07_qualcomm     ✓ [ 100% ] 0/2 VUs  30s
warmup_08_salesforce   ✓ [ 100% ] 0/2 VUs  30s
warmup_09_sap          ✓ [ 100% ] 0/2 VUs  30s
warmup_10_shopify      ✓ [ 100% ] 0/2 VUs  30s
warmup_11_stripe       ✓ [ 100% ] 0/2 VUs  30s
warmup_12_twilio       ✓ [ 100% ] 0/2 VUs  30s
steady_01_binance      ✓ [ 100% ] 2 VUs    2m0s
steady_02_datadog      ✓ [ 100% ] 2 VUs    2m0s
steady_03_ibm          ✓ [ 100% ] 2 VUs    2m0s
steady_04_intel        ✓ [ 100% ] 2 VUs    2m0s
steady_05_mongo        ✓ [ 100% ] 2 VUs    2m0s
steady_06_oracle       ✓ [ 100% ] 2 VUs    2m0s
steady_07_qualcomm     ✓ [ 100% ] 2 VUs    2m0s
steady_08_salesforce   ✓ [ 100% ] 2 VUs    2m0s
steady_09_sap          ✓ [ 100% ] 2 VUs    2m0s
steady_10_shopify      ✓ [ 100% ] 2 VUs    2m0s
steady_11_stripe       ✓ [ 100% ] 2 VUs    2m0s
steady_12_twilio       ✓ [ 100% ] 2 VUs    2m0s
cooldown_01_binance      [  86% ] 1/2 VUs  25.9s/30.0s
cooldown_02_datadog      [  86% ] 1/2 VUs  25.9s/30.0s
cooldown_03_ibm          [  86% ] 1/2 VUs  25.9s/30.0s
cooldown_04_intel        [  86% ] 1/2 VUs  25.9s/30.0s
cooldown_05_mongo        [  86% ] 1/2 VUs  25.9s/30.0s
cooldown_06_oracle       [  86% ] 1/2 VUs  25.9s/30.0s
cooldown_07_qualcomm     [  86% ] 1/2 VUs  25.9s/30.0s
cooldown_08_salesforce   [  86% ] 1/2 VUs  25.9s/30.0s
cooldown_09_sap          [  86% ] 1/2 VUs  25.9s/30.0s
cooldown_10_shopify      [  86% ] 1/2 VUs  25.9s/30.0s
cooldown_11_stripe       [  86% ] 1/2 VUs  25.9s/30.0s
cooldown_12_twilio       [  86% ] 1/2 VUs  25.9s/30.0s

running (2m56.9s), 12/48 VUs, 4761 complete and 0 interrupted iterations
warmup_01_binance      ✓ [ 100% ] 0/2 VUs  30s
warmup_02_datadog      ✓ [ 100% ] 0/2 VUs  30s
warmup_03_ibm          ✓ [ 100% ] 0/2 VUs  30s
warmup_04_intel        ✓ [ 100% ] 0/2 VUs  30s
warmup_05_mongo        ✓ [ 100% ] 0/2 VUs  30s
warmup_06_oracle       ✓ [ 100% ] 0/2 VUs  30s
warmup_07_qualcomm     ✓ [ 100% ] 0/2 VUs  30s
warmup_08_salesforce   ✓ [ 100% ] 0/2 VUs  30s
warmup_09_sap          ✓ [ 100% ] 0/2 VUs  30s
warmup_10_shopify      ✓ [ 100% ] 0/2 VUs  30s
warmup_11_stripe       ✓ [ 100% ] 0/2 VUs  30s
warmup_12_twilio       ✓ [ 100% ] 0/2 VUs  30s
steady_01_binance      ✓ [ 100% ] 2 VUs    2m0s
steady_02_datadog      ✓ [ 100% ] 2 VUs    2m0s
steady_03_ibm          ✓ [ 100% ] 2 VUs    2m0s
steady_04_intel        ✓ [ 100% ] 2 VUs    2m0s
steady_05_mongo        ✓ [ 100% ] 2 VUs    2m0s
steady_06_oracle       ✓ [ 100% ] 2 VUs    2m0s
steady_07_qualcomm     ✓ [ 100% ] 2 VUs    2m0s
steady_08_salesforce   ✓ [ 100% ] 2 VUs    2m0s
steady_09_sap          ✓ [ 100% ] 2 VUs    2m0s
steady_10_shopify      ✓ [ 100% ] 2 VUs    2m0s
steady_11_stripe       ✓ [ 100% ] 2 VUs    2m0s
steady_12_twilio       ✓ [ 100% ] 2 VUs    2m0s
cooldown_01_binance      [  90% ] 1/2 VUs  26.9s/30.0s
cooldown_02_datadog      [  90% ] 1/2 VUs  26.9s/30.0s
cooldown_03_ibm          [  90% ] 1/2 VUs  26.9s/30.0s
cooldown_04_intel        [  90% ] 1/2 VUs  26.9s/30.0s
cooldown_05_mongo        [  90% ] 1/2 VUs  26.9s/30.0s
cooldown_06_oracle       [  90% ] 1/2 VUs  26.9s/30.0s
cooldown_07_qualcomm     [  90% ] 1/2 VUs  26.9s/30.0s
cooldown_08_salesforce   [  90% ] 1/2 VUs  26.9s/30.0s
cooldown_09_sap          [  90% ] 1/2 VUs  26.9s/30.0s
cooldown_10_shopify      [  90% ] 1/2 VUs  26.9s/30.0s
cooldown_11_stripe       [  90% ] 1/2 VUs  26.9s/30.0s
cooldown_12_twilio       [  90% ] 1/2 VUs  26.9s/30.0s

running (2m57.9s), 12/48 VUs, 4785 complete and 0 interrupted iterations
warmup_01_binance      ✓ [ 100% ] 0/2 VUs  30s
warmup_02_datadog      ✓ [ 100% ] 0/2 VUs  30s
warmup_03_ibm          ✓ [ 100% ] 0/2 VUs  30s
warmup_04_intel        ✓ [ 100% ] 0/2 VUs  30s
warmup_05_mongo        ✓ [ 100% ] 0/2 VUs  30s
warmup_06_oracle       ✓ [ 100% ] 0/2 VUs  30s
warmup_07_qualcomm     ✓ [ 100% ] 0/2 VUs  30s
warmup_08_salesforce   ✓ [ 100% ] 0/2 VUs  30s
warmup_09_sap          ✓ [ 100% ] 0/2 VUs  30s
warmup_10_shopify      ✓ [ 100% ] 0/2 VUs  30s
warmup_11_stripe       ✓ [ 100% ] 0/2 VUs  30s
warmup_12_twilio       ✓ [ 100% ] 0/2 VUs  30s
steady_01_binance      ✓ [ 100% ] 2 VUs    2m0s
steady_02_datadog      ✓ [ 100% ] 2 VUs    2m0s
steady_03_ibm          ✓ [ 100% ] 2 VUs    2m0s
steady_04_intel        ✓ [ 100% ] 2 VUs    2m0s
steady_05_mongo        ✓ [ 100% ] 2 VUs    2m0s
steady_06_oracle       ✓ [ 100% ] 2 VUs    2m0s
steady_07_qualcomm     ✓ [ 100% ] 2 VUs    2m0s
steady_08_salesforce   ✓ [ 100% ] 2 VUs    2m0s
steady_09_sap          ✓ [ 100% ] 2 VUs    2m0s
steady_10_shopify      ✓ [ 100% ] 2 VUs    2m0s
steady_11_stripe       ✓ [ 100% ] 2 VUs    2m0s
steady_12_twilio       ✓ [ 100% ] 2 VUs    2m0s
cooldown_01_binance      [  93% ] 1/2 VUs  27.9s/30.0s
cooldown_02_datadog      [  93% ] 1/2 VUs  27.9s/30.0s
cooldown_03_ibm          [  93% ] 1/2 VUs  27.9s/30.0s
cooldown_04_intel        [  93% ] 1/2 VUs  27.9s/30.0s
cooldown_05_mongo        [  93% ] 1/2 VUs  27.9s/30.0s
cooldown_06_oracle       [  93% ] 1/2 VUs  27.9s/30.0s
cooldown_07_qualcomm     [  93% ] 1/2 VUs  27.9s/30.0s
cooldown_08_salesforce   [  93% ] 1/2 VUs  27.9s/30.0s
cooldown_09_sap          [  93% ] 1/2 VUs  27.9s/30.0s
cooldown_10_shopify      [  93% ] 1/2 VUs  27.9s/30.0s
cooldown_11_stripe       [  93% ] 1/2 VUs  27.9s/30.0s
cooldown_12_twilio       [  93% ] 1/2 VUs  27.9s/30.0s

running (2m58.9s), 12/48 VUs, 4801 complete and 0 interrupted iterations
warmup_01_binance      ✓ [ 100% ] 0/2 VUs  30s
warmup_02_datadog      ✓ [ 100% ] 0/2 VUs  30s
warmup_03_ibm          ✓ [ 100% ] 0/2 VUs  30s
warmup_04_intel        ✓ [ 100% ] 0/2 VUs  30s
warmup_05_mongo        ✓ [ 100% ] 0/2 VUs  30s
warmup_06_oracle       ✓ [ 100% ] 0/2 VUs  30s
warmup_07_qualcomm     ✓ [ 100% ] 0/2 VUs  30s
warmup_08_salesforce   ✓ [ 100% ] 0/2 VUs  30s
warmup_09_sap          ✓ [ 100% ] 0/2 VUs  30s
warmup_10_shopify      ✓ [ 100% ] 0/2 VUs  30s
warmup_11_stripe       ✓ [ 100% ] 0/2 VUs  30s
warmup_12_twilio       ✓ [ 100% ] 0/2 VUs  30s
steady_01_binance      ✓ [ 100% ] 2 VUs    2m0s
steady_02_datadog      ✓ [ 100% ] 2 VUs    2m0s
steady_03_ibm          ✓ [ 100% ] 2 VUs    2m0s
steady_04_intel        ✓ [ 100% ] 2 VUs    2m0s
steady_05_mongo        ✓ [ 100% ] 2 VUs    2m0s
steady_06_oracle       ✓ [ 100% ] 2 VUs    2m0s
steady_07_qualcomm     ✓ [ 100% ] 2 VUs    2m0s
steady_08_salesforce   ✓ [ 100% ] 2 VUs    2m0s
steady_09_sap          ✓ [ 100% ] 2 VUs    2m0s
steady_10_shopify      ✓ [ 100% ] 2 VUs    2m0s
steady_11_stripe       ✓ [ 100% ] 2 VUs    2m0s
steady_12_twilio       ✓ [ 100% ] 2 VUs    2m0s
cooldown_01_binance      [  96% ] 1/2 VUs  28.9s/30.0s
cooldown_02_datadog      [  96% ] 1/2 VUs  28.9s/30.0s
cooldown_03_ibm          [  96% ] 1/2 VUs  28.9s/30.0s
cooldown_04_intel        [  96% ] 1/2 VUs  28.9s/30.0s
cooldown_05_mongo        [  96% ] 1/2 VUs  28.9s/30.0s
cooldown_06_oracle       [  96% ] 1/2 VUs  28.9s/30.0s
cooldown_07_qualcomm     [  96% ] 1/2 VUs  28.9s/30.0s
cooldown_08_salesforce   [  96% ] 1/2 VUs  28.9s/30.0s
cooldown_09_sap          [  96% ] 1/2 VUs  28.9s/30.0s
cooldown_10_shopify      [  96% ] 1/2 VUs  28.9s/30.0s
cooldown_11_stripe       [  96% ] 1/2 VUs  28.9s/30.0s
cooldown_12_twilio       [  96% ] 1/2 VUs  28.9s/30.0s

running (2m59.9s), 12/48 VUs, 4827 complete and 0 interrupted iterations
warmup_01_binance      ✓ [ 100% ] 0/2 VUs  30s
warmup_02_datadog      ✓ [ 100% ] 0/2 VUs  30s
warmup_03_ibm          ✓ [ 100% ] 0/2 VUs  30s
warmup_04_intel        ✓ [ 100% ] 0/2 VUs  30s
warmup_05_mongo        ✓ [ 100% ] 0/2 VUs  30s
warmup_06_oracle       ✓ [ 100% ] 0/2 VUs  30s
warmup_07_qualcomm     ✓ [ 100% ] 0/2 VUs  30s
warmup_08_salesforce   ✓ [ 100% ] 0/2 VUs  30s
warmup_09_sap          ✓ [ 100% ] 0/2 VUs  30s
warmup_10_shopify      ✓ [ 100% ] 0/2 VUs  30s
warmup_11_stripe       ✓ [ 100% ] 0/2 VUs  30s
warmup_12_twilio       ✓ [ 100% ] 0/2 VUs  30s
steady_01_binance      ✓ [ 100% ] 2 VUs    2m0s
steady_02_datadog      ✓ [ 100% ] 2 VUs    2m0s
steady_03_ibm          ✓ [ 100% ] 2 VUs    2m0s
steady_04_intel        ✓ [ 100% ] 2 VUs    2m0s
steady_05_mongo        ✓ [ 100% ] 2 VUs    2m0s
steady_06_oracle       ✓ [ 100% ] 2 VUs    2m0s
steady_07_qualcomm     ✓ [ 100% ] 2 VUs    2m0s
steady_08_salesforce   ✓ [ 100% ] 2 VUs    2m0s
steady_09_sap          ✓ [ 100% ] 2 VUs    2m0s
steady_10_shopify      ✓ [ 100% ] 2 VUs    2m0s
steady_11_stripe       ✓ [ 100% ] 2 VUs    2m0s
steady_12_twilio       ✓ [ 100% ] 2 VUs    2m0s
cooldown_01_binance      [ 100% ] 1/2 VUs  29.9s/30.0s
cooldown_02_datadog      [ 100% ] 1/2 VUs  29.9s/30.0s
cooldown_03_ibm          [ 100% ] 1/2 VUs  29.9s/30.0s
cooldown_04_intel        [ 100% ] 1/2 VUs  29.9s/30.0s
cooldown_05_mongo        [ 100% ] 1/2 VUs  29.9s/30.0s
cooldown_06_oracle       [ 100% ] 1/2 VUs  29.9s/30.0s
cooldown_07_qualcomm     [ 100% ] 1/2 VUs  29.9s/30.0s
cooldown_08_salesforce   [ 100% ] 1/2 VUs  29.9s/30.0s
cooldown_09_sap          [ 100% ] 1/2 VUs  29.9s/30.0s
cooldown_10_shopify      [ 100% ] 1/2 VUs  29.9s/30.0s
cooldown_11_stripe       [ 100% ] 1/2 VUs  29.9s/30.0s
cooldown_12_twilio       [ 100% ] 1/2 VUs  29.9s/30.0s

model=grouped
tenants=12
steady requests=11680
steady request rate=97.33333333333333
steady error rate=0
steady latency p50=46.487271500000006 ms
steady latency p95=1012.48472295 ms
steady latency p99=1336.47767281 ms

running (3m00.8s), 00/48 VUs, 4839 complete and 0 interrupted iterations
warmup_01_binance      ✓ [ 100% ] 0/2 VUs  30s
warmup_02_datadog      ✓ [ 100% ] 0/2 VUs  30s
warmup_03_ibm          ✓ [ 100% ] 0/2 VUs  30s
warmup_04_intel        ✓ [ 100% ] 0/2 VUs  30s
warmup_05_mongo        ✓ [ 100% ] 0/2 VUs  30s
warmup_06_oracle       ✓ [ 100% ] 0/2 VUs  30s
warmup_07_qualcomm     ✓ [ 100% ] 0/2 VUs  30s
warmup_08_salesforce   ✓ [ 100% ] 0/2 VUs  30s
warmup_09_sap          ✓ [ 100% ] 0/2 VUs  30s
warmup_10_shopify      ✓ [ 100% ] 0/2 VUs  30s
warmup_11_stripe       ✓ [ 100% ] 0/2 VUs  30s
warmup_12_twilio       ✓ [ 100% ] 0/2 VUs  30s
steady_01_binance      ✓ [ 100% ] 2 VUs    2m0s
steady_02_datadog      ✓ [ 100% ] 2 VUs    2m0s
steady_03_ibm          ✓ [ 100% ] 2 VUs    2m0s
steady_04_intel        ✓ [ 100% ] 2 VUs    2m0s
steady_05_mongo        ✓ [ 100% ] 2 VUs    2m0s
steady_06_oracle       ✓ [ 100% ] 2 VUs    2m0s
steady_07_qualcomm     ✓ [ 100% ] 2 VUs    2m0s
steady_08_salesforce   ✓ [ 100% ] 2 VUs    2m0s
steady_09_sap          ✓ [ 100% ] 2 VUs    2m0s
steady_10_shopify      ✓ [ 100% ] 2 VUs    2m0s
steady_11_stripe       ✓ [ 100% ] 2 VUs    2m0s
steady_12_twilio       ✓ [ 100% ] 2 VUs    2m0s
cooldown_01_binance    ✓ [ 100% ] 0/2 VUs  30s
cooldown_02_datadog    ✓ [ 100% ] 0/2 VUs  30s
cooldown_03_ibm        ✓ [ 100% ] 0/2 VUs  30s
cooldown_04_intel      ✓ [ 100% ] 0/2 VUs  30s
cooldown_05_mongo      ✓ [ 100% ] 0/2 VUs  30s
cooldown_06_oracle     ✓ [ 100% ] 0/2 VUs  30s
cooldown_07_qualcomm   ✓ [ 100% ] 0/2 VUs  30s
cooldown_08_salesforce ✓ [ 100% ] 0/2 VUs  30s
cooldown_09_sap        ✓ [ 100% ] 0/2 VUs  30s
cooldown_10_shopify    ✓ [ 100% ] 0/2 VUs  30s
cooldown_11_stripe     ✓ [ 100% ] 0/2 VUs  30s
cooldown_12_twilio     ✓ [ 100% ] 0/2 VUs  30s
